frame,timestamp,landmark_id,landmark_name,x,y,z,visibility,presence
0,0.0,0,NOSE,0.5242927074432373,0.396286278963089,-0.2808603346347809,0.9999490976333618,0.9994605183601379
0,0.0,1,LEFT_EYE_INNER,0.5302373170852661,0.39063939452171326,-0.2618447244167328,0.999797523021698,0.9986441731452942
0,0.0,2,LEFT_EYE,0.5332597494125366,0.39099571108818054,-0.26188650727272034,0.9998056292533875,0.9987061023712158
0,0.0,3,LEFT_EYE_OUTER,0.5364996790885925,0.3914351463317871,-0.2618805468082428,0.9998012185096741,0.9987395405769348
0,0.0,4,RIGHT_EYE_INNER,0.5182788372039795,0.3900502324104309,-0.2633170187473297,0.999731719493866,0.9983953833580017
0,0.0,5,RIGHT_EYE,0.5133870244026184,0.3901274502277374,-0.263299822807312,0.9997130036354065,0.9981344938278198
0,0.0,6,RIGHT_EYE_OUTER,0.5089690089225769,0.39025795459747314,-0.26332348585128784,0.9996775388717651,0.9978950023651123
0,0.0,7,LEFT_EAR,0.5399377942085266,0.39471036195755005,-0.1446627825498581,0.9996786117553711,0.9989180564880371
0,0.0,8,RIGHT_EAR,0.5025498270988464,0.3940313458442688,-0.15177226066589355,0.9992840886116028,0.9975047707557678
0,0.0,9,MOUTH_LEFT,0.5300714373588562,0.4039427638053894,-0.23575598001480103,0.999941349029541,0.9997013211250305
0,0.0,10,MOUTH_RIGHT,0.5156388878822327,0.4039067327976227,-0.23795627057552338,0.9999171495437622,0.9995630383491516
0,0.0,11,LEFT_SHOULDER,0.5730994343757629,0.43532422184944153,-0.09249590337276459,0.9999856948852539,0.9999476671218872
0,0.0,12,RIGHT_SHOULDER,0.46526482701301575,0.4350696802139282,-0.05400555953383446,0.9998143315315247,0.9995757937431335
0,0.0,13,LEFT_ELBOW,0.5920690298080444,0.47804343700408936,-0.05204160138964653,0.9928615689277649,0.9998531341552734
0,0.0,14,RIGHT_ELBOW,0.44385984539985657,0.47671759128570557,0.0031107093673199415,0.9563875198364258,0.9991604089736938
0,0.0,15,LEFT_WRIST,0.5869527459144592,0.5196744203567505,-0.1790401041507721,0.9936000108718872,0.9999386072158813
0,0.0,16,RIGHT_WRIST,0.44883087277412415,0.5171802043914795,-0.09696634113788605,0.961287796497345,0.9992073178291321
0,0.0,17,LEFT_PINKY,0.5880128145217896,0.5329793691635132,-0.22070887684822083,0.987381637096405,0.9998084902763367
0,0.0,18,RIGHT_PINKY,0.44665592908859253,0.5310240983963013,-0.13167497515678406,0.9399026036262512,0.9987838864326477
0,0.0,19,LEFT_INDEX,0.5810280442237854,0.5316497683525085,-0.2562953233718872,0.9877786040306091,0.9998488426208496
0,0.0,20,RIGHT_INDEX,0.4538986086845398,0.5298991203308105,-0.17111001908779144,0.9432284832000732,0.9988889098167419
0,0.0,21,LEFT_THUMB,0.578345775604248,0.5273488759994507,-0.19471082091331482,0.9839051365852356,0.9999105930328369
0,0.0,22,RIGHT_THUMB,0.4571026563644409,0.5253860354423523,-0.11509551852941513,0.9366233944892883,0.999180018901825
0,0.0,23,LEFT_HIP,0.5497189164161682,0.5290376543998718,-0.02115228772163391,0.999835729598999,0.9997683167457581
0,0.0,24,RIGHT_HIP,0.4886670708656311,0.5295034646987915,0.02112315036356449,0.9997555613517761,0.9997255206108093
0,0.0,25,LEFT_KNEE,0.5515305399894714,0.5937085747718811,0.02597982808947563,0.9919785261154175,0.9998824596405029
0,0.0,26,RIGHT_KNEE,0.48195403814315796,0.5908644199371338,0.08112351596355438,0.9831207990646362,0.9996941089630127
0,0.0,27,LEFT_ANKLE,0.5542044043540955,0.6455429792404175,0.2773473560810089,0.9808322191238403,0.9987921118736267
0,0.0,28,RIGHT_ANKLE,0.4850395917892456,0.6461055278778076,0.31668177247047424,0.9808934926986694,0.999229907989502
0,0.0,29,LEFT_HEEL,0.5510380864143372,0.6517791152000427,0.29465529322624207,0.7891867160797119,0.9979372024536133
0,0.0,30,RIGHT_HEEL,0.49253037571907043,0.6525225043296814,0.33373555541038513,0.8800204396247864,0.9986284971237183
0,0.0,31,LEFT_FOOT_INDEX,0.5483198165893555,0.6641470789909363,0.1686965525150299,0.9704091548919678,0.9916400909423828
0,0.0,32,RIGHT_FOOT_INDEX,0.4646810293197632,0.665091872215271,0.21794568002223969,0.9748870730400085,0.9933947920799255
1,0.016,0,NOSE,0.5242936015129089,0.39722269773483276,-0.23750799894332886,0.9999507665634155,0.9996592998504639
1,0.016,1,LEFT_EYE_INNER,0.5301182866096497,0.3915155231952667,-0.21935808658599854,0.9998036026954651,0.9991106390953064
1,0.016,2,LEFT_EYE,0.5332318544387817,0.3917459547519684,-0.21939097344875336,0.9998118281364441,0.9991525411605835
1,0.016,3,LEFT_EYE_OUTER,0.536499559879303,0.39203983545303345,-0.2193794995546341,0.9998076558113098,0.9991679191589355
1,0.016,4,RIGHT_EYE_INNER,0.5182799696922302,0.39103275537490845,-0.22079814970493317,0.9997410774230957,0.9989721775054932
1,0.016,5,RIGHT_EYE,0.5134009718894958,0.3910587430000305,-0.2207835614681244,0.9997239708900452,0.9988335967063904
1,0.016,6,RIGHT_EYE_OUTER,0.5089677572250366,0.39118507504463196,-0.22079682350158691,0.999690592288971,0.9986989498138428
1,0.016,7,LEFT_EAR,0.53993159532547,0.3952086269855499,-0.10913277417421341,0.9996873736381531,0.9992954730987549
1,0.016,8,RIGHT_EAR,0.5024825930595398,0.3946537375450134,-0.11611215770244598,0.9993133544921875,0.9985363483428955
1,0.016,9,MOUTH_LEFT,0.5299922227859497,0.4045567214488983,-0.19514670968055725,0.9999421834945679,0.9998154044151306
1,0.016,10,MOUTH_RIGHT,0.5156574249267578,0.40459421277046204,-0.19727976620197296,0.9999188780784607,0.999742329120636
1,0.016,11,LEFT_SHOULDER,0.5730968713760376,0.4352777302265167,-0.06271080672740936,0.9999858736991882,0.999956488609314
1,0.016,12,RIGHT_SHOULDER,0.465261310338974,0.4348253607749939,-0.0329083614051342,0.9998214840888977,0.999769389629364
1,0.016,13,LEFT_ELBOW,0.5921038389205933,0.4779682457447052,-0.028272686526179314,0.992842972278595,0.9998679161071777
1,0.016,14,RIGHT_ELBOW,0.44389092922210693,0.4767249822616577,0.008463582023978233,0.9570732116699219,0.9994814991950989
1,0.016,15,LEFT_WRIST,0.5868297815322876,0.519425630569458,-0.1480034440755844,0.9935929775238037,0.9999459981918335
1,0.016,16,RIGHT_WRIST,0.44922614097595215,0.5172248482704163,-0.09395254403352737,0.9614320993423462,0.9994878768920898
1,0.016,17,LEFT_PINKY,0.587985634803772,0.5329763293266296,-0.18722771108150482,0.9873969554901123,0.9998329877853394
1,0.016,18,RIGHT_PINKY,0.44695791602134705,0.5310563445091248,-0.12863337993621826,0.9401042461395264,0.9991704225540161
1,0.016,19,LEFT_INDEX,0.5807768702507019,0.5316123366355896,-0.22174081206321716,0.9877999424934387,0.9998691082000732
1,0.016,20,RIGHT_INDEX,0.45420345664024353,0.5298458337783813,-0.16694459319114685,0.9433956742286682,0.9992320537567139
1,0.016,21,LEFT_THUMB,0.5779793858528137,0.5272948145866394,-0.16329160332679749,0.983909010887146,0.9999209642410278
1,0.016,22,RIGHT_THUMB,0.45748165249824524,0.5253163576126099,-0.11174236983060837,0.9367687106132507,0.9994457364082336
1,0.016,23,LEFT_HIP,0.5496308207511902,0.5288545489311218,-0.02014853060245514,0.9998375177383423,0.99978107213974
1,0.016,24,RIGHT_HIP,0.48833826184272766,0.5290628671646118,0.020120151340961456,0.9997603297233582,0.9997773766517639
1,0.016,25,LEFT_KNEE,0.5515205264091492,0.593648374080658,0.022524992004036903,0.9921575784683228,0.9999130964279175
1,0.016,26,RIGHT_KNEE,0.48197364807128906,0.5909197926521301,0.06689731776714325,0.9835092425346375,0.9997808337211609
1,0.016,27,LEFT_ANKLE,0.554085910320282,0.6454553008079529,0.22510786354541779,0.9814358353614807,0.9987088441848755
1,0.016,28,RIGHT_ANKLE,0.48487651348114014,0.6459067463874817,0.2621709108352661,0.9812095761299133,0.9991450309753418
1,0.016,29,LEFT_HEEL,0.55103600025177,0.6517754197120667,0.2371535748243332,0.7916949391365051,0.9975491166114807
1,0.016,30,RIGHT_HEEL,0.4925512671470642,0.6524170637130737,0.27477791905403137,0.8800151944160461,0.9983769655227661
1,0.016,31,LEFT_FOOT_INDEX,0.5485683083534241,0.6641029119491577,0.11200610548257828,0.9710844159126282,0.9901872277259827
1,0.016,32,RIGHT_FOOT_INDEX,0.4651024043560028,0.6646559238433838,0.16211888194084167,0.9751433730125427,0.9926360249519348
2,0.033,0,NOSE,0.5243335366249084,0.3972986936569214,-0.22205029428005219,0.9999521970748901,0.9995779395103455
2,0.033,1,LEFT_EYE_INNER,0.5301182270050049,0.39160194993019104,-0.20440855622291565,0.9998088479042053,0.9988588094711304
2,0.033,2,LEFT_EYE,0.5332570672035217,0.3918211758136749,-0.20444688200950623,0.99981689453125,0.9989134073257446
2,0.033,3,LEFT_EYE_OUTER,0.5365309119224548,0.3920973241329193,-0.204441100358963,0.9998125433921814,0.9989277720451355
2,0.033,4,RIGHT_EYE_INNER,0.518303394317627,0.3911448121070862,-0.20555293560028076,0.9997501373291016,0.9987050294876099
2,0.033,5,RIGHT_EYE,0.5134402513504028,0.3911651372909546,-0.20552855730056763,0.9997336864471436,0.998532772064209
2,0.033,6,RIGHT_EYE_OUTER,0.5089777112007141,0.39128148555755615,-0.20554493367671967,0.9997016191482544,0.99837327003479
2,0.033,7,LEFT_EAR,0.5399346947669983,0.3952834904193878,-0.0984339565038681,0.9996961951255798,0.9991046786308289
2,0.033,8,RIGHT_EAR,0.5024573802947998,0.3946818709373474,-0.10419145971536636,0.9993438124656677,0.9982078075408936
2,0.033,9,MOUTH_LEFT,0.5299926996231079,0.4045967757701874,-0.1814715713262558,0.99994295835495,0.9997631907463074
2,0.033,10,MOUTH_RIGHT,0.5158008337020874,0.4046107828617096,-0.1832103729248047,0.9999207854270935,0.999675989151001
2,0.033,11,LEFT_SHOULDER,0.5730089545249939,0.4352587163448334,-0.056551989167928696,0.9999856948852539,0.999945878982544
2,0.033,12,RIGHT_SHOULDER,0.4652623236179352,0.43462496995925903,-0.027321338653564453,0.9998270869255066,0.9997228980064392
2,0.033,13,LEFT_ELBOW,0.5920334458351135,0.47785016894340515,-0.02694915048778057,0.9928017258644104,0.9998302459716797
2,0.033,14,RIGHT_ELBOW,0.4438754618167877,0.47672462463378906,0.0068622613325715065,0.9570754170417786,0.9993225336074829
2,0.033,15,LEFT_WRIST,0.5866729021072388,0.5192863345146179,-0.1438814103603363,0.9936371445655823,0.9999310970306396
2,0.033,16,RIGHT_WRIST,0.4492216110229492,0.5172602534294128,-0.1007029339671135,0.9612488150596619,0.9993166923522949
2,0.033,17,LEFT_PINKY,0.5879250168800354,0.5329592823982239,-0.18216122686862946,0.9875382781028748,0.9997780919075012
2,0.033,18,RIGHT_PINKY,0.44695642590522766,0.5310772657394409,-0.13479362428188324,0.9400618076324463,0.9988813996315002
2,0.033,19,LEFT_INDEX,0.5806037187576294,0.5315807461738586,-0.2158404141664505,0.987939715385437,0.9998342990875244
2,0.033,20,RIGHT_INDEX,0.4542141854763031,0.529824435710907,-0.17173337936401367,0.9433270692825317,0.9990052580833435
2,0.033,21,LEFT_THUMB,0.5776751041412354,0.5272656083106995,-0.1587437242269516,0.9840829372406006,0.999901533126831
2,0.033,22,RIGHT_THUMB,0.45749664306640625,0.5252814888954163,-0.11808302253484726,0.9367832541465759,0.9992947578430176
2,0.033,23,LEFT_HIP,0.5494444966316223,0.528765082359314,-0.019377553835511208,0.999837338924408,0.9997100234031677
2,0.033,24,RIGHT_HIP,0.4880627691745758,0.5289443731307983,0.01935971900820732,0.9997652173042297,0.999768078327179
2,0.033,25,LEFT_KNEE,0.551517903804779,0.5935603380203247,0.01968088373541832,0.9924386143684387,0.9998703002929688
2,0.033,26,RIGHT_KNEE,0.4819725751876831,0.5909243226051331,0.060621246695518494,0.9841609001159668,0.9997707009315491
2,0.033,27,LEFT_ANKLE,0.5540640354156494,0.6454553008079529,0.2059173434972763,0.9821800589561462,0.9982193112373352
2,0.033,28,RIGHT_ANKLE,0.4848967492580414,0.6458901762962341,0.24330684542655945,0.981827437877655,0.9988849759101868
2,0.033,29,LEFT_HEEL,0.5507081151008606,0.6522775888442993,0.2163110077381134,0.7982649207115173,0.9964537620544434
2,0.033,30,RIGHT_HEEL,0.4926489293575287,0.6525143384933472,0.25451868772506714,0.8826475143432617,0.9976440072059631
2,0.033,31,LEFT_FOOT_INDEX,0.549225926399231,0.663974404335022,0.09574078023433685,0.9718391299247742,0.9835318326950073
2,0.033,32,RIGHT_FOOT_INDEX,0.46510130167007446,0.6645529270172119,0.14523403346538544,0.975596010684967,0.9877868294715881
3,0.05,0,NOSE,0.5242106318473816,0.3973073959350586,-0.21587491035461426,0.9999529123306274,0.9995597004890442
3,0.05,1,LEFT_EYE_INNER,0.5299104452133179,0.3916783630847931,-0.19822847843170166,0.9998109340667725,0.998818576335907
3,0.05,2,LEFT_EYE,0.5330862402915955,0.39188656210899353,-0.19826965034008026,0.9998190402984619,0.9988780617713928
3,0.05,3,LEFT_EYE_OUTER,0.5364287495613098,0.39215365052223206,-0.19826488196849823,0.9998146295547485,0.9988991022109985
3,0.05,4,RIGHT_EYE_INNER,0.5181780457496643,0.39123597741127014,-0.19870418310165405,0.999755322933197,0.9986488223075867
3,0.05,5,RIGHT_EYE,0.513349711894989,0.3912498354911804,-0.19868195056915283,0.9997393488883972,0.998469889163971
3,0.05,6,RIGHT_EYE_OUTER,0.5088707208633423,0.3913511037826538,-0.19869962334632874,0.9997081756591797,0.9983140230178833
3,0.05,7,LEFT_EAR,0.5398454070091248,0.39534980058670044,-0.0935838520526886,0.9996992349624634,0.9990704655647278
3,0.05,8,RIGHT_EAR,0.5023738741874695,0.39469826221466064,-0.0962342843413353,0.9993611574172974,0.9981468915939331
3,0.05,9,MOUTH_LEFT,0.5298481583595276,0.40459883213043213,-0.17596742510795593,0.9999425411224365,0.999757707118988
3,0.05,10,MOUTH_RIGHT,0.5157766342163086,0.40460795164108276,-0.17681202292442322,0.9999210238456726,0.9996604919433594
3,0.05,11,LEFT_SHOULDER,0.5727980732917786,0.4352451264858246,-0.05433807149529457,0.99998539686203,0.999946117401123
3,0.05,12,RIGHT_SHOULDER,0.465265154838562,0.43446746468544006,-0.021852804347872734,0.9998309016227722,0.9997097849845886
3,0.05,13,LEFT_ELBOW,0.5920282006263733,0.47770437598228455,-0.028810620307922363,0.992847204208374,0.9998372793197632
3,0.05,14,RIGHT_ELBOW,0.4438175559043884,0.4767231345176697,0.007106963545084,0.9570016860961914,0.9993294477462769
3,0.05,15,LEFT_WRIST,0.5864670872688293,0.5191852450370789,-0.14663881063461304,0.993698239326477,0.9999327659606934
3,0.05,16,RIGHT_WRIST,0.4492170512676239,0.5173137784004211,-0.1004948765039444,0.9609217047691345,0.9993329644203186
3,0.05,17,LEFT_PINKY,0.5876887440681458,0.5329433083534241,-0.18535833060741425,0.9876766800880432,0.9997803568840027
3,0.05,18,RIGHT_PINKY,0.4469519853591919,0.5311169028282166,-0.1346411257982254,0.9396860003471375,0.9989138841629028
3,0.05,19,LEFT_INDEX,0.580240786075592,0.5315287113189697,-0.21872317790985107,0.9880781173706055,0.9998362064361572
3,0.05,20,RIGHT_INDEX,0.45421990752220154,0.529821515083313,-0.17153099179267883,0.9429333209991455,0.9990264177322388
3,0.05,21,LEFT_THUMB,0.577239453792572,0.5272060036659241,-0.16137728095054626,0.9842483997344971,0.9999027252197266
3,0.05,22,RIGHT_THUMB,0.45750707387924194,0.525274932384491,-0.11793839931488037,0.9363903999328613,0.9993072748184204
3,0.05,23,LEFT_HIP,0.549086332321167,0.5285999774932861,-0.019049344584345818,0.999835729598999,0.9997089505195618
3,0.05,24,RIGHT_HIP,0.4876285791397095,0.528597354888916,0.019037336111068726,0.9997672438621521,0.9997567534446716
3,0.05,25,LEFT_KNEE,0.5515182018280029,0.5933309197425842,0.013505175709724426,0.9925572872161865,0.9998706579208374
3,0.05,26,RIGHT_KNEE,0.481973260641098,0.5908077955245972,0.05379275605082512,0.9846137166023254,0.9997783303260803
3,0.05,27,LEFT_ANKLE,0.5539115071296692,0.6454576253890991,0.18875044584274292,0.9826517105102539,0.9983671307563782
3,0.05,28,RIGHT_ANKLE,0.4848921000957489,0.6458364725112915,0.2292521893978119,0.982268214225769,0.9989940524101257
3,0.05,29,LEFT_HEEL,0.5502694249153137,0.6527289748191833,0.19808237254619598,0.8027758598327637,0.9967988729476929
3,0.05,30,RIGHT_HEEL,0.492647647857666,0.6525770425796509,0.23965860903263092,0.8843986392021179,0.9979087114334106
3,0.05,31,LEFT_FOOT_INDEX,0.549700140953064,0.6638027429580688,0.07699685543775558,0.9722319841384888,0.9859145879745483
3,0.05,32,RIGHT_FOOT_INDEX,0.46521350741386414,0.6643857359886169,0.13048508763313293,0.9758598804473877,0.9897192716598511
4,0.066,0,NOSE,0.5239999890327454,0.3973264694213867,-0.23111148178577423,0.9999531507492065,0.9994152784347534
4,0.066,1,LEFT_EYE_INNER,0.5296635627746582,0.39173537492752075,-0.213027223944664,0.9998100996017456,0.9984638690948486
4,0.066,2,LEFT_EYE,0.5328607559204102,0.39193451404571533,-0.21306777000427246,0.9998182654380798,0.9985260963439941
4,0.066,3,LEFT_EYE_OUTER,0.5362858176231384,0.3921952545642853,-0.2130618542432785,0.9998136758804321,0.9985515475273132
4,0.066,4,RIGHT_EYE_INNER,0.5179588794708252,0.3913077116012573,-0.21382535994052887,0.9997560977935791,0.9983053207397461
4,0.066,5,RIGHT_EYE,0.5131469964981079,0.39131960272789,-0.21380506455898285,0.9997403025627136,0.9980899691581726
4,0.066,6,RIGHT_EYE_OUTER,0.5086689591407776,0.3914130628108978,-0.2138255536556244,0.9997097253799438,0.997928261756897
4,0.066,7,LEFT_EAR,0.5397671461105347,0.3954019844532013,-0.10348667204380035,0.9996969699859619,0.9987810254096985
4,0.066,8,RIGHT_EAR,0.5022337436676025,0.3947110176086426,-0.10804909467697144,0.9993644952774048,0.9977960586547852
4,0.066,9,MOUTH_LEFT,0.529649555683136,0.4046090245246887,-0.18936030566692352,0.9999424815177917,0.9997043013572693
4,0.066,10,MOUTH_RIGHT,0.515677809715271,0.40461841225624084,-0.1906692534685135,0.9999213218688965,0.9995948672294617
4,0.066,11,LEFT_SHOULDER,0.5726524591445923,0.4352412521839142,-0.059836238622665405,0.9999850392341614,0.9999350309371948
4,0.066,12,RIGHT_SHOULDER,0.4652714729309082,0.43437308073043823,-0.02678312174975872,0.9998329877853394,0.9996886253356934
4,0.066,13,LEFT_ELBOW,0.5920160412788391,0.4776550531387329,-0.029772348701953888,0.9928581714630127,0.9998064637184143
4,0.066,14,RIGHT_ELBOW,0.44363176822662354,0.4767081141471863,0.006329898722469807,0.9570946097373962,0.9992595314979553
4,0.066,15,LEFT_WRIST,0.5861979126930237,0.5190269947052002,-0.1496139019727707,0.993718147277832,0.9999253749847412
4,0.066,16,RIGHT_WRIST,0.449207067489624,0.5173170566558838,-0.10076134651899338,0.9608068466186523,0.999305248260498
4,0.066,17,LEFT_PINKY,0.5873486399650574,0.5328821539878845,-0.18979336321353912,0.9877476096153259,0.9997743964195251
4,0.066,18,RIGHT_PINKY,0.4469383955001831,0.5311229825019836,-0.13477064669132233,0.9394785165786743,0.9989114999771118
4,0.066,19,LEFT_INDEX,0.5798133611679077,0.5314363837242126,-0.2235991507768631,0.9881428480148315,0.9998282194137573
4,0.066,20,RIGHT_INDEX,0.45422014594078064,0.5298069715499878,-0.17175260186195374,0.9427167177200317,0.999024510383606
4,0.066,21,LEFT_THUMB,0.5767418742179871,0.527105987071991,-0.16461685299873352,0.9843011498451233,0.9998962879180908
4,0.066,22,RIGHT_THUMB,0.45751816034317017,0.5252407789230347,-0.11820776760578156,0.9362062215805054,0.9992868304252625
4,0.066,23,LEFT_HIP,0.5489450693130493,0.528542160987854,-0.01905309036374092,0.9998332262039185,0.9997137188911438
4,0.066,24,RIGHT_HIP,0.4873282015323639,0.528534471988678,0.019040001556277275,0.9997682571411133,0.9997648596763611
4,0.066,25,LEFT_KNEE,0.5514888167381287,0.5932406187057495,0.009665878489613533,0.9928738474845886,0.9998995065689087
4,0.066,26,RIGHT_KNEE,0.48195981979370117,0.5908194184303284,0.0548996664583683,0.9852941632270813,0.9998016953468323
4,0.066,27,LEFT_ANKLE,0.5538790225982666,0.6453151106834412,0.2058301717042923,0.9834883809089661,0.9987975358963013
4,0.066,28,RIGHT_ANKLE,0.4848920404911041,0.6455997228622437,0.2457139790058136,0.9830502271652222,0.9992709755897522
4,0.066,29,LEFT_HEEL,0.5502712726593018,0.6526533365249634,0.2175142765045166,0.8076049089431763,0.9976644515991211
4,0.066,30,RIGHT_HEEL,0.49263808131217957,0.6525503396987915,0.2578257918357849,0.8875414133071899,0.9985053539276123
4,0.066,31,LEFT_FOOT_INDEX,0.5496490001678467,0.663629949092865,0.09209012985229492,0.9733312726020813,0.9893190264701843
4,0.066,32,RIGHT_FOOT_INDEX,0.4652492105960846,0.6642565131187439,0.14500845968723297,0.9767730236053467,0.9920133948326111
5,0.083,0,NOSE,0.5237870216369629,0.3973923921585083,-0.2145126909017563,0.9999542832374573,0.9996598958969116
5,0.083,1,LEFT_EYE_INNER,0.5294631123542786,0.39181673526763916,-0.19684334099292755,0.9998138546943665,0.9990733861923218
5,0.083,2,LEFT_EYE,0.5326932072639465,0.3920108675956726,-0.19688235223293304,0.9998217821121216,0.9991074204444885
5,0.083,3,LEFT_EYE_OUTER,0.5361839532852173,0.3922683000564575,-0.1968742161989212,0.9998172521591187,0.9991119503974915
5,0.083,4,RIGHT_EYE_INNER,0.5178014636039734,0.3913867771625519,-0.1971960961818695,0.9997632503509521,0.9989738464355469
5,0.083,5,RIGHT_EYE,0.5130057334899902,0.3913889527320862,-0.19716885685920715,0.9997475743293762,0.998843789100647
5,0.083,6,RIGHT_EYE_OUTER,0.5084998607635498,0.39146730303764343,-0.19718152284622192,0.999718189239502,0.9987321496009827
5,0.083,7,LEFT_EAR,0.5397105813026428,0.3954917788505554,-0.09220484644174576,0.999701976776123,0.9992349147796631
5,0.083,8,RIGHT_EAR,0.5021255612373352,0.39471784234046936,-0.09437986463308334,0.9993858337402344,0.9986293315887451
5,0.083,9,MOUTH_LEFT,0.529445230960846,0.40468236804008484,-0.1747172474861145,0.9999424815177917,0.9998030066490173
5,0.083,10,MOUTH_RIGHT,0.515555202960968,0.4046637713909149,-0.17538709938526154,0.9999221563339233,0.9997382760047913
5,0.083,11,LEFT_SHOULDER,0.5724143981933594,0.43524083495140076,-0.05386561527848244,0.9999848008155823,0.9999479055404663
5,0.083,12,RIGHT_SHOULDER,0.46522924304008484,0.4343492388725281,-0.019574489444494247,0.9998379945755005,0.9997712969779968
5,0.083,13,LEFT_ELBOW,0.5920088291168213,0.4775505065917969,-0.029878051951527596,0.9928807020187378,0.9998352527618408
5,0.083,14,RIGHT_ELBOW,0.44345223903656006,0.47671231627464294,0.008599044755101204,0.9571690559387207,0.9994157552719116
5,0.083,15,LEFT_WRIST,0.585863471031189,0.5189265012741089,-0.14784954488277435,0.9937663078308105,0.9999384880065918
5,0.083,16,RIGHT_WRIST,0.44912561774253845,0.5173866152763367,-0.09777665883302689,0.9607259631156921,0.9994214773178101
5,0.083,17,LEFT_PINKY,0.5869198441505432,0.5328270792961121,-0.18699538707733154,0.9878568053245544,0.999803364276886
5,0.083,18,RIGHT_PINKY,0.4468887746334076,0.5311723947525024,-0.1314026266336441,0.9393779039382935,0.999049961566925
5,0.083,19,LEFT_INDEX,0.5792969465255737,0.5313273668289185,-0.22033117711544037,0.988245964050293,0.9998558759689331
5,0.083,20,RIGHT_INDEX,0.4542092978954315,0.5298050045967102,-0.16746479272842407,0.9425862431526184,0.999165415763855
5,0.083,21,LEFT_THUMB,0.5762083530426025,0.5270097851753235,-0.16260874271392822,0.9844228625297546,0.999914288520813
5,0.083,22,RIGHT_THUMB,0.4575086534023285,0.5252384543418884,-0.1148562952876091,0.9361085891723633,0.9994106292724609
5,0.083,23,LEFT_HIP,0.5485987663269043,0.5285406112670898,-0.018735744059085846,0.9998318552970886,0.999711811542511
5,0.083,24,RIGHT_HIP,0.4869730770587921,0.5285136699676514,0.018727947026491165,0.9997719526290894,0.9997971653938293
5,0.083,25,LEFT_KNEE,0.5514947175979614,0.5932163596153259,0.010754836723208427,0.9930391907691956,0.9998867511749268
5,0.083,26,RIGHT_KNEE,0.4819546639919281,0.5907896161079407,0.052938248962163925,0.9858678579330444,0.9998385906219482
5,0.083,27,LEFT_ANKLE,0.5537480115890503,0.645429790019989,0.18616516888141632,0.9840484261512756,0.9986164569854736
5,0.083,28,RIGHT_ANKLE,0.4848916530609131,0.6456002593040466,0.22715041041374207,0.983654260635376,0.9992332458496094
5,0.083,29,LEFT_HEEL,0.5498601794242859,0.653439462184906,0.19476184248924255,0.8128046989440918,0.9972161054611206
5,0.083,30,RIGHT_HEEL,0.49265584349632263,0.6527747511863708,0.2369881570339203,0.8904497027397156,0.9983084201812744
5,0.083,31,LEFT_FOOT_INDEX,0.5506696105003357,0.6636142730712891,0.07262957841157913,0.9739008545875549,0.9871256947517395
5,0.083,32,RIGHT_FOOT_INDEX,0.46524447202682495,0.6642162203788757,0.12784023582935333,0.977318525314331,0.9910902976989746
6,0.1,0,NOSE,0.5236545205116272,0.3974308669567108,-0.225754052400589,0.9999545216560364,0.9995219707489014
6,0.1,1,LEFT_EYE_INNER,0.529297411441803,0.3918975591659546,-0.20779691636562347,0.9998142719268799,0.9987408518791199
6,0.1,2,LEFT_EYE,0.5325592756271362,0.39208662509918213,-0.20783588290214539,0.9998220801353455,0.9987860321998596
6,0.1,3,LEFT_EYE_OUTER,0.5361024737358093,0.3923444449901581,-0.20782536268234253,0.9998173713684082,0.9988012313842773
6,0.1,4,RIGHT_EYE_INNER,0.5176532864570618,0.3914632797241211,-0.2084176391363144,0.9997656941413879,0.9986097812652588
6,0.1,5,RIGHT_EYE,0.5128666758537292,0.3914582133293152,-0.2083965539932251,0.9997501373291016,0.998437225818634
6,0.1,6,RIGHT_EYE_OUTER,0.5083302855491638,0.39152517914772034,-0.20841459929943085,0.9997211694717407,0.9983024597167969
6,0.1,7,LEFT_EAR,0.5396626591682434,0.3955751657485962,-0.10041871666908264,0.999701201915741,0.9989914298057556
6,0.1,8,RIGHT_EAR,0.5019760727882385,0.3947334885597229,-0.10350081324577332,0.999394416809082,0.9981710910797119
6,0.1,9,MOUTH_LEFT,0.5293054580688477,0.4047262370586395,-0.18475781381130219,0.999942421913147,0.999751627445221
6,0.1,10,MOUTH_RIGHT,0.5154576897621155,0.4046938717365265,-0.1857457458972931,0.999922513961792,0.9996663331985474
6,0.1,11,LEFT_SHOULDER,0.5722755789756775,0.43525585532188416,-0.058980539441108704,0.999984622001648,0.9999479055404663
6,0.1,12,RIGHT_SHOULDER,0.46517276763916016,0.43434420228004456,-0.024140285328030586,0.9998398423194885,0.9997326731681824
6,0.1,13,LEFT_ELBOW,0.5919912457466125,0.4775334596633911,-0.03171375021338463,0.9928669929504395,0.9998389482498169
6,0.1,14,RIGHT_ELBOW,0.4432893395423889,0.4767237901687622,0.006543556693941355,0.9570023417472839,0.9993278980255127
6,0.1,15,LEFT_WRIST,0.5855117440223694,0.5188720226287842,-0.15113717317581177,0.9937489032745361,0.9999330043792725
6,0.1,16,RIGHT_WRIST,0.4490722715854645,0.5174632668495178,-0.10197620093822479,0.9603784084320068,0.999363362789154
6,0.1,17,LEFT_PINKY,0.5863822102546692,0.5327928066253662,-0.19048798084259033,0.9878616333007812,0.9997910857200623
6,0.1,18,RIGHT_PINKY,0.44688880443573,0.5312853455543518,-0.13605478405952454,0.9389423727989197,0.9989942908287048
6,0.1,19,LEFT_INDEX,0.5787328481674194,0.5312315225601196,-0.2242317944765091,0.9882477521896362,0.9998419284820557
6,0.1,20,RIGHT_INDEX,0.4542946219444275,0.5298189520835876,-0.17194046080112457,0.9421305656433105,0.9991083741188049
6,0.1,21,LEFT_THUMB,0.5756521224975586,0.5269312262535095,-0.16603481769561768,0.9844070076942444,0.9999059438705444
6,0.1,22,RIGHT_THUMB,0.45755118131637573,0.5252408385276794,-0.11902129650115967,0.9356352090835571,0.9993556141853333
6,0.1,23,LEFT_HIP,0.548450231552124,0.5286059379577637,-0.01872987672686577,0.9998338222503662,0.9997844099998474
6,0.1,24,RIGHT_HIP,0.48684409260749817,0.5285914540290833,0.01872161217033863,0.9997747540473938,0.999810516834259
6,0.1,25,LEFT_KNEE,0.5515233278274536,0.5932234525680542,0.01155597809702158,0.9932583570480347,0.9999196529388428
6,0.1,26,RIGHT_KNEE,0.48193711042404175,0.5908555388450623,0.05473855510354042,0.9862757325172424,0.9998334646224976
6,0.1,27,LEFT_ANKLE,0.553745448589325,0.6457607746124268,0.19718754291534424,0.9846829175949097,0.9990195035934448
6,0.1,28,RIGHT_ANKLE,0.4849049746990204,0.6455273032188416,0.247141033411026,0.9841370582580566,0.999439537525177
6,0.1,29,LEFT_HEEL,0.5497552156448364,0.6542298793792725,0.2073192149400711,0.8173689246177673,0.9980496168136597
6,0.1,30,RIGHT_HEEL,0.49269431829452515,0.6527852416038513,0.2598176598548889,0.8928554058074951,0.9988646507263184
6,0.1,31,LEFT_FOOT_INDEX,0.5508177876472473,0.6636146903038025,0.08182749152183533,0.9747897386550903,0.9907839298248291
6,0.1,32,RIGHT_FOOT_INDEX,0.4652419984340668,0.6642044186592102,0.14676624536514282,0.9779130220413208,0.9940517544746399
7,0.116,0,NOSE,0.5236537456512451,0.3975788354873657,-0.22163023054599762,0.9999553561210632,0.9996050000190735
7,0.116,1,LEFT_EYE_INNER,0.5292502641677856,0.3920367956161499,-0.20357121527194977,0.9998173117637634,0.9989510774612427
7,0.116,2,LEFT_EYE,0.5325419306755066,0.39222490787506104,-0.20360958576202393,0.9998251795768738,0.9989979863166809
7,0.116,3,LEFT_EYE_OUTER,0.5360832810401917,0.39248132705688477,-0.20359289646148682,0.9998204112052917,0.9990142583847046
7,0.116,4,RIGHT_EYE_INNER,0.5176394581794739,0.39160338044166565,-0.20489521324634552,0.999770998954773,0.9987996816635132
7,0.116,5,RIGHT_EYE,0.5128569006919861,0.3915919065475464,-0.20487336814403534,0.9997560381889343,0.9986334443092346
7,0.116,6,RIGHT_EYE_OUTER,0.5082962512969971,0.3916477859020233,-0.204891636967659,0.9997277855873108,0.9984859824180603
7,0.116,7,LEFT_EAR,0.5395624041557312,0.39573270082473755,-0.09661901742219925,0.9997062087059021,0.9991793036460876
7,0.116,8,RIGHT_EAR,0.5018108487129211,0.3947778642177582,-0.10272859781980515,0.9994128942489624,0.99832683801651
7,0.116,9,MOUTH_LEFT,0.5292410850524902,0.40486520528793335,-0.1807718127965927,0.9999427199363708,0.9997876286506653
7,0.116,10,MOUTH_RIGHT,0.5154535174369812,0.40480756759643555,-0.18268953263759613,0.9999235272407532,0.9997085928916931
7,0.116,11,LEFT_SHOULDER,0.5720735192298889,0.43527212738990784,-0.05630489066243172,0.9999847412109375,0.9999549388885498
7,0.116,12,RIGHT_SHOULDER,0.46492740511894226,0.43435779213905334,-0.023962752893567085,0.9998428225517273,0.9997425675392151
7,0.116,13,LEFT_ELBOW,0.5919750332832336,0.4775186777114868,-0.029823429882526398,0.9929119348526001,0.9998555183410645
7,0.116,14,RIGHT_ELBOW,0.44316843152046204,0.4767460525035858,0.006879376247525215,0.9574506878852844,0.9993559718132019
7,0.116,15,LEFT_WRIST,0.5853703618049622,0.5188664197921753,-0.14987099170684814,0.9938254356384277,0.9999418258666992
7,0.116,16,RIGHT_WRIST,0.4490443170070648,0.517517626285553,-0.10160414129495621,0.9605761766433716,0.9993294477462769
7,0.116,17,LEFT_PINKY,0.5861037373542786,0.5327938795089722,-0.18909436464309692,0.9880290627479553,0.9998088479042053
7,0.116,18,RIGHT_PINKY,0.44686397910118103,0.5313573479652405,-0.13552014529705048,0.9392483830451965,0.9988918900489807
7,0.116,19,LEFT_INDEX,0.5784329175949097,0.531220018863678,-0.2228107750415802,0.9884116649627686,0.9998583793640137
7,0.116,20,RIGHT_INDEX,0.45428767800331116,0.5298202037811279,-0.17140327394008636,0.9424173831939697,0.9990230798721313
7,0.116,21,LEFT_THUMB,0.5754026770591736,0.5269259810447693,-0.16474954783916473,0.9846107959747314,0.9999165534973145
7,0.116,22,RIGHT_THUMB,0.457549124956131,0.5252405405044556,-0.1185775175690651,0.9359516501426697,0.9993038177490234
7,0.116,23,LEFT_HIP,0.5484178066253662,0.5286086201667786,-0.01866724342107773,0.9998322129249573,0.999701201915741
7,0.116,24,RIGHT_HIP,0.4868045449256897,0.5285937786102295,0.01866285689175129,0.9997732639312744,0.9997352957725525
7,0.116,25,LEFT_KNEE,0.5516348481178284,0.593217134475708,0.010796449147164822,0.9933598041534424,0.9998817443847656
7,0.116,26,RIGHT_KNEE,0.4819369316101074,0.5908654928207397,0.05617525056004524,0.986434817314148,0.9997484087944031
7,0.116,27,LEFT_ANKLE,0.5537543892860413,0.6462346315383911,0.18612834811210632,0.9849543571472168,0.9981610178947449
7,0.116,28,RIGHT_ANKLE,0.48490583896636963,0.6455819606781006,0.23956459760665894,0.9842138290405273,0.9989401698112488
7,0.116,29,LEFT_HEEL,0.5497544407844543,0.6548967957496643,0.1949162632226944,0.8185809254646301,0.9962651133537292
7,0.116,30,RIGHT_HEEL,0.4927065372467041,0.6530578136444092,0.25057974457740784,0.8934839367866516,0.9978093504905701
7,0.116,31,LEFT_FOOT_INDEX,0.5508062839508057,0.6639591455459595,0.06993396580219269,0.9749327301979065,0.9836826920509338
7,0.116,32,RIGHT_FOOT_INDEX,0.4652419686317444,0.6642616391181946,0.14036087691783905,0.9778660535812378,0.9892780780792236
8,0.133,0,NOSE,0.5235856175422668,0.397585391998291,-0.22475822269916534,0.9999548196792603,0.9993270635604858
8,0.133,1,LEFT_EYE_INNER,0.5290554761886597,0.3920515775680542,-0.20657677948474884,0.9998148679733276,0.9982510209083557
8,0.133,2,LEFT_EYE,0.5324254631996155,0.3922344744205475,-0.20661377906799316,0.9998230338096619,0.998325765132904
8,0.133,3,LEFT_EYE_OUTER,0.5359374284744263,0.3924841582775116,-0.206597700715065,0.9998180270195007,0.9983558058738708
8,0.133,4,RIGHT_EYE_INNER,0.5175350308418274,0.39164382219314575,-0.20770876109600067,0.9997694492340088,0.9980480670928955
8,0.133,5,RIGHT_EYE,0.512769341468811,0.391642302274704,-0.20769290626049042,0.9997549057006836,0.9978140592575073
8,0.133,6,RIGHT_EYE_OUTER,0.5081472396850586,0.3917056620121002,-0.20771615207195282,0.9997268915176392,0.9976261258125305
8,0.133,7,LEFT_EAR,0.5392832159996033,0.3957386314868927,-0.09937337040901184,0.9997029900550842,0.9986227750778198
8,0.133,8,RIGHT_EAR,0.5014333128929138,0.39480897784233093,-0.1047368049621582,0.999411940574646,0.9974053502082825
8,0.133,9,MOUTH_LEFT,0.5290331840515137,0.404869943857193,-0.18390896916389465,0.9999417066574097,0.9996614456176758
8,0.133,10,MOUTH_RIGHT,0.5154213905334473,0.40482473373413086,-0.18558073043823242,0.9999225735664368,0.9995406866073608
8,0.133,11,LEFT_SHOULDER,0.5720183849334717,0.43527600169181824,-0.059249281883239746,0.9999842643737793,0.999927282333374
8,0.133,12,RIGHT_SHOULDER,0.46470504999160767,0.434362530708313,-0.025257620960474014,0.9998425245285034,0.9996707439422607
8,0.133,13,LEFT_ELBOW,0.5919187068939209,0.47751033306121826,-0.03060935251414776,0.9928306937217712,0.9997949004173279
8,0.133,14,RIGHT_ELBOW,0.4430379867553711,0.4768282473087311,0.005091313738375902,0.9572398662567139,0.9992833733558655
8,0.133,15,LEFT_WRIST,0.5847663283348083,0.5188437700271606,-0.1517154425382614,0.993800938129425,0.9999243021011353
8,0.133,16,RIGHT_WRIST,0.4489797353744507,0.5175408720970154,-0.10648290067911148,0.9603915214538574,0.9992697834968567
8,0.133,17,LEFT_PINKY,0.585478663444519,0.5327690839767456,-0.19129540026187897,0.9880331754684448,0.9997696280479431
8,0.133,18,RIGHT_PINKY,0.4468218982219696,0.531393826007843,-0.14082562923431396,0.9391412734985352,0.9988327622413635
8,0.133,19,LEFT_INDEX,0.577752411365509,0.5311817526817322,-0.22540998458862305,0.9884129762649536,0.9998258948326111
8,0.133,20,RIGHT_INDEX,0.4542696177959442,0.5298163890838623,-0.17697758972644806,0.9423099160194397,0.9989493489265442
8,0.133,21,LEFT_THUMB,0.5747977495193481,0.5269147753715515,-0.16679297387599945,0.9845899343490601,0.9998950958251953
8,0.133,22,RIGHT_THUMB,0.45753732323646545,0.5252262353897095,-0.1237318143248558,0.9359007477760315,0.9992443323135376
8,0.133,23,LEFT_HIP,0.5484177470207214,0.5286376476287842,-0.01867745816707611,0.9998311400413513,0.9996782541275024
8,0.133,24,RIGHT_HIP,0.48680731654167175,0.5286351442337036,0.018672635778784752,0.9997750520706177,0.9997465014457703
8,0.133,25,LEFT_KNEE,0.5516498684883118,0.5932130217552185,0.011591127142310143,0.9935731291770935,0.9998899698257446
8,0.133,26,RIGHT_KNEE,0.48194003105163574,0.5908852219581604,0.058108843863010406,0.9868000745773315,0.9997807145118713
8,0.133,27,LEFT_ANKLE,0.5538744926452637,0.6461029052734375,0.2023622840642929,0.9855057001113892,0.9986841082572937
8,0.133,28,RIGHT_ANKLE,0.48492294549942017,0.6455624103546143,0.24912220239639282,0.9846563339233398,0.999208390712738
8,0.133,29,LEFT_HEEL,0.5500895380973816,0.6547501087188721,0.21340638399124146,0.8221021890640259,0.9974472522735596
8,0.133,30,RIGHT_HEEL,0.4928373694419861,0.6530829668045044,0.2611146867275238,0.8952608704566956,0.9983869791030884
8,0.133,31,LEFT_FOOT_INDEX,0.5508091449737549,0.6639585494995117,0.088667131960392,0.9756704568862915,0.9887582063674927
8,0.133,32,RIGHT_FOOT_INDEX,0.4652656316757202,0.6642608046531677,0.1499515175819397,0.978340744972229,0.9917550086975098
9,0.15,0,NOSE,0.5235179662704468,0.39759963750839233,-0.2254250943660736,0.9999558329582214,0.9995601773262024
9,0.15,1,LEFT_EYE_INNER,0.5289246439933777,0.3920820653438568,-0.2069728672504425,0.9998193979263306,0.9988511800765991
9,0.15,2,LEFT_EYE,0.5323631167411804,0.3922590911388397,-0.20701123774051666,0.9998273849487305,0.9989157915115356
9,0.15,3,LEFT_EYE_OUTER,0.535861074924469,0.392499178647995,-0.2069961130619049,0.9998224377632141,0.9989436268806458
9,0.15,4,RIGHT_EYE_INNER,0.5174399614334106,0.39170488715171814,-0.2085684835910797,0.9997755885124207,0.9986308217048645
9,0.15,5,RIGHT_EYE,0.5126772522926331,0.39170798659324646,-0.20855024456977844,0.9997614622116089,0.9984190464019775
9,0.15,6,RIGHT_EYE_OUTER,0.5079889893531799,0.39177292585372925,-0.20856982469558716,0.9997341632843018,0.9982214570045471
9,0.15,7,LEFT_EAR,0.5391351580619812,0.39575138688087463,-0.09849541634321213,0.999710202217102,0.9991267323493958
9,0.15,8,RIGHT_EAR,0.501064658164978,0.39482301473617554,-0.10616882890462875,0.9994280934333801,0.9979356527328491
9,0.15,9,MOUTH_LEFT,0.5288715362548828,0.4048914611339569,-0.18410144746303558,0.9999424815177917,0.9997608065605164
9,0.15,10,MOUTH_RIGHT,0.5154046416282654,0.40486133098602295,-0.1864633560180664,0.9999238848686218,0.9996519088745117
9,0.15,11,LEFT_SHOULDER,0.5717688202857971,0.43528130650520325,-0.058561742305755615,0.9999844431877136,0.9999517202377319
9,0.15,12,RIGHT_SHOULDER,0.46445152163505554,0.4343637526035309,-0.02574831247329712,0.999843180179596,0.9996428489685059
9,0.15,13,LEFT_ELBOW,0.5918182134628296,0.47750940918922424,-0.03167320415377617,0.9928924441337585,0.9998592138290405
9,0.15,14,RIGHT_ELBOW,0.4428928792476654,0.4768972098827362,0.0028161306399852037,0.9571327567100525,0.9992338418960571
9,0.15,15,LEFT_WRIST,0.5844622850418091,0.5187121033668518,-0.15325862169265747,0.993928849697113,0.9999492168426514
9,0.15,16,RIGHT_WRIST,0.4489361345767975,0.5175426602363586,-0.11386065185070038,0.9604964256286621,0.9992753863334656
9,0.15,17,LEFT_PINKY,0.5851677060127258,0.532620370388031,-0.1929439902305603,0.9882712364196777,0.9998321533203125
9,0.15,18,RIGHT_PINKY,0.44677406549453735,0.5314099788665771,-0.14893576502799988,0.9394788146018982,0.9988596439361572
9,0.15,19,LEFT_INDEX,0.5774040818214417,0.5310011506080627,-0.2271479368209839,0.9886488914489746,0.9998762607574463
9,0.15,20,RIGHT_INDEX,0.4542659521102905,0.5298046469688416,-0.1856246441602707,0.942642331123352,0.9989836812019348
9,0.15,21,LEFT_THUMB,0.5744631290435791,0.5267844796180725,-0.16836024820804596,0.9848690032958984,0.9999265670776367
9,0.15,22,RIGHT_THUMB,0.45753607153892517,0.5251762270927429,-0.13130317628383636,0.9362071752548218,0.9992716908454895
9,0.15,23,LEFT_HIP,0.5483695268630981,0.5285064578056335,-0.018545089289546013,0.9998315572738647,0.9997269511222839
9,0.15,24,RIGHT_HIP,0.4868095815181732,0.5285290479660034,0.018542328849434853,0.9997754096984863,0.9997256398200989
9,0.15,25,LEFT_KNEE,0.5516517162322998,0.5931978821754456,0.008319015614688396,0.9936726689338684,0.9999032020568848
9,0.15,26,RIGHT_KNEE,0.48193952441215515,0.5908811092376709,0.05480973422527313,0.9868965148925781,0.9997636675834656
9,0.15,27,LEFT_ANKLE,0.5538917779922485,0.646090567111969,0.1902068853378296,0.9858364462852478,0.9987072944641113
9,0.15,28,RIGHT_ANKLE,0.48488572239875793,0.645572304725647,0.24049583077430725,0.9848089814186096,0.9991223216056824
9,0.15,29,LEFT_HEEL,0.5501480102539062,0.6546885371208191,0.19989588856697083,0.8246045708656311,0.9974473714828491
9,0.15,30,RIGHT_HEEL,0.49284690618515015,0.6531995534896851,0.2517038583755493,0.8952847719192505,0.9982467889785767
9,0.15,31,LEFT_FOOT_INDEX,0.5511112213134766,0.6639569997787476,0.07455882430076599,0.9760494232177734,0.9890946745872498
9,0.15,32,RIGHT_FOOT_INDEX,0.46562662720680237,0.6642614603042603,0.13975799083709717,0.9784069061279297,0.9918562173843384
10,0.166,0,NOSE,0.5233852863311768,0.39751341938972473,-0.2289157509803772,0.9999563694000244,0.9994319081306458
10,0.166,1,LEFT_EYE_INNER,0.5286769270896912,0.3920711278915405,-0.2103087157011032,0.9998221397399902,0.9985262155532837
10,0.166,2,LEFT_EYE,0.5321743488311768,0.392241895198822,-0.21034717559814453,0.9998297095298767,0.9985805749893188
10,0.166,3,LEFT_EYE_OUTER,0.5356470346450806,0.3924674689769745,-0.21033114194869995,0.9998247623443604,0.998599112033844
10,0.166,4,RIGHT_EYE_INNER,0.5172736048698425,0.3917013704776764,-0.21159371733665466,0.9997802376747131,0.9983919262886047
10,0.166,5,RIGHT_EYE,0.5125467777252197,0.3917044401168823,-0.21157382428646088,0.9997662901878357,0.9982056617736816
10,0.166,6,RIGHT_EYE_OUTER,0.5078490376472473,0.3917698562145233,-0.21159741282463074,0.9997403025627136,0.9980644583702087
10,0.166,7,LEFT_EAR,0.538812518119812,0.3957255482673645,-0.10143638402223587,0.9997141361236572,0.998868465423584
10,0.166,8,RIGHT_EAR,0.5007486939430237,0.3948136866092682,-0.1075667291879654,0.9994425773620605,0.9979645013809204
10,0.166,9,MOUTH_LEFT,0.5286712050437927,0.4047909080982208,-0.1875469833612442,0.9999434351921082,0.9997256398200989
10,0.166,10,MOUTH_RIGHT,0.5153531432151794,0.4047762453556061,-0.18950609862804413,0.9999254941940308,0.9996277093887329
10,0.166,11,LEFT_SHOULDER,0.5717089176177979,0.4352821707725525,-0.060495149344205856,0.999984085559845,0.999929666519165
10,0.166,12,RIGHT_SHOULDER,0.46435579657554626,0.4343644976615906,-0.02695412002503872,0.999843955039978,0.9996780157089233
10,0.166,13,LEFT_ELBOW,0.5914977788925171,0.4775518774986267,-0.035087257623672485,0.9926913380622864,0.9997536540031433
10,0.166,14,RIGHT_ELBOW,0.4426335096359253,0.47694751620292664,-0.010044340044260025,0.9569560289382935,0.9990962743759155
10,0.166,15,LEFT_WRIST,0.583868145942688,0.518646776676178,-0.15893548727035522,0.9938086867332458,0.9999117851257324
10,0.166,16,RIGHT_WRIST,0.44884562492370605,0.5175725817680359,-0.13629689812660217,0.960212230682373,0.9991772770881653
10,0.166,17,LEFT_PINKY,0.5844317674636841,0.5325365662574768,-0.19858968257904053,0.9881314039230347,0.9997454285621643
10,0.166,18,RIGHT_PINKY,0.446585476398468,0.5314660668373108,-0.17300322651863098,0.939208447933197,0.998755693435669
10,0.166,19,LEFT_INDEX,0.5767228603363037,0.5308473110198975,-0.23232755064964294,0.9885110259056091,0.9998123049736023
10,0.166,20,RIGHT_INDEX,0.45417895913124084,0.5298078656196594,-0.20971128344535828,0.9423784613609314,0.9989087581634521
10,0.166,21,LEFT_THUMB,0.5738864541053772,0.5266631841659546,-0.17395904660224915,0.9846524596214294,0.9998841285705566
10,0.166,22,RIGHT_THUMB,0.4574621021747589,0.5251723527908325,-0.15409038960933685,0.9359650015830994,0.9992054104804993
10,0.166,23,LEFT_HIP,0.548338770866394,0.5285106897354126,-0.018271462991833687,0.9998316168785095,0.9997096657752991
10,0.166,24,RIGHT_HIP,0.48673388361930847,0.5285316705703735,0.0182687658816576,0.9997770190238953,0.9997658133506775
10,0.166,25,LEFT_KNEE,0.5516508221626282,0.5932007431983948,0.003981499467045069,0.9939465522766113,0.9999152421951294
10,0.166,26,RIGHT_KNEE,0.4817582368850708,0.5910512804985046,0.053741320967674255,0.9873859286308289,0.9998134970664978
10,0.166,27,LEFT_ANKLE,0.5539173483848572,0.6461333632469177,0.18844009935855865,0.986499547958374,0.9987671375274658
10,0.166,28,RIGHT_ANKLE,0.48481282591819763,0.6455761790275574,0.24436168372631073,0.9852976202964783,0.9992615580558777
10,0.166,29,LEFT_HEEL,0.5501624941825867,0.6546419858932495,0.1980292946100235,0.8282616138458252,0.9974700212478638
10,0.166,30,RIGHT_HEEL,0.4928671419620514,0.6532799005508423,0.2560024857521057,0.8966959714889526,0.9984690546989441
10,0.166,31,LEFT_FOOT_INDEX,0.5511298775672913,0.6639570593833923,0.06733421981334686,0.9769080281257629,0.9882879853248596
10,0.166,32,RIGHT_FOOT_INDEX,0.46587175130844116,0.6642641425132751,0.14164502918720245,0.9789784550666809,0.9922662377357483
11,0.183,0,NOSE,0.5233814716339111,0.39761823415756226,-0.22198766469955444,0.9999575614929199,0.9995670914649963
11,0.183,1,LEFT_EYE_INNER,0.5286503434181213,0.3921531140804291,-0.20363138616085052,0.9998276233673096,0.9988678693771362
11,0.183,2,LEFT_EYE,0.5321629047393799,0.3923172354698181,-0.20367276668548584,0.9998347759246826,0.9989321827888489
11,0.183,3,LEFT_EYE_OUTER,0.5356222987174988,0.39253297448158264,-0.20366337895393372,0.9998301267623901,0.9989571571350098
11,0.183,4,RIGHT_EYE_INNER,0.517256498336792,0.39180824160575867,-0.20498493313789368,0.9997877478599548,0.9986703395843506
11,0.183,5,RIGHT_EYE,0.5125295519828796,0.3918091654777527,-0.20495787262916565,0.9997738599777222,0.9984662532806396
11,0.183,6,RIGHT_EYE_OUTER,0.5078122019767761,0.3918687403202057,-0.2049780637025833,0.999748706817627,0.9982790946960449
11,0.183,7,LEFT_EAR,0.5387251973152161,0.39578041434288025,-0.0959218218922615,0.9997236132621765,0.9991564750671387
11,0.183,8,RIGHT_EAR,0.5006759762763977,0.39483416080474854,-0.10268718749284744,0.9994637370109558,0.9980403780937195
11,0.183,9,MOUTH_LEFT,0.5286263823509216,0.4048937261104584,-0.18106025457382202,0.9999448657035828,0.999760091304779
11,0.183,10,MOUTH_RIGHT,0.5153574347496033,0.40488681197166443,-0.18315652012825012,0.9999275803565979,0.9996528625488281
11,0.183,11,LEFT_SHOULDER,0.5714588165283203,0.43528833985328674,-0.05706328898668289,0.9999842047691345,0.9999486207962036
11,0.183,12,RIGHT_SHOULDER,0.4642062783241272,0.43430984020233154,-0.024722378700971603,0.9998455047607422,0.999639630317688
11,0.183,13,LEFT_ELBOW,0.5913815498352051,0.4775506854057312,-0.033503927290439606,0.9927229285240173,0.99982750415802
11,0.183,14,RIGHT_ELBOW,0.44237321615219116,0.47699642181396484,-0.008243176154792309,0.9566746354103088,0.9990885257720947
11,0.183,15,LEFT_WRIST,0.5833665132522583,0.5185879468917847,-0.15532444417476654,0.993910551071167,0.999940037727356
11,0.183,16,RIGHT_WRIST,0.44860202074050903,0.5177069902420044,-0.1282719373703003,0.9597644209861755,0.9990678429603577
11,0.183,17,LEFT_PINKY,0.5838845372200012,0.5324575901031494,-0.194721058011055,0.9883280992507935,0.999804675579071
11,0.183,18,RIGHT_PINKY,0.44626179337501526,0.5316165089607239,-0.16405922174453735,0.9387843608856201,0.9985357522964478
11,0.183,19,LEFT_INDEX,0.5761151313781738,0.5307597517967224,-0.22800694406032562,0.988703191280365,0.9998589754104614
11,0.183,20,RIGHT_INDEX,0.4539508521556854,0.5298876166343689,-0.20102639496326447,0.9419735074043274,0.998719334602356
11,0.183,21,LEFT_THUMB,0.5732678174972534,0.5266152620315552,-0.17001327872276306,0.9848780035972595,0.9999157190322876
11,0.183,22,RIGHT_THUMB,0.4572400748729706,0.5252164602279663,-0.14595270156860352,0.9355610013008118,0.9990825653076172
11,0.183,23,LEFT_HIP,0.5482289791107178,0.5285241007804871,-0.017910346388816833,0.9998314380645752,0.999693751335144
11,0.183,24,RIGHT_HIP,0.48661816120147705,0.5285477042198181,0.01791376993060112,0.9997783899307251,0.9997228980064392
11,0.183,25,LEFT_KNEE,0.5516169667243958,0.5932301878929138,0.00501952413469553,0.9941073060035706,0.999873161315918
11,0.183,26,RIGHT_KNEE,0.48167330026626587,0.5912705659866333,0.05210080370306969,0.9877148866653442,0.9997376799583435
11,0.183,27,LEFT_ANKLE,0.5539173483848572,0.6461743116378784,0.18864993751049042,0.9868466854095459,0.9982678890228271
11,0.183,28,RIGHT_ANKLE,0.4848174452781677,0.6456345915794373,0.23573915660381317,0.9855904579162598,0.9988433122634888
11,0.183,29,LEFT_HEEL,0.5500956177711487,0.6547428965568542,0.19833305478096008,0.8322463631629944,0.9965033531188965
11,0.183,30,RIGHT_HEEL,0.49290183186531067,0.6533628106117249,0.24666200578212738,0.8976845145225525,0.9975685477256775
11,0.183,31,LEFT_FOOT_INDEX,0.5516365766525269,0.6639556288719177,0.07284104824066162,0.9772383570671082,0.9838255047798157
11,0.183,32,RIGHT_FOOT_INDEX,0.46587130427360535,0.6642746329307556,0.13455730676651,0.9791182279586792,0.9876656532287598
12,0.2,0,NOSE,0.523377001285553,0.39782044291496277,-0.22547416388988495,0.9999582767486572,0.9995334148406982
12,0.2,1,LEFT_EYE_INNER,0.5285845994949341,0.39224493503570557,-0.20727288722991943,0.9998307228088379,0.9987704157829285
12,0.2,2,LEFT_EYE,0.532131552696228,0.3924020826816559,-0.20731213688850403,0.9998376369476318,0.9988314509391785
12,0.2,3,LEFT_EYE_OUTER,0.5355736017227173,0.3926151692867279,-0.20730115473270416,0.9998330473899841,0.9988492727279663
12,0.2,4,RIGHT_EYE_INNER,0.5172276496887207,0.3919229805469513,-0.2087595909833908,0.9997926354408264,0.9985939860343933
12,0.2,5,RIGHT_EYE,0.5125029683113098,0.3919256031513214,-0.20873582363128662,0.9997790455818176,0.9984055161476135
12,0.2,6,RIGHT_EYE_OUTER,0.5077469348907471,0.3920098841190338,-0.20875680446624756,0.9997545480728149,0.9982261061668396
12,0.2,7,LEFT_EAR,0.5386019945144653,0.3958774507045746,-0.09890876710414886,0.9997276067733765,0.9990311861038208
12,0.2,8,RIGHT_EAR,0.5003780126571655,0.3949905335903168,-0.1057133898139,0.999479353427887,0.9979900121688843
12,0.2,9,MOUTH_LEFT,0.5285612940788269,0.40511104464530945,-0.18412332236766815,0.9999454021453857,0.9997366070747375
12,0.2,10,MOUTH_RIGHT,0.515357494354248,0.405127614736557,-0.1864195615053177,0.9999288320541382,0.9996439218521118
12,0.2,11,LEFT_SHOULDER,0.5711979866027832,0.43529218435287476,-0.05825314670801163,0.9999842047691345,0.9999439716339111
12,0.2,12,RIGHT_SHOULDER,0.46395593881607056,0.43430155515670776,-0.025733619928359985,0.9998480677604675,0.999697208404541
12,0.2,13,LEFT_ELBOW,0.5912306904792786,0.4775528013706207,-0.03158135339617729,0.9926431179046631,0.9998425245285034
12,0.2,14,RIGHT_ELBOW,0.4421274960041046,0.4770606756210327,-0.006996903568506241,0.9568966031074524,0.9993038177490234
12,0.2,15,LEFT_WRIST,0.5829424858093262,0.5185704827308655,-0.15065209567546844,0.9939197897911072,0.9999427795410156
12,0.2,16,RIGHT_WRIST,0.4483569860458374,0.517850399017334,-0.12557336688041687,0.9595692157745361,0.9992282390594482
12,0.2,17,LEFT_PINKY,0.5834320783615112,0.5324493646621704,-0.18908056616783142,0.9883750677108765,0.9998204112052917
12,0.2,18,RIGHT_PINKY,0.4460122585296631,0.5317583680152893,-0.16237935423851013,0.9386117458343506,0.9987611770629883
12,0.2,19,LEFT_INDEX,0.5756238698959351,0.5307199954986572,-0.2228764444589615,0.9887486100196838,0.9998654127120972
12,0.2,20,RIGHT_INDEX,0.45373156666755676,0.5299464464187622,-0.20027656853199005,0.9418030977249146,0.998900294303894
12,0.2,21,LEFT_THUMB,0.5727776288986206,0.5265847444534302,-0.16538506746292114,0.9849172234535217,0.9999191761016846
12,0.2,22,RIGHT_THUMB,0.45700666308403015,0.525253176689148,-0.14357633888721466,0.9353802800178528,0.99921715259552
12,0.2,23,LEFT_HIP,0.5481686592102051,0.5285552144050598,-0.01741245575249195,0.9998327493667603,0.999745786190033
12,0.2,24,RIGHT_HIP,0.48654982447624207,0.5286065340042114,0.017413683235645294,0.9997817873954773,0.9997816681861877
12,0.2,25,LEFT_KNEE,0.5515919327735901,0.5933295488357544,0.005638035014271736,0.9942948222160339,0.9999022483825684
12,0.2,26,RIGHT_KNEE,0.4816570281982422,0.5913578271865845,0.05379213020205498,0.9880984425544739,0.9997976422309875
12,0.2,27,LEFT_ANKLE,0.5539373755455017,0.6461765766143799,0.1967421919107437,0.9873010516166687,0.9986959099769592
12,0.2,28,RIGHT_ANKLE,0.4848162531852722,0.6456620693206787,0.24321433901786804,0.9860117435455322,0.9991554021835327
12,0.2,29,LEFT_HEEL,0.5500611066818237,0.6546933650970459,0.20728132128715515,0.8371187448501587,0.9973799586296082
12,0.2,30,RIGHT_HEEL,0.4929030239582062,0.6533936262130737,0.25493916869163513,0.8994427919387817,0.9982702732086182
12,0.2,31,LEFT_FOOT_INDEX,0.552437424659729,0.6640393733978271,0.08279263228178024,0.9778779745101929,0.9873052835464478
12,0.2,32,RIGHT_FOOT_INDEX,0.4659484326839447,0.6642873287200928,0.14318974316120148,0.9795640707015991,0.9907352924346924
13,0.216,0,NOSE,0.523238480091095,0.39775988459587097,-0.2207847535610199,0.9999585151672363,0.9994931221008301
13,0.216,1,LEFT_EYE_INNER,0.5283481478691101,0.3922344446182251,-0.20194391906261444,0.9998323917388916,0.9986540079116821
13,0.216,2,LEFT_EYE,0.5319241285324097,0.3923872709274292,-0.20198212563991547,0.9998390674591064,0.9987058639526367
13,0.216,3,LEFT_EYE_OUTER,0.5353183150291443,0.3925892412662506,-0.20196537673473358,0.9998345971107483,0.9987252354621887
13,0.216,4,RIGHT_EYE_INNER,0.5170687437057495,0.3919203579425812,-0.20314131677150726,0.9997956156730652,0.998490571975708
13,0.216,5,RIGHT_EYE,0.5123875141143799,0.3919227421283722,-0.20312154293060303,0.9997822046279907,0.9982978701591492
13,0.216,6,RIGHT_EYE_OUTER,0.5076195597648621,0.39200782775878906,-0.20314249396324158,0.9997585415840149,0.9981411695480347
13,0.216,7,LEFT_EAR,0.5382566452026367,0.39586344361305237,-0.09442541003227234,0.9997301697731018,0.9989437460899353
13,0.216,8,RIGHT_EAR,0.5001782774925232,0.3949895203113556,-0.10018701106309891,0.9994866251945496,0.9979515671730042
13,0.216,9,MOUTH_LEFT,0.5283409357070923,0.40501949191093445,-0.18024951219558716,0.9999454021453857,0.9997398257255554
13,0.216,10,MOUTH_RIGHT,0.5152840614318848,0.4050716459751129,-0.1821044534444809,0.9999291300773621,0.9996439218521118
13,0.216,11,LEFT_SHOULDER,0.5711198449134827,0.4353094696998596,-0.057960014790296555,0.9999840259552002,0.9999366998672485
13,0.216,12,RIGHT_SHOULDER,0.4635459780693054,0.4344426393508911,-0.022571509703993797,0.9998478889465332,0.9996862411499023
13,0.216,13,LEFT_ELBOW,0.5911661386489868,0.4775520861148834,-0.03310965746641159,0.9926542043685913,0.9998051524162292
13,0.216,14,RIGHT_ELBOW,0.4420030117034912,0.47721683979034424,-0.006141055840998888,0.9566851854324341,0.9992635846138
13,0.216,15,LEFT_WRIST,0.582245409488678,0.5185145139694214,-0.15544672310352325,0.9939800500869751,0.9999384880065918
13,0.216,16,RIGHT_WRIST,0.448273628950119,0.5178943872451782,-0.12574802339076996,0.959746778011322,0.9993149042129517
13,0.216,17,LEFT_PINKY,0.5827529430389404,0.5324209928512573,-0.19554422795772552,0.9884986877441406,0.999810516834259
13,0.216,18,RIGHT_PINKY,0.4458339512348175,0.5318329930305481,-0.1623990833759308,0.9389943480491638,0.9989171028137207
13,0.216,19,LEFT_INDEX,0.5749902725219727,0.5306313037872314,-0.2278335988521576,0.9888660311698914,0.9998635053634644
13,0.216,20,RIGHT_INDEX,0.45355868339538574,0.529954731464386,-0.19965606927871704,0.9421698451042175,0.999049961566925
13,0.216,21,LEFT_THUMB,0.5721891522407532,0.5264608263969421,-0.1697556972503662,0.9850368499755859,0.9999175071716309
13,0.216,22,RIGHT_THUMB,0.4568430781364441,0.5252540707588196,-0.14363326132297516,0.9358059763908386,0.9993225336074829
13,0.216,23,LEFT_HIP,0.5481430888175964,0.5285679697990417,-0.01755267009139061,0.9998325109481812,0.9996895790100098
13,0.216,24,RIGHT_HIP,0.48653608560562134,0.5286473631858826,0.01755482144653797,0.9997840523719788,0.9997629523277283
13,0.216,25,LEFT_KNEE,0.551594078540802,0.593323290348053,0.006688105873763561,0.9943822622299194,0.999895453453064
13,0.216,26,RIGHT_KNEE,0.48160862922668457,0.5913575887680054,0.05470767617225647,0.9882103204727173,0.9997990727424622
13,0.216,27,LEFT_ANKLE,0.5539553165435791,0.6461738348007202,0.19815294444561005,0.9875706434249878,0.9987267851829529
13,0.216,28,RIGHT_ANKLE,0.48480740189552307,0.6456888914108276,0.24326151609420776,0.9861809611320496,0.9992194175720215
13,0.216,29,LEFT_HEEL,0.5500877499580383,0.6546642780303955,0.20849737524986267,0.838549017906189,0.9974827170372009
13,0.216,30,RIGHT_HEEL,0.49292615056037903,0.6535828113555908,0.2546544373035431,0.9001426696777344,0.9983735084533691
13,0.216,31,LEFT_FOOT_INDEX,0.5525187849998474,0.6640390157699585,0.08363821357488632,0.9781562685966492,0.9892710447311401
13,0.216,32,RIGHT_FOOT_INDEX,0.4652707278728485,0.6644265651702881,0.1429401934146881,0.9796733260154724,0.9922043085098267
14,0.233,0,NOSE,0.5230953693389893,0.39775797724723816,-0.2207023799419403,0.9999594688415527,0.9996117949485779
14,0.233,1,LEFT_EYE_INNER,0.5281915664672852,0.39223700761795044,-0.2016790509223938,0.9998368620872498,0.998978853225708
14,0.233,2,LEFT_EYE,0.5318087339401245,0.39238864183425903,-0.20171783864498138,0.9998431205749512,0.9990235567092896
14,0.233,3,LEFT_EYE_OUTER,0.5351718664169312,0.39258846640586853,-0.20170174539089203,0.9998387098312378,0.9990371465682983
14,0.233,4,RIGHT_EYE_INNER,0.5169262290000916,0.39193207025527954,-0.20305751264095306,0.9998019337654114,0.9988313317298889
14,0.233,5,RIGHT_EYE,0.512274980545044,0.3919399380683899,-0.2030331939458847,0.9997885823249817,0.9986673593521118
14,0.233,6,RIGHT_EYE_OUTER,0.5074793696403503,0.392020583152771,-0.2030503898859024,0.9997656941413879,0.9985191226005554
14,0.233,7,LEFT_EAR,0.5380860567092896,0.39585942029953003,-0.0933552011847496,0.9997369050979614,0.9991967082023621
14,0.233,8,RIGHT_EAR,0.5000072717666626,0.39498910307884216,-0.10016781091690063,0.9995024800300598,0.9983232617378235
14,0.233,9,MOUTH_LEFT,0.5281688570976257,0.40501832962036133,-0.179916650056839,0.9999462962150574,0.9997804760932922
14,0.233,10,MOUTH_RIGHT,0.5152012705802917,0.40507346391677856,-0.18201322853565216,0.9999305009841919,0.999695897102356
14,0.233,11,LEFT_SHOULDER,0.571003794670105,0.43534308671951294,-0.05710144340991974,0.9999839067459106,0.999941349029541
14,0.233,12,RIGHT_SHOULDER,0.46338388323783875,0.4344996511936188,-0.02284408174455166,0.9998487234115601,0.9996744394302368
14,0.233,13,LEFT_ELBOW,0.5909494757652283,0.4775528609752655,-0.03337717801332474,0.9926398396492004,0.9998074173927307
14,0.233,14,RIGHT_ELBOW,0.44184550642967224,0.4773157238960266,-0.005803086794912815,0.9563308954238892,0.9991596937179565
14,0.233,15,LEFT_WRIST,0.5813102722167969,0.5184274315834045,-0.1557779163122177,0.9940075874328613,0.9999403953552246
14,0.233,16,RIGHT_WRIST,0.4480707049369812,0.5180293321609497,-0.12565432488918304,0.9594570994377136,0.9991918206214905
14,0.233,17,LEFT_PINKY,0.5817291736602783,0.5323110818862915,-0.1962047815322876,0.9885474443435669,0.9998199343681335
14,0.233,18,RIGHT_PINKY,0.44559064507484436,0.5319673418998718,-0.16195334494113922,0.9387407898902893,0.998771607875824
14,0.233,19,LEFT_INDEX,0.5741963982582092,0.5304664969444275,-0.22794289886951447,0.9889132380485535,0.9998708963394165
14,0.233,20,RIGHT_INDEX,0.45333781838417053,0.5300412774085999,-0.1992265284061432,0.9419326782226562,0.9989257454872131
14,0.233,21,LEFT_THUMB,0.5714523792266846,0.5262686014175415,-0.16987347602844238,0.9850611686706543,0.9999208450317383
14,0.233,22,RIGHT_THUMB,0.4566161036491394,0.525301456451416,-0.14355312287807465,0.9355563521385193,0.999228835105896
14,0.233,23,LEFT_HIP,0.548095166683197,0.5285816192626953,-0.01748795621097088,0.9998311400413513,0.9996641874313354
14,0.233,24,RIGHT_HIP,0.4865171015262604,0.5286746025085449,0.017492618411779404,0.999784529209137,0.9997355341911316
14,0.233,25,LEFT_KNEE,0.5515398979187012,0.5933355093002319,0.007166552357375622,0.9944710731506348,0.9998977184295654
14,0.233,26,RIGHT_KNEE,0.48155924677848816,0.5914437174797058,0.050841931253671646,0.9884091019630432,0.9998053908348083
14,0.233,27,LEFT_ANKLE,0.5539254546165466,0.6462196111679077,0.1894589364528656,0.9878612160682678,0.9988095760345459
14,0.233,28,RIGHT_ANKLE,0.4847886264324188,0.6458901762962341,0.2316342145204544,0.9864200949668884,0.9992210865020752
14,0.233,29,LEFT_HEEL,0.5500381588935852,0.6547825932502747,0.19849635660648346,0.8416585922241211,0.997626006603241
14,0.233,30,RIGHT_HEEL,0.49293166399002075,0.6539309024810791,0.24189068377017975,0.900977373123169,0.998354971408844
14,0.233,31,LEFT_FOOT_INDEX,0.5535247921943665,0.6640055179595947,0.07275766134262085,0.9784694910049438,0.9894911050796509
14,0.233,32,RIGHT_FOOT_INDEX,0.46521738171577454,0.6645198464393616,0.12847085297107697,0.9798271059989929,0.9921127557754517
15,0.25,0,NOSE,0.5230854153633118,0.39781489968299866,-0.21218040585517883,0.9999597072601318,0.9995335340499878
15,0.25,1,LEFT_EYE_INNER,0.5281496047973633,0.3923007845878601,-0.1934545934200287,0.9998384714126587,0.9988161325454712
15,0.25,2,LEFT_EYE,0.5317770838737488,0.3924494981765747,-0.19349633157253265,0.999844491481781,0.9988760352134705
15,0.25,3,LEFT_EYE_OUTER,0.5351132154464722,0.3926389813423157,-0.1934887021780014,0.9998403191566467,0.9989019632339478
15,0.25,4,RIGHT_EYE_INNER,0.5169032216072083,0.3920160233974457,-0.19518515467643738,0.9998048543930054,0.9986245632171631
15,0.25,5,RIGHT_EYE,0.5122530460357666,0.39202630519866943,-0.19515745341777802,0.9997912049293518,0.9984233379364014
15,0.25,6,RIGHT_EYE_OUTER,0.5074447393417358,0.39210593700408936,-0.19517198204994202,0.999768853187561,0.998241662979126
15,0.25,7,LEFT_EAR,0.5379369854927063,0.3958985209465027,-0.08573150634765625,0.9997402429580688,0.9990873336791992
15,0.25,8,RIGHT_EAR,0.4998478591442108,0.3950282037258148,-0.09419624507427216,0.9995096921920776,0.997975766658783
15,0.25,9,MOUTH_LEFT,0.5281088352203369,0.4050759971141815,-0.17130593955516815,0.9999461770057678,0.9997360110282898
15,0.25,10,MOUTH_RIGHT,0.5151985883712769,0.4051358103752136,-0.17389510571956635,0.9999305605888367,0.9996345043182373
15,0.25,11,LEFT_SHOULDER,0.5706287622451782,0.4353445768356323,-0.05171918496489525,0.9999839663505554,0.9999443292617798
15,0.25,12,RIGHT_SHOULDER,0.4632825255393982,0.4344925880432129,-0.015631960704922676,0.9998486638069153,0.9996547698974609
15,0.25,13,LEFT_ELBOW,0.590732216835022,0.477542519569397,-0.031075524166226387,0.9926223754882812,0.9998192191123962
15,0.25,14,RIGHT_ELBOW,0.4416913390159607,0.47736188769340515,0.003045614343136549,0.9552547335624695,0.999170184135437
15,0.25,15,LEFT_WRIST,0.580403208732605,0.5183417797088623,-0.15197168290615082,0.9940407276153564,0.999943733215332
15,0.25,16,RIGHT_WRIST,0.4478870928287506,0.518248975276947,-0.11536984890699387,0.9587727189064026,0.9991230368614197
15,0.25,17,LEFT_PINKY,0.5806485414505005,0.5322104096412659,-0.1924382448196411,0.9886223673820496,0.9998227953910828
15,0.25,18,RIGHT_PINKY,0.4451601803302765,0.5321386456489563,-0.1505909562110901,0.938041627407074,0.9986134767532349
15,0.25,19,LEFT_INDEX,0.5733190178871155,0.5303279161453247,-0.22410327196121216,0.988986074924469,0.9998717308044434
15,0.25,20,RIGHT_INDEX,0.4529171586036682,0.5301648378372192,-0.18848271667957306,0.9412848353385925,0.998770534992218
15,0.25,21,LEFT_THUMB,0.5706393718719482,0.5260907411575317,-0.16601422429084778,0.9851124882698059,0.9999228715896606
15,0.25,22,RIGHT_THUMB,0.4562201499938965,0.525416910648346,-0.1334908902645111,0.9348670840263367,0.9991275668144226
15,0.25,23,LEFT_HIP,0.5480359196662903,0.5285661220550537,-0.01777683198451996,0.999829113483429,0.9996496438980103
15,0.25,24,RIGHT_HIP,0.486478328704834,0.5286698937416077,0.017790548503398895,0.9997837543487549,0.999716579914093
15,0.25,25,LEFT_KNEE,0.5514659881591797,0.5933755040168762,0.006112971808761358,0.994573175907135,0.9998886585235596
15,0.25,26,RIGHT_KNEE,0.48152923583984375,0.5914828777313232,0.05035039782524109,0.9885194897651672,0.9997840523719788
15,0.25,27,LEFT_ANKLE,0.5539159178733826,0.6462579369544983,0.18029841780662537,0.9881354570388794,0.9986844658851624
15,0.25,28,RIGHT_ANKLE,0.4847937822341919,0.6460694670677185,0.22584311664104462,0.9866599440574646,0.9991647005081177
15,0.25,29,LEFT_HEEL,0.5500308275222778,0.6548230648040771,0.18872080743312836,0.8441815376281738,0.9973843693733215
15,0.25,30,RIGHT_HEEL,0.49299943447113037,0.6542938351631165,0.23555830121040344,0.9021701216697693,0.9982166886329651
15,0.25,31,LEFT_FOOT_INDEX,0.5535515546798706,0.6639969348907471,0.06454720348119736,0.9787607192993164,0.9884853363037109
15,0.25,32,RIGHT_FOOT_INDEX,0.4644877016544342,0.6646179556846619,0.1238894835114479,0.9799986481666565,0.9913404583930969
16,0.266,0,NOSE,0.5230529308319092,0.3978134095668793,-0.21638713777065277,0.9999585747718811,0.9993928670883179
16,0.266,1,LEFT_EYE_INNER,0.5280362963676453,0.3923076093196869,-0.1978195756673813,0.9998338222503662,0.9984961748123169
16,0.266,2,LEFT_EYE,0.5316770672798157,0.39245375990867615,-0.19786110520362854,0.9998401999473572,0.9985727071762085
16,0.266,3,LEFT_EYE_OUTER,0.534961462020874,0.3926405906677246,-0.19785286486148834,0.9998359680175781,0.9986116886138916
16,0.266,4,RIGHT_EYE_INNER,0.516836941242218,0.39204129576683044,-0.1992698460817337,0.9997996687889099,0.9982876181602478
16,0.266,5,RIGHT_EYE,0.5121927857398987,0.392061322927475,-0.19924457371234894,0.9997855424880981,0.9980655312538147
16,0.266,6,RIGHT_EYE_OUTER,0.5073593854904175,0.39215704798698425,-0.1992587298154831,0.999763011932373,0.9978748559951782
16,0.266,7,LEFT_EAR,0.5376800894737244,0.3959265649318695,-0.08915822207927704,0.9997315406799316,0.9988542795181274
16,0.266,8,RIGHT_EAR,0.4995831549167633,0.395176500082016,-0.09622474014759064,0.9994958639144897,0.9976000189781189
16,0.266,9,MOUTH_LEFT,0.5280382633209229,0.40507522225379944,-0.17497049272060394,0.9999443888664246,0.9996873140335083
16,0.266,10,MOUTH_RIGHT,0.5151940584182739,0.4051361083984375,-0.17717695236206055,0.99992835521698,0.9995614886283875
16,0.266,11,LEFT_SHOULDER,0.5705313086509705,0.43535754084587097,-0.05214447155594826,0.9999834895133972,0.9999305009841919
16,0.266,12,RIGHT_SHOULDER,0.4631820321083069,0.4345332086086273,-0.01686546392738819,0.9998459815979004,0.999638557434082
16,0.266,13,LEFT_ELBOW,0.590298593044281,0.4775431752204895,-0.03306019306182861,0.9924072027206421,0.9997997879981995
16,0.266,14,RIGHT_ELBOW,0.4414353668689728,0.47745582461357117,0.002829409670084715,0.9554201364517212,0.9991975426673889
16,0.266,15,LEFT_WRIST,0.5797736048698425,0.5182270407676697,-0.1541791707277298,0.9939296245574951,0.9999369382858276
16,0.266,16,RIGHT_WRIST,0.4475480616092682,0.5184049010276794,-0.11140497773885727,0.9586443305015564,0.9991722106933594
16,0.266,17,LEFT_PINKY,0.5798814296722412,0.5321160554885864,-0.19433635473251343,0.9884613752365112,0.9998156428337097
16,0.266,18,RIGHT_PINKY,0.444609135389328,0.5322919487953186,-0.14570222795009613,0.9377834796905518,0.9987223744392395
16,0.266,19,LEFT_INDEX,0.5726636052131653,0.5301907658576965,-0.22625505924224854,0.9888281226158142,0.9998607635498047
16,0.266,20,RIGHT_INDEX,0.45237043499946594,0.5302602648735046,-0.18382366001605988,0.9410394430160522,0.9988449811935425
16,0.266,21,LEFT_THUMB,0.5700028538703918,0.525924801826477,-0.16844746470451355,0.9848801493644714,0.9999140501022339
16,0.266,22,RIGHT_THUMB,0.4556838572025299,0.5254923701286316,-0.12951205670833588,0.9346504211425781,0.99916672706604
16,0.266,23,LEFT_HIP,0.5479121804237366,0.5285828709602356,-0.017764249816536903,0.9998278021812439,0.9997078776359558
16,0.266,24,RIGHT_HIP,0.4864114224910736,0.5287294983863831,0.017776688560843468,0.9997831583023071,0.9997548460960388
16,0.266,25,LEFT_KNEE,0.5513914823532104,0.593390166759491,0.006685006432235241,0.9946656227111816,0.999913215637207
16,0.266,26,RIGHT_KNEE,0.4813801944255829,0.5915948748588562,0.05157206952571869,0.9886863827705383,0.9998123049736023
16,0.266,27,LEFT_ANKLE,0.5539717078208923,0.6462584137916565,0.18807195127010345,0.9884203672409058,0.9989412426948547
16,0.266,28,RIGHT_ANKLE,0.48474007844924927,0.6460716724395752,0.2335921823978424,0.9868652820587158,0.9993236064910889
16,0.266,29,LEFT_HEEL,0.550119161605835,0.654803454875946,0.1976863443851471,0.8457545042037964,0.9978860020637512
16,0.266,30,RIGHT_HEEL,0.49299564957618713,0.6543083786964417,0.24441266059875488,0.902454674243927,0.9986100196838379
16,0.266,31,LEFT_FOOT_INDEX,0.5537373423576355,0.6640304923057556,0.07244164496660233,0.9791761636734009,0.9908171892166138
16,0.266,32,RIGHT_FOOT_INDEX,0.46470654010772705,0.6646165251731873,0.132488414645195,0.9802553057670593,0.9932383298873901
17,0.283,0,NOSE,0.5230486989021301,0.3979555070400238,-0.21876703202724457,0.9999585151672363,0.9994180202484131
17,0.283,1,LEFT_EYE_INNER,0.5280032753944397,0.39242589473724365,-0.20024628937244415,0.9998340606689453,0.9985887408256531
17,0.283,2,LEFT_EYE,0.5316516757011414,0.39256754517555237,-0.20028814673423767,0.9998403787612915,0.9986709356307983
17,0.283,3,LEFT_EYE_OUTER,0.5349130630493164,0.3927442729473114,-0.20028118789196014,0.9998365044593811,0.9987151622772217
17,0.283,4,RIGHT_EYE_INNER,0.5168150663375854,0.39217910170555115,-0.20181231200695038,0.9998000264167786,0.9983389377593994
17,0.283,5,RIGHT_EYE,0.5121656060218811,0.3921998143196106,-0.2017856389284134,0.9997851252555847,0.9980825185775757
17,0.283,6,RIGHT_EYE_OUTER,0.507300078868866,0.3922964632511139,-0.20180238783359528,0.9997626543045044,0.9978567957878113
17,0.283,7,LEFT_EAR,0.5375499725341797,0.39601096510887146,-0.09149613976478577,0.9997335076332092,0.998965859413147
17,0.283,8,RIGHT_EAR,0.49939122796058655,0.39525550603866577,-0.09888947755098343,0.9994966387748718,0.9975190162658691
17,0.283,9,MOUTH_LEFT,0.5279911756515503,0.405196875333786,-0.1772853285074234,0.9999445676803589,0.9996914863586426
17,0.283,10,MOUTH_RIGHT,0.5151929259300232,0.40528467297554016,-0.17960618436336517,0.9999284744262695,0.9995560050010681
17,0.283,11,LEFT_SHOULDER,0.5702137351036072,0.4353703558444977,-0.05387365445494652,0.9999836087226868,0.9999436140060425
17,0.283,12,RIGHT_SHOULDER,0.4629552662372589,0.4345375597476959,-0.018379244953393936,0.9998443126678467,0.9996024966239929
17,0.283,13,LEFT_ELBOW,0.5899612903594971,0.4775378108024597,-0.033091917634010315,0.992353081703186,0.9998119473457336
17,0.283,14,RIGHT_ELBOW,0.44122231006622314,0.4775313436985016,0.004719779826700687,0.9546930193901062,0.9990482926368713
17,0.283,15,LEFT_WRIST,0.5791658759117126,0.5182045102119446,-0.15351563692092896,0.9939484000205994,0.9999414682388306
17,0.283,16,RIGHT_WRIST,0.4473067820072174,0.5185710191726685,-0.10697980225086212,0.9580613970756531,0.9989827275276184
17,0.283,17,LEFT_PINKY,0.5792962312698364,0.5320954918861389,-0.19350674748420715,0.9885209798812866,0.9998186230659485
17,0.283,18,RIGHT_PINKY,0.4440518915653229,0.5324256420135498,-0.1408873349428177,0.9371275305747986,0.998412013053894
17,0.283,19,LEFT_INDEX,0.5721192359924316,0.5301619172096252,-0.22583892941474915,0.9888822436332703,0.9998663663864136
17,0.283,20,RIGHT_INDEX,0.4518823027610779,0.5303586721420288,-0.17931301891803741,0.9404394030570984,0.9985857009887695
17,0.283,21,LEFT_THUMB,0.5694411396980286,0.525888979434967,-0.16786323487758636,0.9849169254302979,0.9999197721481323
17,0.283,22,RIGHT_THUMB,0.4552898705005646,0.5255803465843201,-0.12520484626293182,0.9340711832046509,0.9989872574806213
17,0.283,23,LEFT_HIP,0.547819197177887,0.5286014676094055,-0.017878128215670586,0.9998281002044678,0.9996911287307739
17,0.283,24,RIGHT_HIP,0.4863298833370209,0.5288255214691162,0.017893651500344276,0.9997830986976624,0.9997193217277527
17,0.283,25,LEFT_KNEE,0.5513858199119568,0.593487560749054,0.006546475924551487,0.9948604702949524,0.9999003410339355
17,0.283,26,RIGHT_KNEE,0.48127463459968567,0.5918415188789368,0.05169334262609482,0.9889465570449829,0.9997672438621521
17,0.283,27,LEFT_ANKLE,0.5539942979812622,0.6463042497634888,0.1922667920589447,0.9888091087341309,0.9987284541130066
17,0.283,28,RIGHT_ANKLE,0.48476889729499817,0.6461457014083862,0.23592941462993622,0.9871891140937805,0.9991734623908997
17,0.283,29,LEFT_HEEL,0.550156831741333,0.6547950506210327,0.20244206488132477,0.8484655022621155,0.997448205947876
17,0.283,30,RIGHT_HEEL,0.49304595589637756,0.6543343663215637,0.24729156494140625,0.9039057493209839,0.9982688426971436
17,0.283,31,LEFT_FOOT_INDEX,0.5537124872207642,0.6640327572822571,0.07696113735437393,0.9797147512435913,0.988124430179596
17,0.283,32,RIGHT_FOOT_INDEX,0.4647216796875,0.6646654009819031,0.1349785327911377,0.9806309938430786,0.9910734295845032
18,0.3,0,NOSE,0.5229204893112183,0.39795389771461487,-0.22082379460334778,0.9999576210975647,0.9993795156478882
18,0.3,1,LEFT_EYE_INNER,0.5278220176696777,0.39242905378341675,-0.20224222540855408,0.9998310208320618,0.9984588623046875
18,0.3,2,LEFT_EYE,0.5314847826957703,0.39256832003593445,-0.20228390395641327,0.9998375177383423,0.9985380172729492
18,0.3,3,LEFT_EYE_OUTER,0.5347200036048889,0.39274370670318604,-0.20227554440498352,0.9998337626457214,0.9985792636871338
18,0.3,4,RIGHT_EYE_INNER,0.5166804194450378,0.39219436049461365,-0.2037597894668579,0.9997963309288025,0.9982247948646545
18,0.3,5,RIGHT_EYE,0.512071430683136,0.3922209143638611,-0.20373523235321045,0.9997811913490295,0.9979859590530396
18,0.3,6,RIGHT_EYE_OUTER,0.5072040557861328,0.3923233151435852,-0.2037540078163147,0.9997586011886597,0.9977800250053406
18,0.3,7,LEFT_EAR,0.5373314619064331,0.3960106074810028,-0.09341740608215332,0.9997286200523376,0.9988264441490173
18,0.3,8,RIGHT_EAR,0.49929457902908325,0.395317941904068,-0.1006184071302414,0.999485969543457,0.9974713325500488
18,0.3,9,MOUTH_LEFT,0.5278429388999939,0.4051959812641144,-0.1793680191040039,0.9999433755874634,0.9996805191040039
18,0.3,10,MOUTH_RIGHT,0.5151504278182983,0.4052857458591461,-0.18160919845104218,0.9999268054962158,0.9995490908622742
18,0.3,11,LEFT_SHOULDER,0.5701021552085876,0.43539726734161377,-0.055078744888305664,0.9999833703041077,0.9999328851699829
18,0.3,12,RIGHT_SHOULDER,0.4627917408943176,0.43461644649505615,-0.019838759675621986,0.9998417496681213,0.9996246099472046
18,0.3,13,LEFT_ELBOW,0.5896992683410645,0.4775439500808716,-0.03346681594848633,0.9922376871109009,0.9997994303703308
18,0.3,14,RIGHT_ELBOW,0.4409341812133789,0.47771236300468445,0.004927134141325951,0.9542987942695618,0.9991793036460876
18,0.3,15,LEFT_WRIST,0.5788025259971619,0.5181978940963745,-0.15397979319095612,0.9938821792602539,0.9999362230300903
18,0.3,16,RIGHT_WRIST,0.4468790888786316,0.518708348274231,-0.10622034966945648,0.9577022194862366,0.9991351962089539
18,0.3,17,LEFT_PINKY,0.5789534449577332,0.5320914387702942,-0.19402453303337097,0.9884231090545654,0.9998131394386292
18,0.3,18,RIGHT_PINKY,0.44333893060684204,0.5325576066970825,-0.1402624249458313,0.9366833567619324,0.9986698627471924
18,0.3,19,LEFT_INDEX,0.5718299150466919,0.5301276445388794,-0.22604672610759735,0.9887856841087341,0.9998598098754883
18,0.3,20,RIGHT_INDEX,0.45121628046035767,0.5304273366928101,-0.17873266339302063,0.9400356411933899,0.9987952709197998
18,0.3,21,LEFT_THUMB,0.5691636204719543,0.5258362293243408,-0.16824351251125336,0.984764814376831,0.9999138116836548
18,0.3,22,RIGHT_THUMB,0.4545916020870209,0.5256558060646057,-0.12451431900262833,0.9337091445922852,0.9991330504417419
18,0.3,23,LEFT_HIP,0.5477432012557983,0.5286980867385864,-0.017955420538783073,0.9998286366462708,0.9997084736824036
18,0.3,24,RIGHT_HIP,0.48627176880836487,0.5290206670761108,0.017969457432627678,0.9997838735580444,0.9997443556785583
18,0.3,25,LEFT_KNEE,0.5513346791267395,0.5935498476028442,0.00790971890091896,0.9949375987052917,0.9999133348464966
18,0.3,26,RIGHT_KNEE,0.481239378452301,0.5918652415275574,0.054047852754592896,0.9890366792678833,0.9998045563697815
18,0.3,27,LEFT_ANKLE,0.5540273785591125,0.6463094353675842,0.19263193011283875,0.9890553951263428,0.9990074038505554
18,0.3,28,RIGHT_ANKLE,0.48477745056152344,0.6461466550827026,0.2409006804227829,0.9873485565185547,0.9993541836738586
18,0.3,29,LEFT_HEEL,0.550165593624115,0.6547722220420837,0.20315949618816376,0.8498644828796387,0.9980556964874268
18,0.3,30,RIGHT_HEEL,0.49309009313583374,0.6543475985527039,0.25236567854881287,0.9044007658958435,0.9986888766288757
18,0.3,31,LEFT_FOOT_INDEX,0.5536867380142212,0.664060652256012,0.07850218564271927,0.9800946116447449,0.9914662837982178
18,0.3,32,RIGHT_FOOT_INDEX,0.4648851156234741,0.6646942496299744,0.14016710221767426,0.9808401465415955,0.9935966730117798
19,0.316,0,NOSE,0.5228115916252136,0.3979671895503998,-0.22180485725402832,0.9999571442604065,0.9993941783905029
19,0.316,1,LEFT_EYE_INNER,0.5277127027511597,0.39246970415115356,-0.20326319336891174,0.9998295903205872,0.9985294342041016
19,0.316,2,LEFT_EYE,0.5313841104507446,0.39260730147361755,-0.20330369472503662,0.9998363256454468,0.9986152648925781
19,0.316,3,LEFT_EYE_OUTER,0.5345982313156128,0.39277467131614685,-0.2032954841852188,0.9998327493667603,0.998664140701294
19,0.316,4,RIGHT_EYE_INNER,0.5165791511535645,0.392238050699234,-0.20471876859664917,0.9997941851615906,0.9982594847679138
19,0.316,5,RIGHT_EYE,0.5119748115539551,0.39226481318473816,-0.2046935111284256,0.999778687953949,0.9979992508888245
19,0.316,6,RIGHT_EYE_OUTER,0.5070828199386597,0.3923596143722534,-0.2047121226787567,0.999755859375,0.9977710247039795
19,0.316,7,LEFT_EAR,0.5371931791305542,0.39603227376937866,-0.09449134021997452,0.9997269511222839,0.9988999366760254
19,0.316,8,RIGHT_EAR,0.4991627335548401,0.3953283131122589,-0.10149525105953217,0.9994773268699646,0.9974084496498108
19,0.316,9,MOUTH_LEFT,0.5276636481285095,0.4052085876464844,-0.18038256466388702,0.9999426603317261,0.9996782541275024
19,0.316,10,MOUTH_RIGHT,0.5150160789489746,0.4052998721599579,-0.1825452744960785,0.9999257326126099,0.9995368719100952
19,0.316,11,LEFT_SHOULDER,0.5698059797286987,0.43542036414146423,-0.05548392981290817,0.9999833703041077,0.9999394416809082
19,0.316,12,RIGHT_SHOULDER,0.46263641119003296,0.4346645474433899,-0.020846247673034668,0.9998390674591064,0.9995961785316467
19,0.316,13,LEFT_ELBOW,0.5894528031349182,0.4775449335575104,-0.03499266877770424,0.9922176599502563,0.9998189806938171
19,0.316,14,RIGHT_ELBOW,0.4406763017177582,0.47781863808631897,0.006439265329390764,0.9537302851676941,0.9991328120231628
19,0.316,15,LEFT_WRIST,0.5784698724746704,0.518199622631073,-0.1563270092010498,0.9938894510269165,0.9999425411224365
19,0.316,16,RIGHT_WRIST,0.44628164172172546,0.5188461542129517,-0.10267376154661179,0.9571616053581238,0.9990382194519043
19,0.316,17,LEFT_PINKY,0.5785843133926392,0.5320963263511658,-0.196679949760437,0.9884397387504578,0.9998255372047424
19,0.316,18,RIGHT_PINKY,0.4428844451904297,0.5327948927879333,-0.1365998089313507,0.9359921813011169,0.9985114932060242
19,0.316,19,LEFT_INDEX,0.5714762210845947,0.530126690864563,-0.2289736121892929,0.9887989163398743,0.9998691082000732
19,0.316,20,RIGHT_INDEX,0.4508068859577179,0.5306060314178467,-0.17555472254753113,0.9394139647483826,0.9986492991447449
19,0.316,21,LEFT_THUMB,0.5688098669052124,0.5258244276046753,-0.1706787496805191,0.9847554564476013,0.9999207258224487
19,0.316,22,RIGHT_THUMB,0.45409008860588074,0.5258277654647827,-0.12112174928188324,0.9331004023551941,0.9990283250808716
19,0.316,23,LEFT_HIP,0.5476676225662231,0.5287163257598877,-0.018152760341763496,0.9998278617858887,0.9996968507766724
19,0.316,24,RIGHT_HIP,0.48616546392440796,0.5290880799293518,0.01816631481051445,0.9997825622558594,0.9997196793556213
19,0.316,25,LEFT_KNEE,0.5513143539428711,0.5935781598091125,0.008130953647196293,0.9950389862060547,0.9999053478240967
19,0.316,26,RIGHT_KNEE,0.48118850588798523,0.5918768644332886,0.05432788282632828,0.9891788363456726,0.9997779726982117
19,0.316,27,LEFT_ANKLE,0.5540700554847717,0.6463115811347961,0.19477617740631104,0.9893041849136353,0.9989394545555115
19,0.316,28,RIGHT_ANKLE,0.4847823679447174,0.6461897492408752,0.24235528707504272,0.9875843524932861,0.9993047714233398
19,0.316,29,LEFT_HEEL,0.5502204895019531,0.6547531485557556,0.20547252893447876,0.8512235879898071,0.9979440569877625
19,0.316,30,RIGHT_HEEL,0.49311360716819763,0.6544119715690613,0.25407832860946655,0.9053329825401306,0.9985958933830261
19,0.316,31,LEFT_FOOT_INDEX,0.5536575317382812,0.6641319394111633,0.08108735829591751,0.9804874658584595,0.9909809231758118
19,0.316,32,RIGHT_FOOT_INDEX,0.46507957577705383,0.6647366285324097,0.14223533868789673,0.9811592698097229,0.9930436611175537
20,0.333,0,NOSE,0.522733211517334,0.3979588449001312,-0.22285333275794983,0.9999555945396423,0.999264657497406
20,0.333,1,LEFT_EYE_INNER,0.5275688171386719,0.39247027039527893,-0.20416857302188873,0.9998248815536499,0.9982160925865173
20,0.333,2,LEFT_EYE,0.531245231628418,0.39260736107826233,-0.20421096682548523,0.9998318552970886,0.9983242154121399
20,0.333,3,LEFT_EYE_OUTER,0.5344341993331909,0.3927742838859558,-0.20420274138450623,0.9998285174369812,0.9983892440795898
20,0.333,4,RIGHT_EYE_INNER,0.5164912939071655,0.39224329590797424,-0.20562706887722015,0.999788224697113,0.9978955984115601
20,0.333,5,RIGHT_EYE,0.5119230151176453,0.3922756612300873,-0.20560280978679657,0.9997718334197998,0.997596800327301
20,0.333,6,RIGHT_EYE_OUTER,0.507041871547699,0.39237329363822937,-0.2056233137845993,0.9997485280036926,0.9973377585411072
20,0.333,7,LEFT_EAR,0.5369809865951538,0.3960307836532593,-0.09535204619169235,0.9997196197509766,0.9987027645111084
20,0.333,8,RIGHT_EAR,0.49908751249313354,0.39537253975868225,-0.1023177057504654,0.9994601011276245,0.9969383478164673
20,0.333,9,MOUTH_LEFT,0.5275825262069702,0.4051717519760132,-0.18148572742938995,0.9999411106109619,0.9996360540390015
20,0.333,10,MOUTH_RIGHT,0.5149998664855957,0.4052847921848297,-0.1836295872926712,0.9999234080314636,0.9994645714759827
20,0.333,11,LEFT_SHOULDER,0.5697803497314453,0.4354630708694458,-0.055941615253686905,0.999983012676239,0.9999314546585083
20,0.333,12,RIGHT_SHOULDER,0.4625049829483032,0.4347812235355377,-0.021624552085995674,0.9998335838317871,0.9995449185371399
20,0.333,13,LEFT_ELBOW,0.5892896056175232,0.4775925576686859,-0.03705259785056114,0.9920915365219116,0.9997836947441101
20,0.333,14,RIGHT_ELBOW,0.44035136699676514,0.4779724180698395,0.006281630136072636,0.9529414772987366,0.9989868998527527
20,0.333,15,LEFT_WRIST,0.5782777070999146,0.518199622631073,-0.15871009230613708,0.9938153624534607,0.9999319314956665
20,0.333,16,RIGHT_WRIST,0.44576209783554077,0.5190415382385254,-0.10283465683460236,0.9563201665878296,0.9989018440246582
20,0.333,17,LEFT_PINKY,0.5783823728561401,0.5320981740951538,-0.19931255280971527,0.988330602645874,0.9997995495796204
20,0.333,18,RIGHT_PINKY,0.44216182827949524,0.5330548286437988,-0.13686245679855347,0.9349461197853088,0.9983300566673279
20,0.333,19,LEFT_INDEX,0.571272611618042,0.5301206111907959,-0.23135331273078918,0.9886916279792786,0.9998506307601929
20,0.333,20,RIGHT_INDEX,0.45008933544158936,0.530832827091217,-0.1757299154996872,0.9384439587593079,0.9984902143478394
20,0.333,21,LEFT_THUMB,0.5686033964157104,0.525808572769165,-0.17302227020263672,0.9845917820930481,0.9999082088470459
20,0.333,22,RIGHT_THUMB,0.4534370005130768,0.5260315537452698,-0.12126000225543976,0.9321905374526978,0.9989148378372192
20,0.333,23,LEFT_HIP,0.5476217865943909,0.5288690328598022,-0.01817723736166954,0.999828040599823,0.9996898174285889
20,0.333,24,RIGHT_HIP,0.48610976338386536,0.5293254256248474,0.01819147728383541,0.9997813701629639,0.9997069239616394
20,0.333,25,LEFT_KNEE,0.5512667298316956,0.5937191843986511,0.009657194837927818,0.9950496554374695,0.9999041557312012
20,0.333,26,RIGHT_KNEE,0.4811524450778961,0.5920026898384094,0.05717601254582405,0.9891225099563599,0.9997649788856506
20,0.333,27,LEFT_ANKLE,0.5540713667869568,0.6464840173721313,0.19631247222423553,0.9894036054611206,0.9988369345664978
20,0.333,28,RIGHT_ANKLE,0.4848068654537201,0.6461993455886841,0.24939346313476562,0.9875051975250244,0.9992363452911377
20,0.333,29,LEFT_HEEL,0.5501888990402222,0.6550338864326477,0.20733527839183807,0.8516503572463989,0.9976832866668701
20,0.333,30,RIGHT_HEEL,0.4932076334953308,0.6544404625892639,0.2614372670650482,0.9048812985420227,0.9984591007232666
20,0.333,31,LEFT_FOOT_INDEX,0.5536394715309143,0.6641393899917603,0.08301310241222382,0.9805819988250732,0.9899441003799438
20,0.333,32,RIGHT_FOOT_INDEX,0.4653960168361664,0.6647771596908569,0.14910908043384552,0.981021523475647,0.9926540851593018
21,0.35,0,NOSE,0.5226455926895142,0.3980388343334198,-0.22435282170772552,0.9999557137489319,0.9994688630104065
21,0.35,1,LEFT_EYE_INNER,0.5274540185928345,0.39257296919822693,-0.20568938553333282,0.9998252987861633,0.9987264275550842
21,0.35,2,LEFT_EYE,0.5311344265937805,0.39270713925361633,-0.20573356747627258,0.9998323917388916,0.998790442943573
21,0.35,3,LEFT_EYE_OUTER,0.5343073010444641,0.3928651809692383,-0.2057274580001831,0.9998290538787842,0.998820960521698
21,0.35,4,RIGHT_EYE_INNER,0.5164160132408142,0.39234766364097595,-0.20728066563606262,0.9997889399528503,0.9985443353652954
21,0.35,5,RIGHT_EYE,0.5118516087532043,0.39237621426582336,-0.20725183188915253,0.999772310256958,0.9983452558517456
21,0.35,6,RIGHT_EYE_OUTER,0.5069518685340881,0.3924611806869507,-0.20727171003818512,0.9997492432594299,0.9981718063354492
21,0.35,7,LEFT_EAR,0.5368147492408752,0.3961049020290375,-0.09632059186697006,0.999721109867096,0.9990133047103882
21,0.35,8,RIGHT_EAR,0.4989565908908844,0.3954167068004608,-0.10351786017417908,0.9994620084762573,0.9979128241539001
21,0.35,9,MOUTH_LEFT,0.5274336934089661,0.4052518904209137,-0.18263256549835205,0.9999408721923828,0.9996955394744873
21,0.35,10,MOUTH_RIGHT,0.5148924589157104,0.40535441040992737,-0.18485477566719055,0.9999232292175293,0.9995891451835632
21,0.35,11,LEFT_SHOULDER,0.5694698095321655,0.43549662828445435,-0.05706294625997543,0.9999829530715942,0.9999328851699829
21,0.35,12,RIGHT_SHOULDER,0.4624042809009552,0.43483299016952515,-0.022211607545614243,0.9998331069946289,0.9996446371078491
21,0.35,13,LEFT_ELBOW,0.5890280604362488,0.4776071012020111,-0.0376536101102829,0.9920100569725037,0.9997839331626892
21,0.35,14,RIGHT_ELBOW,0.4401036202907562,0.4780808985233307,0.009736194275319576,0.9526377320289612,0.9991286396980286
21,0.35,15,LEFT_WRIST,0.5779832005500793,0.5182144045829773,-0.16020511090755463,0.9937534928321838,0.9999325275421143
21,0.35,16,RIGHT_WRIST,0.4448566138744354,0.5191140174865723,-0.09543526917695999,0.9562084674835205,0.9989920258522034
21,0.35,17,LEFT_PINKY,0.5779778361320496,0.5321432948112488,-0.20098699629306793,0.9882487654685974,0.9998044371604919
21,0.35,18,RIGHT_PINKY,0.44122573733329773,0.5331503748893738,-0.12861430644989014,0.9347822070121765,0.9984277486801147
21,0.35,19,LEFT_INDEX,0.5708869099617004,0.5301417708396912,-0.23377110064029694,0.9886095523834229,0.9998534917831421
21,0.35,20,RIGHT_INDEX,0.4488850235939026,0.5309103727340698,-0.16904273629188538,0.9383453130722046,0.9985873699188232
21,0.35,21,LEFT_THUMB,0.5682405829429626,0.5258099436759949,-0.17484064400196075,0.9844640493392944,0.9999104738235474
21,0.35,22,RIGHT_THUMB,0.45256298780441284,0.526097297668457,-0.11431804299354553,0.9321333765983582,0.9989888072013855
21,0.35,23,LEFT_HIP,0.5475936532020569,0.5288732051849365,-0.018537612631917,0.9998239874839783,0.9996341466903687
21,0.35,24,RIGHT_HIP,0.4860638678073883,0.52935391664505,0.018556762486696243,0.9997783303260803,0.99972003698349
21,0.35,25,LEFT_KNEE,0.5512794256210327,0.5937305688858032,0.004844401963055134,0.9952124953269958,0.999896764755249
21,0.35,26,RIGHT_KNEE,0.48110514879226685,0.5920137763023376,0.05552148446440697,0.9893708825111389,0.9997981190681458
21,0.35,27,LEFT_ANKLE,0.5540927648544312,0.6464847326278687,0.19130690395832062,0.9897360801696777,0.9987577199935913
21,0.35,28,RIGHT_ANKLE,0.48483073711395264,0.6464086174964905,0.24271251261234283,0.9878583550453186,0.9992526173591614
21,0.35,29,LEFT_HEEL,0.5502409338951111,0.6550084948539734,0.2014411836862564,0.8535732626914978,0.9975409507751465
21,0.35,30,RIGHT_HEEL,0.49335941672325134,0.6547342538833618,0.25367605686187744,0.9066988825798035,0.9983951449394226
21,0.35,31,LEFT_FOOT_INDEX,0.5537324547767639,0.6642385721206665,0.07449816167354584,0.9810291528701782,0.9886752367019653
21,0.35,32,RIGHT_FOOT_INDEX,0.46494635939598083,0.6651813387870789,0.13963522017002106,0.9814625382423401,0.9917313456535339
22,0.366,0,NOSE,0.5225069522857666,0.3980136513710022,-0.22496485710144043,0.9999551773071289,0.9993305206298828
22,0.366,1,LEFT_EYE_INNER,0.5272883176803589,0.3925721347332001,-0.20628361403942108,0.9998236894607544,0.9983296990394592
22,0.366,2,LEFT_EYE,0.5309768915176392,0.3927055895328522,-0.20632757246494293,0.9998311400413513,0.9984439015388489
22,0.366,3,LEFT_EYE_OUTER,0.5341417789459229,0.3928608298301697,-0.20632074773311615,0.9998278617858887,0.9985058307647705
22,0.366,4,RIGHT_EYE_INNER,0.5162559747695923,0.3923490345478058,-0.20785798132419586,0.9997866153717041,0.9980040192604065
22,0.366,5,RIGHT_EYE,0.5117247104644775,0.39238181710243225,-0.2078302949666977,0.9997698068618774,0.9977238774299622
22,0.366,6,RIGHT_EYE_OUTER,0.5068384408950806,0.3924696147441864,-0.2078511267900467,0.9997461438179016,0.9974651336669922
22,0.366,7,LEFT_EAR,0.5366520881652832,0.396104633808136,-0.09696023166179657,0.999718427658081,0.9988034963607788
22,0.366,8,RIGHT_EAR,0.49882298707962036,0.39545270800590515,-0.10407000035047531,0.9994560480117798,0.9970738887786865
22,0.366,9,MOUTH_LEFT,0.5273388624191284,0.4052015542984009,-0.18328730762004852,0.9999403357505798,0.9996711015701294
22,0.366,10,MOUTH_RIGHT,0.5148290395736694,0.40531861782073975,-0.18548689782619476,0.9999223351478577,0.9995030164718628
22,0.366,11,LEFT_SHOULDER,0.5694499611854553,0.4355047345161438,-0.05714712664484978,0.9999827146530151,0.9999347925186157
22,0.366,12,RIGHT_SHOULDER,0.4622589647769928,0.43490853905677795,-0.02378452755510807,0.9998306035995483,0.9995689988136292
22,0.366,13,LEFT_ELBOW,0.5887800455093384,0.4776861071586609,-0.038012705743312836,0.9918693900108337,0.999800980091095
22,0.366,14,RIGHT_ELBOW,0.4398634433746338,0.47820737957954407,0.005722693633288145,0.9525800347328186,0.9990703463554382
22,0.366,15,LEFT_WRIST,0.5779968500137329,0.518214762210846,-0.16028648614883423,0.9936991930007935,0.9999366998672485
22,0.366,16,RIGHT_WRIST,0.4440397024154663,0.5192035436630249,-0.09885729849338531,0.9557933807373047,0.998944103717804
22,0.366,17,LEFT_PINKY,0.5780038833618164,0.5321489572525024,-0.2009861171245575,0.988178551197052,0.9998137354850769
22,0.366,18,RIGHT_PINKY,0.44039303064346313,0.5332292318344116,-0.13220080733299255,0.9342717528343201,0.9983905553817749
22,0.366,19,LEFT_INDEX,0.5708648562431335,0.5301419496536255,-0.23377439379692078,0.9885464310646057,0.9998595714569092
22,0.366,20,RIGHT_INDEX,0.44781842827796936,0.5310108065605164,-0.17245341837406158,0.9378843903541565,0.998534083366394
22,0.366,21,LEFT_THUMB,0.5682055950164795,0.5258065462112427,-0.17492790520191193,0.9843705892562866,0.9999133348464966
22,0.366,22,RIGHT_THUMB,0.45167869329452515,0.5261814594268799,-0.11787966638803482,0.9317468404769897,0.9989475607872009
22,0.366,23,LEFT_HIP,0.5475413799285889,0.5289281010627747,-0.018125126138329506,0.9998253583908081,0.9997233748435974
22,0.366,24,RIGHT_HIP,0.4859076738357544,0.5294833183288574,0.018141310662031174,0.999779224395752,0.9997319579124451
22,0.366,25,LEFT_KNEE,0.551277756690979,0.5937654972076416,0.008668464608490467,0.9952252507209778,0.9999104738235474
22,0.366,26,RIGHT_KNEE,0.48107078671455383,0.5921867489814758,0.056575920432806015,0.9894012212753296,0.9997745156288147
22,0.366,27,LEFT_ANKLE,0.5541115403175354,0.6465160846710205,0.19224821031093597,0.9898108243942261,0.9987265467643738
22,0.366,28,RIGHT_ANKLE,0.4848247468471527,0.646457850933075,0.2469864785671234,0.9877630472183228,0.999125063419342
22,0.366,29,LEFT_HEEL,0.5503004789352417,0.6550514698028564,0.20290915668010712,0.8542719483375549,0.9974061846733093
22,0.366,30,RIGHT_HEEL,0.49334678053855896,0.6547467708587646,0.25853633880615234,0.9055575728416443,0.9982267022132874
22,0.366,31,LEFT_FOOT_INDEX,0.5538867712020874,0.6642230153083801,0.07684928923845291,0.9810683727264404,0.9885198473930359
22,0.366,32,RIGHT_FOOT_INDEX,0.46593546867370605,0.6652125120162964,0.1443958580493927,0.9812556505203247,0.9915395379066467
23,0.383,0,NOSE,0.5224412679672241,0.3981289863586426,-0.22921650111675262,0.9999558925628662,0.9994875192642212
23,0.383,1,LEFT_EYE_INNER,0.5271643400192261,0.39266476035118103,-0.21076597273349762,0.9998265504837036,0.9987474679946899
23,0.383,2,LEFT_EYE,0.5308563709259033,0.39279457926750183,-0.2108115553855896,0.9998340010643005,0.9988301396369934
23,0.383,3,LEFT_EYE_OUTER,0.5340128540992737,0.39294499158859253,-0.2108042985200882,0.9998308420181274,0.9988734126091003
23,0.383,4,RIGHT_EYE_INNER,0.5161367058753967,0.3924502730369568,-0.2123650461435318,0.9997895956039429,0.998502254486084
23,0.383,5,RIGHT_EYE,0.5116048455238342,0.39248213171958923,-0.21233360469341278,0.9997725486755371,0.9982712268829346
23,0.383,6,RIGHT_EYE_OUTER,0.506701648235321,0.3925674259662628,-0.21235503256320953,0.9997485876083374,0.9980567097663879
23,0.383,7,LEFT_EAR,0.5364716053009033,0.39619123935699463,-0.10171998292207718,0.9997240304946899,0.9990973472595215
23,0.383,8,RIGHT_EAR,0.4986104965209961,0.3955434262752533,-0.1088418960571289,0.9994628429412842,0.9977381229400635
23,0.383,9,MOUTH_LEFT,0.5272522568702698,0.40531814098358154,-0.18759538233280182,0.9999415278434753,0.9997287392616272
23,0.383,10,MOUTH_RIGHT,0.514758825302124,0.4054376184940338,-0.18978239595890045,0.9999234676361084,0.9995964169502258
23,0.383,11,LEFT_SHOULDER,0.569202184677124,0.43553808331489563,-0.06160113587975502,0.9999829530715942,0.9999480247497559
23,0.383,12,RIGHT_SHOULDER,0.4620911180973053,0.43497970700263977,-0.027188129723072052,0.9998301863670349,0.9996222257614136
23,0.383,13,LEFT_ELBOW,0.5884557366371155,0.47771015763282776,-0.0388198122382164,0.9918787479400635,0.9998315572738647
23,0.383,14,RIGHT_ELBOW,0.4396591782569885,0.47835955023765564,0.005112272221595049,0.952214777469635,0.9991163611412048
23,0.383,15,LEFT_WRIST,0.5779308676719666,0.5182489156723022,-0.16036812961101532,0.9937529563903809,0.9999465942382812
23,0.383,16,RIGHT_WRIST,0.4432670474052429,0.5192905068397522,-0.09938449412584305,0.9554382562637329,0.9989320635795593
23,0.383,17,LEFT_PINKY,0.5779719948768616,0.5322047472000122,-0.20098088681697845,0.9882888793945312,0.9998378753662109
23,0.383,18,RIGHT_PINKY,0.4394350051879883,0.5333536267280579,-0.13284310698509216,0.933846116065979,0.9983524084091187
23,0.383,19,LEFT_INDEX,0.5707862377166748,0.5301599502563477,-0.23383063077926636,0.9886517524719238,0.9998784065246582
23,0.383,20,RIGHT_INDEX,0.44662559032440186,0.5311813354492188,-0.17285087704658508,0.9375194311141968,0.9985119700431824
23,0.383,21,LEFT_THUMB,0.5681112408638,0.5258157253265381,-0.17504629492759705,0.9845035672187805,0.9999266862869263
23,0.383,22,RIGHT_THUMB,0.45069918036460876,0.526309609413147,-0.11827206611633301,0.9314776062965393,0.9989299178123474
23,0.383,23,LEFT_HIP,0.5474853515625,0.5290429592132568,-0.018130818381905556,0.999828040599823,0.999758780002594
23,0.383,24,RIGHT_HIP,0.4857911169528961,0.529725968837738,0.01814650557935238,0.9997819662094116,0.9997771382331848
23,0.383,25,LEFT_KNEE,0.5512769222259521,0.5938599109649658,0.008928456343710423,0.9953771233558655,0.999920129776001
23,0.383,26,RIGHT_KNEE,0.4810432195663452,0.5923474431037903,0.060992270708084106,0.9896490573883057,0.9998095631599426
23,0.383,27,LEFT_ANKLE,0.5541430711746216,0.6465173363685608,0.19666707515716553,0.9901266694068909,0.9989429116249084
23,0.383,28,RIGHT_ANKLE,0.48483502864837646,0.6465395092964172,0.25818267464637756,0.9880671501159668,0.9993088245391846
23,0.383,29,LEFT_HEEL,0.5503776669502258,0.6550264358520508,0.20771144330501556,0.8571318984031677,0.997859537601471
23,0.383,30,RIGHT_HEEL,0.49339622259140015,0.6547542810440063,0.2706030607223511,0.9072322845458984,0.9985446929931641
23,0.383,31,LEFT_FOOT_INDEX,0.5541399717330933,0.6644703149795532,0.08195105940103531,0.9815667271614075,0.9893754720687866
23,0.383,32,RIGHT_FOOT_INDEX,0.46600037813186646,0.6653220057487488,0.15865953266620636,0.9816750288009644,0.9921412467956543
24,0.4,0,NOSE,0.5222119688987732,0.39812713861465454,-0.23009750247001648,0.999955415725708,0.9994561076164246
24,0.4,1,LEFT_EYE_INNER,0.5269410014152527,0.39267072081565857,-0.21141767501831055,0.999825119972229,0.9986881613731384
24,0.4,2,LEFT_EYE,0.5306534767150879,0.3927995562553406,-0.21146370470523834,0.9998326301574707,0.9987524747848511
24,0.4,3,LEFT_EYE_OUTER,0.5338214635848999,0.392947256565094,-0.2114540934562683,0.9998294115066528,0.9987841248512268
24,0.4,4,RIGHT_EYE_INNER,0.5159120559692383,0.3924640417098999,-0.21306189894676208,0.9997879266738892,0.9984915256500244
24,0.4,5,RIGHT_EYE,0.5114302039146423,0.39250192046165466,-0.21303139626979828,0.9997707009315491,0.998291552066803
24,0.4,6,RIGHT_EYE_OUTER,0.5065611600875854,0.39259064197540283,-0.21305391192436218,0.9997466206550598,0.9981157779693604
24,0.4,7,LEFT_EAR,0.5363480448722839,0.396192729473114,-0.10197538882493973,0.9997210502624512,0.9989963173866272
24,0.4,8,RIGHT_EAR,0.49849456548690796,0.39558032155036926,-0.10920347273349762,0.9994574785232544,0.9978663325309753
24,0.4,9,MOUTH_LEFT,0.5270580649375916,0.40531742572784424,-0.1884038746356964,0.999940812587738,0.9997102618217468
24,0.4,10,MOUTH_RIGHT,0.514651358127594,0.405436635017395,-0.190628319978714,0.999922513961792,0.9995948672294617
24,0.4,11,LEFT_SHOULDER,0.5690778493881226,0.4355824291706085,-0.06193637102842331,0.9999828338623047,0.9999383687973022
24,0.4,12,RIGHT_SHOULDER,0.4620063602924347,0.43506577610969543,-0.02738506719470024,0.9998289346694946,0.9996459484100342
24,0.4,13,LEFT_ELBOW,0.5882990956306458,0.47773778438568115,-0.03913829103112221,0.9917606711387634,0.9997996687889099
24,0.4,14,RIGHT_ELBOW,0.43944305181503296,0.4785324037075043,0.005059369374066591,0.9520375728607178,0.9991511106491089
24,0.4,15,LEFT_WRIST,0.5779021978378296,0.5182841420173645,-0.16130103170871735,0.9936361908912659,0.9999328851699829
24,0.4,16,RIGHT_WRIST,0.4426795542240143,0.5194210410118103,-0.09977374970912933,0.9553564786911011,0.9990583062171936
24,0.4,17,LEFT_PINKY,0.5779696702957153,0.5322760343551636,-0.2018236368894577,0.9880977272987366,0.9998077750205994
24,0.4,18,RIGHT_PINKY,0.4386787712574005,0.533453106880188,-0.13334649801254272,0.9336910843849182,0.9985507130622864
24,0.4,19,LEFT_INDEX,0.5707348585128784,0.5301973819732666,-0.23491430282592773,0.9884670376777649,0.9998537302017212
24,0.4,20,RIGHT_INDEX,0.44582095742225647,0.5312755703926086,-0.17292332649230957,0.937400221824646,0.9986798167228699
24,0.4,21,LEFT_THUMB,0.5680606365203857,0.525833785533905,-0.17612136900424957,0.9842621088027954,0.9999097585678101
24,0.4,22,RIGHT_THUMB,0.45002368092536926,0.5263959765434265,-0.11850246042013168,0.9314003586769104,0.9990517497062683
24,0.4,23,LEFT_HIP,0.5474585890769958,0.5290574431419373,-0.01814894936978817,0.9998294115066528,0.9997406601905823
24,0.4,24,RIGHT_HIP,0.4857591986656189,0.5297785401344299,0.018165862187743187,0.9997819066047668,0.9997661709785461
24,0.4,25,LEFT_KNEE,0.5513066053390503,0.5938761234283447,0.007945340126752853,0.9953901171684265,0.9999204874038696
24,0.4,26,RIGHT_KNEE,0.48106351494789124,0.5924358367919922,0.06275690346956253,0.9895208477973938,0.9998130202293396
24,0.4,27,LEFT_ANKLE,0.5541330575942993,0.6468179225921631,0.19268764555454254,0.9901753664016724,0.998982846736908
24,0.4,28,RIGHT_ANKLE,0.4849117696285248,0.6466241478919983,0.26186105608940125,0.9879515767097473,0.9993828535079956
24,0.4,29,LEFT_HEEL,0.5503761768341064,0.6553098559379578,0.20271453261375427,0.8567574620246887,0.9979705214500427
24,0.4,30,RIGHT_HEEL,0.4935868978500366,0.654856264591217,0.27434083819389343,0.9067637324333191,0.9987572431564331
24,0.4,31,LEFT_FOOT_INDEX,0.5540755391120911,0.6647244691848755,0.0733887180685997,0.9816173315048218,0.9910266995429993
24,0.4,32,RIGHT_FOOT_INDEX,0.4662533402442932,0.6655759811401367,0.16165350377559662,0.9815710186958313,0.9941325783729553
25,0.416,0,NOSE,0.5219635963439941,0.39811643958091736,-0.22628265619277954,0.9999552369117737,0.999447762966156
25,0.416,1,LEFT_EYE_INNER,0.5266609787940979,0.392671674489975,-0.207511767745018,0.9998248815536499,0.998643696308136
25,0.416,2,LEFT_EYE,0.5303680896759033,0.39279991388320923,-0.20756076276302338,0.9998326301574707,0.9987257122993469
25,0.416,3,LEFT_EYE_OUTER,0.5335638523101807,0.3929470479488373,-0.2075573354959488,0.9998295903205872,0.9987735152244568
25,0.416,4,RIGHT_EYE_INNER,0.515633761882782,0.3924722969532013,-0.2089041769504547,0.9997872710227966,0.9984242916107178
25,0.416,5,RIGHT_EYE,0.5111755132675171,0.3925182521343231,-0.20887112617492676,0.9997700452804565,0.9982184767723083
25,0.416,6,RIGHT_EYE_OUTER,0.5063226819038391,0.39261502027511597,-0.20889511704444885,0.9997463226318359,0.9980372786521912
25,0.416,7,LEFT_EAR,0.5361186861991882,0.3961935341358185,-0.0992569625377655,0.9997215270996094,0.9990018010139465
25,0.416,8,RIGHT_EAR,0.49833595752716064,0.3956460654735565,-0.10535366833209991,0.9994572401046753,0.9978041052818298
25,0.416,9,MOUTH_LEFT,0.526918888092041,0.40530136227607727,-0.1852758526802063,0.9999405741691589,0.9997099041938782
25,0.416,10,MOUTH_RIGHT,0.5145232081413269,0.4054294526576996,-0.18715578317642212,0.9999219179153442,0.9995854496955872
25,0.416,11,LEFT_SHOULDER,0.5690400004386902,0.43561235070228577,-0.06094968691468239,0.9999825358390808,0.9999314546585083
25,0.416,12,RIGHT_SHOULDER,0.461890310049057,0.4350871741771698,-0.02556091919541359,0.9998288750648499,0.9996376037597656
25,0.416,13,LEFT_ELBOW,0.587978720664978,0.47784754633903503,-0.03868600353598595,0.9915855526924133,0.9997598528862
25,0.416,14,RIGHT_ELBOW,0.4393451511859894,0.4785494804382324,0.010051452554762363,0.9521568417549133,0.9991119503974915
25,0.416,15,LEFT_WRIST,0.5778519511222839,0.518308699131012,-0.16096118092536926,0.9934791326522827,0.9999244213104248
25,0.416,16,RIGHT_WRIST,0.4419647753238678,0.5194256901741028,-0.0898088738322258,0.9553855657577515,0.9989915490150452
25,0.416,17,LEFT_PINKY,0.5779030919075012,0.5323390364646912,-0.2014044225215912,0.9878512024879456,0.9997865557670593
25,0.416,18,RIGHT_PINKY,0.43777287006378174,0.5334648489952087,-0.12289605289697647,0.9336859583854675,0.9984363913536072
25,0.416,19,LEFT_INDEX,0.5706480145454407,0.5302311182022095,-0.2345452904701233,0.9882300496101379,0.9998382329940796
25,0.416,20,RIGHT_INDEX,0.4447766840457916,0.5313636064529419,-0.16347435116767883,0.9374403357505798,0.9985641837120056
25,0.416,21,LEFT_THUMB,0.5679474472999573,0.5258489847183228,-0.17584626376628876,0.9839484691619873,0.99989914894104
25,0.416,22,RIGHT_THUMB,0.4490325152873993,0.526492714881897,-0.10893285274505615,0.931526243686676,0.9989752769470215
25,0.416,23,LEFT_HIP,0.5473393797874451,0.5290579199790955,-0.018154706805944443,0.9998269081115723,0.999646782875061
25,0.416,24,RIGHT_HIP,0.4855746924877167,0.5297814607620239,0.01817139983177185,0.9997797012329102,0.9996993541717529
25,0.416,25,LEFT_KNEE,0.5513042211532593,0.5939128398895264,0.006937965285032988,0.9953809380531311,0.9998886585235596
25,0.416,26,RIGHT_KNEE,0.4809856712818146,0.5925117135047913,0.05735090374946594,0.9895728826522827,0.9997692704200745
25,0.416,27,LEFT_ANKLE,0.5542811155319214,0.6469478607177734,0.19034525752067566,0.9901840090751648,0.9984992742538452
25,0.416,28,RIGHT_ANKLE,0.4848669469356537,0.6468560099601746,0.24453969299793243,0.9879207611083984,0.9990449547767639
25,0.416,29,LEFT_HEEL,0.5505381226539612,0.6554695963859558,0.20003432035446167,0.8561263084411621,0.9969635605812073
25,0.416,30,RIGHT_HEEL,0.4935877025127411,0.6551404595375061,0.2555471658706665,0.9060698747634888,0.9979814291000366
25,0.416,31,LEFT_FOOT_INDEX,0.5543016195297241,0.6647182703018188,0.07143379002809525,0.9814868569374084,0.9870992302894592
25,0.416,32,RIGHT_FOOT_INDEX,0.4662551283836365,0.6656542420387268,0.14177897572517395,0.9814311861991882,0.9903939366340637
26,0.433,0,NOSE,0.5218849778175354,0.3981790542602539,-0.23701317608356476,0.9999539852142334,0.99937504529953
26,0.433,1,LEFT_EYE_INNER,0.5265483856201172,0.39271414279937744,-0.21848808228969574,0.9998199939727783,0.9985515475273132
26,0.433,2,LEFT_EYE,0.5302615761756897,0.39283958077430725,-0.21853680908679962,0.9998279809951782,0.9986334443092346
26,0.433,3,LEFT_EYE_OUTER,0.5334688425064087,0.392985463142395,-0.21853746473789215,0.9998251795768738,0.9986773133277893
26,0.433,4,RIGHT_EYE_INNER,0.5154744386672974,0.39253106713294983,-0.21972227096557617,0.9997802376747131,0.9983415603637695
26,0.433,5,RIGHT_EYE,0.5109683871269226,0.3925884962081909,-0.21968801319599152,0.9997618198394775,0.9981270432472229
26,0.433,6,RIGHT_EYE_OUTER,0.5060744881629944,0.39270278811454773,-0.21971118450164795,0.9997374415397644,0.9979454874992371
26,0.433,7,LEFT_EAR,0.5360094308853149,0.39626407623291016,-0.10866275429725647,0.9997146129608154,0.9988911747932434
26,0.433,8,RIGHT_EAR,0.4980754256248474,0.3958366811275482,-0.113591767847538,0.9994340538978577,0.9976556301116943
26,0.433,9,MOUTH_LEFT,0.5268409252166748,0.4053848385810852,-0.1950889229774475,0.9999392628669739,0.9996638298034668
26,0.433,10,MOUTH_RIGHT,0.5144407153129578,0.40552660822868347,-0.19668510556221008,0.9999195337295532,0.9995375871658325
26,0.433,11,LEFT_SHOULDER,0.5688966512680054,0.4357127845287323,-0.06840601563453674,0.9999821782112122,0.9999268054962158
26,0.433,12,RIGHT_SHOULDER,0.4616945683956146,0.43517670035362244,-0.028623271733522415,0.9998261332511902,0.9996402263641357
26,0.433,13,LEFT_ELBOW,0.5875246524810791,0.47820255160331726,-0.04240189120173454,0.991419792175293,0.999764621257782
26,0.433,14,RIGHT_ELBOW,0.4392230212688446,0.4786336123943329,0.010390887036919594,0.9514535069465637,0.9991604089736938
26,0.433,15,LEFT_WRIST,0.5775807499885559,0.5185653567314148,-0.16200128197669983,0.9932774901390076,0.9999278783798218
26,0.433,16,RIGHT_WRIST,0.44115686416625977,0.5194399356842041,-0.08816570788621902,0.9551170468330383,0.9990780353546143
26,0.433,17,LEFT_PINKY,0.5776188969612122,0.5325747728347778,-0.20192940533161163,0.987523078918457,0.9998067021369934
26,0.433,18,RIGHT_PINKY,0.4364951252937317,0.5335118174552917,-0.12092307955026627,0.9333556890487671,0.9986165761947632
26,0.433,19,LEFT_INDEX,0.5703708529472351,0.5304471254348755,-0.23555831611156464,0.9879017472267151,0.9998483657836914
26,0.433,20,RIGHT_INDEX,0.4435725808143616,0.531478762626648,-0.1623116135597229,0.9371772408485413,0.9987201690673828
26,0.433,21,LEFT_THUMB,0.5676185488700867,0.5261064767837524,-0.17705796658992767,0.9835052490234375,0.999906063079834
26,0.433,22,RIGHT_THUMB,0.44794762134552,0.526594877243042,-0.10760511457920074,0.9312953352928162,0.9990782737731934
26,0.433,23,LEFT_HIP,0.546927809715271,0.5292152762413025,-0.018552526831626892,0.9998261332511902,0.9996984004974365
26,0.433,24,RIGHT_HIP,0.4850309491157532,0.5299723744392395,0.01856270805001259,0.9997790455818176,0.9997568726539612
26,0.433,25,LEFT_KNEE,0.5512828230857849,0.5940083861351013,0.007197299972176552,0.9955238699913025,0.9999299049377441
26,0.433,26,RIGHT_KNEE,0.4809686839580536,0.592799186706543,0.060193825513124466,0.9898675680160522,0.9998595714569092
26,0.433,27,LEFT_ANKLE,0.5543084740638733,0.6469672322273254,0.1965339183807373,0.990526556968689,0.9992871880531311
26,0.433,28,RIGHT_ANKLE,0.4850429892539978,0.6468845009803772,0.25369513034820557,0.9883421659469604,0.9996016621589661
26,0.433,29,LEFT_HEEL,0.5506032109260559,0.6554504632949829,0.20678210258483887,0.8582605719566345,0.9985936284065247
26,0.433,30,RIGHT_HEEL,0.49376022815704346,0.65516197681427,0.2652983069419861,0.9084043502807617,0.9991564750671387
26,0.433,31,LEFT_FOOT_INDEX,0.5543132424354553,0.6648203730583191,0.07500143349170685,0.9820869565010071,0.9934065341949463
26,0.433,32,RIGHT_FOOT_INDEX,0.46626123785972595,0.6656688451766968,0.15065279603004456,0.9820871353149414,0.9953782558441162
27,0.45,0,NOSE,0.5216600894927979,0.3982638716697693,-0.23676380515098572,0.999953031539917,0.9994789958000183
27,0.45,1,LEFT_EYE_INNER,0.5262594223022461,0.39282265305519104,-0.21827243268489838,0.9998152256011963,0.9987493753433228
27,0.45,2,LEFT_EYE,0.5299674272537231,0.39294642210006714,-0.2183203250169754,0.9998237490653992,0.9988086223602295
27,0.45,3,LEFT_EYE_OUTER,0.5332136154174805,0.39309072494506836,-0.2183198630809784,0.9998206496238708,0.9988355040550232
27,0.45,4,RIGHT_EYE_INNER,0.5151767134666443,0.39265358448028564,-0.2194634974002838,0.9997746348381042,0.9986032843589783
27,0.45,5,RIGHT_EYE,0.5106614828109741,0.3927172124385834,-0.2194301337003708,0.9997553825378418,0.9984371066093445
27,0.45,6,RIGHT_EYE_OUTER,0.505751371383667,0.39283913373947144,-0.21945324540138245,0.9997300505638123,0.9983002543449402
27,0.45,7,LEFT_EAR,0.5357661843299866,0.3963654935359955,-0.10885174572467804,0.9997080564498901,0.9990158081054688
27,0.45,8,RIGHT_EAR,0.4978574514389038,0.39601829648017883,-0.11349104344844818,0.9994189143180847,0.9981250166893005
27,0.45,9,MOUTH_LEFT,0.5266192555427551,0.40546751022338867,-0.1949518769979477,0.999937891960144,0.9997146725654602
27,0.45,10,MOUTH_RIGHT,0.514183521270752,0.40562430024147034,-0.19649560749530792,0.9999174475669861,0.9996163845062256
27,0.45,11,LEFT_SHOULDER,0.5688439607620239,0.4359854757785797,-0.06902102380990982,0.9999819397926331,0.9999359846115112
27,0.45,12,RIGHT_SHOULDER,0.4615389406681061,0.43533405661582947,-0.028631562367081642,0.9998260736465454,0.9997147917747498
27,0.45,13,LEFT_ELBOW,0.5874768495559692,0.47836974263191223,-0.04325035586953163,0.9912506937980652,0.9997777342796326
27,0.45,14,RIGHT_ELBOW,0.4389013946056366,0.47885847091674805,0.011238538660109043,0.9510040879249573,0.9992664456367493
27,0.45,15,LEFT_WRIST,0.5776247382164001,0.5188368558883667,-0.1621766984462738,0.9930541515350342,0.999921441078186
27,0.45,16,RIGHT_WRIST,0.44021543860435486,0.5195826292037964,-0.08606917411088943,0.9548604488372803,0.999143123626709
27,0.45,17,LEFT_PINKY,0.5776488780975342,0.5328595042228699,-0.2019423097372055,0.9871746897697449,0.9997832179069519
27,0.45,18,RIGHT_PINKY,0.43556421995162964,0.5336678624153137,-0.11869323253631592,0.932896614074707,0.9986660480499268
27,0.45,19,LEFT_INDEX,0.5704184770584106,0.5307824611663818,-0.23566558957099915,0.9875628352165222,0.9998307228088379
27,0.45,20,RIGHT_INDEX,0.44280287623405457,0.5316404104232788,-0.15983325242996216,0.9367741346359253,0.9987741112709045
27,0.45,21,LEFT_THUMB,0.5676732659339905,0.5265384316444397,-0.177310973405838,0.9830934405326843,0.9998959302902222
27,0.45,22,RIGHT_THUMB,0.44725239276885986,0.5267722606658936,-0.10542895644903183,0.9309989213943481,0.9991188645362854
27,0.45,23,LEFT_HIP,0.5466811060905457,0.5297359824180603,-0.018974637612700462,0.999826967716217,0.9997449517250061
27,0.45,24,RIGHT_HIP,0.4848257601261139,0.5305396318435669,0.018984641879796982,0.9997804760932922,0.9998037219047546
27,0.45,25,LEFT_KNEE,0.5513162016868591,0.5942907929420471,0.008279863744974136,0.9955984354019165,0.9999299049377441
27,0.45,26,RIGHT_KNEE,0.4809997081756592,0.5932237505912781,0.06751707196235657,0.9900190234184265,0.9998699426651001
27,0.45,27,LEFT_ANKLE,0.554406464099884,0.6477209329605103,0.1971510797739029,0.9907023310661316,0.9991769194602966
27,0.45,28,RIGHT_ANKLE,0.4852006137371063,0.6471101641654968,0.26471492648124695,0.9885666370391846,0.999570906162262
27,0.45,29,LEFT_HEEL,0.5506261587142944,0.6560977101325989,0.20755067467689514,0.8588665723800659,0.9983413219451904
27,0.45,30,RIGHT_HEEL,0.4938950836658478,0.6554046869277954,0.27683597803115845,0.9101184606552124,0.9990754127502441
27,0.45,31,LEFT_FOOT_INDEX,0.5542981028556824,0.6649429202079773,0.07689999043941498,0.9823731780052185,0.9920732378959656
27,0.45,32,RIGHT_FOOT_INDEX,0.46593740582466125,0.6659183502197266,0.16498076915740967,0.9824531674385071,0.995005190372467
28,0.466,0,NOSE,0.5215095281600952,0.3983817398548126,-0.23784902691841125,0.9999540448188782,0.99960857629776
28,0.466,1,LEFT_EYE_INNER,0.5261293053627014,0.39295098185539246,-0.21953921020030975,0.9998192191123962,0.9990028738975525
28,0.466,2,LEFT_EYE,0.5298411250114441,0.3930787146091461,-0.2195858657360077,0.99982750415802,0.9990505576133728
28,0.466,3,LEFT_EYE_OUTER,0.5331051349639893,0.3932259678840637,-0.21958017349243164,0.9998242855072021,0.9990649819374084
28,0.466,4,RIGHT_EYE_INNER,0.5150467157363892,0.39277374744415283,-0.2208232879638672,0.9997800588607788,0.9988685846328735
28,0.466,5,RIGHT_EYE,0.5105218887329102,0.3928297758102417,-0.2207910418510437,0.9997612237930298,0.9987228512763977
28,0.466,6,RIGHT_EYE_OUTER,0.5056040287017822,0.3929373025894165,-0.2208123803138733,0.9997362494468689,0.9985874891281128
28,0.466,7,LEFT_EAR,0.5356706380844116,0.3964602053165436,-0.11037170886993408,0.9997138977050781,0.9991896748542786
28,0.466,8,RIGHT_EAR,0.4977383017539978,0.39605122804641724,-0.11582271009683609,0.9994348883628845,0.9983869791030884
28,0.466,9,MOUTH_LEFT,0.526479959487915,0.40560147166252136,-0.19608429074287415,0.9999387860298157,0.999755322933197
28,0.466,10,MOUTH_RIGHT,0.5139973163604736,0.405732125043869,-0.19779753684997559,0.9999189376831055,0.9996775388717651
28,0.466,11,LEFT_SHOULDER,0.5687332153320312,0.4361141324043274,-0.06960657984018326,0.9999819993972778,0.9999438524246216
28,0.466,12,RIGHT_SHOULDER,0.46139466762542725,0.4354257881641388,-0.0305628702044487,0.999829113483429,0.9997128844261169
28,0.466,13,LEFT_ELBOW,0.5874558091163635,0.4784584641456604,-0.04320381209254265,0.9912954568862915,0.9998156428337097
28,0.466,14,RIGHT_ELBOW,0.43864887952804565,0.4790042042732239,0.010927652008831501,0.9512727856636047,0.9992693066596985
28,0.466,15,LEFT_WRIST,0.5776488780975342,0.5192482471466064,-0.16231217980384827,0.9930551052093506,0.9999321699142456
28,0.466,16,RIGHT_WRIST,0.43956780433654785,0.5196236968040466,-0.08802320808172226,0.9551633596420288,0.999117910861969
28,0.466,17,LEFT_PINKY,0.5776957273483276,0.5333186388015747,-0.20200461149215698,0.9871638417243958,0.9997983574867249
28,0.466,18,RIGHT_PINKY,0.43483418226242065,0.5337843298912048,-0.12084072083234787,0.9333330392837524,0.998577356338501
28,0.466,19,LEFT_INDEX,0.5704659819602966,0.5311887860298157,-0.2358296811580658,0.9875512719154358,0.9998472929000854
28,0.466,20,RIGHT_INDEX,0.4420934021472931,0.5317585468292236,-0.16166891157627106,0.9372188448905945,0.9987202882766724
28,0.466,21,LEFT_THUMB,0.5677157044410706,0.5268831849098206,-0.17748165130615234,0.983116865158081,0.9999079704284668
28,0.466,22,RIGHT_THUMB,0.44661688804626465,0.526832640171051,-0.10719804465770721,0.931525707244873,0.9991033673286438
28,0.466,23,LEFT_HIP,0.5466172099113464,0.5297645926475525,-0.018975405022501945,0.9998268485069275,0.9997072815895081
28,0.466,24,RIGHT_HIP,0.48471391201019287,0.5305851101875305,0.01898539625108242,0.9997817277908325,0.9997698664665222
28,0.466,25,LEFT_KNEE,0.5513161420822144,0.5943318009376526,0.010917420499026775,0.9956243634223938,0.9998990297317505
28,0.466,26,RIGHT_KNEE,0.4809986352920532,0.593274712562561,0.06797698885202408,0.9901528358459473,0.9998181462287903
28,0.466,27,LEFT_ANKLE,0.5543108582496643,0.6478630304336548,0.19667039811611176,0.9907824397087097,0.9987194538116455
28,0.466,28,RIGHT_ANKLE,0.4852096140384674,0.6472579836845398,0.26303258538246155,0.988689661026001,0.9992806315422058
28,0.466,29,LEFT_HEEL,0.5504299998283386,0.6563065648078918,0.20650354027748108,0.8608779311180115,0.9973917007446289
28,0.466,30,RIGHT_HEEL,0.4939005672931671,0.6555885076522827,0.2745306193828583,0.9114599823951721,0.9984365105628967
28,0.466,31,LEFT_FOOT_INDEX,0.5547009706497192,0.6651480197906494,0.0777209922671318,0.9824679493904114,0.9870772361755371
28,0.466,32,RIGHT_FOOT_INDEX,0.4659906029701233,0.6661882400512695,0.16395366191864014,0.9825564026832581,0.9913890957832336
29,0.483,0,NOSE,0.5208179950714111,0.3983812928199768,-0.23782096803188324,0.999952495098114,0.99932861328125
29,0.483,1,LEFT_EYE_INNER,0.525452733039856,0.39296314120292664,-0.2193523347377777,0.9998125433921814,0.9983147382736206
29,0.483,2,LEFT_EYE,0.529146134853363,0.3930874168872833,-0.21939890086650848,0.9998211860656738,0.998387336730957
29,0.483,3,LEFT_EYE_OUTER,0.5325162410736084,0.393232524394989,-0.21939317882061005,0.9998178482055664,0.9984146356582642
29,0.483,4,RIGHT_EYE_INNER,0.5143178701400757,0.39280226826667786,-0.22058680653572083,0.9997724890708923,0.9981629252433777
29,0.483,5,RIGHT_EYE,0.509799063205719,0.3928702175617218,-0.2205544114112854,0.9997530579566956,0.9979695677757263
29,0.483,6,RIGHT_EYE_OUTER,0.5049272775650024,0.39298784732818604,-0.22057940065860748,0.999727725982666,0.9978197813034058
29,0.483,7,LEFT_EAR,0.5353134870529175,0.3964821994304657,-0.11023125052452087,0.9997037649154663,0.9986513257026672
29,0.483,8,RIGHT_EAR,0.497429221868515,0.3961786925792694,-0.11501917243003845,0.999416172504425,0.9976599216461182
29,0.483,9,MOUTH_LEFT,0.5260775089263916,0.4056027829647064,-0.1958271563053131,0.9999368190765381,0.9996442794799805
29,0.483,10,MOUTH_RIGHT,0.5134746432304382,0.4057479500770569,-0.197656512260437,0.9999162554740906,0.9995356798171997
29,0.483,11,LEFT_SHOULDER,0.5687060952186584,0.4362541139125824,-0.07032251358032227,0.9999812841415405,0.9999160766601562
29,0.483,12,RIGHT_SHOULDER,0.4611319899559021,0.435583233833313,-0.030552983283996582,0.9998286366462708,0.9996908903121948
29,0.483,13,LEFT_ELBOW,0.5872634649276733,0.478790283203125,-0.044719986617565155,0.9911459684371948,0.9997276663780212
29,0.483,14,RIGHT_ELBOW,0.4383958876132965,0.4790840446949005,0.010720828548073769,0.9509477019309998,0.9992455244064331
29,0.483,15,LEFT_WRIST,0.5776804685592651,0.519563615322113,-0.16291287541389465,0.9928891658782959,0.9999076128005981
29,0.483,16,RIGHT_WRIST,0.43922507762908936,0.5196983218193054,-0.08919575065374374,0.9551964402198792,0.9991483688354492
29,0.483,17,LEFT_PINKY,0.5777473449707031,0.533685564994812,-0.2022440880537033,0.9869306087493896,0.9997482895851135
29,0.483,18,RIGHT_PINKY,0.43441393971443176,0.5338077545166016,-0.12236388772726059,0.9334356188774109,0.998650848865509
29,0.483,19,LEFT_INDEX,0.5705069303512573,0.531538724899292,-0.23606809973716736,0.9873168468475342,0.9998067021369934
29,0.483,20,RIGHT_INDEX,0.4416949450969696,0.5318211913108826,-0.16277199983596802,0.9373442530632019,0.9987713694572449
29,0.483,21,LEFT_THUMB,0.567748486995697,0.5272417068481445,-0.17803704738616943,0.982839822769165,0.999880313873291
29,0.483,22,RIGHT_THUMB,0.4462182819843292,0.5269331336021423,-0.10810960084199905,0.9317970871925354,0.9991266131401062
29,0.483,23,LEFT_HIP,0.5464629530906677,0.5300272107124329,-0.019103851169347763,0.9998260736465454,0.9996858835220337
29,0.483,24,RIGHT_HIP,0.4844787120819092,0.5309308767318726,0.019110551103949547,0.9997830390930176,0.9997816681861877
29,0.483,25,LEFT_KNEE,0.5513095259666443,0.5944631695747375,0.01202964037656784,0.995664119720459,0.9999011754989624
29,0.483,26,RIGHT_KNEE,0.4809916317462921,0.593411386013031,0.06921491771936417,0.9902423620223999,0.9998325109481812
29,0.483,27,LEFT_ANKLE,0.554364800453186,0.6478736996650696,0.20008672773838043,0.9908583760261536,0.9987438321113586
29,0.483,28,RIGHT_ANKLE,0.48524007201194763,0.6473819613456726,0.2644818127155304,0.9887635707855225,0.9993429780006409
29,0.483,29,LEFT_HEEL,0.5505075454711914,0.6562699675559998,0.21022292971611023,0.8606363534927368,0.9974710941314697
29,0.483,30,RIGHT_HEEL,0.49398475885391235,0.6556230187416077,0.27629947662353516,0.9122337102890015,0.998573899269104
29,0.483,31,LEFT_FOOT_INDEX,0.5546884536743164,0.6653069257736206,0.08264882862567902,0.9825229048728943,0.988103449344635
29,0.483,32,RIGHT_FOOT_INDEX,0.4659348428249359,0.6663777828216553,0.16628065705299377,0.9826458096504211,0.9922407865524292
30,0.5,0,NOSE,0.5207340717315674,0.39854300022125244,-0.23799221217632294,0.9999520182609558,0.9994995594024658
30,0.5,1,LEFT_EYE_INNER,0.5252758264541626,0.393092542886734,-0.21949248015880585,0.9998101592063904,0.9987898468971252
30,0.5,2,LEFT_EYE,0.5289682745933533,0.39321595430374146,-0.2195395827293396,0.9998189806938171,0.9988576173782349
30,0.5,3,LEFT_EYE_OUTER,0.5323448181152344,0.3933626711368561,-0.21953625977039337,0.9998157620429993,0.9988847374916077
30,0.5,4,RIGHT_EYE_INNER,0.5141453146934509,0.3929441571235657,-0.2208947092294693,0.9997699856758118,0.9986133575439453
30,0.5,5,RIGHT_EYE,0.5096154808998108,0.39301708340644836,-0.22086100280284882,0.9997497797012329,0.9984379410743713
30,0.5,6,RIGHT_EYE_OUTER,0.5047220587730408,0.3931439220905304,-0.22088538110256195,0.9997236132621765,0.9982726573944092
30,0.5,7,LEFT_EAR,0.535071611404419,0.39661553502082825,-0.11008083075284958,0.9996986389160156,0.9990602135658264
30,0.5,8,RIGHT_EAR,0.49710220098495483,0.3963369131088257,-0.11578429490327835,0.9994099736213684,0.9980304837226868
30,0.5,9,MOUTH_LEFT,0.5259438753128052,0.4057905375957489,-0.19592662155628204,0.9999354481697083,0.9997102618217468
30,0.5,10,MOUTH_RIGHT,0.5133631825447083,0.4059653580188751,-0.1979386955499649,0.9999144077301025,0.9996048808097839
30,0.5,11,LEFT_SHOULDER,0.5684213638305664,0.43641310930252075,-0.07019190490245819,0.9999809265136719,0.9999330043792725
30,0.5,12,RIGHT_SHOULDER,0.4609234631061554,0.43572673201560974,-0.0314762108027935,0.9998283982276917,0.999677300453186
30,0.5,13,LEFT_ELBOW,0.5870336890220642,0.4789521098136902,-0.0415986105799675,0.9909197092056274,0.9997835755348206
30,0.5,14,RIGHT_ELBOW,0.43795207142829895,0.4791469871997833,0.010522870346903801,0.9507651925086975,0.9991917014122009
30,0.5,15,LEFT_WRIST,0.5777088403701782,0.5198717713356018,-0.15690147876739502,0.9926795959472656,0.999921441078186
30,0.5,16,RIGHT_WRIST,0.43833914399147034,0.5197583436965942,-0.08588772267103195,0.9547319412231445,0.9989916682243347
30,0.5,17,LEFT_PINKY,0.5777722001075745,0.5339272022247314,-0.19485525786876678,0.9865739941596985,0.9997797608375549
30,0.5,18,RIGHT_PINKY,0.4336391091346741,0.5338765978813171,-0.11808372288942337,0.9327186346054077,0.9984176158905029
30,0.5,19,LEFT_INDEX,0.5705171227455139,0.5319177508354187,-0.22985050082206726,0.9869771003723145,0.9998263716697693
30,0.5,20,RIGHT_INDEX,0.4408347010612488,0.531970202922821,-0.1592143177986145,0.9366807341575623,0.9985389709472656
30,0.5,21,LEFT_THUMB,0.5677752494812012,0.527736246585846,-0.17247796058654785,0.9824258685112,0.9998935461044312
30,0.5,22,RIGHT_THUMB,0.4452836811542511,0.527076244354248,-0.1050654873251915,0.9311648607254028,0.9989644289016724
30,0.5,23,LEFT_HIP,0.5462960004806519,0.5301747918128967,-0.018867336213588715,0.9998251795768738,0.9997206330299377
30,0.5,24,RIGHT_HIP,0.484281063079834,0.5311025381088257,0.01887809857726097,0.9997827410697937,0.9997838139533997
30,0.5,25,LEFT_KNEE,0.5513117909431458,0.5947628617286682,0.013983935117721558,0.995659589767456,0.9999088048934937
30,0.5,26,RIGHT_KNEE,0.4809550642967224,0.5936138033866882,0.06926107406616211,0.9902986884117126,0.9998418092727661
30,0.5,27,LEFT_ANKLE,0.5543535947799683,0.6482856273651123,0.19974912703037262,0.9908568263053894,0.9989570379257202
30,0.5,28,RIGHT_ANKLE,0.48525527119636536,0.6475309729576111,0.2643373906612396,0.9887951016426086,0.9994171857833862
30,0.5,29,LEFT_HEEL,0.5502817630767822,0.656831681728363,0.20957517623901367,0.8616987466812134,0.9978981018066406
30,0.5,30,RIGHT_HEEL,0.4939858317375183,0.6558151245117188,0.27617743611335754,0.9124924540519714,0.9987531900405884
30,0.5,31,LEFT_FOOT_INDEX,0.5549671649932861,0.6655831933021545,0.0818142369389534,0.9825093150138855,0.9899673461914062
30,0.5,32,RIGHT_FOOT_INDEX,0.46590882539749146,0.6665588617324829,0.16543592512607574,0.9826685786247253,0.9934048056602478
31,0.516,0,NOSE,0.5201624035835266,0.3985551595687866,-0.233543261885643,0.9999512434005737,0.9994737505912781
31,0.516,1,LEFT_EYE_INNER,0.5248662233352661,0.39312276244163513,-0.21549351513385773,0.9998070001602173,0.9986677169799805
31,0.516,2,LEFT_EYE,0.5285923480987549,0.3932461738586426,-0.21554332971572876,0.9998157024383545,0.9987228512763977
31,0.516,3,LEFT_EYE_OUTER,0.5319927334785461,0.3933899700641632,-0.21554149687290192,0.9998126029968262,0.9987395405769348
31,0.516,4,RIGHT_EYE_INNER,0.513692319393158,0.39297568798065186,-0.21634194254875183,0.9997667074203491,0.9985307455062866
31,0.516,5,RIGHT_EYE,0.5092278122901917,0.3930489420890808,-0.2163073569536209,0.9997457265853882,0.9983627200126648
31,0.516,6,RIGHT_EYE_OUTER,0.5043826103210449,0.3931726813316345,-0.21633680164813995,0.999719500541687,0.9982195496559143
31,0.516,7,LEFT_EAR,0.5349069833755493,0.39663535356521606,-0.10838133841753006,0.9996935725212097,0.9989319443702698
31,0.516,8,RIGHT_EAR,0.49700045585632324,0.3963584005832672,-0.11201843619346619,0.9994046092033386,0.998084545135498
31,0.516,9,MOUTH_LEFT,0.525451123714447,0.4058009386062622,-0.19256527721881866,0.9999343156814575,0.9997056126594543
31,0.516,10,MOUTH_RIGHT,0.5128957629203796,0.40597471594810486,-0.19382797181606293,0.9999129772186279,0.9996163845062256
31,0.516,11,LEFT_SHOULDER,0.5681747198104858,0.43651050329208374,-0.06956084072589874,0.999980628490448,0.9999322891235352
31,0.516,12,RIGHT_SHOULDER,0.4608421325683594,0.43576955795288086,-0.029955847188830376,0.9998292922973633,0.9997144341468811
31,0.516,13,LEFT_ELBOW,0.5870164632797241,0.4789981245994568,-0.04146841540932655,0.9908024668693542,0.9997612833976746
31,0.516,14,RIGHT_ELBOW,0.43759363889694214,0.4791904091835022,0.010801807977259159,0.9504290819168091,0.9992464780807495
31,0.516,15,LEFT_WRIST,0.5777472257614136,0.5201009511947632,-0.1567019522190094,0.9925414323806763,0.9999078512191772
31,0.516,16,RIGHT_WRIST,0.4378582537174225,0.5198622941970825,-0.08656850457191467,0.9546543955802917,0.9990575909614563
31,0.516,17,LEFT_PINKY,0.5779468417167664,0.5341638326644897,-0.19459132850170135,0.9863798022270203,0.9997369647026062
31,0.516,18,RIGHT_PINKY,0.4331969916820526,0.5339223742485046,-0.11885643005371094,0.932622492313385,0.9984686970710754
31,0.516,19,LEFT_INDEX,0.5705902576446533,0.5322245359420776,-0.22926640510559082,0.9867841005325317,0.9997982382774353
31,0.516,20,RIGHT_INDEX,0.4403790235519409,0.5320563316345215,-0.15964655578136444,0.9366101026535034,0.9986047148704529
31,0.516,21,LEFT_THUMB,0.5678128004074097,0.5281014442443848,-0.17213137447834015,0.9822220802307129,0.9998764991760254
31,0.516,22,RIGHT_THUMB,0.44479238986968994,0.5272023677825928,-0.1056789830327034,0.931246280670166,0.9990164041519165
31,0.516,23,LEFT_HIP,0.546174168586731,0.5304706692695618,-0.0188904982060194,0.9998263120651245,0.9997197985649109
31,0.516,24,RIGHT_HIP,0.4840918779373169,0.5313820838928223,0.01890128292143345,0.9997839331626892,0.9997885823249817
31,0.516,25,LEFT_KNEE,0.5513114929199219,0.594974160194397,0.013955393806099892,0.9955814480781555,0.9998874664306641
31,0.516,26,RIGHT_KNEE,0.4809145927429199,0.5937445163726807,0.07273619621992111,0.9901068806648254,0.9998082518577576
31,0.516,27,LEFT_ANKLE,0.5544897317886353,0.64884352684021,0.19616346061229706,0.9906625747680664,0.998365581035614
31,0.516,28,RIGHT_ANKLE,0.4854453206062317,0.647711455821991,0.26782435178756714,0.9885004758834839,0.9991850256919861
31,0.516,29,LEFT_HEEL,0.5503712892532349,0.6575238108634949,0.20548392832279205,0.8597267270088196,0.9966202974319458
31,0.516,30,RIGHT_HEEL,0.49419036507606506,0.6559423804283142,0.27996113896369934,0.9121355414390564,0.9982179999351501
31,0.516,31,LEFT_FOOT_INDEX,0.5552020072937012,0.6658804416656494,0.07900512963533401,0.9820392727851868,0.9841736555099487
31,0.516,32,RIGHT_FOOT_INDEX,0.46581047773361206,0.66681307554245,0.17171992361545563,0.9822587370872498,0.9907246232032776
32,0.533,0,NOSE,0.5199908018112183,0.398668110370636,-0.2252531349658966,0.9999517202377319,0.999555766582489
32,0.533,1,LEFT_EYE_INNER,0.5246186256408691,0.39320334792137146,-0.2075444608926773,0.9998089075088501,0.9989036321640015
32,0.533,2,LEFT_EYE,0.5283470749855042,0.3933214247226715,-0.20759285986423492,0.9998179078102112,0.9989680051803589
32,0.533,3,LEFT_EYE_OUTER,0.5317668318748474,0.3934604525566101,-0.2075955718755722,0.9998149275779724,0.9989946484565735
32,0.533,4,RIGHT_EYE_INNER,0.5133920311927795,0.39307382702827454,-0.20811909437179565,0.9997689723968506,0.9987302422523499
32,0.533,5,RIGHT_EYE,0.5089049935340881,0.3931603729724884,-0.20807969570159912,0.9997478723526001,0.9985594153404236
32,0.533,6,RIGHT_EYE_OUTER,0.5040664672851562,0.39330238103866577,-0.20810522139072418,0.9997215270996094,0.9984014630317688
32,0.533,7,LEFT_EAR,0.5346579551696777,0.3967078924179077,-0.10223143547773361,0.9996981620788574,0.9991745352745056
32,0.533,8,RIGHT_EAR,0.49671709537506104,0.39654162526130676,-0.10476977378129959,0.999413251876831,0.998198926448822
32,0.533,9,MOUTH_LEFT,0.5252760648727417,0.4058930277824402,-0.1849648505449295,0.9999344944953918,0.9997485280036926
32,0.533,10,MOUTH_RIGHT,0.5127003788948059,0.40612873435020447,-0.18584202229976654,0.9999130964279175,0.9996386766433716
32,0.533,11,LEFT_SHOULDER,0.568067193031311,0.43657493591308594,-0.06453820317983627,0.9999808669090271,0.9999454021453857
32,0.533,12,RIGHT_SHOULDER,0.46083492040634155,0.435828298330307,-0.02595876343548298,0.9998317956924438,0.99970942735672
32,0.533,13,LEFT_ELBOW,0.5867765545845032,0.47912564873695374,-0.038300640881061554,0.9907441735267639,0.9997915625572205
32,0.533,14,RIGHT_ELBOW,0.4371834099292755,0.47920718789100647,0.011205927468836308,0.9504252672195435,0.9992341995239258
32,0.533,15,LEFT_WRIST,0.5777876377105713,0.5203700065612793,-0.15290005505084991,0.9925544857978821,0.9999274015426636
32,0.533,16,RIGHT_WRIST,0.437330037355423,0.5199604630470276,-0.08674471825361252,0.9544512629508972,0.999016284942627
32,0.533,17,LEFT_PINKY,0.5781480669975281,0.5344165563583374,-0.19074006378650665,0.9864165782928467,0.9997820258140564
32,0.533,18,RIGHT_PINKY,0.43277519941329956,0.5340165495872498,-0.11920681595802307,0.9322742819786072,0.9983758926391602
32,0.533,19,LEFT_INDEX,0.5707089900970459,0.5326027870178223,-0.2252594381570816,0.9868241548538208,0.9998329877853394
32,0.533,20,RIGHT_INDEX,0.4399833381175995,0.532204270362854,-0.1594761312007904,0.9362726211547852,0.998512327671051
32,0.533,21,LEFT_THUMB,0.5678866505622864,0.5285300016403198,-0.16829530894756317,0.982298731803894,0.9998995065689087
32,0.533,22,RIGHT_THUMB,0.44439297914505005,0.5273268222808838,-0.10574941337108612,0.9310430288314819,0.9989558458328247
32,0.533,23,LEFT_HIP,0.5459983348846436,0.5305687785148621,-0.01885882392525673,0.99982750415802,0.9997074007987976
32,0.533,24,RIGHT_HIP,0.48387229442596436,0.5314143300056458,0.018871445208787918,0.9997864961624146,0.9997705817222595
32,0.533,25,LEFT_KNEE,0.5513165593147278,0.5950797200202942,0.015373950824141502,0.9955476522445679,0.9998767375946045
32,0.533,26,RIGHT_KNEE,0.48079049587249756,0.5939674973487854,0.07268350571393967,0.9900816082954407,0.999783456325531
32,0.533,27,LEFT_ANKLE,0.5544852614402771,0.6491073369979858,0.19550162553787231,0.9904971718788147,0.9981498718261719
32,0.533,28,RIGHT_ANKLE,0.48549097776412964,0.6478497982025146,0.26757189631462097,0.9882912039756775,0.998976469039917
32,0.533,29,LEFT_HEEL,0.5503377318382263,0.6576999425888062,0.20469945669174194,0.8587374687194824,0.9961965084075928
32,0.533,30,RIGHT_HEEL,0.4941951036453247,0.6560377478599548,0.2798680365085602,0.9112249612808228,0.9977501034736633
32,0.533,31,LEFT_FOOT_INDEX,0.5552504658699036,0.6659416556358337,0.07889261096715927,0.9816223978996277,0.9823006391525269
32,0.533,32,RIGHT_FOOT_INDEX,0.46577322483062744,0.6671586632728577,0.1702696681022644,0.9818235635757446,0.988445520401001
33,0.55,0,NOSE,0.5198429226875305,0.39869511127471924,-0.2290569543838501,0.9999499320983887,0.9994407296180725
33,0.55,1,LEFT_EYE_INNER,0.5244041681289673,0.3932397961616516,-0.2109728902578354,0.9998006224632263,0.9986934065818787
33,0.55,2,LEFT_EYE,0.528127133846283,0.3933561444282532,-0.21102222800254822,0.999810516834259,0.998754620552063
33,0.55,3,LEFT_EYE_OUTER,0.5315946936607361,0.3934966027736664,-0.21102899312973022,0.9998076558113098,0.998788058757782
33,0.55,4,RIGHT_EYE_INNER,0.5131022930145264,0.393115371465683,-0.21171259880065918,0.9997581839561462,0.9985370635986328
33,0.55,5,RIGHT_EYE,0.5085373520851135,0.3932048976421356,-0.21167120337486267,0.9997356534004211,0.9983575940132141
33,0.55,6,RIGHT_EYE_OUTER,0.5036619901657104,0.3933473825454712,-0.21169419586658478,0.9997082352638245,0.9982158541679382
33,0.55,7,LEFT_EAR,0.5344372987747192,0.39673739671707153,-0.10368864983320236,0.9996869564056396,0.9989804625511169
33,0.55,8,RIGHT_EAR,0.49618014693260193,0.3965965807437897,-0.10611215233802795,0.999380886554718,0.9980123043060303
33,0.55,9,MOUTH_LEFT,0.5251553654670715,0.40595510601997375,-0.18777573108673096,0.9999321103096008,0.9997005462646484
33,0.55,10,MOUTH_RIGHT,0.5125523805618286,0.4061976373195648,-0.18866436183452606,0.9999090433120728,0.9995959401130676
33,0.55,11,LEFT_SHOULDER,0.5678632259368896,0.43665915727615356,-0.06488579511642456,0.9999807476997375,0.9999394416809082
33,0.55,12,RIGHT_SHOULDER,0.4605657458305359,0.43610909581184387,-0.025916894897818565,0.9998291730880737,0.9997135996818542
33,0.55,13,LEFT_ELBOW,0.5866539478302002,0.4791885316371918,-0.03834271430969238,0.9906201958656311,0.9997840523719788
33,0.55,14,RIGHT_ELBOW,0.43704473972320557,0.47951337695121765,0.017360689118504524,0.9496684074401855,0.9992824196815491
33,0.55,15,LEFT_WRIST,0.5778576135635376,0.5206194519996643,-0.1534900665283203,0.9923440217971802,0.9999182224273682
33,0.55,16,RIGHT_WRIST,0.43708232045173645,0.5201405882835388,-0.0772094652056694,0.9543278813362122,0.9992092251777649
33,0.55,17,LEFT_PINKY,0.5783990025520325,0.5347009897232056,-0.19156797230243683,0.986077606678009,0.9997726082801819
33,0.55,18,RIGHT_PINKY,0.4325855076313019,0.5341591238975525,-0.1095738485455513,0.9320263266563416,0.998752236366272
33,0.55,19,LEFT_INDEX,0.5708579421043396,0.5329626798629761,-0.22588270902633667,0.9864945411682129,0.9998181462287903
33,0.55,20,RIGHT_INDEX,0.4397527575492859,0.5323717594146729,-0.15147124230861664,0.9360746741294861,0.9988312125205994
33,0.55,21,LEFT_THUMB,0.5679706335067749,0.5288795232772827,-0.1687851846218109,0.9818927645683289,0.9998898506164551
33,0.55,22,RIGHT_THUMB,0.4440957307815552,0.5275247693061829,-0.09685389697551727,0.9308686852455139,0.9991679191589355
33,0.55,23,LEFT_HIP,0.5457409024238586,0.530620276927948,-0.019699042662978172,0.9998282194137573,0.9997500777244568
33,0.55,24,RIGHT_HIP,0.4835164248943329,0.5315120220184326,0.019712064415216446,0.9997860789299011,0.9998001456260681
33,0.55,25,LEFT_KNEE,0.5513110756874084,0.5954328775405884,0.01506345346570015,0.9955869317054749,0.9999330043792725
33,0.55,26,RIGHT_KNEE,0.4807899296283722,0.5941405892372131,0.07401423156261444,0.9900684952735901,0.9998694658279419
33,0.55,27,LEFT_ANKLE,0.5546851754188538,0.6497179865837097,0.19586849212646484,0.9905989766120911,0.9992008805274963
33,0.55,28,RIGHT_ANKLE,0.4856624901294708,0.6482686400413513,0.2713513672351837,0.98841392993927,0.9996185302734375
33,0.55,29,LEFT_HEEL,0.5507663488388062,0.6582421064376831,0.20517677068710327,0.8564422130584717,0.9983776807785034
33,0.55,30,RIGHT_HEEL,0.49431926012039185,0.6567548513412476,0.2836237847805023,0.9121057391166687,0.9991770386695862
33,0.55,31,LEFT_FOOT_INDEX,0.5550758242607117,0.6666737198829651,0.07628211379051208,0.9818278551101685,0.9926504492759705
33,0.55,32,RIGHT_FOOT_INDEX,0.4650760591030121,0.6674452424049377,0.17181573808193207,0.9821290373802185,0.9955937266349792
34,0.566,0,NOSE,0.5187951922416687,0.3987530469894409,-0.23207253217697144,0.9999481439590454,0.9994335770606995
34,0.566,1,LEFT_EYE_INNER,0.5235732197761536,0.3933063745498657,-0.21418854594230652,0.9997919797897339,0.9986770749092102
34,0.566,2,LEFT_EYE,0.5272272825241089,0.39341744780540466,-0.2142382264137268,0.9998028874397278,0.9987378716468811
34,0.566,3,LEFT_EYE_OUTER,0.5308165550231934,0.3935573995113373,-0.21424560248851776,0.9998001456260681,0.9987720847129822
34,0.566,4,RIGHT_EYE_INNER,0.5121913552284241,0.3931949734687805,-0.21429461240768433,0.9997462630271912,0.9985151886940002
34,0.566,5,RIGHT_EYE,0.507606565952301,0.3932897746562958,-0.21425248682498932,0.999721884727478,0.9983273148536682
34,0.566,6,RIGHT_EYE_OUTER,0.5028064846992493,0.39343446493148804,-0.21427612006664276,0.9996928572654724,0.9981891512870789
34,0.566,7,LEFT_EAR,0.5339705944061279,0.39680108428001404,-0.10678350925445557,0.9996762871742249,0.9989550113677979
34,0.566,8,RIGHT_EAR,0.4959009885787964,0.3967311680316925,-0.10638821125030518,0.9993430972099304,0.9980108141899109
34,0.566,9,MOUTH_LEFT,0.5244255661964417,0.40601351857185364,-0.19068732857704163,0.9999299645423889,0.9996947050094604
34,0.566,10,MOUTH_RIGHT,0.5115468502044678,0.40628278255462646,-0.19064921140670776,0.999904990196228,0.9995798468589783
34,0.566,11,LEFT_SHOULDER,0.5674609541893005,0.4367328882217407,-0.06708727031946182,0.9999806880950928,0.9999390840530396
34,0.566,12,RIGHT_SHOULDER,0.46047243475914,0.43625307083129883,-0.025292063131928444,0.9998266696929932,0.9997100234031677
34,0.566,13,LEFT_ELBOW,0.5864944458007812,0.4792783856391907,-0.04062601178884506,0.9906142950057983,0.9997765421867371
34,0.566,14,RIGHT_ELBOW,0.43672189116477966,0.47958916425704956,0.02217874862253666,0.948762059211731,0.9992750287055969
34,0.566,15,LEFT_WRIST,0.5781064033508301,0.5207873582839966,-0.1565249115228653,0.9922285676002502,0.9999122619628906
34,0.566,16,RIGHT_WRIST,0.4367188811302185,0.5202230215072632,-0.07183858007192612,0.9541381597518921,0.9991618394851685
34,0.566,17,LEFT_PINKY,0.5789098143577576,0.5348840951919556,-0.19458690285682678,0.9858865141868591,0.9997532963752747
34,0.566,18,RIGHT_PINKY,0.43224212527275085,0.5342670679092407,-0.10419125854969025,0.9316332936286926,0.9986715316772461
34,0.566,19,LEFT_INDEX,0.5712019801139832,0.5332192778587341,-0.2298949807882309,0.9863042235374451,0.9998032450675964
34,0.566,20,RIGHT_INDEX,0.4394996464252472,0.5325337648391724,-0.14637692272663116,0.9357261657714844,0.9987530708312988
34,0.566,21,LEFT_THUMB,0.5682017803192139,0.5291182994842529,-0.17225882411003113,0.9816756248474121,0.9998812675476074
34,0.566,22,RIGHT_THUMB,0.4438406825065613,0.5276755094528198,-0.09164281189441681,0.9306055307388306,0.999104917049408
34,0.566,23,LEFT_HIP,0.5454541444778442,0.5306702256202698,-0.020778700709342957,0.9998289346694946,0.999742329120636
34,0.566,24,RIGHT_HIP,0.48323196172714233,0.5315728187561035,0.020787136629223824,0.9997855424880981,0.9997945427894592
34,0.566,25,LEFT_KNEE,0.55130934715271,0.5957151055335999,0.0141609413549304,0.9955928921699524,0.999924898147583
34,0.566,26,RIGHT_KNEE,0.4807246923446655,0.594254195690155,0.07600855082273483,0.9900276064872742,0.999858021736145
34,0.566,27,LEFT_ANKLE,0.5548461079597473,0.6501455307006836,0.19616416096687317,0.9906335473060608,0.9991027116775513
34,0.566,28,RIGHT_ANKLE,0.4858320355415344,0.648482084274292,0.2750302255153656,0.9884918928146362,0.9995817542076111
34,0.566,29,LEFT_HEEL,0.5511519312858582,0.6586557626724243,0.20557858049869537,0.8536122441291809,0.9981786012649536
34,0.566,30,RIGHT_HEEL,0.4945354759693146,0.6571581363677979,0.2873796820640564,0.9130305051803589,0.9990918636322021
34,0.566,31,LEFT_FOOT_INDEX,0.5549381375312805,0.6672611236572266,0.07526011765003204,0.9819203615188599,0.991668701171875
34,0.566,32,RIGHT_FOOT_INDEX,0.4643946886062622,0.6677106618881226,0.1748218834400177,0.9823758602142334,0.9950746893882751
35,0.583,0,NOSE,0.5181406140327454,0.3987937867641449,-0.23274043202400208,0.9999472498893738,0.9994829893112183
35,0.583,1,LEFT_EYE_INNER,0.5229917168617249,0.39335769414901733,-0.21482090651988983,0.9997863173484802,0.998748779296875
35,0.583,2,LEFT_EYE,0.5265946388244629,0.3934645652770996,-0.21486985683441162,0.9997982382774353,0.9988183379173279
35,0.583,3,LEFT_EYE_OUTER,0.5303138494491577,0.3936082124710083,-0.2148761749267578,0.9997951984405518,0.9988530874252319
35,0.583,4,RIGHT_EYE_INNER,0.5114884972572327,0.39325588941574097,-0.2148839682340622,0.9997386932373047,0.9985716342926025
35,0.583,5,RIGHT_EYE,0.506819486618042,0.3933623135089874,-0.2148413211107254,0.9997140169143677,0.9983881711959839
35,0.583,6,RIGHT_EYE_OUTER,0.5020180344581604,0.39352014660835266,-0.21486428380012512,0.9996834993362427,0.9982372522354126
35,0.583,7,LEFT_EAR,0.5336655378341675,0.3968886137008667,-0.10748150199651718,0.9996674656867981,0.9990280866622925
35,0.583,8,RIGHT_EAR,0.49527186155319214,0.3969613313674927,-0.1066579818725586,0.9993194341659546,0.9980225563049316
35,0.583,9,MOUTH_LEFT,0.5239666104316711,0.40608319640159607,-0.1914576292037964,0.9999280571937561,0.9997181296348572
35,0.583,10,MOUTH_RIGHT,0.5108211040496826,0.40637919306755066,-0.191328763961792,0.9999018311500549,0.9996045231819153
35,0.583,11,LEFT_SHOULDER,0.5671205520629883,0.4368397295475006,-0.0673322007060051,0.9999805092811584,0.9999396800994873
35,0.583,12,RIGHT_SHOULDER,0.46022987365722656,0.4364624619483948,-0.02548624761402607,0.9998255968093872,0.9996966123580933
35,0.583,13,LEFT_ELBOW,0.5862725973129272,0.4793437123298645,-0.04062209278345108,0.9906120896339417,0.9998008608818054
35,0.583,14,RIGHT_ELBOW,0.43649616837501526,0.4798491597175598,0.02064836211502552,0.9485522508621216,0.9992741942405701
35,0.583,15,LEFT_WRIST,0.5784128904342651,0.5209357738494873,-0.15623880922794342,0.9921764135360718,0.9999223947525024
35,0.583,16,RIGHT_WRIST,0.43646538257598877,0.5204002857208252,-0.07360033690929413,0.9540774822235107,0.9991851449012756
35,0.583,17,LEFT_PINKY,0.5793979167938232,0.5350602269172668,-0.19399701058864594,0.9857683181762695,0.9997802376747131
35,0.583,18,RIGHT_PINKY,0.4319995939731598,0.5344772338867188,-0.1059274673461914,0.9314089417457581,0.9987313151359558
35,0.583,19,LEFT_INDEX,0.5716801285743713,0.533441424369812,-0.22934824228286743,0.986192524433136,0.9998255372047424
35,0.583,20,RIGHT_INDEX,0.4392460584640503,0.5327544808387756,-0.147290900349617,0.9355169534683228,0.9988202452659607
35,0.583,21,LEFT_THUMB,0.5685646533966064,0.5292723774909973,-0.17197497189044952,0.9815665483474731,0.9998935461044312
35,0.583,22,RIGHT_THUMB,0.44356927275657654,0.5279002785682678,-0.0930560901761055,0.9304273128509521,0.9991549253463745
35,0.583,23,LEFT_HIP,0.5449991226196289,0.5307255983352661,-0.020765554159879684,0.9998283982276917,0.9997336268424988
35,0.583,24,RIGHT_HIP,0.4827938377857208,0.5316437482833862,0.02077236771583557,0.999785304069519,0.9997808337211609
35,0.583,25,LEFT_KNEE,0.5513215065002441,0.5958004593849182,0.015581752173602581,0.9956128597259521,0.9999268054962158
35,0.583,26,RIGHT_KNEE,0.4807283282279968,0.5943042635917664,0.07595717161893845,0.9901852011680603,0.9998642206192017
35,0.583,27,LEFT_ANKLE,0.5548412203788757,0.6501206159591675,0.20036378502845764,0.990727424621582,0.9991876482963562
35,0.583,28,RIGHT_ANKLE,0.4861598312854767,0.6485695242881775,0.2734222114086151,0.9886978268623352,0.9995608925819397
35,0.583,29,LEFT_HEEL,0.5510387420654297,0.6585710048675537,0.21009083092212677,0.8534570932388306,0.9983726143836975
35,0.583,30,RIGHT_HEEL,0.49497973918914795,0.657212495803833,0.28547948598861694,0.913864254951477,0.9990509152412415
35,0.583,31,LEFT_FOOT_INDEX,0.554932177066803,0.667343258857727,0.07937248051166534,0.9821179509162903,0.9922534823417664
35,0.583,32,RIGHT_FOOT_INDEX,0.46440184116363525,0.6678203344345093,0.1719997227191925,0.9827074408531189,0.9947534799575806
36,0.6,0,NOSE,0.5179015398025513,0.3989519476890564,-0.23763640224933624,0.9999473094940186,0.9995560050010681
36,0.6,1,LEFT_EYE_INNER,0.52264004945755,0.39350682497024536,-0.21961668133735657,0.999785304069519,0.9989959597587585
36,0.6,2,LEFT_EYE,0.5261780619621277,0.39361029863357544,-0.21966521441936493,0.9997978210449219,0.9990511536598206
36,0.6,3,LEFT_EYE_OUTER,0.5299206376075745,0.3937629163265228,-0.21967412531375885,0.9997948408126831,0.9990843534469604
36,0.6,4,RIGHT_EYE_INNER,0.5112012028694153,0.39339330792427063,-0.21968327462673187,0.999735951423645,0.9988435506820679
36,0.6,5,RIGHT_EYE,0.5065317749977112,0.39349377155303955,-0.21964071691036224,0.9997106194496155,0.9986838698387146
36,0.6,6,RIGHT_EYE_OUTER,0.5017116069793701,0.3936464488506317,-0.21965911984443665,0.9996793270111084,0.9985559582710266
36,0.6,7,LEFT_EAR,0.5332115888595581,0.3970208168029785,-0.11039513349533081,0.9996678829193115,0.9992425441741943
36,0.6,8,RIGHT_EAR,0.49492186307907104,0.397051066160202,-0.10902418941259384,0.9993074536323547,0.9983826875686646
36,0.6,9,MOUTH_LEFT,0.5236336588859558,0.40624701976776123,-0.19546255469322205,0.99992835521698,0.9997643828392029
36,0.6,10,MOUTH_RIGHT,0.5105021595954895,0.4065190255641937,-0.195267453789711,0.9999013543128967,0.9996633529663086
36,0.6,11,LEFT_SHOULDER,0.5665522813796997,0.4368828535079956,-0.0682978630065918,0.9999810457229614,0.9999569654464722
36,0.6,12,RIGHT_SHOULDER,0.4600856602191925,0.43650680780410767,-0.025553787127137184,0.9998269081115723,0.9997389912605286
36,0.6,13,LEFT_ELBOW,0.5860439538955688,0.47938039898872375,-0.04072791337966919,0.9906421899795532,0.999822199344635
36,0.6,14,RIGHT_ELBOW,0.4363850951194763,0.4799645245075226,0.022557007148861885,0.9481459856033325,0.999300479888916
36,0.6,15,LEFT_WRIST,0.5786890387535095,0.5210774540901184,-0.15631446242332458,0.9920774102210999,0.9999256134033203
36,0.6,16,RIGHT_WRIST,0.43633830547332764,0.5206767916679382,-0.07170500606298447,0.9540181756019592,0.9992247819900513
36,0.6,17,LEFT_PINKY,0.5798324346542358,0.5352055430412292,-0.19405582547187805,0.9855720400810242,0.9997878670692444
36,0.6,18,RIGHT_PINKY,0.4318765103816986,0.5347093939781189,-0.10425615310668945,0.9311513900756836,0.9987866282463074
36,0.6,19,LEFT_INDEX,0.5720735192298889,0.5336906909942627,-0.2297293245792389,0.9860064387321472,0.9998270869255066
36,0.6,20,RIGHT_INDEX,0.43900707364082336,0.5330440402030945,-0.1459764987230301,0.9352911710739136,0.9988493919372559
36,0.6,21,LEFT_THUMB,0.5688318610191345,0.529502272605896,-0.17221923172473907,0.9813485145568848,0.9998964071273804
36,0.6,22,RIGHT_THUMB,0.4432576894760132,0.5282350182533264,-0.09132003784179688,0.9301875233650208,0.9991764426231384
36,0.6,23,LEFT_HIP,0.5445305705070496,0.5307220816612244,-0.02121013030409813,0.9998320937156677,0.9998013377189636
36,0.6,24,RIGHT_HIP,0.4821394681930542,0.5316356420516968,0.02121683582663536,0.9997871518135071,0.9998087286949158
36,0.6,25,LEFT_KNEE,0.5512769818305969,0.5958998799324036,0.011535639874637127,0.9956989884376526,0.999946117401123
36,0.6,26,RIGHT_KNEE,0.48065224289894104,0.5942885875701904,0.07714266330003738,0.9902732372283936,0.9998764991760254
36,0.6,27,LEFT_ANKLE,0.5550076365470886,0.6500853300094604,0.1999915987253189,0.9909031987190247,0.99934321641922
36,0.6,28,RIGHT_ANKLE,0.4863496422767639,0.6485642194747925,0.2835414707660675,0.9888753890991211,0.9996688365936279
36,0.6,29,LEFT_HEEL,0.5511338710784912,0.6584884524345398,0.209860697388649,0.8526422381401062,0.9986929297447205
36,0.6,30,RIGHT_HEEL,0.495187371969223,0.6571840643882751,0.29673802852630615,0.9146196246147156,0.9993090629577637
36,0.6,31,LEFT_FOOT_INDEX,0.5549814701080322,0.6673076748847961,0.07656802982091904,0.9824792146682739,0.9938341379165649
36,0.6,32,RIGHT_FOOT_INDEX,0.46435654163360596,0.667813241481781,0.18198144435882568,0.9830944538116455,0.9962782263755798
37,0.616,0,NOSE,0.5177438855171204,0.39898547530174255,-0.24615705013275146,0.9999467730522156,0.9993677735328674
37,0.616,1,LEFT_EYE_INNER,0.5223803520202637,0.3935468792915344,-0.2278054803609848,0.9997818470001221,0.9985647797584534
37,0.616,2,LEFT_EYE,0.5259184837341309,0.39364874362945557,-0.22785480320453644,0.9997950792312622,0.9986616373062134
37,0.616,3,LEFT_EYE_OUTER,0.5296608805656433,0.39380261301994324,-0.22786740958690643,0.9997925162315369,0.9987295269966125
37,0.616,4,RIGHT_EYE_INNER,0.5109581351280212,0.39343422651290894,-0.22764641046524048,0.9997283816337585,0.9983009696006775
37,0.616,5,RIGHT_EYE,0.5062733888626099,0.39353635907173157,-0.2276054322719574,0.9997017979621887,0.9980483055114746
37,0.616,6,RIGHT_EYE_OUTER,0.5014198422431946,0.3936920464038849,-0.22762535512447357,0.999669075012207,0.9978475570678711
37,0.616,7,LEFT_EAR,0.5329082012176514,0.3970424234867096,-0.11668862402439117,0.9996658563613892,0.9989858269691467
37,0.616,8,RIGHT_EAR,0.4945075809955597,0.39711523056030273,-0.11387097090482712,0.999278724193573,0.9975740313529968
37,0.616,9,MOUTH_LEFT,0.5234466195106506,0.4062784016132355,-0.20331214368343353,0.9999290108680725,0.9997021555900574
37,0.616,10,MOUTH_RIGHT,0.5103511214256287,0.4065720736980438,-0.20275738835334778,0.9999006390571594,0.999542236328125
37,0.616,11,LEFT_SHOULDER,0.5663594007492065,0.4369162917137146,-0.07222221791744232,0.9999815821647644,0.999954104423523
37,0.616,12,RIGHT_SHOULDER,0.45984360575675964,0.43651118874549866,-0.026148293167352676,0.999825119972229,0.9996578693389893
37,0.616,13,LEFT_ELBOW,0.5859150886535645,0.47947219014167786,-0.04160528630018234,0.9907710552215576,0.9998212456703186
37,0.616,14,RIGHT_ELBOW,0.4362438917160034,0.4800390303134918,0.02268609032034874,0.947660505771637,0.9991897940635681
37,0.616,15,LEFT_WRIST,0.5790003538131714,0.5213171243667603,-0.15765529870986938,0.9921388030052185,0.999931812286377
37,0.616,16,RIGHT_WRIST,0.4362444281578064,0.5208176374435425,-0.07240675389766693,0.9539239406585693,0.9991301894187927
37,0.616,17,LEFT_PINKY,0.5804176330566406,0.5353793501853943,-0.19562110304832458,0.9856540560722351,0.9998020529747009
37,0.616,18,RIGHT_PINKY,0.43176618218421936,0.5348721742630005,-0.10534856468439102,0.9308959245681763,0.9986634254455566
37,0.616,19,LEFT_INDEX,0.5724534392356873,0.5338984727859497,-0.232115238904953,0.9860868453979492,0.9998390674591064
37,0.616,20,RIGHT_INDEX,0.4388155937194824,0.5332421064376831,-0.14718188345432281,0.9350684881210327,0.9987297654151917
37,0.616,21,LEFT_THUMB,0.5691195726394653,0.529735267162323,-0.1738300770521164,0.9814503192901611,0.9999043941497803
37,0.616,22,RIGHT_THUMB,0.4430012106895447,0.5284444093704224,-0.09212583303451538,0.9299665093421936,0.9990794658660889
37,0.616,23,LEFT_HIP,0.544288694858551,0.5308110117912292,-0.02165055274963379,0.9998363852500916,0.9998113512992859
37,0.616,24,RIGHT_HIP,0.48174190521240234,0.5317016243934631,0.021651865914463997,0.9997898936271667,0.9998050332069397
37,0.616,25,LEFT_KNEE,0.5511851906776428,0.5961693525314331,0.010787666775286198,0.9958233833312988,0.9999462366104126
37,0.616,26,RIGHT_KNEE,0.48050662875175476,0.5943244099617004,0.0795777291059494,0.9904282093048096,0.9998596906661987
37,0.616,27,LEFT_ANKLE,0.5550189018249512,0.6500688791275024,0.22064712643623352,0.9911098480224609,0.9993409514427185
37,0.616,28,RIGHT_ANKLE,0.4864513874053955,0.6485666632652283,0.30264782905578613,0.9891022443771362,0.9996417760848999
37,0.616,29,LEFT_HEEL,0.551177978515625,0.6581834554672241,0.2338745892047882,0.8517889380455017,0.998722493648529
37,0.616,30,RIGHT_HEEL,0.4952205419540405,0.6571630239486694,0.31778770685195923,0.9153257012367249,0.9992758631706238
37,0.616,31,LEFT_FOOT_INDEX,0.5549774169921875,0.6672885417938232,0.09736543148756027,0.9829121232032776,0.9939824938774109
37,0.616,32,RIGHT_FOOT_INDEX,0.4642760157585144,0.6678655743598938,0.20101439952850342,0.9835484027862549,0.9959844350814819
38,0.633,0,NOSE,0.517691433429718,0.399055153131485,-0.24809479713439941,0.9999458193778992,0.9994137287139893
38,0.633,1,LEFT_EYE_INNER,0.522301435470581,0.3936012387275696,-0.22943954169750214,0.9997764825820923,0.9986847043037415
38,0.633,2,LEFT_EYE,0.5258423089981079,0.393703818321228,-0.22948744893074036,0.9997907280921936,0.9987731575965881
38,0.633,3,LEFT_EYE_OUTER,0.5295662879943848,0.393861323595047,-0.2294946163892746,0.9997883439064026,0.9988316893577576
38,0.633,4,RIGHT_EYE_INNER,0.510893702507019,0.393472284078598,-0.23002707958221436,0.9997197985649109,0.9984495639801025
38,0.633,5,RIGHT_EYE,0.5062021017074585,0.3935680687427521,-0.22998479008674622,0.9996920824050903,0.9982244372367859
38,0.633,6,RIGHT_EYE_OUTER,0.5013391375541687,0.3937155604362488,-0.23000173270702362,0.9996572136878967,0.9980431795120239
38,0.633,7,LEFT_EAR,0.5326946377754211,0.3970886170864105,-0.11741118878126144,0.9996602535247803,0.9990540146827698
38,0.633,8,RIGHT_EAR,0.4943569004535675,0.3971165418624878,-0.11765595525503159,0.9992472529411316,0.9977693557739258
38,0.633,9,MOUTH_LEFT,0.5232866406440735,0.4063539505004883,-0.2049436867237091,0.9999281764030457,0.9997172951698303
38,0.633,10,MOUTH_RIGHT,0.5102805495262146,0.40662914514541626,-0.20536606013774872,0.9998980164527893,0.9995818734169006
38,0.633,11,LEFT_SHOULDER,0.5659757256507874,0.43705183267593384,-0.0725691169500351,0.9999818205833435,0.9999507665634155
38,0.633,12,RIGHT_SHOULDER,0.4595440626144409,0.43670278787612915,-0.02780521661043167,0.9998222589492798,0.9996811151504517
38,0.633,13,LEFT_ELBOW,0.5858179330825806,0.4795670509338379,-0.041548989713191986,0.9908296465873718,0.9998143315315247
38,0.633,14,RIGHT_ELBOW,0.4360789358615875,0.4802752435207367,0.021828876808285713,0.9467718005180359,0.9992031455039978
38,0.633,15,LEFT_WRIST,0.5794280767440796,0.5215911865234375,-0.15764251351356506,0.9921147227287292,0.9999282360076904
38,0.633,16,RIGHT_WRIST,0.4360257387161255,0.5210829973220825,-0.07351662218570709,0.9535411596298218,0.9991298317909241
38,0.633,17,LEFT_PINKY,0.5811282396316528,0.5355551838874817,-0.1955396980047226,0.9855836033821106,0.9998005032539368
38,0.633,18,RIGHT_PINKY,0.4315909743309021,0.535067617893219,-0.10649295151233673,0.9303898215293884,0.9986975193023682
38,0.633,19,LEFT_INDEX,0.5729752779006958,0.5340747237205505,-0.2321116179227829,0.9860206842422485,0.9998382329940796
38,0.633,20,RIGHT_INDEX,0.4386184513568878,0.5334453582763672,-0.1486220806837082,0.9346348643302917,0.9987627267837524
38,0.633,21,LEFT_THUMB,0.5695284008979797,0.5299160480499268,-0.17383559048175812,0.9813661575317383,0.9999023675918579
38,0.633,22,RIGHT_THUMB,0.44269952178001404,0.5286957025527954,-0.09339237213134766,0.9295040965080261,0.9991043210029602
38,0.633,23,LEFT_HIP,0.5438499450683594,0.5311267375946045,-0.02171543426811695,0.9998370409011841,0.9997609257698059
38,0.633,24,RIGHT_HIP,0.48133403062820435,0.5320199131965637,0.021715590730309486,0.999789297580719,0.9997758269309998
38,0.633,25,LEFT_KNEE,0.5511494874954224,0.5965436697006226,0.012563501484692097,0.9959401488304138,0.9999507665634155
38,0.633,26,RIGHT_KNEE,0.48039522767066956,0.5945260524749756,0.07888253033161163,0.9906365275382996,0.9998785257339478
38,0.633,27,LEFT_ANKLE,0.555180549621582,0.6500656008720398,0.21901346743106842,0.9913733601570129,0.9994392991065979
38,0.633,28,RIGHT_ANKLE,0.48677515983581543,0.6487371325492859,0.2936802804470062,0.9894017577171326,0.9997181296348572
38,0.633,29,LEFT_HEEL,0.5513891577720642,0.6581346988677979,0.23105435073375702,0.851932168006897,0.9988829493522644
38,0.633,30,RIGHT_HEEL,0.49559709429740906,0.6573407053947449,0.30751416087150574,0.9167653322219849,0.9994043111801147
38,0.633,31,LEFT_FOOT_INDEX,0.5550752878189087,0.6673834323883057,0.0954047292470932,0.9834222197532654,0.9948028326034546
38,0.633,32,RIGHT_FOOT_INDEX,0.4642573297023773,0.6680578589439392,0.1920424848794937,0.9840737581253052,0.9966423511505127
39,0.65,0,NOSE,0.5171462893486023,0.3992078900337219,-0.24670886993408203,0.9999463558197021,0.9995959401130676
39,0.65,1,LEFT_EYE_INNER,0.5218618512153625,0.3937317728996277,-0.22818507254123688,0.9997782707214355,0.9990320205688477
39,0.65,2,LEFT_EYE,0.5253875851631165,0.3938261866569519,-0.22823256254196167,0.9997923970222473,0.9990910291671753
39,0.65,3,LEFT_EYE_OUTER,0.5291327238082886,0.39398059248924255,-0.22823795676231384,0.9997895956039429,0.9991187453269958
39,0.65,4,RIGHT_EYE_INNER,0.5103362798690796,0.39360716938972473,-0.22885887324810028,0.9997224807739258,0.9988666772842407
39,0.65,5,RIGHT_EYE,0.5055697560310364,0.39369362592697144,-0.2288183867931366,0.9996940493583679,0.9987037181854248
39,0.65,6,RIGHT_EYE_OUTER,0.5007600784301758,0.39383265376091003,-0.22883540391921997,0.9996578693389893,0.998555600643158
39,0.65,7,LEFT_EAR,0.5323159694671631,0.3971420228481293,-0.11682400852441788,0.9996615052223206,0.9992687106132507
39,0.65,8,RIGHT_EAR,0.4938519597053528,0.397149920463562,-0.11798952519893646,0.9992550611495972,0.998339056968689
39,0.65,9,MOUTH_LEFT,0.5228026509284973,0.4065019488334656,-0.20389343798160553,0.99992835521698,0.9997795224189758
39,0.65,10,MOUTH_RIGHT,0.509682297706604,0.4068276286125183,-0.2045201063156128,0.9998982548713684,0.9996722936630249
39,0.65,11,LEFT_SHOULDER,0.5658254027366638,0.43712201714515686,-0.07242365926504135,0.9999819993972778,0.9999586343765259
39,0.65,12,RIGHT_SHOULDER,0.45928364992141724,0.43671321868896484,-0.031299129128456116,0.9998257756233215,0.9997348189353943
39,0.65,13,LEFT_ELBOW,0.5857354402542114,0.47964200377464294,-0.041358932852745056,0.9909119606018066,0.9998403787612915
39,0.65,14,RIGHT_ELBOW,0.43581998348236084,0.48033636808395386,0.014254139736294746,0.946771502494812,0.9992682337760925
39,0.65,15,LEFT_WRIST,0.5796286463737488,0.5218222737312317,-0.15693455934524536,0.9922124147415161,0.9999381303787231
39,0.65,16,RIGHT_WRIST,0.43595391511917114,0.5213577151298523,-0.07911856472492218,0.9532160758972168,0.9991254210472107
39,0.65,17,LEFT_PINKY,0.5815598368644714,0.535863995552063,-0.19464698433876038,0.9857015609741211,0.99981290102005
39,0.65,18,RIGHT_PINKY,0.4316849708557129,0.5353202819824219,-0.11205492913722992,0.9298535585403442,0.9986181259155273
39,0.65,19,LEFT_INDEX,0.5732898712158203,0.5344395041465759,-0.23123525083065033,0.9861421585083008,0.9998519420623779
39,0.65,20,RIGHT_INDEX,0.4386780560016632,0.533720076084137,-0.15367262065410614,0.9340780973434448,0.9987195730209351
39,0.65,21,LEFT_THUMB,0.5697322487831116,0.5302127003669739,-0.17316511273384094,0.9815459847450256,0.9999128580093384
39,0.65,22,RIGHT_THUMB,0.44271716475486755,0.5289947390556335,-0.0988100990653038,0.9289124011993408,0.9990994930267334
39,0.65,23,LEFT_HIP,0.543342113494873,0.5312028527259827,-0.02052718587219715,0.9998390078544617,0.9997774958610535
39,0.65,24,RIGHT_HIP,0.48078736662864685,0.5320483446121216,0.020537294447422028,0.9997928142547607,0.9998173117637634
39,0.65,25,LEFT_KNEE,0.5511320233345032,0.5965887308120728,0.017821773886680603,0.995908796787262,0.9999264478683472
39,0.65,26,RIGHT_KNEE,0.48005354404449463,0.5945188999176025,0.07807232439517975,0.9907751679420471,0.999876856803894
39,0.65,27,LEFT_ANKLE,0.5551819801330566,0.6503309607505798,0.2139548808336258,0.991366982460022,0.9992318153381348
39,0.65,28,RIGHT_ANKLE,0.4868021011352539,0.648793637752533,0.2904748320579529,0.9894970059394836,0.999596893787384
39,0.65,29,LEFT_HEEL,0.5512049794197083,0.6584835052490234,0.22389821708202362,0.8546241521835327,0.9984700083732605
39,0.65,30,RIGHT_HEEL,0.4956522583961487,0.6574186682701111,0.30437180399894714,0.9173835515975952,0.9991199374198914
39,0.65,31,LEFT_FOOT_INDEX,0.5572001338005066,0.6674194931983948,0.09045833349227905,0.9834549427032471,0.9921789169311523
39,0.65,32,RIGHT_FOOT_INDEX,0.46425819396972656,0.6680478453636169,0.1896771937608719,0.9841476082801819,0.9950770735740662
40,0.666,0,NOSE,0.5166937708854675,0.3992418646812439,-0.24859045445919037,0.9999455213546753,0.9993832111358643
40,0.666,1,LEFT_EYE_INNER,0.5215362906455994,0.393777996301651,-0.23015081882476807,0.999772846698761,0.9985328912734985
40,0.666,2,LEFT_EYE,0.5249648094177246,0.3938746452331543,-0.2301945686340332,0.9997873306274414,0.998607337474823
40,0.666,3,LEFT_EYE_OUTER,0.5287537574768066,0.3940388262271881,-0.23019583523273468,0.9997841715812683,0.9986487030982971
40,0.666,4,RIGHT_EYE_INNER,0.5099690556526184,0.3936305046081543,-0.23072049021720886,0.9997164011001587,0.9983623623847961
40,0.666,5,RIGHT_EYE,0.5051685571670532,0.3937104642391205,-0.23068112134933472,0.999687135219574,0.9981626868247986
40,0.666,6,RIGHT_EYE_OUTER,0.5004056096076965,0.3938441872596741,-0.23070108890533447,0.9996492266654968,0.9980165958404541
40,0.666,7,LEFT_EAR,0.5320836305618286,0.3972393274307251,-0.11929846554994583,0.9996519684791565,0.998874843120575
40,0.666,8,RIGHT_EAR,0.4935222566127777,0.39716246724128723,-0.12021481245756149,0.9992373585700989,0.9978370070457458
40,0.666,9,MOUTH_LEFT,0.5224372148513794,0.406560480594635,-0.20606517791748047,0.9999275803565979,0.9997001886367798
40,0.666,10,MOUTH_RIGHT,0.5091339945793152,0.40686553716659546,-0.2065889537334442,0.9998970627784729,0.9995796084403992
40,0.666,11,LEFT_SHOULDER,0.5654692053794861,0.4372465908527374,-0.07402358949184418,0.9999819397926331,0.9999445676803589
40,0.666,12,RIGHT_SHOULDER,0.4588724374771118,0.4367835223674774,-0.034217480570077896,0.9998258948326111,0.9997096657752991
40,0.666,13,LEFT_ELBOW,0.5856847167015076,0.47978389263153076,-0.04336157068610191,0.9909297823905945,0.9997963309288025
40,0.666,14,RIGHT_ELBOW,0.43554335832595825,0.4804138243198395,0.009237606078386307,0.9463930130004883,0.9992092251777649
40,0.666,15,LEFT_WRIST,0.5798773169517517,0.5219763517379761,-0.15987786650657654,0.9922255277633667,0.999920129776001
40,0.666,16,RIGHT_WRIST,0.4360116720199585,0.521484911441803,-0.08798535168170929,0.9531526565551758,0.9991661310195923
40,0.666,17,LEFT_PINKY,0.5822300910949707,0.5360442996025085,-0.197455495595932,0.9857224822044373,0.9997708201408386
40,0.666,18,RIGHT_PINKY,0.431769460439682,0.5355265736579895,-0.12186003476381302,0.9297856688499451,0.9987165927886963
40,0.666,19,LEFT_INDEX,0.5736293792724609,0.5346781611442566,-0.23460252583026886,0.9861603379249573,0.9998179078102112
40,0.666,20,RIGHT_INDEX,0.4387580454349518,0.5338851809501648,-0.1628783792257309,0.9339771866798401,0.9988202452659607
40,0.666,21,LEFT_THUMB,0.5700311064720154,0.5304626822471619,-0.17635102570056915,0.9815763831138611,0.9998915195465088
40,0.666,22,RIGHT_THUMB,0.44276368618011475,0.5291247367858887,-0.10753597319126129,0.9287795424461365,0.9991521835327148
40,0.666,23,LEFT_HIP,0.5431262254714966,0.5315441489219666,-0.02049495466053486,0.9998405575752258,0.9997866749763489
40,0.666,24,RIGHT_HIP,0.48056578636169434,0.5323635935783386,0.020503835752606392,0.9997951984405518,0.9998291730880737
40,0.666,25,LEFT_KNEE,0.5511124730110168,0.596924364566803,0.018965154886245728,0.9960234761238098,0.9999433755874634
40,0.666,26,RIGHT_KNEE,0.47983336448669434,0.5945190787315369,0.08102565258741379,0.9910398721694946,0.9998891353607178
40,0.666,27,LEFT_ANKLE,0.5551744103431702,0.6503995656967163,0.2139376848936081,0.9915945529937744,0.9993280172348022
40,0.666,28,RIGHT_ANKLE,0.48688754439353943,0.6489036679267883,0.2939283549785614,0.9897795915603638,0.9996778964996338
40,0.666,29,LEFT_HEEL,0.5509516000747681,0.6585209965705872,0.2239999771118164,0.8563402891159058,0.9986342787742615
40,0.666,30,RIGHT_HEEL,0.4960228204727173,0.6575242877006531,0.3075912296772003,0.918899655342102,0.9993047714233398
40,0.666,31,LEFT_FOOT_INDEX,0.557841420173645,0.6675459742546082,0.09020096808671951,0.9838896989822388,0.9929882884025574
40,0.666,32,RIGHT_FOOT_INDEX,0.46404680609703064,0.6681310534477234,0.19317279756069183,0.9845974445343018,0.995902955532074
41,0.683,0,NOSE,0.5164179801940918,0.3993626534938812,-0.24807682633399963,0.9999443292617798,0.9993178844451904
41,0.683,1,LEFT_EYE_INNER,0.5211865901947021,0.3938533365726471,-0.22969725728034973,0.9997671842575073,0.9984371066093445
41,0.683,2,LEFT_EYE,0.5246349573135376,0.39394739270210266,-0.22974224388599396,0.9997824430465698,0.998540997505188
41,0.683,3,LEFT_EYE_OUTER,0.528409481048584,0.3941096365451813,-0.22974538803100586,0.9997797608375549,0.9986063838005066
41,0.683,4,RIGHT_EYE_INNER,0.5096295475959778,0.3937147557735443,-0.23029768466949463,0.9997077584266663,0.9981630444526672
41,0.683,5,RIGHT_EYE,0.5048252940177917,0.39379677176475525,-0.2302599549293518,0.9996776580810547,0.9979019165039062
41,0.683,6,RIGHT_EYE_OUTER,0.5000665187835693,0.39393290877342224,-0.2302810549736023,0.9996387958526611,0.9976866245269775
41,0.683,7,LEFT_EAR,0.5317140817642212,0.3972960114479065,-0.11888437718153,0.9996445775032043,0.9988633394241333
41,0.683,8,RIGHT_EAR,0.4930104613304138,0.39723384380340576,-0.12010448426008224,0.9992125034332275,0.9973927736282349
41,0.683,9,MOUTH_LEFT,0.5221177339553833,0.40668725967407227,-0.20551727712154388,0.9999265074729919,0.9996688365936279
41,0.683,10,MOUTH_RIGHT,0.5088517069816589,0.4070170521736145,-0.20612694323062897,0.9998951554298401,0.9995112419128418
41,0.683,11,LEFT_SHOULDER,0.5650144219398499,0.43729454278945923,-0.0738200843334198,0.9999821782112122,0.9999490976333618
41,0.683,12,RIGHT_SHOULDER,0.45853716135025024,0.43678244948387146,-0.03400469198822975,0.9998242855072021,0.9996541738510132
41,0.683,13,LEFT_ELBOW,0.5855735540390015,0.479929119348526,-0.043327342718839645,0.9909785389900208,0.999811589717865
41,0.683,14,RIGHT_ELBOW,0.43522754311561584,0.480456680059433,0.011774416081607342,0.9459304213523865,0.9991587400436401
41,0.683,15,LEFT_WRIST,0.5801879167556763,0.5222233533859253,-0.1598787158727646,0.9922647476196289,0.9999244213104248
41,0.683,16,RIGHT_WRIST,0.4360556900501251,0.5216915011405945,-0.08384280651807785,0.9528846144676208,0.9990537762641907
41,0.683,17,LEFT_PINKY,0.5826802849769592,0.5363645553588867,-0.19751238822937012,0.9857871532440186,0.9997745156288147
41,0.683,18,RIGHT_PINKY,0.431855171918869,0.5358198881149292,-0.11763555556535721,0.9294001460075378,0.9985047578811646
41,0.683,19,LEFT_INDEX,0.5740261673927307,0.5350242257118225,-0.23474425077438354,0.986226499080658,0.9998186230659485
41,0.683,20,RIGHT_INDEX,0.43885448575019836,0.5341382622718811,-0.15894784033298492,0.9336227774620056,0.9986050724983215
41,0.683,21,LEFT_THUMB,0.570364236831665,0.5307838320732117,-0.17634616792201996,0.981672465801239,0.9998929500579834
41,0.683,22,RIGHT_THUMB,0.4428560435771942,0.5293738842010498,-0.10340927541255951,0.9283854365348816,0.998995840549469
41,0.683,23,LEFT_HIP,0.5428951978683472,0.5317562818527222,-0.020652616396546364,0.9998410940170288,0.9997658133506775
41,0.683,24,RIGHT_HIP,0.48019251227378845,0.5325067639350891,0.02066022716462612,0.9997943043708801,0.9997705817222595
41,0.683,25,LEFT_KNEE,0.5511072874069214,0.5970861911773682,0.018974866718053818,0.9960561394691467,0.9999270439147949
41,0.683,26,RIGHT_KNEE,0.4794510304927826,0.5945237874984741,0.08146083354949951,0.9910792112350464,0.99982750415802
41,0.683,27,LEFT_ANKLE,0.555250883102417,0.6503704786300659,0.21910470724105835,0.9915915131568909,0.9989940524101257
41,0.683,28,RIGHT_ANKLE,0.4869389235973358,0.6490105390548706,0.29387176036834717,0.989783525466919,0.9994980096817017
41,0.683,29,LEFT_HEEL,0.5509653687477112,0.6584455370903015,0.2302999347448349,0.8543133735656738,0.9980261921882629
41,0.683,30,RIGHT_HEEL,0.49602118134498596,0.6575220227241516,0.30766621232032776,0.9187545776367188,0.998969316482544
41,0.683,31,LEFT_FOOT_INDEX,0.5577600598335266,0.6675818562507629,0.09617084264755249,0.9839010834693909,0.9908074736595154
41,0.683,32,RIGHT_FOOT_INDEX,0.46403229236602783,0.6683670282363892,0.19328051805496216,0.984685480594635,0.9942882061004639
42,0.7,0,NOSE,0.5157116651535034,0.3993888795375824,-0.2503837049007416,0.9999436140060425,0.9993867874145508
42,0.7,1,LEFT_EYE_INNER,0.5205504298210144,0.3938770592212677,-0.23207922279834747,0.999763011932373,0.9985443353652954
42,0.7,2,LEFT_EYE,0.5240277051925659,0.39397090673446655,-0.2321224957704544,0.9997786283493042,0.9986201524734497
42,0.7,3,LEFT_EYE_OUTER,0.5278743505477905,0.39413806796073914,-0.23212526738643646,0.9997760653495789,0.9986622333526611
42,0.7,4,RIGHT_EYE_INNER,0.5088489651679993,0.39374056458473206,-0.2322273552417755,0.9997024536132812,0.9983705878257751
42,0.7,5,RIGHT_EYE,0.5040385723114014,0.39382684230804443,-0.23219013214111328,0.9996716976165771,0.9981676340103149
42,0.7,6,RIGHT_EYE_OUTER,0.4993613362312317,0.3939618468284607,-0.23221184313297272,0.9996324777603149,0.9980176687240601
42,0.7,7,LEFT_EAR,0.5314114689826965,0.39736494421958923,-0.1215614303946495,0.9996383190155029,0.9988837838172913
42,0.7,8,RIGHT_EAR,0.49250471591949463,0.39730173349380493,-0.12088870257139206,0.9991958737373352,0.9978466033935547
42,0.7,9,MOUTH_LEFT,0.5216455459594727,0.4067436456680298,-0.20798318088054657,0.9999260902404785,0.9997010231018066
42,0.7,10,MOUTH_RIGHT,0.5081934332847595,0.4070664644241333,-0.20797313749790192,0.9998942017555237,0.9995768666267395
42,0.7,11,LEFT_SHOULDER,0.564856767654419,0.437377005815506,-0.07596609741449356,0.9999821782112122,0.999944806098938
42,0.7,12,RIGHT_SHOULDER,0.45818614959716797,0.4368346631526947,-0.03462161496281624,0.999824583530426,0.9997099041938782
42,0.7,13,LEFT_ELBOW,0.5855371356010437,0.48021581768989563,-0.04570408910512924,0.9910828471183777,0.9997835755348206
42,0.7,14,RIGHT_ELBOW,0.43490105867385864,0.4806380271911621,0.010902212001383305,0.9457375407218933,0.9992077946662903
42,0.7,15,LEFT_WRIST,0.5805796980857849,0.5225610733032227,-0.16251637041568756,0.992285966873169,0.9999130964279175
42,0.7,16,RIGHT_WRIST,0.436109334230423,0.5219316482543945,-0.08632317930459976,0.9529497027397156,0.9992121458053589
42,0.7,17,LEFT_PINKY,0.5834878087043762,0.536591112613678,-0.20057079195976257,0.9858021140098572,0.9997519850730896
42,0.7,18,RIGHT_PINKY,0.4319235682487488,0.53618985414505,-0.12073276937007904,0.9294180274009705,0.9987775683403015
42,0.7,19,LEFT_INDEX,0.574648916721344,0.535355806350708,-0.23785510659217834,0.9862386584281921,0.9998027682304382
42,0.7,20,RIGHT_INDEX,0.4388900697231293,0.5344268083572388,-0.16183063387870789,0.9336075186729431,0.9988755583763123
42,0.7,21,LEFT_THUMB,0.5709241628646851,0.5312310457229614,-0.179026797413826,0.98170405626297,0.9998823404312134
42,0.7,22,RIGHT_THUMB,0.4429323673248291,0.5296198725700378,-0.10587769001722336,0.9283444881439209,0.999188244342804
42,0.7,23,LEFT_HIP,0.5425103306770325,0.5321263074874878,-0.020780887454748154,0.9998418092727661,0.999755322933197
42,0.7,24,RIGHT_HIP,0.4795510172843933,0.5327587723731995,0.020785462111234665,0.9997953176498413,0.9997938275337219
42,0.7,25,LEFT_KNEE,0.5511015057563782,0.5974505543708801,0.02100881189107895,0.9961097836494446,0.9999346733093262
42,0.7,26,RIGHT_KNEE,0.478899747133255,0.5946096777915955,0.0840592160820961,0.9912344217300415,0.9998672008514404
42,0.7,27,LEFT_ANKLE,0.5553649067878723,0.650445818901062,0.2219858318567276,0.9916946887969971,0.9991632699966431
42,0.7,28,RIGHT_ANKLE,0.4869949221611023,0.6492422819137573,0.2971193194389343,0.9899085164070129,0.9996113181114197
42,0.7,29,LEFT_HEEL,0.5510095357894897,0.6584047079086304,0.23319865763187408,0.8538572192192078,0.9983360171318054
42,0.7,30,RIGHT_HEEL,0.4960279166698456,0.6576147675514221,0.31093332171440125,0.9194770455360413,0.9991725087165833
42,0.7,31,LEFT_FOOT_INDEX,0.5577844977378845,0.6676313877105713,0.0980755090713501,0.9840871095657349,0.9919712543487549
42,0.7,32,RIGHT_FOOT_INDEX,0.4639948308467865,0.6685830354690552,0.19619527459144592,0.9849144220352173,0.9952387809753418
43,0.716,0,NOSE,0.5148763656616211,0.39942091703414917,-0.25809699296951294,0.9999446868896484,0.9994587302207947
43,0.716,1,LEFT_EYE_INNER,0.5200602412223816,0.39389923214912415,-0.23977875709533691,0.99976646900177,0.998687207698822
43,0.716,2,LEFT_EYE,0.5234137773513794,0.39398807287216187,-0.2398124635219574,0.9997819066047668,0.9987505674362183
43,0.716,3,LEFT_EYE_OUTER,0.5272802710533142,0.394155353307724,-0.2398080676794052,0.9997788667678833,0.9987825751304626
43,0.716,4,RIGHT_EYE_INNER,0.5080096125602722,0.3937629759311676,-0.23972922563552856,0.9997069835662842,0.9985275268554688
43,0.716,5,RIGHT_EYE,0.5030888915061951,0.39385080337524414,-0.23969435691833496,0.9996770024299622,0.9983444213867188
43,0.716,6,RIGHT_EYE_OUTER,0.49858540296554565,0.39399245381355286,-0.2397153526544571,0.9996375441551208,0.9982080459594727
43,0.716,7,LEFT_EAR,0.5311299562454224,0.3973783254623413,-0.12755607068538666,0.999643087387085,0.9989922642707825
43,0.716,8,RIGHT_EAR,0.49183717370033264,0.39732953906059265,-0.12620243430137634,0.9992074370384216,0.9980669617652893
43,0.716,9,MOUTH_LEFT,0.5211590528488159,0.4068238437175751,-0.2150067687034607,0.9999279975891113,0.9997475743293762
43,0.716,10,MOUTH_RIGHT,0.5072702765464783,0.4071708023548126,-0.2148086577653885,0.9998969435691833,0.9996349811553955
43,0.716,11,LEFT_SHOULDER,0.5647426247596741,0.4375120997428894,-0.07809124141931534,0.9999825954437256,0.9999555349349976
43,0.716,12,RIGHT_SHOULDER,0.45783600211143494,0.4368567168712616,-0.03844667226076126,0.999828577041626,0.9997404217720032
43,0.716,13,LEFT_ELBOW,0.5854758024215698,0.4806060492992401,-0.04609499126672745,0.9911943078041077,0.9998204112052917
43,0.716,14,RIGHT_ELBOW,0.43456295132637024,0.4808248281478882,0.0016604543197900057,0.9458794593811035,0.9992528557777405
43,0.716,15,LEFT_WRIST,0.5811505317687988,0.5226889252662659,-0.1637170910835266,0.9923856854438782,0.9999253749847412
43,0.716,16,RIGHT_WRIST,0.436153769493103,0.5222764611244202,-0.10732414573431015,0.9533817768096924,0.9992948770523071
43,0.716,17,LEFT_PINKY,0.5841245055198669,0.5368903279304504,-0.20184488594532013,0.9859617948532104,0.9997803568840027
43,0.716,18,RIGHT_PINKY,0.43194061517715454,0.5364833474159241,-0.14345672726631165,0.9300146698951721,0.9989088773727417
43,0.716,19,LEFT_INDEX,0.5751832127571106,0.535711944103241,-0.23950457572937012,0.9863982200622559,0.9998231530189514
43,0.716,20,RIGHT_INDEX,0.43891647458076477,0.5347353219985962,-0.1833588182926178,0.9341071248054504,0.9989970326423645
43,0.716,21,LEFT_THUMB,0.5715076923370361,0.531535804271698,-0.18036240339279175,0.9819117188453674,0.9998966455459595
43,0.716,22,RIGHT_THUMB,0.44298675656318665,0.5299093127250671,-0.12653525173664093,0.9287626147270203,0.9992802739143372
43,0.716,23,LEFT_HIP,0.5423486232757568,0.5322598218917847,-0.02071082592010498,0.9998452663421631,0.9998108744621277
43,0.716,24,RIGHT_HIP,0.47914406657218933,0.5328514575958252,0.02071431651711464,0.9997990131378174,0.999829888343811
43,0.716,25,LEFT_KNEE,0.5510490536689758,0.5975782871246338,0.02078845538198948,0.9962024688720703,0.9999470710754395
43,0.716,26,RIGHT_KNEE,0.4787016808986664,0.5946477651596069,0.08533725887537003,0.9913937449455261,0.9998762607574463
43,0.716,27,LEFT_ANKLE,0.5553461313247681,0.6505162119865417,0.2216034084558487,0.9918361902236938,0.9993128776550293
43,0.716,28,RIGHT_ANKLE,0.4869772493839264,0.6494173407554626,0.30874279141426086,0.9900312423706055,0.999643087387085
43,0.716,29,LEFT_HEEL,0.5507279634475708,0.6583768129348755,0.23294013738632202,0.8544883131980896,0.9986458420753479
43,0.716,30,RIGHT_HEEL,0.4959840476512909,0.6576812267303467,0.3236859142780304,0.9197700619697571,0.9992775321006775
43,0.716,31,LEFT_FOOT_INDEX,0.5579359531402588,0.6679588556289673,0.09691758453845978,0.9843916296958923,0.9931411147117615
43,0.716,32,RIGHT_FOOT_INDEX,0.46399161219596863,0.6688565015792847,0.20633400976657867,0.9851627349853516,0.9959486126899719
44,0.733,0,NOSE,0.513276994228363,0.39948341250419617,-0.25588905811309814,0.9999436736106873,0.999327540397644
44,0.733,1,LEFT_EYE_INNER,0.5190731883049011,0.3939294219017029,-0.23772011697292328,0.9997605681419373,0.9983525276184082
44,0.733,2,LEFT_EYE,0.5223013758659363,0.39401835203170776,-0.23775598406791687,0.9997764825820923,0.998430073261261
44,0.733,3,LEFT_EYE_OUTER,0.5261175632476807,0.39418572187423706,-0.23775286972522736,0.9997730255126953,0.9984626770019531
44,0.733,4,RIGHT_EYE_INNER,0.5066606998443604,0.3938010334968567,-0.23763710260391235,0.9997009634971619,0.9982041120529175
44,0.733,5,RIGHT_EYE,0.50172358751297,0.39389005303382874,-0.23760198056697845,0.9996708631515503,0.9980177879333496
44,0.733,6,RIGHT_EYE_OUTER,0.4974384307861328,0.39403852820396423,-0.23762525618076324,0.999630331993103,0.9978898167610168
44,0.733,7,LEFT_EAR,0.5305812954902649,0.39746996760368347,-0.12715113162994385,0.9996315240859985,0.9986932873725891
44,0.733,8,RIGHT_EAR,0.49112361669540405,0.39742422103881836,-0.1253107339143753,0.9991912245750427,0.9978068470954895
44,0.733,9,MOUTH_LEFT,0.5201472043991089,0.4068910479545593,-0.21339312195777893,0.9999269247055054,0.9996719360351562
44,0.733,10,MOUTH_RIGHT,0.5056941509246826,0.40723925828933716,-0.21313194930553436,0.9998955130577087,0.9995536208152771
44,0.733,11,LEFT_SHOULDER,0.5644953846931458,0.4375954270362854,-0.07877272367477417,0.9999822974205017,0.9999370574951172
44,0.733,12,RIGHT_SHOULDER,0.457148939371109,0.43692949414253235,-0.039013639092445374,0.9998296499252319,0.9997164607048035
44,0.733,13,LEFT_ELBOW,0.5853663682937622,0.4809470772743225,-0.04660975933074951,0.9911661148071289,0.9997499585151672
44,0.733,14,RIGHT_ELBOW,0.4340134561061859,0.4809653162956238,-0.0005432384205050766,0.9451375603675842,0.9991558790206909
44,0.733,15,LEFT_WRIST,0.5816544890403748,0.5227909684181213,-0.16359105706214905,0.9923079013824463,0.9998914003372192
44,0.733,16,RIGHT_WRIST,0.4361969530582428,0.5224812030792236,-0.10791803896427155,0.9531865119934082,0.9991999268531799
44,0.733,17,LEFT_PINKY,0.5848227739334106,0.537079930305481,-0.20183227956295013,0.9858441948890686,0.9996962547302246
44,0.733,18,RIGHT_PINKY,0.43201744556427,0.536652147769928,-0.14339081943035126,0.9298412203788757,0.9987671375274658
44,0.733,19,LEFT_INDEX,0.5759700536727905,0.5360029935836792,-0.23926639556884766,0.9862903952598572,0.9997552037239075
44,0.733,20,RIGHT_INDEX,0.43901991844177246,0.5348575711250305,-0.18298766016960144,0.9338891506195068,0.998873770236969
44,0.733,21,LEFT_THUMB,0.5722826719284058,0.5318931937217712,-0.18015849590301514,0.9818113446235657,0.9998537302017212
44,0.733,22,RIGHT_THUMB,0.4430396556854248,0.5300127267837524,-0.12697643041610718,0.9285162091255188,0.9991863369941711
44,0.733,23,LEFT_HIP,0.5421761870384216,0.5325735807418823,-0.02070510946214199,0.9998459815979004,0.9997678399085999
44,0.733,24,RIGHT_HIP,0.47864776849746704,0.5331925749778748,0.020708097144961357,0.999799907207489,0.999810516834259
44,0.733,25,LEFT_KNEE,0.5510441660881042,0.5976749658584595,0.02240332029759884,0.9962039589881897,0.9999302625656128
44,0.733,26,RIGHT_KNEE,0.47830262780189514,0.5946370363235474,0.09113356471061707,0.991413414478302,0.9998623132705688
44,0.733,27,LEFT_ANKLE,0.5553483963012695,0.6504932641983032,0.2206287384033203,0.9917990565299988,0.9989842772483826
44,0.733,28,RIGHT_ANKLE,0.48700854182243347,0.6494091153144836,0.3133983016014099,0.9899346828460693,0.9995430707931519
44,0.733,29,LEFT_HEEL,0.5507174134254456,0.6583487391471863,0.23170225322246552,0.8538312911987305,0.9979645013809204
44,0.733,30,RIGHT_HEEL,0.49605870246887207,0.6575667858123779,0.3283231556415558,0.9197288155555725,0.9990447163581848
44,0.733,31,LEFT_FOOT_INDEX,0.5578845739364624,0.6679527163505554,0.0964544415473938,0.9843209981918335,0.9898090362548828
44,0.733,32,RIGHT_FOOT_INDEX,0.46420884132385254,0.6689126491546631,0.21511787176132202,0.9850841760635376,0.9945806860923767
45,0.75,0,NOSE,0.5113253593444824,0.39954236149787903,-0.26544883847236633,0.9999449253082275,0.9996132254600525
45,0.75,1,LEFT_EYE_INNER,0.5178080797195435,0.393976628780365,-0.24739903211593628,0.999764084815979,0.9990021586418152
45,0.75,2,LEFT_EYE,0.5210303664207458,0.39406639337539673,-0.24742677807807922,0.9997791051864624,0.9990211725234985
45,0.75,3,LEFT_EYE_OUTER,0.5248146057128906,0.3942347466945648,-0.24740973114967346,0.9997747540473938,0.9990129470825195
45,0.75,4,RIGHT_EYE_INNER,0.505146324634552,0.3938382863998413,-0.24682746827602386,0.999707818031311,0.9989638328552246
45,0.75,5,RIGHT_EYE,0.5003302097320557,0.3939218521118164,-0.24679656326770782,0.9996782541275024,0.9988635778427124
45,0.75,6,RIGHT_EYE_OUTER,0.496298223733902,0.39406830072402954,-0.2468188852071762,0.9996377825737,0.9987965822219849
45,0.75,7,LEFT_EAR,0.5298998355865479,0.3975594639778137,-0.1358734518289566,0.9996303915977478,0.9991100430488586
45,0.75,8,RIGHT_EAR,0.49053701758384705,0.39742791652679443,-0.13252894580364227,0.9992052912712097,0.9987488985061646
45,0.75,9,MOUTH_LEFT,0.5188001990318298,0.406983882188797,-0.22270835936069489,0.999927818775177,0.9997811913490295
45,0.75,10,MOUTH_RIGHT,0.5039459466934204,0.4072810709476471,-0.22193875908851624,0.9998974800109863,0.9997254014015198
45,0.75,11,LEFT_SHOULDER,0.5637713670730591,0.43769025802612305,-0.08517340570688248,0.9999821186065674,0.9999483823776245
45,0.75,12,RIGHT_SHOULDER,0.4565514624118805,0.4369697868824005,-0.045557137578725815,0.9998344779014587,0.999803364276886
45,0.75,13,LEFT_ELBOW,0.5852808356285095,0.481050044298172,-0.05363190174102783,0.9912595748901367,0.9998072981834412
45,0.75,14,RIGHT_ELBOW,0.4333726763725281,0.4810062050819397,-0.012712367810308933,0.9450840950012207,0.999365508556366
45,0.75,15,LEFT_WRIST,0.5823989510536194,0.5228366255760193,-0.17059265077114105,0.9922982454299927,0.9999114274978638
45,0.75,16,RIGHT_WRIST,0.4362274706363678,0.522585391998291,-0.1271941214799881,0.953503429889679,0.9994261264801025
45,0.75,17,LEFT_PINKY,0.5855327844619751,0.5371811389923096,-0.20842048525810242,0.985763669013977,0.9997544884681702
45,0.75,18,RIGHT_PINKY,0.4320390522480011,0.5367568731307983,-0.1632322520017624,0.9302047491073608,0.9991260170936584
45,0.75,19,LEFT_INDEX,0.5768106579780579,0.5361097455024719,-0.2456015646457672,0.9862151741981506,0.9998025298118591
45,0.75,20,RIGHT_INDEX,0.4391346573829651,0.5348931550979614,-0.20230185985565186,0.934143602848053,0.9992104768753052
45,0.75,21,LEFT_THUMB,0.5732039213180542,0.5319506525993347,-0.1870046854019165,0.9817368984222412,0.9998819828033447
45,0.75,22,RIGHT_THUMB,0.4430560767650604,0.5300329327583313,-0.14605143666267395,0.9286919832229614,0.9994346499443054
45,0.75,23,LEFT_HIP,0.5420166850090027,0.532760500907898,-0.020681867375969887,0.9998496174812317,0.9998390674591064
45,0.75,24,RIGHT_HIP,0.4783816337585449,0.5334173440933228,0.020682837814092636,0.9998050928115845,0.999883770942688
45,0.75,25,LEFT_KNEE,0.5510455369949341,0.5976552367210388,0.02437199093401432,0.9962553977966309,0.9999592304229736
45,0.75,26,RIGHT_KNEE,0.47806814312934875,0.5946065783500671,0.09954093396663666,0.9915412664413452,0.9999309778213501
45,0.75,27,LEFT_ANKLE,0.5553746819496155,0.6508211493492126,0.22050973773002625,0.9920017719268799,0.9995977282524109
45,0.75,28,RIGHT_ANKLE,0.487015962600708,0.649403989315033,0.327676922082901,0.9901394844055176,0.9998155236244202
45,0.75,29,LEFT_HEEL,0.5507048964500427,0.6585416197776794,0.23077483475208282,0.8576529026031494,0.9992006421089172
45,0.75,30,RIGHT_HEEL,0.4960610270500183,0.6575618386268616,0.34279105067253113,0.9213493466377258,0.999612033367157
45,0.75,31,LEFT_FOOT_INDEX,0.5589219927787781,0.6680595278739929,0.09192696958780289,0.9847802519798279,0.9956536293029785
45,0.75,32,RIGHT_FOOT_INDEX,0.46410226821899414,0.668923020362854,0.22845274209976196,0.98543381690979,0.997794508934021
46,0.766,0,NOSE,0.5108178853988647,0.3995700776576996,-0.26290827989578247,0.999946117401123,0.9997077584266663
46,0.766,1,LEFT_EYE_INNER,0.5171140432357788,0.3940025866031647,-0.2444634884595871,0.9997677803039551,0.9992350339889526
46,0.766,2,LEFT_EYE,0.5202927589416504,0.39409059286117554,-0.244492307305336,0.9997816681861877,0.9992406368255615
46,0.766,3,LEFT_EYE_OUTER,0.5241577625274658,0.39425894618034363,-0.24447397887706757,0.9997761845588684,0.9992269277572632
46,0.766,4,RIGHT_EYE_INNER,0.5045784711837769,0.39388275146484375,-0.24438098073005676,0.9997156262397766,0.9992210865020752
46,0.766,5,RIGHT_EYE,0.4997461438179016,0.3939781188964844,-0.24434684216976166,0.9996863007545471,0.9991471767425537
46,0.766,6,RIGHT_EYE_OUTER,0.4956168234348297,0.39413726329803467,-0.24436581134796143,0.9996461272239685,0.999096155166626
46,0.766,7,LEFT_EAR,0.5293513536453247,0.3976653218269348,-0.13274380564689636,0.9996281266212463,0.9993046522140503
46,0.766,8,RIGHT_EAR,0.4897685945034027,0.3975752592086792,-0.13143420219421387,0.9992240071296692,0.999054491519928
46,0.766,9,MOUTH_LEFT,0.5183042287826538,0.4070437252521515,-0.22012637555599213,0.9999279379844666,0.9998273849487305
46,0.766,10,MOUTH_RIGHT,0.5034534931182861,0.40735891461372375,-0.2200431078672409,0.9998992085456848,0.999794065952301
46,0.766,11,LEFT_SHOULDER,0.5632513165473938,0.4377671778202057,-0.08376284688711166,0.9999818801879883,0.9999538660049438
46,0.766,12,RIGHT_SHOULDER,0.4554695188999176,0.4371235966682434,-0.045972686260938644,0.9998397827148438,0.9998464584350586
46,0.766,13,LEFT_ELBOW,0.5850803852081299,0.48131662607192993,-0.05496002733707428,0.9912534356117249,0.9998219609260559
46,0.766,14,RIGHT_ELBOW,0.43284159898757935,0.48121801018714905,-0.020574619993567467,0.9452642202377319,0.999434769153595
46,0.766,15,LEFT_WRIST,0.5831162333488464,0.5228837728500366,-0.17434298992156982,0.9923030734062195,0.9999269247055054
46,0.766,16,RIGHT_WRIST,0.4362529516220093,0.522783100605011,-0.14068035781383514,0.9541467428207397,0.999519944190979
46,0.766,17,LEFT_PINKY,0.5865702033042908,0.5372208952903748,-0.21282054483890533,0.9857339262962341,0.9997978806495667
46,0.766,18,RIGHT_PINKY,0.4321434795856476,0.5369462370872498,-0.17755819857120514,0.9310389757156372,0.9992581009864807
46,0.766,19,LEFT_INDEX,0.5779772996902466,0.536182165145874,-0.24974176287651062,0.9861946702003479,0.9998419284820557
46,0.766,20,RIGHT_INDEX,0.43937528133392334,0.5349933505058289,-0.2164023369550705,0.9348666667938232,0.9993507266044617
46,0.766,21,LEFT_THUMB,0.5742563605308533,0.5319886803627014,-0.19091206789016724,0.9817302823066711,0.9999054670333862
46,0.766,22,RIGHT_THUMB,0.44321197271347046,0.5301128625869751,-0.15954478085041046,0.9293645024299622,0.9995429515838623
46,0.766,23,LEFT_HIP,0.5419426560401917,0.5329740047454834,-0.02048269286751747,0.9998520612716675,0.9998310804367065
46,0.766,24,RIGHT_HIP,0.4783068001270294,0.5338846445083618,0.020486269146203995,0.9998101592063904,0.9998972415924072
46,0.766,25,LEFT_KNEE,0.5513741374015808,0.5976393818855286,0.026736736297607422,0.9962934851646423,0.9999657869338989
46,0.766,26,RIGHT_KNEE,0.47780147194862366,0.5945741534233093,0.0973857119679451,0.9916403293609619,0.9999502897262573
46,0.766,27,LEFT_ANKLE,0.5553843379020691,0.6514447927474976,0.20652830600738525,0.9922003746032715,0.9997105002403259
46,0.766,28,RIGHT_ANKLE,0.48707491159439087,0.6496772170066833,0.31706538796424866,0.9903444051742554,0.9998681545257568
46,0.766,29,LEFT_HEEL,0.5504627227783203,0.6594880819320679,0.21361088752746582,0.8617283701896667,0.9994078874588013
46,0.766,30,RIGHT_HEEL,0.4961951971054077,0.6582391858100891,0.3310790956020355,0.9230805039405823,0.99970942735672
46,0.766,31,LEFT_FOOT_INDEX,0.5601898431777954,0.668299674987793,0.07315681874752045,0.9852098226547241,0.9968138337135315
46,0.766,32,RIGHT_FOOT_INDEX,0.46397557854652405,0.6690401434898376,0.21655221283435822,0.9857441186904907,0.9983946681022644
47,0.783,0,NOSE,0.5106784105300903,0.39965617656707764,-0.2604416608810425,0.9999464154243469,0.9996458292007446
47,0.783,1,LEFT_EYE_INNER,0.5166411399841309,0.39409494400024414,-0.24188487231731415,0.9997689127922058,0.9990962743759155
47,0.783,2,LEFT_EYE,0.5199357271194458,0.39418619871139526,-0.24191656708717346,0.9997816681861877,0.9991074204444885
47,0.783,3,LEFT_EYE_OUTER,0.5238677263259888,0.3943626284599304,-0.24190181493759155,0.9997752904891968,0.9990959167480469
47,0.783,4,RIGHT_EYE_INNER,0.5043893456459045,0.39396563172340393,-0.24219340085983276,0.9997193813323975,0.9990671277046204
47,0.783,5,RIGHT_EYE,0.49965181946754456,0.39405912160873413,-0.2421584278345108,0.9996902346611023,0.9989720582962036
47,0.783,6,RIGHT_EYE_OUTER,0.49539443850517273,0.3942091166973114,-0.24217712879180908,0.9996505975723267,0.9988937973976135
47,0.783,7,LEFT_EAR,0.5288050174713135,0.3978354036808014,-0.13095836341381073,0.9996252655982971,0.9991924166679382
47,0.783,8,RIGHT_EAR,0.48934027552604675,0.3976234197616577,-0.1309647560119629,0.9992357492446899,0.9988213181495667
47,0.783,9,MOUTH_LEFT,0.5178471803665161,0.40719255805015564,-0.21768233180046082,0.9999274611473083,0.9997780919075012
47,0.783,10,MOUTH_RIGHT,0.5031402707099915,0.4074663817882538,-0.2181216925382614,0.9999001026153564,0.9997417330741882
47,0.783,11,LEFT_SHOULDER,0.5622971057891846,0.437888503074646,-0.0834980383515358,0.9999815821647644,0.9999434947967529
47,0.783,12,RIGHT_SHOULDER,0.45442435145378113,0.4372602701187134,-0.04545542225241661,0.9998420476913452,0.9998041987419128
47,0.783,13,LEFT_ELBOW,0.5847232341766357,0.48160332441329956,-0.0535074807703495,0.9911112189292908,0.9997908473014832
47,0.783,14,RIGHT_ELBOW,0.43206560611724854,0.4813297986984253,-0.017155800014734268,0.9452018737792969,0.9993597865104675
47,0.783,15,LEFT_WRIST,0.5835742950439453,0.5229188203811646,-0.17183108627796173,0.9921523332595825,0.9999096393585205
47,0.783,16,RIGHT_WRIST,0.43627092242240906,0.5228726267814636,-0.13117824494838715,0.9545490145683289,0.9994432330131531
47,0.783,17,LEFT_PINKY,0.5872917175292969,0.5372629165649414,-0.21034424006938934,0.9854671359062195,0.9997534155845642
47,0.783,18,RIGHT_PINKY,0.4323672652244568,0.5370731949806213,-0.16714243590831757,0.931588888168335,0.9991263747215271
47,0.783,19,LEFT_INDEX,0.578815758228302,0.5362613201141357,-0.24680779874324799,0.9859437942504883,0.9998045563697815
47,0.783,20,RIGHT_INDEX,0.4398323595523834,0.5350375771522522,-0.20639759302139282,0.935366153717041,0.999229907989502
47,0.783,21,LEFT_THUMB,0.5750073790550232,0.5320598483085632,-0.18843376636505127,0.9814571142196655,0.9998816251754761
47,0.783,22,RIGHT_THUMB,0.44354015588760376,0.5301646590232849,-0.15002793073654175,0.9298602938652039,0.9994532465934753
47,0.783,23,LEFT_HIP,0.541781485080719,0.5333299040794373,-0.02048140950500965,0.9998540878295898,0.9998072981834412
47,0.783,24,RIGHT_HIP,0.4782232642173767,0.5344904661178589,0.02048509381711483,0.9998135566711426,0.999870777130127
47,0.783,25,LEFT_KNEE,0.5521433353424072,0.5976247191429138,0.03160664066672325,0.9962651133537292,0.9999485015869141
47,0.783,26,RIGHT_KNEE,0.47762393951416016,0.5946122407913208,0.09894787520170212,0.9914693832397461,0.999919056892395
47,0.783,27,LEFT_ANKLE,0.5555737614631653,0.6514326930046082,0.22067810595035553,0.9921417832374573,0.9995074272155762
47,0.783,28,RIGHT_ANKLE,0.48720109462738037,0.6499408483505249,0.3230556845664978,0.9902811050415039,0.9997768998146057
47,0.783,29,LEFT_HEEL,0.5504947304725647,0.6594154834747314,0.22999100387096405,0.8619950413703918,0.9990467429161072
47,0.783,30,RIGHT_HEEL,0.49635666608810425,0.6584673523902893,0.33782386779785156,0.923839271068573,0.9995261430740356
47,0.783,31,LEFT_FOOT_INDEX,0.5600887537002563,0.6686002612113953,0.09482487291097641,0.9851752519607544,0.995328426361084
47,0.783,32,RIGHT_FOOT_INDEX,0.46395546197891235,0.6693536043167114,0.22472155094146729,0.9857006072998047,0.9974193572998047
48,0.8,0,NOSE,0.5094637274742126,0.3997647166252136,-0.25476840138435364,0.9999451637268066,0.9996170997619629
48,0.8,1,LEFT_EYE_INNER,0.5155367851257324,0.3942229449748993,-0.2358415573835373,0.9997631311416626,0.9989657402038574
48,0.8,2,LEFT_EYE,0.518974781036377,0.39432209730148315,-0.23587025701999664,0.9997740387916565,0.9989639520645142
48,0.8,3,LEFT_EYE_OUTER,0.5230374932289124,0.39451175928115845,-0.23585277795791626,0.9997663497924805,0.9989332556724548
48,0.8,4,RIGHT_EYE_INNER,0.503352165222168,0.39408478140830994,-0.2365681231021881,0.9997168183326721,0.9989752769470215
48,0.8,5,RIGHT_EYE,0.4986468255519867,0.394173800945282,-0.23654071986675262,0.9996872544288635,0.9988942742347717
48,0.8,6,RIGHT_EYE_OUTER,0.4943331182003021,0.39431583881378174,-0.23655660450458527,0.9996481537818909,0.9988254904747009
48,0.8,7,LEFT_EAR,0.5281034708023071,0.3980916440486908,-0.12490823864936829,0.9996047019958496,0.9990068078041077
48,0.8,8,RIGHT_EAR,0.4884813725948334,0.3976868689060211,-0.12816379964351654,0.9992321729660034,0.9987828135490417
48,0.8,9,MOUTH_LEFT,0.5166864991188049,0.4073513448238373,-0.2124321609735489,0.9999232292175293,0.9997527003288269
48,0.8,10,MOUTH_RIGHT,0.5019187927246094,0.4075893759727478,-0.21369004249572754,0.9998977184295654,0.9997313618659973
48,0.8,11,LEFT_SHOULDER,0.5611710548400879,0.43809929490089417,-0.07945801317691803,0.999980092048645,0.9999234676361084
48,0.8,12,RIGHT_SHOULDER,0.4533017575740814,0.4373389482498169,-0.044657886028289795,0.9998445510864258,0.9998194575309753
48,0.8,13,LEFT_ELBOW,0.5840635895729065,0.4817940890789032,-0.05219264328479767,0.9908227324485779,0.9997645020484924
48,0.8,14,RIGHT_ELBOW,0.4309500455856323,0.48148834705352783,-0.01677756942808628,0.9448375701904297,0.999447762966156
48,0.8,15,LEFT_WRIST,0.5837720036506653,0.5229509472846985,-0.1679149717092514,0.9918981790542603,0.9998917579650879
48,0.8,16,RIGHT_WRIST,0.4362987279891968,0.5230420827865601,-0.13010019063949585,0.9545110464096069,0.9994725584983826
48,0.8,17,LEFT_PINKY,0.5879207849502563,0.537322998046875,-0.20595593750476837,0.9850184321403503,0.9997068047523499
48,0.8,18,RIGHT_PINKY,0.43254584074020386,0.5372382402420044,-0.16553036868572235,0.9315707683563232,0.9991514682769775
48,0.8,19,LEFT_INDEX,0.5794774293899536,0.5363962650299072,-0.2408379465341568,0.9855135083198547,0.9997681975364685
48,0.8,20,RIGHT_INDEX,0.44011756777763367,0.5351268649101257,-0.2034754604101181,0.9352967739105225,0.9992541670799255
48,0.8,21,LEFT_THUMB,0.5755065679550171,0.5321884751319885,-0.1840105503797531,0.9809765219688416,0.9998577833175659
48,0.8,22,RIGHT_THUMB,0.4436916410923004,0.5302255749702454,-0.14840468764305115,0.9298037886619568,0.9994786381721497
48,0.8,23,LEFT_HIP,0.5414772629737854,0.533876359462738,-0.02000918611884117,0.9998539686203003,0.9997941851615906
48,0.8,24,RIGHT_HIP,0.4780656099319458,0.5351759791374207,0.020005984231829643,0.9998176693916321,0.9998899698257446
48,0.8,25,LEFT_KNEE,0.5525929927825928,0.5975922346115112,0.04227729141712189,0.9960841536521912,0.9999314546585083
48,0.8,26,RIGHT_KNEE,0.47741132974624634,0.5946215987205505,0.09628649801015854,0.9913250207901001,0.9999294281005859
48,0.8,27,LEFT_ANKLE,0.555549681186676,0.6513968706130981,0.23082435131072998,0.9919297099113464,0.9995187520980835
48,0.8,28,RIGHT_ANKLE,0.48731371760368347,0.6501816511154175,0.31899750232696533,0.990254819393158,0.9997749924659729
48,0.8,29,LEFT_HEEL,0.5502012968063354,0.6593602299690247,0.24093331396579742,0.8634600043296814,0.9991030693054199
48,0.8,30,RIGHT_HEEL,0.496528685092926,0.6586717963218689,0.3338002562522888,0.9245602488517761,0.9995121955871582
48,0.8,31,LEFT_FOOT_INDEX,0.5603087544441223,0.66858971118927,0.11544625461101532,0.9849216341972351,0.995550274848938
48,0.8,32,RIGHT_FOOT_INDEX,0.463623046875,0.669416069984436,0.2172185480594635,0.9856067299842834,0.9972802400588989
49,0.816,0,NOSE,0.50913405418396,0.3998441994190216,-0.25524187088012695,0.999945342540741,0.9996089339256287
49,0.816,1,LEFT_EYE_INNER,0.514979362487793,0.394339919090271,-0.23597806692123413,0.9997640252113342,0.9990288019180298
49,0.816,2,LEFT_EYE,0.5185762047767639,0.39443239569664,-0.23600848019123077,0.9997742772102356,0.9990460276603699
49,0.816,3,LEFT_EYE_OUTER,0.5225839614868164,0.39460641145706177,-0.23599348962306976,0.999765932559967,0.9990392923355103
49,0.816,4,RIGHT_EYE_INNER,0.5029904842376709,0.39422813057899475,-0.23713186383247375,0.999718964099884,0.9989877343177795
49,0.816,5,RIGHT_EYE,0.4983498454093933,0.39432522654533386,-0.2371062934398651,0.999690055847168,0.9988880753517151
49,0.816,6,RIGHT_EYE_OUTER,0.49391451478004456,0.39447021484375,-0.23712220788002014,0.9996515512466431,0.9988019466400146
49,0.816,7,LEFT_EAR,0.527453601360321,0.3982070982456207,-0.12450016289949417,0.9996008276939392,0.9991351962089539
49,0.816,8,RIGHT_EAR,0.48785361647605896,0.39783433079719543,-0.1284632533788681,0.9992383718490601,0.9987088441848755
49,0.816,9,MOUTH_LEFT,0.5161386728286743,0.4074397385120392,-0.21229413151741028,0.9999225735664368,0.9997482895851135
49,0.816,10,MOUTH_RIGHT,0.5016623735427856,0.4076799154281616,-0.21404078602790833,0.9998984336853027,0.9997088313102722
49,0.816,11,LEFT_SHOULDER,0.5602619051933289,0.43830978870391846,-0.07850998640060425,0.9999794960021973,0.9999295473098755
49,0.816,12,RIGHT_SHOULDER,0.4523325264453888,0.4375128149986267,-0.04415092617273331,0.9998454451560974,0.9997774958610535
49,0.816,13,LEFT_ELBOW,0.5834895968437195,0.4819587171077728,-0.04844294860959053,0.9905651211738586,0.9997640252113342
49,0.816,14,RIGHT_ELBOW,0.42973563075065613,0.48162761330604553,-0.01377939060330391,0.9452801942825317,0.9993191957473755
49,0.816,15,LEFT_WRIST,0.5838835835456848,0.5229656100273132,-0.16533628106117249,0.9915733337402344,0.9998875856399536
49,0.816,16,RIGHT_WRIST,0.43631941080093384,0.5232408046722412,-0.12419237196445465,0.9545609951019287,0.9993684887886047
49,0.816,17,LEFT_PINKY,0.588313639163971,0.5373157858848572,-0.2033868283033371,0.9844318628311157,0.9997074007987976
49,0.816,18,RIGHT_PINKY,0.4326632022857666,0.5373528599739075,-0.15922164916992188,0.9314329028129578,0.9990307092666626
49,0.816,19,LEFT_INDEX,0.580152690410614,0.5364194512367249,-0.23856449127197266,0.9849570393562317,0.9997575879096985
49,0.816,20,RIGHT_INDEX,0.44035419821739197,0.5352016091346741,-0.19799157977104187,0.9351335167884827,0.9991257786750793
49,0.816,21,LEFT_THUMB,0.5760087966918945,0.5321808457374573,-0.18165872991085052,0.9803116321563721,0.9998502731323242
49,0.816,22,RIGHT_THUMB,0.4438011944293976,0.5303174257278442,-0.14280515909194946,0.9295329451560974,0.9993707537651062
49,0.816,23,LEFT_HIP,0.5410203337669373,0.5342749953269958,-0.019887739792466164,0.9998544454574585,0.9997979998588562
49,0.816,24,RIGHT_HIP,0.4777407646179199,0.5356648564338684,0.01988275535404682,0.9998190402984619,0.9998522996902466
49,0.816,25,LEFT_KNEE,0.5531666874885559,0.5974940657615662,0.04104713350534439,0.9960685968399048,0.9999401569366455
49,0.816,26,RIGHT_KNEE,0.4773465692996979,0.5948736667633057,0.09654264897108078,0.9913055896759033,0.9999085664749146
49,0.816,27,LEFT_ANKLE,0.5556362867355347,0.6513426899909973,0.2450745701789856,0.9919021129608154,0.9995496869087219
49,0.816,28,RIGHT_ANKLE,0.4874584674835205,0.6502773761749268,0.325254887342453,0.9903148412704468,0.999776303768158
49,0.816,29,LEFT_HEEL,0.5501865148544312,0.6590789556503296,0.25736743211746216,0.8641532063484192,0.9991913437843323
49,0.816,30,RIGHT_HEEL,0.4968426823616028,0.6586506366729736,0.3408449590206146,0.9251368045806885,0.9995526671409607
49,0.816,31,LEFT_FOOT_INDEX,0.5602260828018188,0.6685775518417358,0.12849804759025574,0.9849948883056641,0.9961851239204407
49,0.816,32,RIGHT_FOOT_INDEX,0.4642091393470764,0.6694702506065369,0.22525066137313843,0.9857252836227417,0.9976041913032532
50,0.833,0,NOSE,0.5086828470230103,0.3999573290348053,-0.2569614052772522,0.9999473094940186,0.9997150301933289
50,0.833,1,LEFT_EYE_INNER,0.5144599676132202,0.39455467462539673,-0.2374541163444519,0.9997727274894714,0.9992457628250122
50,0.833,2,LEFT_EYE,0.5181053280830383,0.3946560323238373,-0.23748135566711426,0.999782145023346,0.9992535710334778
50,0.833,3,LEFT_EYE_OUTER,0.5219905972480774,0.39482301473617554,-0.23746345937252045,0.9997732639312744,0.9992388486862183
50,0.833,4,RIGHT_EYE_INNER,0.5026800036430359,0.3944372534751892,-0.23918083310127258,0.9997305870056152,0.9992165565490723
50,0.833,5,RIGHT_EYE,0.49810412526130676,0.39452987909317017,-0.2391570806503296,0.9997027516365051,0.9991298317909241
50,0.833,6,RIGHT_EYE_OUTER,0.49361228942871094,0.3946605622768402,-0.2391672432422638,0.9996650815010071,0.9990547299385071
50,0.833,7,LEFT_EAR,0.526519238948822,0.3984559178352356,-0.12444166839122772,0.9996134638786316,0.9993354678153992
50,0.833,8,RIGHT_EAR,0.48741093277931213,0.3979983925819397,-0.1313657909631729,0.9992706179618835,0.9989857077598572
50,0.833,9,MOUTH_LEFT,0.5154449939727783,0.40755245089530945,-0.21347776055335999,0.999924898147583,0.9998186230659485
50,0.833,10,MOUTH_RIGHT,0.501213550567627,0.4077390134334564,-0.215992271900177,0.9999024868011475,0.999786913394928
50,0.833,11,LEFT_SHOULDER,0.5590449571609497,0.4385024905204773,-0.07875426858663559,0.9999797344207764,0.9999504089355469
50,0.833,12,RIGHT_SHOULDER,0.45124492049217224,0.4378533959388733,-0.04650754854083061,0.9998487234115601,0.9998210072517395
50,0.833,13,LEFT_ELBOW,0.5827957987785339,0.4821576774120331,-0.05189736559987068,0.9906848073005676,0.9998264908790588
50,0.833,14,RIGHT_ELBOW,0.42840099334716797,0.4817526936531067,-0.028396129608154297,0.9460609555244446,0.999413251876831
50,0.833,15,LEFT_WRIST,0.5839830636978149,0.5230134129524231,-0.17432381212711334,0.9917483329772949,0.9999258518218994
50,0.833,16,RIGHT_WRIST,0.43633460998535156,0.5232902765274048,-0.15264496207237244,0.9553382396697998,0.9994741082191467
50,0.833,17,LEFT_PINKY,0.5889363288879395,0.537312924861908,-0.2140418440103531,0.9847138524055481,0.9997867941856384
50,0.833,18,RIGHT_PINKY,0.43339183926582336,0.5374213457107544,-0.1903543472290039,0.9324148893356323,0.999165415763855
50,0.833,19,LEFT_INDEX,0.5806902050971985,0.5364199280738831,-0.24900537729263306,0.9852385520935059,0.999833345413208
50,0.833,20,RIGHT_INDEX,0.44152146577835083,0.5352383852005005,-0.22615990042686462,0.9360081553459167,0.9992867112159729
50,0.833,21,LEFT_THUMB,0.576324462890625,0.5321594476699829,-0.19050444662570953,0.9806721210479736,0.9999006986618042
50,0.833,22,RIGHT_THUMB,0.44455987215042114,0.5303594470024109,-0.17023217678070068,0.9303534626960754,0.9994877576828003
50,0.833,23,LEFT_HIP,0.5407691597938538,0.5344745516777039,-0.019897261634469032,0.9998576045036316,0.9998249411582947
50,0.833,24,RIGHT_HIP,0.47762638330459595,0.5361588001251221,0.01989159733057022,0.9998239874839783,0.9998838901519775
50,0.833,25,LEFT_KNEE,0.5533584356307983,0.5973873734474182,0.04586901515722275,0.9961162805557251,0.9999500513076782
50,0.833,26,RIGHT_KNEE,0.4772469997406006,0.5949351787567139,0.10723069310188293,0.9912846684455872,0.999924898147583
50,0.833,27,LEFT_ANKLE,0.5556608438491821,0.6511070132255554,0.2491874396800995,0.9919813871383667,0.9995917677879333
50,0.833,28,RIGHT_ANKLE,0.4874586760997772,0.6502648591995239,0.34050339460372925,0.9904221892356873,0.999810516834259
50,0.833,29,LEFT_HEEL,0.5501410365104675,0.6584670543670654,0.2611306309700012,0.8659956455230713,0.9992349147796631
50,0.833,30,RIGHT_HEEL,0.49684324860572815,0.6584769487380981,0.3564014732837677,0.926626443862915,0.9996015429496765
50,0.833,31,LEFT_FOOT_INDEX,0.5606397986412048,0.6685613393783569,0.13204318284988403,0.9852204918861389,0.9962001442909241
50,0.833,32,RIGHT_FOOT_INDEX,0.4642114043235779,0.6694599986076355,0.244242325425148,0.9858988523483276,0.9977971315383911
51,0.85,0,NOSE,0.5086593627929688,0.4001469910144806,-0.2563469707965851,0.9999479055404663,0.9996833801269531
51,0.85,1,LEFT_EYE_INNER,0.5141162276268005,0.39478737115859985,-0.23646683990955353,0.9997757077217102,0.9991334080696106
51,0.85,2,LEFT_EYE,0.5178110599517822,0.39487820863723755,-0.23649471998214722,0.9997838735580444,0.9991418123245239
51,0.85,3,LEFT_EYE_OUTER,0.5215515494346619,0.39502814412117004,-0.23647436499595642,0.9997743368148804,0.9991218447685242
51,0.85,4,RIGHT_EYE_INNER,0.5025960803031921,0.39472490549087524,-0.23884513974189758,0.9997370839118958,0.9991161227226257
51,0.85,5,RIGHT_EYE,0.49807626008987427,0.39483019709587097,-0.2388283908367157,0.9997096061706543,0.9990339279174805
51,0.85,6,RIGHT_EYE_OUTER,0.49357032775878906,0.39498084783554077,-0.23883485794067383,0.9996727705001831,0.9989583492279053
51,0.85,7,LEFT_EAR,0.5257368683815002,0.39868685603141785,-0.12287518382072449,0.999609649181366,0.9992280006408691
51,0.85,8,RIGHT_EAR,0.48700466752052307,0.39837557077407837,-0.1304827779531479,0.9992916584014893,0.998898983001709
51,0.85,9,MOUTH_LEFT,0.5151465535163879,0.40764281153678894,-0.2129509150981903,0.9999237060546875,0.9997954964637756
51,0.85,10,MOUTH_RIGHT,0.5012229084968567,0.4078039228916168,-0.21551476418972015,0.9999033212661743,0.9997671246528625
51,0.85,11,LEFT_SHOULDER,0.5582745671272278,0.4387311339378357,-0.07748713344335556,0.9999786019325256,0.9999322891235352
51,0.85,12,RIGHT_SHOULDER,0.45071837306022644,0.43855369091033936,-0.04923387989401817,0.999851405620575,0.9998093247413635
51,0.85,13,LEFT_ELBOW,0.5823342800140381,0.48227599263191223,-0.051411017775535583,0.9905957579612732,0.9998106360435486
51,0.85,14,RIGHT_ELBOW,0.42733490467071533,0.4821006953716278,-0.037152986973524094,0.9468850493431091,0.9993821382522583
51,0.85,15,LEFT_WRIST,0.5842495560646057,0.5230776071548462,-0.17355643212795258,0.9917775988578796,0.9999128580093384
51,0.85,16,RIGHT_WRIST,0.43634486198425293,0.5234838128089905,-0.15684059262275696,0.9553418755531311,0.9993816614151001
51,0.85,17,LEFT_PINKY,0.5896519422531128,0.5373488068580627,-0.21355043351650238,0.9847009181976318,0.999751627445221
51,0.85,18,RIGHT_PINKY,0.4340992271900177,0.5377364754676819,-0.19343924522399902,0.9322326183319092,0.9990314245223999
51,0.85,19,LEFT_INDEX,0.5814623832702637,0.5364457964897156,-0.2488153874874115,0.9852380752563477,0.9998077750205994
51,0.85,20,RIGHT_INDEX,0.4423571228981018,0.5354637503623962,-0.2279931604862213,0.9357455372810364,0.999173104763031
51,0.85,21,LEFT_THUMB,0.5768898725509644,0.5321601629257202,-0.1897997260093689,0.9806969165802002,0.9998824596405029
51,0.85,22,RIGHT_THUMB,0.4452884793281555,0.5305454730987549,-0.17378520965576172,0.9299811720848083,0.9994149208068848
51,0.85,23,LEFT_HIP,0.540535032749176,0.5347849726676941,-0.016916051506996155,0.9998575448989868,0.9998192191123962
51,0.85,24,RIGHT_HIP,0.4775069057941437,0.5366947054862976,0.016891561448574066,0.9998281002044678,0.9998948574066162
51,0.85,25,LEFT_KNEE,0.5533730387687683,0.5969599485397339,0.05524345487356186,0.995999813079834,0.9999352693557739
51,0.85,26,RIGHT_KNEE,0.4769851565361023,0.5950639843940735,0.10609960556030273,0.9913756251335144,0.9999326467514038
51,0.85,27,LEFT_ANKLE,0.5556380748748779,0.6510496735572815,0.24588239192962646,0.9919626116752625,0.9996334314346313
51,0.85,28,RIGHT_ANKLE,0.48745739459991455,0.6503118872642517,0.3280777037143707,0.9905803203582764,0.9997983574867249
51,0.85,29,LEFT_HEEL,0.5498304963111877,0.6584698557853699,0.2568769156932831,0.8702375888824463,0.9993170499801636
51,0.85,30,RIGHT_HEEL,0.49684765934944153,0.6584531664848328,0.3420407474040985,0.9274653196334839,0.9995636343955994
51,0.85,31,LEFT_FOOT_INDEX,0.5617756843566895,0.6685987710952759,0.1329849362373352,0.9853391051292419,0.996425211429596
51,0.85,32,RIGHT_FOOT_INDEX,0.46421006321907043,0.669499933719635,0.23541034758090973,0.9860299229621887,0.9975200295448303
52,0.867,0,NOSE,0.5087136626243591,0.4005742073059082,-0.2582053542137146,0.9999492168426514,0.9996966123580933
52,0.867,1,LEFT_EYE_INNER,0.5140506029129028,0.39517587423324585,-0.23838885128498077,0.9997816681861877,0.999161958694458
52,0.867,2,LEFT_EYE,0.5177661180496216,0.3952762484550476,-0.2384171038866043,0.9997887015342712,0.9991687536239624
52,0.867,3,LEFT_EYE_OUTER,0.521393358707428,0.3954085111618042,-0.2383933961391449,0.9997783899307251,0.9991458654403687
52,0.867,4,RIGHT_EYE_INNER,0.5025936961174011,0.39509817957878113,-0.2412557750940323,0.9997462630271912,0.9991430044174194
52,0.867,5,RIGHT_EYE,0.49806246161460876,0.39520126581192017,-0.2412402182817459,0.999719500541687,0.9990538954734802
52,0.867,6,RIGHT_EYE_OUTER,0.4935011565685272,0.39532506465911865,-0.24124592542648315,0.9996834397315979,0.9989720582962036
52,0.867,7,LEFT_EAR,0.5252183079719543,0.39895936846733093,-0.12415891885757446,0.9996154308319092,0.9992595314979553
52,0.867,8,RIGHT_EAR,0.4864071309566498,0.3986021876335144,-0.13662348687648773,0.9993191361427307,0.9989023208618164
52,0.867,9,MOUTH_LEFT,0.5149583220481873,0.4080444872379303,-0.21472784876823425,0.9999244809150696,0.9998002648353577
52,0.867,10,MOUTH_RIGHT,0.5012235641479492,0.40815743803977966,-0.21841749548912048,0.9999058842658997,0.9997729659080505
52,0.867,11,LEFT_SHOULDER,0.5575259923934937,0.4391400218009949,-0.07852814346551895,0.999978244304657,0.9999417066574097
52,0.867,12,RIGHT_SHOULDER,0.44976606965065,0.4390941858291626,-0.057001952081918716,0.9998540282249451,0.9998103976249695
52,0.867,13,LEFT_ELBOW,0.58199143409729,0.4826446771621704,-0.052198246121406555,0.9906712770462036,0.9998327493667603
52,0.867,14,RIGHT_ELBOW,0.4263181686401367,0.48248183727264404,-0.049372680485248566,0.9476924538612366,0.9993834495544434
52,0.867,15,LEFT_WRIST,0.5846549272537231,0.5234034061431885,-0.17270801961421967,0.9919199347496033,0.9999195337295532
52,0.867,16,RIGHT_WRIST,0.4363638162612915,0.5237295031547546,-0.17312166094779968,0.9557632803916931,0.9994394183158875
52,0.867,17,LEFT_PINKY,0.5903298854827881,0.5376336574554443,-0.21217705309391022,0.9848987460136414,0.9997602105140686
52,0.867,18,RIGHT_PINKY,0.43497535586357117,0.5381103754043579,-0.20956051349639893,0.9327455163002014,0.9991183876991272
52,0.867,19,LEFT_INDEX,0.5822728276252747,0.5367374420166016,-0.2474995106458664,0.9854370951652527,0.9998156428337097
52,0.867,20,RIGHT_INDEX,0.4437062442302704,0.5357482433319092,-0.24337443709373474,0.9361528158187866,0.9992583394050598
52,0.867,21,LEFT_THUMB,0.5776396989822388,0.5324662923812866,-0.1887819766998291,0.9809874892234802,0.999889612197876
52,0.867,22,RIGHT_THUMB,0.4463083744049072,0.5308501720428467,-0.1896602213382721,0.9303005337715149,0.9994742274284363
52,0.867,23,LEFT_HIP,0.5401649475097656,0.5350733399391174,-0.016402592882514,0.999858558177948,0.9998156428337097
52,0.867,24,RIGHT_HIP,0.4771685004234314,0.537152111530304,0.016370048746466637,0.9998316168785095,0.9998852014541626
52,0.867,25,LEFT_KNEE,0.5533028841018677,0.5965479016304016,0.05742660537362099,0.9959293007850647,0.9999440908432007
52,0.867,26,RIGHT_KNEE,0.47672995924949646,0.5951489210128784,0.1033783033490181,0.9913274645805359,0.9999310970306396
52,0.867,27,LEFT_ANKLE,0.5555143356323242,0.6508985161781311,0.24949043989181519,0.9919933080673218,0.9996722936630249
52,0.867,28,RIGHT_ANKLE,0.4874306619167328,0.6503105163574219,0.32245180010795593,0.990686297416687,0.9998282194137573
52,0.867,29,LEFT_HEEL,0.5492420196533203,0.6583030819892883,0.2606198191642761,0.8738095164299011,0.9993934631347656
52,0.867,30,RIGHT_HEEL,0.49684640765190125,0.6584210991859436,0.33648261427879333,0.9287020564079285,0.9996308088302612
52,0.867,31,LEFT_FOOT_INDEX,0.5620039701461792,0.6686118245124817,0.13933894038200378,0.9855663776397705,0.9967437982559204
52,0.867,32,RIGHT_FOOT_INDEX,0.46419569849967957,0.6695501804351807,0.22788384556770325,0.9861806631088257,0.9977978467941284
53,0.883,0,NOSE,0.508396327495575,0.40103211998939514,-0.26750773191452026,0.9999509453773499,0.9997643828392029
53,0.883,1,LEFT_EYE_INNER,0.5137245655059814,0.3955437242984772,-0.24837997555732727,0.9997888207435608,0.999321699142456
53,0.883,2,LEFT_EYE,0.5174949765205383,0.39564695954322815,-0.2483992725610733,0.9997952580451965,0.9993137121200562
53,0.883,3,LEFT_EYE_OUTER,0.5210603475570679,0.3957676589488983,-0.24836532771587372,0.999783456325531,0.9992781281471252
53,0.883,4,RIGHT_EYE_INNER,0.5023251175880432,0.3954664468765259,-0.2511175572872162,0.9997566342353821,0.9993457198143005
53,0.883,5,RIGHT_EYE,0.4978311061859131,0.39557555317878723,-0.25110766291618347,0.9997313618659973,0.9992928504943848
53,0.883,6,RIGHT_EYE_OUTER,0.4932514429092407,0.39568811655044556,-0.25111764669418335,0.9996962547302246,0.9992438554763794
53,0.883,7,LEFT_EAR,0.5249651074409485,0.39927181601524353,-0.13346028327941895,0.999622106552124,0.9993398785591125
53,0.883,8,RIGHT_EAR,0.4861240088939667,0.3988470435142517,-0.14675380289554596,0.9993512630462646,0.9992194175720215
53,0.883,9,MOUTH_LEFT,0.5146177411079407,0.40846389532089233,-0.22365204989910126,0.9999254941940308,0.9998288154602051
53,0.883,10,MOUTH_RIGHT,0.5010271668434143,0.4085730016231537,-0.2275453507900238,0.9999091029167175,0.9998205304145813
53,0.883,11,LEFT_SHOULDER,0.5573292374610901,0.4394393265247345,-0.0828266441822052,0.999977707862854,0.9999340772628784
53,0.883,12,RIGHT_SHOULDER,0.44919607043266296,0.4396101236343384,-0.06604178249835968,0.9998595118522644,0.9998636245727539
53,0.883,13,LEFT_ELBOW,0.5812954306602478,0.48314744234085083,-0.053876426070928574,0.9905716180801392,0.999810516834259
53,0.883,14,RIGHT_ELBOW,0.42485135793685913,0.4827859699726105,-0.05777418240904808,0.949273407459259,0.9994869232177734
53,0.883,15,LEFT_WRIST,0.5852283835411072,0.5237987041473389,-0.17295384407043457,0.9918721914291382,0.9998985528945923
53,0.883,16,RIGHT_WRIST,0.43638259172439575,0.5237181186676025,-0.1802070140838623,0.9565510749816895,0.9995563626289368
53,0.883,17,LEFT_PINKY,0.5909392237663269,0.5381141901016235,-0.21149234473705292,0.9847812056541443,0.9997244477272034
53,0.883,18,RIGHT_PINKY,0.435781329870224,0.5382416248321533,-0.21606530249118805,0.9335170984268188,0.9993085861206055
53,0.883,19,LEFT_INDEX,0.5828493237495422,0.5372417569160461,-0.2467660903930664,0.9853444695472717,0.9997768998146057
53,0.883,20,RIGHT_INDEX,0.4450643062591553,0.5358509421348572,-0.24891261756420135,0.9367790222167969,0.9994105100631714
53,0.883,21,LEFT_THUMB,0.5781288743019104,0.5329350829124451,-0.1889420449733734,0.9809145331382751,0.999861478805542
53,0.883,22,RIGHT_THUMB,0.447424054145813,0.5309475660324097,-0.196171373128891,0.93080735206604,0.9995781779289246
53,0.883,23,LEFT_HIP,0.5393908619880676,0.5351245999336243,-0.015871329233050346,0.9998580813407898,0.9998039603233337
53,0.883,24,RIGHT_HIP,0.47670242190361023,0.5372011065483093,0.01583098992705345,0.9998342990875244,0.999886155128479
53,0.883,25,LEFT_KNEE,0.552943229675293,0.595011830329895,0.059718575328588486,0.995832622051239,0.9999518394470215
53,0.883,26,RIGHT_KNEE,0.476631224155426,0.5951494574546814,0.10327877104282379,0.9913007020950317,0.9999440908432007
53,0.883,27,LEFT_ANKLE,0.5553189516067505,0.6504159569740295,0.24671752750873566,0.9920734167098999,0.9997411370277405
53,0.883,28,RIGHT_ANKLE,0.48736974596977234,0.6503061652183533,0.32113775610923767,0.990804135799408,0.9998595714569092
53,0.883,29,LEFT_HEEL,0.5486429333686829,0.657687246799469,0.25737130641937256,0.8772530555725098,0.9995310306549072
53,0.883,30,RIGHT_HEEL,0.49684521555900574,0.6580826640129089,0.33520808815956116,0.9298816919326782,0.9997028708457947
53,0.883,31,LEFT_FOOT_INDEX,0.5619008541107178,0.6686055660247803,0.1342022716999054,0.9858903884887695,0.9974901676177979
53,0.883,32,RIGHT_FOOT_INDEX,0.4647860527038574,0.6695433855056763,0.22503113746643066,0.9863535761833191,0.9983018636703491
54,0.9,0,NOSE,0.508549690246582,0.4014149606227875,-0.2650103271007538,0.9999514222145081,0.9996778964996338
54,0.9,1,LEFT_EYE_INNER,0.5137656927108765,0.39593711495399475,-0.2459414154291153,0.9997913837432861,0.9991494417190552
54,0.9,2,LEFT_EYE,0.5174925923347473,0.39604082703590393,-0.2459651231765747,0.9997974038124084,0.9991600513458252
54,0.9,3,LEFT_EYE_OUTER,0.5209575295448303,0.39614638686180115,-0.24593737721443176,0.9997841715812683,0.9991422891616821
54,0.9,4,RIGHT_EYE_INNER,0.5024469494819641,0.395877480506897,-0.24832122027873993,0.9997612237930298,0.9991211295127869
54,0.9,5,RIGHT_EYE,0.4979415237903595,0.3959892690181732,-0.24830590188503265,0.9997361898422241,0.9990226030349731
54,0.9,6,RIGHT_EYE_OUTER,0.4933337867259979,0.3961368799209595,-0.2483174353837967,0.9997005462646484,0.9989336133003235
54,0.9,7,LEFT_EAR,0.5243439674377441,0.39954742789268494,-0.1320069581270218,0.9996253252029419,0.9992826581001282
54,0.9,8,RIGHT_EAR,0.4857702851295471,0.3992864787578583,-0.14350710809230804,0.9993693828582764,0.9988802075386047
54,0.9,9,MOUTH_LEFT,0.51472008228302,0.40868088603019714,-0.22144336998462677,0.9999254941940308,0.9998083710670471
54,0.9,10,MOUTH_RIGHT,0.5011439919471741,0.4088602066040039,-0.22487224638462067,0.9999104738235474,0.9997721314430237
54,0.9,11,LEFT_SHOULDER,0.5569402575492859,0.43962913751602173,-0.08240891993045807,0.9999777674674988,0.9999463558197021
54,0.9,12,RIGHT_SHOULDER,0.4490424692630768,0.4398745000362396,-0.06280150264501572,0.9998623728752136,0.9998258948326111
54,0.9,13,LEFT_ELBOW,0.5805198550224304,0.4835122525691986,-0.053365614265203476,0.990530252456665,0.9998083710670471
54,0.9,14,RIGHT_ELBOW,0.4239683449268341,0.4828619658946991,-0.057828906923532486,0.949616014957428,0.9993108510971069
54,0.9,15,LEFT_WRIST,0.5857645869255066,0.5239378809928894,-0.17227143049240112,0.9919329881668091,0.9999033212661743
54,0.9,16,RIGHT_WRIST,0.4365249574184418,0.5237017273902893,-0.18550503253936768,0.9563727378845215,0.9993477463722229
54,0.9,17,LEFT_PINKY,0.5915111303329468,0.5382794141769409,-0.2107970416545868,0.9848693013191223,0.9997230172157288
54,0.9,18,RIGHT_PINKY,0.4366774260997772,0.5382232666015625,-0.22198264300823212,0.9331103563308716,0.9989948868751526
54,0.9,19,LEFT_INDEX,0.5833730697631836,0.537455141544342,-0.246185302734375,0.9854460954666138,0.999782383441925
54,0.9,20,RIGHT_INDEX,0.4461769163608551,0.535865843296051,-0.2547079622745514,0.9362752437591553,0.9991574287414551
54,0.9,21,LEFT_THUMB,0.5786432027816772,0.533137321472168,-0.1882435381412506,0.981074333190918,0.9998691082000732
54,0.9,22,RIGHT_THUMB,0.44839558005332947,0.5309659838676453,-0.20167402923107147,0.9301767945289612,0.9993935823440552
54,0.9,23,LEFT_HIP,0.538971483707428,0.5350800156593323,-0.015774114057421684,0.99985671043396,0.999756395816803
54,0.9,24,RIGHT_HIP,0.47641274333000183,0.5372124910354614,0.015740295872092247,0.9998348355293274,0.9998509883880615
54,0.9,25,LEFT_KNEE,0.552206814289093,0.5941991806030273,0.057329803705215454,0.9957498908042908,0.9999442100524902
54,0.9,26,RIGHT_KNEE,0.47656697034835815,0.5952213406562805,0.10128467530012131,0.9911493062973022,0.9999291896820068
54,0.9,27,LEFT_ANKLE,0.5541103482246399,0.6503584384918213,0.2439490109682083,0.9920673966407776,0.9997076392173767
54,0.9,28,RIGHT_ANKLE,0.4873886704444885,0.6503004431724548,0.31812959909439087,0.990792453289032,0.999847412109375
54,0.9,29,LEFT_HEEL,0.54643315076828,0.6576620936393738,0.25438210368156433,0.8796558976173401,0.9994713664054871
54,0.9,30,RIGHT_HEEL,0.4972556233406067,0.6580336689949036,0.3321830630302429,0.9306318759918213,0.9996744394302368
54,0.9,31,LEFT_FOOT_INDEX,0.5613073706626892,0.6687028408050537,0.13013416528701782,0.9860314130783081,0.9971531629562378
54,0.9,32,RIGHT_FOOT_INDEX,0.4647878110408783,0.6695718765258789,0.22118745744228363,0.9863824248313904,0.9981143474578857
55,0.917,0,NOSE,0.5086816549301147,0.4016112983226776,-0.27330318093299866,0.9999504685401917,0.9995747208595276
55,0.917,1,LEFT_EYE_INNER,0.5137047171592712,0.39621207118034363,-0.2533276677131653,0.9997878074645996,0.9989148378372192
55,0.917,2,LEFT_EYE,0.5173990726470947,0.39630523324012756,-0.2533515691757202,0.9997930526733398,0.9989136457443237
55,0.917,3,LEFT_EYE_OUTER,0.520804226398468,0.3963938057422638,-0.253327876329422,0.9997780919075012,0.9988874793052673
55,0.917,4,RIGHT_EYE_INNER,0.5025069117546082,0.3961825668811798,-0.2562010586261749,0.9997593760490417,0.9989232420921326
55,0.917,5,RIGHT_EYE,0.4979951083660126,0.3963090479373932,-0.2561897039413452,0.9997342824935913,0.9988211989402771
55,0.917,6,RIGHT_EYE_OUTER,0.4933636784553528,0.39648327231407166,-0.2562035024166107,0.9996984004974365,0.9987369179725647
55,0.917,7,LEFT_EAR,0.5238680243492126,0.3997398912906647,-0.1361185610294342,0.9996123313903809,0.9990485310554504
55,0.917,8,RIGHT_EAR,0.4855794310569763,0.3997041583061218,-0.14987042546272278,0.9993700981140137,0.9987106323242188
55,0.917,9,MOUTH_LEFT,0.5147823691368103,0.4087876081466675,-0.22871597111225128,0.9999228715896606,0.9997525811195374
55,0.917,10,MOUTH_RIGHT,0.5012694597244263,0.409018874168396,-0.23282663524150848,0.999909520149231,0.99972003698349
55,0.917,11,LEFT_SHOULDER,0.5566765069961548,0.43982961773872375,-0.08406958729028702,0.9999771118164062,0.9999284744262695
55,0.917,12,RIGHT_SHOULDER,0.4490387439727783,0.4401525557041168,-0.06819570809602737,0.9998633861541748,0.9998055100440979
55,0.917,13,LEFT_ELBOW,0.5798665285110474,0.48402243852615356,-0.05474468320608139,0.9903926849365234,0.9997674822807312
55,0.917,14,RIGHT_ELBOW,0.42383551597595215,0.4830597937107086,-0.058988455682992935,0.9502856135368347,0.9992534518241882
55,0.917,15,LEFT_WRIST,0.5862573981285095,0.5240132808685303,-0.17392799258232117,0.9918562769889832,0.999880313873291
55,0.917,16,RIGHT_WRIST,0.4372560977935791,0.5236875414848328,-0.18106625974178314,0.9563925862312317,0.9993725419044495
55,0.917,17,LEFT_PINKY,0.5919466614723206,0.5383809208869934,-0.21225382387638092,0.9846930503845215,0.9996747970581055
55,0.917,18,RIGHT_PINKY,0.4382990896701813,0.5382051467895508,-0.2173045575618744,0.9327769875526428,0.9990488886833191
55,0.917,19,LEFT_INDEX,0.5839162468910217,0.537617027759552,-0.24767060577869415,0.985289990901947,0.9997391104698181
55,0.917,20,RIGHT_INDEX,0.4478703737258911,0.5358611345291138,-0.25077739357948303,0.935835599899292,0.9991989731788635
55,0.917,21,LEFT_THUMB,0.5792620778083801,0.5332772731781006,-0.19008655846118927,0.9809062480926514,0.9998407363891602
55,0.917,22,RIGHT_THUMB,0.45004650950431824,0.5309580564498901,-0.19727939367294312,0.9295110106468201,0.999421238899231
55,0.917,23,LEFT_HIP,0.5385764241218567,0.5349786877632141,-0.015500586479902267,0.9998544454574585,0.9997486472129822
55,0.917,24,RIGHT_HIP,0.476214200258255,0.5371798872947693,0.015471582300961018,0.9998338222503662,0.9998477697372437
55,0.917,25,LEFT_KNEE,0.5506317019462585,0.5935050249099731,0.05325476825237274,0.9956173896789551,0.9999436140060425
55,0.917,26,RIGHT_KNEE,0.4764966666698456,0.5952249765396118,0.09712757170200348,0.9909541606903076,0.9999297857284546
55,0.917,27,LEFT_ANKLE,0.5525524616241455,0.6503340005874634,0.24199789762496948,0.9920168519020081,0.999751627445221
55,0.917,28,RIGHT_ANKLE,0.48741668462753296,0.6502776741981506,0.31798115372657776,0.9907658100128174,0.9998687505722046
55,0.917,29,LEFT_HEEL,0.544675886631012,0.6576681733131409,0.25248831510543823,0.8807026743888855,0.9995619654655457
55,0.917,30,RIGHT_HEEL,0.4974845051765442,0.6578981280326843,0.33205774426460266,0.930652379989624,0.9997298121452332
55,0.917,31,LEFT_FOOT_INDEX,0.5590717792510986,0.668941855430603,0.12640340626239777,0.9861319065093994,0.997742772102356
55,0.917,32,RIGHT_FOOT_INDEX,0.46477603912353516,0.6696712970733643,0.21673192083835602,0.9864476919174194,0.9984791874885559
56,0.933,0,NOSE,0.5087808966636658,0.4017118811607361,-0.2716752588748932,0.9999504089355469,0.9996055960655212
56,0.933,1,LEFT_EYE_INNER,0.5136642456054688,0.39634737372398376,-0.2515762746334076,0.9997885823249817,0.9989797472953796
56,0.933,2,LEFT_EYE,0.5173549652099609,0.3964378237724304,-0.2516038417816162,0.9997931718826294,0.9989939332008362
56,0.933,3,LEFT_EYE_OUTER,0.5207361578941345,0.3965163826942444,-0.2515788674354553,0.9997770190238953,0.9989787340164185
56,0.933,4,RIGHT_EYE_INNER,0.5025233030319214,0.3963235020637512,-0.25472521781921387,0.9997624158859253,0.9989398121833801
56,0.933,5,RIGHT_EYE,0.4980064630508423,0.39645668864250183,-0.25471073389053345,0.9997371435165405,0.9988178610801697
56,0.933,6,RIGHT_EYE_OUTER,0.4933350682258606,0.39663296937942505,-0.25472524762153625,0.9997008442878723,0.9987119436264038
56,0.933,7,LEFT_EAR,0.5236471891403198,0.3997870087623596,-0.13443364202976227,0.9996084570884705,0.9991507530212402
56,0.933,8,RIGHT_EAR,0.48543301224708557,0.39987343549728394,-0.14942330121994019,0.9993823170661926,0.9986617565155029
56,0.933,9,MOUTH_LEFT,0.5148310661315918,0.4088398814201355,-0.2271246612071991,0.9999213814735413,0.9997710585594177
56,0.933,10,MOUTH_RIGHT,0.5013746023178101,0.40912023186683655,-0.23164218664169312,0.9999097585678101,0.9997285008430481
56,0.933,11,LEFT_SHOULDER,0.5564560890197754,0.43989306688308716,-0.08388087898492813,0.999976396560669,0.9999343156814575
56,0.933,12,RIGHT_SHOULDER,0.44890499114990234,0.44015246629714966,-0.07003863900899887,0.9998631477355957,0.9997699856758118
56,0.933,13,LEFT_ELBOW,0.5788368582725525,0.48425278067588806,-0.05518451705574989,0.9901697635650635,0.9997879862785339
56,0.933,14,RIGHT_ELBOW,0.4239431321620941,0.4831823706626892,-0.06627356261014938,0.9504910111427307,0.999113142490387
56,0.933,15,LEFT_WRIST,0.5865643620491028,0.5240200757980347,-0.17859509587287903,0.9917824268341064,0.9998865127563477
56,0.933,16,RIGHT_WRIST,0.43817129731178284,0.5236417651176453,-0.19229166209697723,0.9556444883346558,0.9992417097091675
56,0.933,17,LEFT_PINKY,0.5923886299133301,0.5383633375167847,-0.21681702136993408,0.9845687747001648,0.9996800422668457
56,0.933,18,RIGHT_PINKY,0.4399406313896179,0.5381984114646912,-0.22867615520954132,0.9316063523292542,0.9988657236099243
56,0.933,19,LEFT_INDEX,0.584657609462738,0.5376309752464294,-0.2523893713951111,0.9851889610290527,0.999751627445221
56,0.933,20,RIGHT_INDEX,0.4494827091693878,0.5358494520187378,-0.26193076372146606,0.9346079230308533,0.9990563988685608
56,0.933,21,LEFT_THUMB,0.5800421237945557,0.5333210825920105,-0.1950228363275528,0.9808088541030884,0.9998490810394287
56,0.933,22,RIGHT_THUMB,0.451576828956604,0.5309529900550842,-0.20830976963043213,0.9280173182487488,0.9993220567703247
56,0.933,23,LEFT_HIP,0.5380687117576599,0.5348114371299744,-0.013770397752523422,0.999851644039154,0.9997707009315491
56,0.933,24,RIGHT_HIP,0.4758581519126892,0.5371533036231995,0.013768773525953293,0.9998319149017334,0.9998530149459839
56,0.933,25,LEFT_KNEE,0.5496852993965149,0.5932733416557312,0.05053914338350296,0.9955295920372009,0.9999450445175171
56,0.933,26,RIGHT_KNEE,0.4764159619808197,0.5953699350357056,0.08347776532173157,0.9908908009529114,0.9999285936355591
56,0.933,27,LEFT_ANKLE,0.5509853363037109,0.6509705781936646,0.21614433825016022,0.9920701384544373,0.999758780002594
56,0.933,28,RIGHT_ANKLE,0.4874590337276459,0.6503745317459106,0.29146766662597656,0.990835964679718,0.9998553991317749
56,0.933,29,LEFT_HEEL,0.5425789952278137,0.6591138243675232,0.22362485527992249,0.8835620284080505,0.9995450377464294
56,0.933,30,RIGHT_HEEL,0.49795669317245483,0.658519983291626,0.30349212884902954,0.9309290051460266,0.9996942281723022
56,0.933,31,LEFT_FOOT_INDEX,0.5587545037269592,0.6696684956550598,0.09420014172792435,0.9863330125808716,0.9974879026412964
56,0.933,32,RIGHT_FOOT_INDEX,0.4647733271121979,0.6698597073554993,0.1844225525856018,0.9865459203720093,0.9982839226722717
57,0.95,0,NOSE,0.5088726282119751,0.401967853307724,-0.27007943391799927,0.9999523758888245,0.9997153878211975
57,0.95,1,LEFT_EYE_INNER,0.5137263536453247,0.3965378403663635,-0.25012126564979553,0.9997975826263428,0.9992644190788269
57,0.95,2,LEFT_EYE,0.5174116492271423,0.3966280519962311,-0.2501501441001892,0.9998016953468323,0.9992828965187073
57,0.95,3,LEFT_EYE_OUTER,0.52076655626297,0.3967107832431793,-0.250127375125885,0.9997855424880981,0.9992747902870178
57,0.95,4,RIGHT_EYE_INNER,0.5025904774665833,0.39650505781173706,-0.25336727499961853,0.9997735023498535,0.9992247819900513
57,0.95,5,RIGHT_EYE,0.49806106090545654,0.39663130044937134,-0.2533473074436188,0.9997491836547852,0.9991344809532166
57,0.95,6,RIGHT_EYE_OUTER,0.49336758255958557,0.3968350291252136,-0.25336122512817383,0.9997137188911438,0.9990530610084534
57,0.95,7,LEFT_EAR,0.5235859155654907,0.3999805152416229,-0.13320192694664001,0.9996227622032166,0.9994083642959595
57,0.95,8,RIGHT_EAR,0.4853362441062927,0.4001268744468689,-0.14873462915420532,0.9994157552719116,0.9990050196647644
57,0.95,9,MOUTH_LEFT,0.5148841142654419,0.40904805064201355,-0.2255692481994629,0.99992436170578,0.9998340606689453
57,0.95,10,MOUTH_RIGHT,0.5014680624008179,0.409364253282547,-0.23016826808452606,0.9999139308929443,0.9997945427894592
57,0.95,11,LEFT_SHOULDER,0.5559961199760437,0.43996861577033997,-0.08205439150333405,0.9999768733978271,0.9999569654464722
57,0.95,12,RIGHT_SHOULDER,0.44875290989875793,0.44027480483055115,-0.07022380828857422,0.9998655915260315,0.999794065952301
57,0.95,13,LEFT_ELBOW,0.5781809687614441,0.4843546450138092,-0.051048751920461655,0.9900264143943787,0.9998294115066528
57,0.95,14,RIGHT_ELBOW,0.424011766910553,0.48340660333633423,-0.06961697340011597,0.9510524868965149,0.999077558517456
57,0.95,15,LEFT_WRIST,0.587246298789978,0.5240204930305481,-0.17360536754131317,0.9918242692947388,0.9999061822891235
57,0.95,16,RIGHT_WRIST,0.43953603506088257,0.5236297845840454,-0.19958733022212982,0.9554625153541565,0.999272882938385
57,0.95,17,LEFT_PINKY,0.5930593013763428,0.5384662747383118,-0.21035327017307281,0.9846833944320679,0.9997238516807556
57,0.95,18,RIGHT_PINKY,0.4418943524360657,0.5381797552108765,-0.2366342693567276,0.9313834309577942,0.998927652835846
57,0.95,19,LEFT_INDEX,0.5855969786643982,0.5378135442733765,-0.2471095621585846,0.9853183627128601,0.9997836947441101
57,0.95,20,RIGHT_INDEX,0.45124760270118713,0.5358399152755737,-0.2696641981601715,0.9342727661132812,0.9991160035133362
57,0.95,21,LEFT_THUMB,0.5811485648155212,0.533595621585846,-0.1904834508895874,0.9809795618057251,0.9998717308044434
57,0.95,22,RIGHT_THUMB,0.4534485936164856,0.5309534072875977,-0.2156222015619278,0.9274123311042786,0.999362051486969
57,0.95,23,LEFT_HIP,0.5377944111824036,0.534781277179718,-0.012660116888582706,0.999855101108551,0.9998531341552734
57,0.95,24,RIGHT_HIP,0.47576993703842163,0.5370607972145081,0.012679295614361763,0.9998334050178528,0.999881386756897
57,0.95,25,LEFT_KNEE,0.5490782856941223,0.59339839220047,0.04126782342791557,0.9955950379371643,0.9999620914459229
57,0.95,26,RIGHT_KNEE,0.476455956697464,0.5962650775909424,0.08600350469350815,0.9909952878952026,0.9999345541000366
57,0.95,27,LEFT_ANKLE,0.5498849749565125,0.6526521444320679,0.19556938111782074,0.9922657012939453,0.9997361302375793
57,0.95,28,RIGHT_ANKLE,0.48801547288894653,0.6503715515136719,0.3028094172477722,0.9909339547157288,0.9998505115509033
57,0.95,29,LEFT_HEEL,0.5414490699768066,0.6606885194778442,0.2020852416753769,0.8875529170036316,0.9994633793830872
57,0.95,30,RIGHT_HEEL,0.4992569386959076,0.6584945917129517,0.31608444452285767,0.9315778613090515,0.9996874332427979
57,0.95,31,LEFT_FOOT_INDEX,0.5579962730407715,0.6712133288383484,0.06967797130346298,0.9867216944694519,0.9966092109680176
57,0.95,32,RIGHT_FOOT_INDEX,0.4660256803035736,0.6699154376983643,0.1998627930879593,0.9867329597473145,0.9981358051300049
58,0.967,0,NOSE,0.5089511871337891,0.40210458636283875,-0.25344762206077576,0.9999538660049438,0.9997021555900574
58,0.967,1,LEFT_EYE_INNER,0.5137789249420166,0.3966381847858429,-0.23278142511844635,0.9998049139976501,0.9992783665657043
58,0.967,2,LEFT_EYE,0.5174676775932312,0.3967265486717224,-0.23281972110271454,0.9998089671134949,0.9992965459823608
58,0.967,3,LEFT_EYE_OUTER,0.5208148956298828,0.3968065679073334,-0.23280693590641022,0.9997931718826294,0.9993003606796265
58,0.967,4,RIGHT_EYE_INNER,0.5026371479034424,0.39660730957984924,-0.2360495775938034,0.9997817277908325,0.9992250204086304
58,0.967,5,RIGHT_EYE,0.498097687959671,0.3967368006706238,-0.2360217124223709,0.999758243560791,0.999123752117157
58,0.967,6,RIGHT_EYE_OUTER,0.49337688088417053,0.39694705605506897,-0.23602783679962158,0.9997239708900452,0.999039351940155
58,0.967,7,LEFT_EAR,0.5236467719078064,0.4000474214553833,-0.11471439898014069,0.9996379017829895,0.9994505047798157
58,0.967,8,RIGHT_EAR,0.4852589964866638,0.40024909377098083,-0.1299714744091034,0.9994420409202576,0.9990200996398926
58,0.967,9,MOUTH_LEFT,0.5149359703063965,0.40919074416160583,-0.20863176882266998,0.9999269247055054,0.9998408555984497
58,0.967,10,MOUTH_RIGHT,0.501552402973175,0.4095342457294464,-0.21319621801376343,0.999917209148407,0.9997972846031189
58,0.967,11,LEFT_SHOULDER,0.5559534430503845,0.4400409162044525,-0.06592239439487457,0.9999777674674988,0.9999620914459229
58,0.967,12,RIGHT_SHOULDER,0.4487411081790924,0.4403221309185028,-0.05150165036320686,0.9998663067817688,0.9997939467430115
58,0.967,13,LEFT_ELBOW,0.5780085921287537,0.48449739813804626,-0.042885635048151016,0.9899908900260925,0.9998093247413635
58,0.967,14,RIGHT_ELBOW,0.4241553843021393,0.48366862535476685,-0.06386085599660873,0.9505802989006042,0.9990394711494446
58,0.967,15,LEFT_WRIST,0.5877685546875,0.5240126848220825,-0.17191562056541443,0.9918636083602905,0.9998947381973267
58,0.967,16,RIGHT_WRIST,0.44089561700820923,0.5236239433288574,-0.18251268565654755,0.9548693299293518,0.9992544054985046
58,0.967,17,LEFT_PINKY,0.5935537815093994,0.5384479761123657,-0.209836944937706,0.9848328232765198,0.9996861219406128
58,0.967,18,RIGHT_PINKY,0.4434618353843689,0.5381683111190796,-0.21969817578792572,0.930528461933136,0.9988859295845032
58,0.967,19,LEFT_INDEX,0.586208164691925,0.537786066532135,-0.24684038758277893,0.9854782819747925,0.999757707118988
58,0.967,20,RIGHT_INDEX,0.45264753699302673,0.535832405090332,-0.2537962794303894,0.9333804249763489,0.9990711212158203
58,0.967,21,LEFT_THUMB,0.5818312764167786,0.533559262752533,-0.18912650644779205,0.9811573028564453,0.9998569488525391
58,0.967,22,RIGHT_THUMB,0.45483481884002686,0.5309459567070007,-0.19911707937717438,0.926227331161499,0.9993177652359009
58,0.967,23,LEFT_HIP,0.5374711751937866,0.534824788570404,-0.013283779844641685,0.9998580813407898,0.9998268485069275
58,0.967,24,RIGHT_HIP,0.47568202018737793,0.5369942784309387,0.013326861895620823,0.9998317360877991,0.999843955039978
58,0.967,25,LEFT_KNEE,0.5482186675071716,0.5944319367408752,0.01724177412688732,0.9956205487251282,0.9999587535858154
58,0.967,26,RIGHT_KNEE,0.47645828127861023,0.5972551107406616,0.08600444346666336,0.9908100962638855,0.9999104738235474
58,0.967,27,LEFT_ANKLE,0.5492928624153137,0.655255138874054,0.16708405315876007,0.9923616647720337,0.9996156692504883
58,0.967,28,RIGHT_ANKLE,0.4880433678627014,0.6504865884780884,0.2991306185722351,0.9908066987991333,0.9998000264167786
58,0.967,29,LEFT_HEEL,0.5414624214172363,0.663439929485321,0.17264026403427124,0.8871943354606628,0.9992043375968933
58,0.967,30,RIGHT_HEEL,0.4993555247783661,0.6589661240577698,0.3118150532245636,0.9312452077865601,0.9995846152305603
58,0.967,31,LEFT_FOOT_INDEX,0.550813615322113,0.6744703650474548,0.033962931483983994,0.9868686199188232,0.9957183003425598
58,0.967,32,RIGHT_FOOT_INDEX,0.46593037247657776,0.6702922582626343,0.19627191126346588,0.9867023229598999,0.9978134632110596
59,0.983,0,NOSE,0.5090017318725586,0.40237903594970703,-0.25353074073791504,0.9999564290046692,0.9997983574867249
59,0.983,1,LEFT_EYE_INNER,0.5138342380523682,0.3968310058116913,-0.2329685240983963,0.9998160004615784,0.9994935989379883
59,0.983,2,LEFT_EYE,0.5175190567970276,0.39691609144210815,-0.23300586640834808,0.999819815158844,0.9995014667510986
59,0.983,3,LEFT_EYE_OUTER,0.5208718776702881,0.3969893753528595,-0.23299333453178406,0.999804675579071,0.9994996786117554
59,0.983,4,RIGHT_EYE_INNER,0.5026850700378418,0.39679887890815735,-0.23613227903842926,0.999794602394104,0.9994745850563049
59,0.983,5,RIGHT_EYE,0.4981408715248108,0.3969232439994812,-0.23610450327396393,0.9997726678848267,0.9994137287139893
59,0.983,6,RIGHT_EYE_OUTER,0.49342024326324463,0.397137314081192,-0.23611074686050415,0.9997402429580688,0.9993643164634705
59,0.983,7,LEFT_EAR,0.523720920085907,0.40016794204711914,-0.11529817432165146,0.9996580481529236,0.9996079802513123
59,0.983,8,RIGHT_EAR,0.4853278398513794,0.40042737126350403,-0.13000167906284332,0.9994789361953735,0.9993849992752075
59,0.983,9,MOUTH_LEFT,0.5149868130683899,0.40947282314300537,-0.2088230401277542,0.9999310374259949,0.9998931884765625
59,0.983,10,MOUTH_RIGHT,0.5015778541564941,0.4098735451698303,-0.2132594734430313,0.9999222755432129,0.9998683929443359
59,0.983,11,LEFT_SHOULDER,0.5559574961662292,0.4402231276035309,-0.06538264453411102,0.9999788403511047,0.999972939491272
59,0.983,12,RIGHT_SHOULDER,0.4488191306591034,0.4404014050960541,-0.0514548234641552,0.9998700618743896,0.9998420476913452
59,0.983,13,LEFT_ELBOW,0.5780612826347351,0.48457059264183044,-0.04116063565015793,0.9900269508361816,0.9998430013656616
59,0.983,14,RIGHT_ELBOW,0.4241977035999298,0.4837362468242645,-0.05817344784736633,0.9508645534515381,0.9990967512130737
59,0.983,15,LEFT_WRIST,0.588593065738678,0.5240553021430969,-0.17175358533859253,0.9918934106826782,0.9998934268951416
59,0.983,16,RIGHT_WRIST,0.4421977996826172,0.5235846042633057,-0.18992316722869873,0.9550268650054932,0.9993847608566284
59,0.983,17,LEFT_PINKY,0.5942844152450562,0.5385081768035889,-0.20960664749145508,0.9849489331245422,0.9996751546859741
59,0.983,18,RIGHT_PINKY,0.44494473934173584,0.538129448890686,-0.22844041883945465,0.930641233921051,0.9991031885147095
59,0.983,19,LEFT_INDEX,0.5872072577476501,0.5379179120063782,-0.24643540382385254,0.9856043457984924,0.9997461438179016
59,0.983,20,RIGHT_INDEX,0.4541316032409668,0.5357503890991211,-0.261035680770874,0.9333449006080627,0.9992577433586121
59,0.983,21,LEFT_THUMB,0.5829668045043945,0.5336788892745972,-0.18878675997257233,0.9812873601913452,0.9998511075973511
59,0.983,22,RIGHT_THUMB,0.45618483424186707,0.5308873057365417,-0.20583181083202362,0.9257993698120117,0.9994526505470276
59,0.983,23,LEFT_HIP,0.5370932221412659,0.5350796580314636,-0.013342545367777348,0.9998643398284912,0.9999027252197266
59,0.983,24,RIGHT_HIP,0.4755610227584839,0.536980926990509,0.013391307555139065,0.999832808971405,0.9998937845230103
59,0.983,25,LEFT_KNEE,0.5473986268043518,0.5958827137947083,0.0022429758682847023,0.9956899285316467,0.9999756813049316
59,0.983,26,RIGHT_KNEE,0.4764768183231354,0.5981098413467407,0.09458518028259277,0.9906460046768188,0.9999351501464844
59,0.983,27,LEFT_ANKLE,0.5489600896835327,0.6580371856689453,0.13799943029880524,0.9925603270530701,0.999687910079956
59,0.983,28,RIGHT_ANKLE,0.48810893297195435,0.6504830121994019,0.31395718455314636,0.990638256072998,0.9998388290405273
59,0.983,29,LEFT_HEEL,0.5412774085998535,0.6667220592498779,0.14165174961090088,0.8883943557739258,0.9993077516555786
59,0.983,30,RIGHT_HEEL,0.4996051788330078,0.6589361429214478,0.3275306820869446,0.9304518103599548,0.9996700286865234
59,0.983,31,LEFT_FOOT_INDEX,0.5471912622451782,0.675999104976654,-0.0016195746138691902,0.9872041344642639,0.9958502054214478
59,0.983,32,RIGHT_FOOT_INDEX,0.4661244750022888,0.6704683899879456,0.21582616865634918,0.9867364168167114,0.9983199238777161
60,1.0,0,NOSE,0.5091160535812378,0.4026084840297699,-0.2589348256587982,0.9999586343765259,0.9997727274894714
60,1.0,1,LEFT_EYE_INNER,0.5138804316520691,0.39710113406181335,-0.2381449043750763,0.9998252987861633,0.9994352459907532
60,1.0,2,LEFT_EYE,0.5175808668136597,0.39719358086586,-0.2381795197725296,0.9998289942741394,0.999450147151947
60,1.0,3,LEFT_EYE_OUTER,0.5209107995033264,0.3972584009170532,-0.23816734552383423,0.9998143315315247,0.9994534850120544
60,1.0,4,RIGHT_EYE_INNER,0.5027402639389038,0.3970335125923157,-0.24151800572872162,0.9998053908348083,0.9994022846221924
60,1.0,5,RIGHT_EYE,0.49819713830947876,0.3971508741378784,-0.24149133265018463,0.9997849464416504,0.9993280172348022
60,1.0,6,RIGHT_EYE_OUTER,0.4934605360031128,0.39733874797821045,-0.24149605631828308,0.9997539520263672,0.999270498752594
60,1.0,7,LEFT_EAR,0.5237934589385986,0.4003355801105499,-0.11818863451480865,0.9996746778488159,0.9995803236961365
60,1.0,8,RIGHT_EAR,0.4853907823562622,0.4005724787712097,-0.1342252939939499,0.9995101690292358,0.9992846846580505
60,1.0,9,MOUTH_LEFT,0.5150144100189209,0.4096759557723999,-0.21351668238639832,0.999934732913971,0.9998855590820312
60,1.0,10,MOUTH_RIGHT,0.5017245411872864,0.41005939245224,-0.21825061738491058,0.999926745891571,0.9998533725738525
60,1.0,11,LEFT_SHOULDER,0.5560299754142761,0.44043534994125366,-0.06635825335979462,0.9999798536300659,0.9999741315841675
60,1.0,12,RIGHT_SHOULDER,0.4488699436187744,0.44052261114120483,-0.05396304652094841,0.9998720288276672,0.9998074173927307
60,1.0,13,LEFT_ELBOW,0.5781530141830444,0.4845813810825348,-0.03966713696718216,0.9901588559150696,0.9998584985733032
60,1.0,14,RIGHT_ELBOW,0.4242660403251648,0.48375383019447327,-0.05986863747239113,0.9515249729156494,0.998958945274353
60,1.0,15,LEFT_WRIST,0.5894848704338074,0.5242154002189636,-0.17137880623340607,0.991917610168457,0.9998890161514282
60,1.0,16,RIGHT_WRIST,0.44394418597221375,0.5235387086868286,-0.19881929457187653,0.9552546739578247,0.9993578791618347
60,1.0,17,LEFT_PINKY,0.595151424407959,0.5385444760322571,-0.20933718979358673,0.9850143194198608,0.9996591806411743
60,1.0,18,RIGHT_PINKY,0.4468105435371399,0.5379737019538879,-0.23778460919857025,0.9308345317840576,0.9991093277931213
60,1.0,19,LEFT_INDEX,0.5886959433555603,0.5379734039306641,-0.24622853100299835,0.9856823682785034,0.9997301697731018
60,1.0,20,RIGHT_INDEX,0.4559381306171417,0.5354986190795898,-0.26984038949012756,0.933384895324707,0.9992584586143494
60,1.0,21,LEFT_THUMB,0.5844916701316833,0.5337044596672058,-0.1886293739080429,0.9813681244850159,0.9998407363891602
60,1.0,22,RIGHT_THUMB,0.45773205161094666,0.5306482315063477,-0.21436232328414917,0.92536461353302,0.9994428753852844
60,1.0,23,LEFT_HIP,0.536730945110321,0.535504162311554,-0.01346646249294281,0.9998694658279419,0.9999113082885742
60,1.0,24,RIGHT_HIP,0.47534728050231934,0.5370463132858276,0.013511305674910545,0.9998312592506409,0.9998800754547119
60,1.0,25,LEFT_KNEE,0.5462208390235901,0.5987223386764526,-0.00857472326606512,0.9957739114761353,0.9999792575836182
60,1.0,26,RIGHT_KNEE,0.47655487060546875,0.5990670919418335,0.09686625003814697,0.9905123710632324,0.9999303817749023
60,1.0,27,LEFT_ANKLE,0.5483872890472412,0.6609567403793335,0.12659034132957458,0.9927976727485657,0.9997087121009827
60,1.0,28,RIGHT_ANKLE,0.4882003664970398,0.6506568193435669,0.32189905643463135,0.9904974102973938,0.9998370409011841
60,1.0,29,LEFT_HEEL,0.5410559177398682,0.6695970296859741,0.1299629509449005,0.8899509906768799,0.9993448853492737
60,1.0,30,RIGHT_HEEL,0.49975693225860596,0.6589949131011963,0.336127907037735,0.9293559193611145,0.999675989151001
60,1.0,31,LEFT_FOOT_INDEX,0.5457996129989624,0.6793256998062134,-0.017676696181297302,0.9876096248626709,0.9959936141967773
60,1.0,32,RIGHT_FOOT_INDEX,0.4666054844856262,0.6707128882408142,0.22258858382701874,0.9868078827857971,0.9983623623847961
61,1.017,0,NOSE,0.5093493461608887,0.40292197465896606,-0.25515779852867126,0.9999602437019348,0.9997430443763733
61,1.017,1,LEFT_EYE_INNER,0.5140534043312073,0.39738842844963074,-0.2341165989637375,0.9998325109481812,0.9993771910667419
61,1.017,2,LEFT_EYE,0.5177638530731201,0.3974839746952057,-0.23415309190750122,0.9998363852500916,0.9993952512741089
61,1.017,3,LEFT_EYE_OUTER,0.5210433602333069,0.39754393696784973,-0.23414061963558197,0.9998220205307007,0.9994022846221924
61,1.017,4,RIGHT_EYE_INNER,0.5029639005661011,0.3972868323326111,-0.23760822415351868,0.9998135566711426,0.9993306398391724
61,1.017,5,RIGHT_EYE,0.49843642115592957,0.39738956093788147,-0.23758234083652496,0.9997945427894592,0.9992458820343018
61,1.017,6,RIGHT_EYE_OUTER,0.49365201592445374,0.3975588083267212,-0.23758628964424133,0.9997645616531372,0.9991781115531921
61,1.017,7,LEFT_EAR,0.5238307118415833,0.40059563517570496,-0.11504504829645157,0.9996891617774963,0.9995500445365906
61,1.017,8,RIGHT_EAR,0.4854300022125244,0.4007192850112915,-0.1312200278043747,0.9995359778404236,0.9991979002952576
61,1.017,9,MOUTH_LEFT,0.5151031017303467,0.4100032150745392,-0.21013209223747253,0.9999377727508545,0.9998788833618164
61,1.017,10,MOUTH_RIGHT,0.5019868016242981,0.41036948561668396,-0.2149812877178192,0.9999303221702576,0.9998424053192139
61,1.017,11,LEFT_SHOULDER,0.5561001300811768,0.4408409297466278,-0.06370116025209427,0.9999808073043823,0.9999734163284302
61,1.017,12,RIGHT_SHOULDER,0.4489116668701172,0.4408414661884308,-0.05078452080488205,0.9998729228973389,0.9997944235801697
61,1.017,13,LEFT_ELBOW,0.5782312750816345,0.4846359193325043,-0.036733802407979965,0.9902648329734802,0.9998400211334229
61,1.017,14,RIGHT_ELBOW,0.42435455322265625,0.4839416444301605,-0.05474672466516495,0.9517764449119568,0.9988757967948914
61,1.017,15,LEFT_WRIST,0.5901005268096924,0.5243178009986877,-0.17133885622024536,0.9919358491897583,0.9998745918273926
61,1.017,16,RIGHT_WRIST,0.44487372040748596,0.5232518911361694,-0.1931411623954773,0.9554990530014038,0.9992952346801758
61,1.017,17,LEFT_PINKY,0.595481276512146,0.5385459065437317,-0.20915484428405762,0.9851072430610657,0.999614953994751
61,1.017,18,RIGHT_PINKY,0.44779881834983826,0.5375760793685913,-0.2322174459695816,0.9311505556106567,0.999016523361206
61,1.017,19,LEFT_INDEX,0.5895379185676575,0.5379763245582581,-0.24592439830303192,0.9857879281044006,0.9996981620788574
61,1.017,20,RIGHT_INDEX,0.4568060636520386,0.5351666212081909,-0.26417791843414307,0.9336003065109253,0.9991832375526428
61,1.017,21,LEFT_THUMB,0.5854556560516357,0.5336860418319702,-0.18843623995780945,0.9814987778663635,0.9998229146003723
61,1.017,22,RIGHT_THUMB,0.4584945738315582,0.5302983522415161,-0.208753764629364,0.9252204895019531,0.9993815422058105
61,1.017,23,LEFT_HIP,0.5362145900726318,0.5358612537384033,-0.014148608781397343,0.9998735785484314,0.9998862743377686
61,1.017,24,RIGHT_HIP,0.47517043352127075,0.5370851755142212,0.014199886471033096,0.9998276829719543,0.9998403787612915
61,1.017,25,LEFT_KNEE,0.5449426174163818,0.5994663834571838,-0.013228408060967922,0.9957912564277649,0.9999732971191406
61,1.017,26,RIGHT_KNEE,0.4765779376029968,0.5996720790863037,0.09938756376504898,0.9901100993156433,0.9998997449874878
61,1.017,27,LEFT_ANKLE,0.5474808812141418,0.661443829536438,0.12447486072778702,0.9928764700889587,0.9995198249816895
61,1.017,28,RIGHT_ANKLE,0.48826146125793457,0.6506513357162476,0.32440903782844543,0.9900242686271667,0.9997524619102478
61,1.017,29,LEFT_HEEL,0.5409489870071411,0.669425368309021,0.12820576131343842,0.8884519338607788,0.9989293217658997
61,1.017,30,RIGHT_HEEL,0.4997337758541107,0.6585676670074463,0.33881300687789917,0.9274659156799316,0.9995137453079224
61,1.017,31,LEFT_FOOT_INDEX,0.5433285236358643,0.679948091506958,-0.018049154430627823,0.987689733505249,0.9939514398574829
61,1.017,32,RIGHT_FOOT_INDEX,0.4665817618370056,0.6707814931869507,0.22681640088558197,0.9865084290504456,0.9976420998573303
62,1.033,0,NOSE,0.5097051858901978,0.4033242166042328,-0.2609490752220154,0.9999622106552124,0.9997928738594055
62,1.033,1,LEFT_EYE_INNER,0.5142819285392761,0.3977968096733093,-0.24048148095607758,0.9998415112495422,0.9994625449180603
62,1.033,2,LEFT_EYE,0.517957329750061,0.3978949189186096,-0.24052318930625916,0.9998452663421631,0.9994857311248779
62,1.033,3,LEFT_EYE_OUTER,0.5211837291717529,0.39795440435409546,-0.24051883816719055,0.99983149766922,0.9994927644729614
62,1.033,4,RIGHT_EYE_INNER,0.5032928586006165,0.3976394236087799,-0.24406707286834717,0.9998239278793335,0.9994088411331177
62,1.033,5,RIGHT_EYE,0.49880269169807434,0.39771780371665955,-0.24404068291187286,0.9998059272766113,0.9993311166763306
62,1.033,6,RIGHT_EYE_OUTER,0.49398860335350037,0.3978461027145386,-0.24404624104499817,0.9997770190238953,0.9992676377296448
62,1.033,7,LEFT_EAR,0.5238760113716125,0.40094584226608276,-0.12304160743951797,0.9997043013572693,0.9996163845062256
62,1.033,8,RIGHT_EAR,0.4855017066001892,0.40095439553260803,-0.14038997888565063,0.999565064907074,0.9992935657501221
62,1.033,9,MOUTH_LEFT,0.5152166485786438,0.4103832244873047,-0.21655821800231934,0.9999412894248962,0.9998959302902222
62,1.033,10,MOUTH_RIGHT,0.5023434162139893,0.4107254445552826,-0.22162514925003052,0.9999344348907471,0.9998631477355957
62,1.033,11,LEFT_SHOULDER,0.556156575679779,0.44125229120254517,-0.0696147009730339,0.9999816417694092,0.9999775886535645
62,1.033,12,RIGHT_SHOULDER,0.44895604252815247,0.4410507082939148,-0.06179964914917946,0.9998751878738403,0.9997852444648743
62,1.033,13,LEFT_ELBOW,0.5782595276832581,0.4846835434436798,-0.050874222069978714,0.9904252290725708,0.9998569488525391
62,1.033,14,RIGHT_ELBOW,0.424426406621933,0.4840080142021179,-0.07237682491540909,0.9525163769721985,0.9986709356307983
62,1.033,15,LEFT_WRIST,0.5910238027572632,0.5244500637054443,-0.19742386043071747,0.9919836521148682,0.9998798370361328
62,1.033,16,RIGHT_WRIST,0.4461747109889984,0.5231456160545349,-0.21697956323623657,0.9558468461036682,0.9991986155509949
62,1.033,17,LEFT_PINKY,0.5963513255119324,0.5385668873786926,-0.23812957108020782,0.9852287173271179,0.9996151924133301
62,1.033,18,RIGHT_PINKY,0.4492737054824829,0.5373325347900391,-0.25630250573158264,0.9317164421081543,0.9988981485366821
62,1.033,19,LEFT_INDEX,0.5907447934150696,0.537998378276825,-0.27363842725753784,0.9859206676483154,0.9997056126594543
62,1.033,20,RIGHT_INDEX,0.45816171169281006,0.5348638892173767,-0.2862074077129364,0.9339929223060608,0.999110996723175
62,1.033,21,LEFT_THUMB,0.5867782235145569,0.5336785912513733,-0.21403241157531738,0.9816839694976807,0.9998283386230469
62,1.033,22,RIGHT_THUMB,0.45967814326286316,0.5299952030181885,-0.23153789341449738,0.9251890182495117,0.9993269443511963
62,1.033,23,LEFT_HIP,0.5358361601829529,0.5358954071998596,-0.014145768247544765,0.9998783469200134,0.9999274015426636
62,1.033,24,RIGHT_HIP,0.47499045729637146,0.5370499491691589,0.01419502031058073,0.9998242855072021,0.9998743534088135
62,1.033,25,LEFT_KNEE,0.5431785583496094,0.5995811820030212,-0.014360969886183739,0.9956183433532715,0.9999728202819824
62,1.033,26,RIGHT_KNEE,0.47657257318496704,0.5998839139938354,0.11430110037326813,0.9893011450767517,0.999901533126831
62,1.033,27,LEFT_ANKLE,0.546009361743927,0.6624338626861572,0.10185419768095016,0.9927260279655457,0.9995195865631104
62,1.033,28,RIGHT_ANKLE,0.4882802367210388,0.6503041982650757,0.3477901518344879,0.9889103770256042,0.9997403025627136
62,1.033,29,LEFT_HEEL,0.539337158203125,0.6708987951278687,0.10351478308439255,0.8892433047294617,0.9988903403282166
62,1.033,30,RIGHT_HEEL,0.4997159540653229,0.6573410034179688,0.363585889339447,0.9236462116241455,0.9994992017745972
62,1.033,31,LEFT_FOOT_INDEX,0.5438293814659119,0.6803240180015564,-0.038965217769145966,0.9874995350837708,0.992954432964325
62,1.033,32,RIGHT_FOOT_INDEX,0.4676147699356079,0.6707051992416382,0.25883975625038147,0.9855133295059204,0.997683048248291
63,1.05,0,NOSE,0.5109610557556152,0.40408042073249817,-0.25933995842933655,0.999964714050293,0.9998341798782349
63,1.05,1,LEFT_EYE_INNER,0.5153700113296509,0.3983544707298279,-0.23895077407360077,0.9998525977134705,0.999570906162262
63,1.05,2,LEFT_EYE,0.5188877582550049,0.398442804813385,-0.23899368941783905,0.9998561143875122,0.9995846152305603
63,1.05,3,LEFT_EYE_OUTER,0.5219120979309082,0.3985365927219391,-0.23899094760417938,0.999843180179596,0.9995898604393005
63,1.05,4,RIGHT_EYE_INNER,0.5046523213386536,0.3980918526649475,-0.24341636896133423,0.999836802482605,0.9995515942573547
63,1.05,5,RIGHT_EYE,0.5002662539482117,0.3981047570705414,-0.2433905154466629,0.9998201727867126,0.9995039701461792
63,1.05,6,RIGHT_EYE_OUTER,0.4954022467136383,0.39818334579467773,-0.2433929443359375,0.9997932314872742,0.9994692206382751
63,1.05,7,LEFT_EAR,0.5239844918251038,0.40153223276138306,-0.12223560363054276,0.9997252225875854,0.9997001886367798
63,1.05,8,RIGHT_EAR,0.4857729971408844,0.4012267291545868,-0.14081363379955292,0.9996001124382019,0.9995206594467163
63,1.05,9,MOUTH_LEFT,0.515929639339447,0.4111417233943939,-0.21514976024627686,0.9999455213546753,0.9999164342880249
63,1.05,10,MOUTH_RIGHT,0.5035204887390137,0.4113597869873047,-0.22137805819511414,0.9999393820762634,0.9999021291732788
63,1.05,11,LEFT_SHOULDER,0.5562090277671814,0.4415838122367859,-0.06930005550384521,0.9999827742576599,0.9999819993972778
63,1.05,12,RIGHT_SHOULDER,0.4488230049610138,0.441231906414032,-0.062486682087183,0.9998807311058044,0.9998613595962524
63,1.05,13,LEFT_ELBOW,0.5782918334007263,0.4848441481590271,-0.05013394355773926,0.9906099438667297,0.9998507499694824
63,1.05,14,RIGHT_ELBOW,0.4245080351829529,0.48417937755584717,-0.07318750023841858,0.9538077712059021,0.9988806843757629
63,1.05,15,LEFT_WRIST,0.5919823050498962,0.5246304273605347,-0.1912326067686081,0.9919908046722412,0.9998428821563721
63,1.05,16,RIGHT_WRIST,0.44707679748535156,0.5228549838066101,-0.21836715936660767,0.9569839835166931,0.9992639422416687
63,1.05,17,LEFT_PINKY,0.5972685813903809,0.538796603679657,-0.23122654855251312,0.9853044748306274,0.9994612336158752
63,1.05,18,RIGHT_PINKY,0.4502689838409424,0.5368789434432983,-0.2578527629375458,0.9334405660629272,0.9988914132118225
63,1.05,19,LEFT_INDEX,0.5915310978889465,0.5382314920425415,-0.26694387197494507,0.9859979748725891,0.9995957016944885
63,1.05,20,RIGHT_INDEX,0.45918458700180054,0.5343706011772156,-0.28820228576660156,0.9355736970901489,0.9991318583488464
63,1.05,21,LEFT_THUMB,0.5875257253646851,0.5339111685752869,-0.20778587460517883,0.9818200469017029,0.9997712969779968
63,1.05,22,RIGHT_THUMB,0.4605889916419983,0.5294927358627319,-0.23309485614299774,0.9265708327293396,0.9993676543235779
63,1.05,23,LEFT_HIP,0.5355740189552307,0.536004900932312,-0.014224603772163391,0.999882161617279,0.999924898147583
63,1.05,24,RIGHT_HIP,0.4746588170528412,0.5370439291000366,0.014269749633967876,0.9998207688331604,0.9998840093612671
63,1.05,25,LEFT_KNEE,0.5424937009811401,0.6003450751304626,-0.02162158489227295,0.9956328272819519,0.999974250793457
63,1.05,26,RIGHT_KNEE,0.4765658974647522,0.6005237698554993,0.11636626720428467,0.9889250993728638,0.9999027252197266
63,1.05,27,LEFT_ANKLE,0.5459518432617188,0.6647107005119324,0.07090439647436142,0.9928210377693176,0.9993844032287598
63,1.05,28,RIGHT_ANKLE,0.48839110136032104,0.650375247001648,0.33828091621398926,0.988387405872345,0.9997133612632751
63,1.05,29,LEFT_HEEL,0.5395761132240295,0.6734152436256409,0.06971123814582825,0.8903014063835144,0.9984423518180847
63,1.05,30,RIGHT_HEEL,0.5000954270362854,0.6575284600257874,0.35295847058296204,0.9221253991127014,0.9993937015533447
63,1.05,31,LEFT_FOOT_INDEX,0.5417181849479675,0.6812984347343445,-0.07422777265310287,0.9876463413238525,0.9893741011619568
63,1.05,32,RIGHT_FOOT_INDEX,0.4684593677520752,0.6708419322967529,0.2472245693206787,0.9851616621017456,0.9967920184135437
64,1.067,0,NOSE,0.51102215051651,0.40483495593070984,-0.2534157931804657,0.9999669790267944,0.9998931884765625
64,1.067,1,LEFT_EYE_INNER,0.5155243277549744,0.3989695608615875,-0.23319566249847412,0.9998624920845032,0.999707043170929
64,1.067,2,LEFT_EYE,0.5190773010253906,0.3990379869937897,-0.23324108123779297,0.9998657703399658,0.9997133612632751
64,1.067,3,LEFT_EYE_OUTER,0.5221143960952759,0.39914587140083313,-0.23323847353458405,0.9998533725738525,0.9997121691703796
64,1.067,4,RIGHT_EYE_INNER,0.5047786831855774,0.3987422287464142,-0.23694519698619843,0.9998483657836914,0.9996953010559082
64,1.067,5,RIGHT_EYE,0.5003901720046997,0.39873582124710083,-0.23691873252391815,0.9998328685760498,0.9996618032455444
64,1.067,6,RIGHT_EYE_OUTER,0.4955238103866577,0.39886245131492615,-0.23691357672214508,0.9998075366020203,0.9996343851089478
64,1.067,7,LEFT_EAR,0.5243924856185913,0.4022310972213745,-0.11806154996156693,0.9997426271438599,0.9997724890708923
64,1.067,8,RIGHT_EAR,0.4859832227230072,0.4019896686077118,-0.13561324775218964,0.9996311664581299,0.9996656179428101
64,1.067,9,MOUTH_LEFT,0.5160412788391113,0.4119357168674469,-0.210018590092659,0.9999489784240723,0.9999361038208008
64,1.067,10,MOUTH_RIGHT,0.5035836100578308,0.41212189197540283,-0.21553252637386322,0.9999436140060425,0.9999268054962158
64,1.067,11,LEFT_SHOULDER,0.5562571883201599,0.4420035183429718,-0.06672205775976181,0.9999834895133972,0.999980092048645
64,1.067,12,RIGHT_SHOULDER,0.44886916875839233,0.44147294759750366,-0.06171846762299538,0.9998862147331238,0.9998773336410522
64,1.067,13,LEFT_ELBOW,0.5783025026321411,0.48506155610084534,-0.05016135796904564,0.9907849431037903,0.999854326248169
64,1.067,14,RIGHT_ELBOW,0.4242932200431824,0.4843800365924835,-0.06739626824855804,0.9550688862800598,0.9990634322166443
64,1.067,15,LEFT_WRIST,0.5929996967315674,0.5248482823371887,-0.1928362101316452,0.9919868111610413,0.9998596906661987
64,1.067,16,RIGHT_WRIST,0.4478208124637604,0.522817850112915,-0.20850194990634918,0.9577341675758362,0.9994125366210938
64,1.067,17,LEFT_PINKY,0.5984293818473816,0.5391559600830078,-0.23351500928401947,0.9853300452232361,0.9995307922363281
64,1.067,18,RIGHT_PINKY,0.45096078515052795,0.5367630124092102,-0.24728311598300934,0.9344223141670227,0.9991104006767273
64,1.067,19,LEFT_INDEX,0.5924603939056396,0.5386810898780823,-0.26880118250846863,0.9860280752182007,0.999653697013855
64,1.067,20,RIGHT_INDEX,0.4598448574542999,0.5341120362281799,-0.2772887647151947,0.9363999962806702,0.9993174076080322
64,1.067,21,LEFT_THUMB,0.5883572101593018,0.5343998670578003,-0.20932963490486145,0.9818947315216064,0.9998016953468323
64,1.067,22,RIGHT_THUMB,0.46109718084335327,0.5292443037033081,-0.2230185568332672,0.9271290898323059,0.9995054006576538
64,1.067,23,LEFT_HIP,0.535078763961792,0.5363501310348511,-0.013980861753225327,0.9998847246170044,0.9999125003814697
64,1.067,24,RIGHT_HIP,0.47428232431411743,0.5371465682983398,0.01403431873768568,0.9998181462287903,0.9998937845230103
64,1.067,25,LEFT_KNEE,0.5420215129852295,0.6007193326950073,-0.0316431000828743,0.9954368472099304,0.9999657869338989
64,1.067,26,RIGHT_KNEE,0.4765491485595703,0.6007929444313049,0.11209678649902344,0.9886314272880554,0.9999234676361084
64,1.067,27,LEFT_ANKLE,0.5458576679229736,0.6655575037002563,0.050675999373197556,0.9927409291267395,0.999480664730072
64,1.067,28,RIGHT_ANKLE,0.48852893710136414,0.6508957743644714,0.30908432602882385,0.9880247116088867,0.9997475743293762
64,1.067,29,LEFT_HEEL,0.5396817922592163,0.6758843064308167,0.048641785979270935,0.8928643465042114,0.99873286485672
64,1.067,30,RIGHT_HEEL,0.5003503561019897,0.6584973931312561,0.3205812871456146,0.9216757416725159,0.9994576573371887
64,1.067,31,LEFT_FOOT_INDEX,0.5427567362785339,0.6810081601142883,-0.09102189540863037,0.98749178647995,0.9913564920425415
64,1.067,32,RIGHT_FOOT_INDEX,0.4685276448726654,0.6708735227584839,0.2199411392211914,0.9847371578216553,0.997208297252655
65,1.083,0,NOSE,0.5117828249931335,0.4052937924861908,-0.24671778082847595,0.9999688267707825,0.9998761415481567
65,1.083,1,LEFT_EYE_INNER,0.516065776348114,0.3994462192058563,-0.22657519578933716,0.9998711943626404,0.9996592998504639
65,1.083,2,LEFT_EYE,0.519604504108429,0.3995276987552643,-0.22662965953350067,0.9998742341995239,0.9996697902679443
65,1.083,3,LEFT_EYE_OUTER,0.5226109027862549,0.399652361869812,-0.2266402542591095,0.9998623728752136,0.9996699094772339
65,1.083,4,RIGHT_EYE_INNER,0.5055111646652222,0.3991859555244446,-0.23048077523708344,0.999858558177948,0.9996401071548462
65,1.083,5,RIGHT_EYE,0.5011165142059326,0.39915624260902405,-0.23044860363006592,0.9998440146446228,0.9995978474617004
65,1.083,6,RIGHT_EYE_OUTER,0.4962194859981537,0.39928629994392395,-0.23044997453689575,0.9998201131820679,0.9995617270469666
65,1.083,7,LEFT_EAR,0.5246782302856445,0.4028364419937134,-0.11263243854045868,0.9997584819793701,0.999752938747406
65,1.083,8,RIGHT_EAR,0.48640328645706177,0.4024773836135864,-0.13190041482448578,0.9996600151062012,0.9995927214622498
65,1.083,9,MOUTH_LEFT,0.5166610479354858,0.41243213415145874,-0.20373904705047607,0.9999521374702454,0.9999328851699829
65,1.083,10,MOUTH_RIGHT,0.5043966770172119,0.41261136531829834,-0.20951955020427704,0.9999473690986633,0.9999184608459473
65,1.083,11,LEFT_SHOULDER,0.556315541267395,0.4424760043621063,-0.060822393745183945,0.9999841451644897,0.9999816417694092
65,1.083,12,RIGHT_SHOULDER,0.44898033142089844,0.44167855381965637,-0.06092720106244087,0.9998908638954163,0.9998574256896973
65,1.083,13,LEFT_ELBOW,0.5783177614212036,0.48551955819129944,-0.04020048305392265,0.9906570911407471,0.9998294115066528
65,1.083,14,RIGHT_ELBOW,0.42434924840927124,0.48453351855278015,-0.07403438538312912,0.9556669592857361,0.9987251162528992
65,1.083,15,LEFT_WRIST,0.5934640169143677,0.5249355435371399,-0.18199919164180756,0.9917727708816528,0.9998134970664978
65,1.083,16,RIGHT_WRIST,0.4486910104751587,0.522724449634552,-0.2249617874622345,0.9579982161521912,0.9992367029190063
65,1.083,17,LEFT_PINKY,0.5991570949554443,0.5392184853553772,-0.22199158370494843,0.9850801229476929,0.9993889331817627
65,1.083,18,RIGHT_PINKY,0.4520174562931061,0.5365866422653198,-0.2646695673465729,0.9350564479827881,0.9988933205604553
65,1.083,19,LEFT_INDEX,0.5935826301574707,0.5388152599334717,-0.2558274269104004,0.9858108162879944,0.9995429515838623
65,1.083,20,RIGHT_INDEX,0.461299866437912,0.5338799357414246,-0.29320287704467773,0.9368829727172852,0.9991422891616821
65,1.083,21,LEFT_THUMB,0.5893483757972717,0.534457266330719,-0.1980130523443222,0.9816681146621704,0.9997377991676331
65,1.083,22,RIGHT_THUMB,0.4623836278915405,0.5290306210517883,-0.2390681505203247,0.9273537993431091,0.9993736147880554
65,1.083,23,LEFT_HIP,0.534998893737793,0.5365262627601624,-0.013700472190976143,0.9998878240585327,0.9999001026153564
65,1.083,24,RIGHT_HIP,0.47396406531333923,0.5371795296669006,0.013766838237643242,0.9998148083686829,0.9998562335968018
65,1.083,25,LEFT_KNEE,0.5413021445274353,0.6011074185371399,-0.027294641360640526,0.99500972032547,0.9999475479125977
65,1.083,26,RIGHT_KNEE,0.47655418515205383,0.6012564897537231,0.11291605234146118,0.9872806072235107,0.9998579025268555
65,1.083,27,LEFT_ANKLE,0.5446730852127075,0.665432333946228,0.06139489635825157,0.9921630024909973,0.9988213181495667
65,1.083,28,RIGHT_ANKLE,0.4889088273048401,0.6508925557136536,0.31967684626579285,0.9859311580657959,0.9994221925735474
65,1.083,29,LEFT_HEEL,0.5391759872436523,0.6769849061965942,0.06042901426553726,0.8920286297798157,0.9971078038215637
65,1.083,30,RIGHT_HEEL,0.5007902979850769,0.6584930419921875,0.3328709900379181,0.9168391823768616,0.9987788796424866
65,1.083,31,LEFT_FOOT_INDEX,0.5426359176635742,0.6814404726028442,-0.07637784630060196,0.9864494800567627,0.9812488555908203
65,1.083,32,RIGHT_FOOT_INDEX,0.4690944254398346,0.6709029078483582,0.2353215217590332,0.9824264049530029,0.9944690465927124
66,1.1,0,NOSE,0.5125678181648254,0.4062892198562622,-0.2474011778831482,0.9999707937240601,0.9998937845230103
66,1.1,1,LEFT_EYE_INNER,0.5167431235313416,0.4004349112510681,-0.2272150069475174,0.9998799562454224,0.9996997117996216
66,1.1,2,LEFT_EYE,0.5202462077140808,0.40052980184555054,-0.22726662456989288,0.9998827576637268,0.9997063279151917
66,1.1,3,LEFT_EYE_OUTER,0.5232712626457214,0.4006645977497101,-0.22727404534816742,0.9998714327812195,0.9997032284736633
66,1.1,4,RIGHT_EYE_INNER,0.5063443183898926,0.40006229281425476,-0.2310490757226944,0.9998686909675598,0.9996846914291382
66,1.1,5,RIGHT_EYE,0.5018529891967773,0.39993876218795776,-0.23101860284805298,0.9998552203178406,0.9996476173400879
66,1.1,6,RIGHT_EYE_OUTER,0.49694740772247314,0.4000028967857361,-0.23102065920829773,0.9998327493667603,0.9996153116226196
66,1.1,7,LEFT_EAR,0.5252190232276917,0.4037321209907532,-0.11212865263223648,0.9997745156288147,0.9997739195823669
66,1.1,8,RIGHT_EAR,0.4869527220726013,0.4030734896659851,-0.13188263773918152,0.9996873140335083,0.9996384382247925
66,1.1,9,MOUTH_LEFT,0.5172592997550964,0.41340765357017517,-0.20407135784626007,0.9999552965164185,0.9999414682388306
66,1.1,10,MOUTH_RIGHT,0.5051475167274475,0.41353148221969604,-0.20980148017406464,0.9999511241912842,0.9999302625656128
66,1.1,11,LEFT_SHOULDER,0.5563983917236328,0.443001389503479,-0.05907105281949043,0.999984860420227,0.9999829530715942
66,1.1,12,RIGHT_SHOULDER,0.44900578260421753,0.4422779381275177,-0.060309212654829025,0.9998959302902222,0.9998719692230225
66,1.1,13,LEFT_ELBOW,0.5785219073295593,0.48608720302581787,-0.03778575360774994,0.99072265625,0.9998589754104614
66,1.1,14,RIGHT_ELBOW,0.4244329631328583,0.48493731021881104,-0.07890056818723679,0.9568514227867126,0.9989656209945679
66,1.1,15,LEFT_WRIST,0.5943563580513,0.5251631140708923,-0.18153564631938934,0.9917433857917786,0.9998563528060913
66,1.1,16,RIGHT_WRIST,0.44947201013565063,0.5227025151252747,-0.23815687000751495,0.9590650796890259,0.999462902545929
66,1.1,17,LEFT_PINKY,0.6001583337783813,0.5394178032875061,-0.22100012004375458,0.9850614070892334,0.9995341300964355
66,1.1,18,RIGHT_PINKY,0.4527166187763214,0.5365074276924133,-0.2794971764087677,0.9367412328720093,0.9992196559906006
66,1.1,19,LEFT_INDEX,0.5945290923118591,0.5389697551727295,-0.25529855489730835,0.9858169555664062,0.999650239944458
66,1.1,20,RIGHT_INDEX,0.46197709441185,0.5337526798248291,-0.3078633248806,0.938435435295105,0.9993971586227417
66,1.1,21,LEFT_THUMB,0.5901916027069092,0.5345479846000671,-0.1976233720779419,0.9816874861717224,0.9997989535331726
66,1.1,22,RIGHT_THUMB,0.4629877209663391,0.5289266109466553,-0.2522856593132019,0.9287148118019104,0.9995625615119934
66,1.1,23,LEFT_HIP,0.534964382648468,0.5368229150772095,-0.013452635146677494,0.999890923500061,0.9998937845230103
66,1.1,24,RIGHT_HIP,0.4737761616706848,0.5373570919036865,0.013527941890060902,0.9998133778572083,0.9998475313186646
66,1.1,25,LEFT_KNEE,0.5408533811569214,0.6013158559799194,-0.024329273030161858,0.9946944713592529,0.9999555349349976
66,1.1,26,RIGHT_KNEE,0.4766012728214264,0.6020382642745972,0.11096169054508209,0.9862548112869263,0.9998712539672852
66,1.1,27,LEFT_ANKLE,0.54443359375,0.6653054356575012,0.06916411221027374,0.9917387366294861,0.9991666078567505
66,1.1,28,RIGHT_ANKLE,0.489326149225235,0.6511682271957397,0.32163143157958984,0.9844009876251221,0.9995427131652832
66,1.1,29,LEFT_HEEL,0.5393177270889282,0.6775245666503906,0.06872018426656723,0.8920459151268005,0.9980003237724304
66,1.1,30,RIGHT_HEEL,0.5011941194534302,0.658664882183075,0.33524733781814575,0.912744402885437,0.9990721940994263
66,1.1,31,LEFT_FOOT_INDEX,0.5426474809646606,0.6819018125534058,-0.07099394500255585,0.9857807159423828,0.9880120754241943
66,1.1,32,RIGHT_FOOT_INDEX,0.47079309821128845,0.6709412336349487,0.23405180871486664,0.9806913137435913,0.9960348010063171
67,1.117,0,NOSE,0.5133989453315735,0.4069247543811798,-0.2476310431957245,0.9999723434448242,0.9998725652694702
67,1.117,1,LEFT_EYE_INNER,0.5175746083259583,0.40106943249702454,-0.2275366336107254,0.9998870491981506,0.9996585845947266
67,1.117,2,LEFT_EYE,0.521073579788208,0.4011603593826294,-0.22758737206459045,0.9998897314071655,0.9996738433837891
67,1.117,3,LEFT_EYE_OUTER,0.5240054726600647,0.40129825472831726,-0.22759456932544708,0.9998788237571716,0.9996787309646606
67,1.117,4,RIGHT_EYE_INNER,0.5072647333145142,0.40069347620010376,-0.23138345777988434,0.9998769164085388,0.9996272325515747
67,1.117,5,RIGHT_EYE,0.5028321146965027,0.40053799748420715,-0.23135234415531158,0.9998642802238464,0.9995781779289246
67,1.117,6,RIGHT_EYE_OUTER,0.49788275361061096,0.40057849884033203,-0.23135502636432648,0.9998428821563721,0.9995354413986206
67,1.117,7,LEFT_EAR,0.525715172290802,0.404389351606369,-0.11252813786268234,0.9997875690460205,0.9997593760490417
67,1.117,8,RIGHT_EAR,0.48790380358695984,0.40363165736198425,-0.13203617930412292,0.9997105598449707,0.9995532631874084
67,1.117,9,MOUTH_LEFT,0.5179293155670166,0.41412124037742615,-0.20421288907527924,0.9999578595161438,0.999932050704956
67,1.117,10,MOUTH_RIGHT,0.5059247612953186,0.41416019201278687,-0.20995283126831055,0.9999541640281677,0.9999146461486816
67,1.117,11,LEFT_SHOULDER,0.5567094087600708,0.4434497654438019,-0.059353481978178024,0.9999855160713196,0.9999843835830688
67,1.117,12,RIGHT_SHOULDER,0.44923391938209534,0.44270598888397217,-0.061291519552469254,0.9998994469642639,0.9998486042022705
67,1.117,13,LEFT_ELBOW,0.5787554979324341,0.48684605956077576,-0.03566718101501465,0.9907329082489014,0.9998664855957031
67,1.117,14,RIGHT_ELBOW,0.4246928095817566,0.48534899950027466,-0.08078309893608093,0.9574508666992188,0.9987890124320984
67,1.117,15,LEFT_WRIST,0.5951434373855591,0.5256262421607971,-0.17617034912109375,0.9917334914207458,0.9998589754104614
67,1.117,16,RIGHT_WRIST,0.4512055516242981,0.5229120850563049,-0.2325599044561386,0.9594270586967468,0.9993508458137512
67,1.117,17,LEFT_PINKY,0.6012957096099854,0.5398139953613281,-0.215477854013443,0.9851101040840149,0.9995242357254028
67,1.117,18,RIGHT_PINKY,0.45456570386886597,0.5366180539131165,-0.2728791832923889,0.9374332427978516,0.9990742206573486
67,1.117,19,LEFT_INDEX,0.5959873795509338,0.5393861532211304,-0.24985955655574799,0.9858790040016174,0.9996435642242432
67,1.117,20,RIGHT_INDEX,0.4646112024784088,0.5338186025619507,-0.3015507757663727,0.938997745513916,0.9992823004722595
67,1.117,21,LEFT_THUMB,0.5915158987045288,0.5349085330963135,-0.19225674867630005,0.981787919998169,0.9997970461845398
67,1.117,22,RIGHT_THUMB,0.46526509523391724,0.5289849042892456,-0.24662260711193085,0.9290051460266113,0.9994737505912781
67,1.117,23,LEFT_HIP,0.5348291993141174,0.5371848344802856,-0.01333609875291586,0.9998939037322998,0.9999041557312012
67,1.117,24,RIGHT_HIP,0.4735008776187897,0.5374555587768555,0.013413959182798862,0.9998111724853516,0.9998430013656616
67,1.117,25,LEFT_KNEE,0.5404416918754578,0.601693868637085,-0.020702216774225235,0.9944962859153748,0.9999638795852661
67,1.117,26,RIGHT_KNEE,0.47661149501800537,0.6020756363868713,0.11157465726137161,0.9856192469596863,0.9998811483383179
67,1.117,27,LEFT_ANKLE,0.54411780834198,0.6655713319778442,0.0727144405245781,0.991627037525177,0.9992021918296814
67,1.117,28,RIGHT_ANKLE,0.4898836016654968,0.6511744260787964,0.32379084825515747,0.983522355556488,0.9995829463005066
67,1.117,29,LEFT_HEEL,0.5394188761711121,0.6781755089759827,0.07208901643753052,0.8929534554481506,0.9980030655860901
67,1.117,30,RIGHT_HEEL,0.502045750617981,0.6586636304855347,0.3377034366130829,0.910826563835144,0.999121367931366
67,1.117,31,LEFT_FOOT_INDEX,0.5424419641494751,0.6824514865875244,-0.0655876100063324,0.9855103492736816,0.9864761233329773
67,1.117,32,RIGHT_FOOT_INDEX,0.4710434377193451,0.6709548234939575,0.23769564926624298,0.9797899127006531,0.9958433508872986
68,1.133,0,NOSE,0.5148028135299683,0.4074871242046356,-0.25929561257362366,0.9999741315841675,0.9999067783355713
68,1.133,1,LEFT_EYE_INNER,0.5189602971076965,0.40163272619247437,-0.23916210234165192,0.999894917011261,0.9997449517250061
68,1.133,2,LEFT_EYE,0.5223820209503174,0.40172508358955383,-0.23920570313930511,0.9998973608016968,0.999749481678009
68,1.133,3,LEFT_EYE_OUTER,0.5252545475959778,0.4018659293651581,-0.23921754956245422,0.9998869895935059,0.9997454285621643
68,1.133,4,RIGHT_EYE_INNER,0.5087876915931702,0.401233971118927,-0.24368232488632202,0.9998858571052551,0.9997403025627136
68,1.133,5,RIGHT_EYE,0.5043225884437561,0.40105000138282776,-0.24363397061824799,0.9998741149902344,0.9997084736824036
68,1.133,6,RIGHT_EYE_OUTER,0.49925193190574646,0.4010593593120575,-0.24363018572330475,0.9998540878295898,0.9996805191040039
68,1.133,7,LEFT_EAR,0.5267525315284729,0.40493348240852356,-0.12172539532184601,0.9998025894165039,0.9998074173927307
68,1.133,8,RIGHT_EAR,0.48897305130958557,0.4040682911872864,-0.1437099277973175,0.9997341632843018,0.9997009038925171
68,1.133,9,MOUTH_LEFT,0.519055962562561,0.41461363434791565,-0.2145235389471054,0.9999607801437378,0.9999449253082275
68,1.133,10,MOUTH_RIGHT,0.5073279738426208,0.41468629240989685,-0.22100193798542023,0.9999575614929199,0.9999362230300903
68,1.133,11,LEFT_SHOULDER,0.5573632717132568,0.44406524300575256,-0.06207716092467308,0.9999862313270569,0.9999845027923584
68,1.133,12,RIGHT_SHOULDER,0.4494902491569519,0.44302991032600403,-0.0698169618844986,0.999903678894043,0.9998853206634521
68,1.133,13,LEFT_ELBOW,0.5792437791824341,0.4875137507915497,-0.03441302478313446,0.9907506704330444,0.9998481273651123
68,1.133,14,RIGHT_ELBOW,0.4250742197036743,0.4856025278568268,-0.09289303421974182,0.9581447839736938,0.9988947510719299
68,1.133,15,LEFT_WRIST,0.596114993095398,0.5265700817108154,-0.1655702143907547,0.9917147159576416,0.9998399019241333
68,1.133,16,RIGHT_WRIST,0.45250293612480164,0.5229370594024658,-0.2499072551727295,0.9603275060653687,0.9994722008705139
68,1.133,17,LEFT_PINKY,0.6025504469871521,0.5404491424560547,-0.20328132808208466,0.985149621963501,0.9994915723800659
68,1.133,18,RIGHT_PINKY,0.4553557336330414,0.536683976650238,-0.2912202477455139,0.93880295753479,0.9992433786392212
68,1.133,19,LEFT_INDEX,0.5981296300888062,0.5401015877723694,-0.23860827088356018,0.9859312772750854,0.9996145963668823
68,1.133,20,RIGHT_INDEX,0.46599146723747253,0.5338922739028931,-0.32017195224761963,0.9402630925178528,0.9994266033172607
68,1.133,21,LEFT_THUMB,0.5940536856651306,0.5357157588005066,-0.18181636929512024,0.9818732738494873,0.9997798800468445
68,1.133,22,RIGHT_THUMB,0.4668023884296417,0.5290362238883972,-0.2641945779323578,0.930170476436615,0.9995784163475037
68,1.133,23,LEFT_HIP,0.5347872972488403,0.5376201272010803,-0.013391011394560337,0.9998973608016968,0.9998916387557983
68,1.133,24,RIGHT_HIP,0.4733159840106964,0.5375308394432068,0.013472873717546463,0.9998114705085754,0.9998499155044556
68,1.133,25,LEFT_KNEE,0.5404027104377747,0.6019043326377869,-0.01572026126086712,0.9945815205574036,0.9999663829803467
68,1.133,26,RIGHT_KNEE,0.47672632336616516,0.6021802425384521,0.12553848326206207,0.9853628277778625,0.9998931884765625
68,1.133,27,LEFT_ANKLE,0.5439581871032715,0.6648505926132202,0.09106472879648209,0.9917309284210205,0.9991065859794617
68,1.133,28,RIGHT_ANKLE,0.49053481221199036,0.6513734459877014,0.3499339520931244,0.983018159866333,0.9995953440666199
68,1.133,29,LEFT_HEEL,0.5394301414489746,0.6767346858978271,0.09164530783891678,0.8928818106651306,0.9977208971977234
68,1.133,30,RIGHT_HEEL,0.5029950737953186,0.658981442451477,0.3653498888015747,0.9105179309844971,0.9991027116775513
68,1.133,31,LEFT_FOOT_INDEX,0.5412638187408447,0.6825278401374817,-0.04924990236759186,0.9855214357376099,0.9843236804008484
68,1.133,32,RIGHT_FOOT_INDEX,0.4712694585323334,0.6710761785507202,0.26441264152526855,0.9793657064437866,0.9954596161842346
69,1.15,0,NOSE,0.5154764652252197,0.40814125537872314,-0.2840108871459961,0.9999750256538391,0.9998493194580078
69,1.15,1,LEFT_EYE_INNER,0.5196622610092163,0.4022321105003357,-0.2645843029022217,0.99989914894104,0.999576985836029
69,1.15,2,LEFT_EYE,0.523125410079956,0.4023056924343109,-0.26462164521217346,0.999901294708252,0.999579131603241
69,1.15,3,LEFT_EYE_OUTER,0.5261396765708923,0.4024384319782257,-0.2646356523036957,0.9998908042907715,0.9995662569999695
69,1.15,4,RIGHT_EYE_INNER,0.5095233917236328,0.4019097685813904,-0.26855066418647766,0.999891459941864,0.9995939135551453
69,1.15,5,RIGHT_EYE,0.5050246715545654,0.4017564058303833,-0.26851025223731995,0.999880313873291,0.9995561242103577
69,1.15,6,RIGHT_EYE_OUTER,0.49997276067733765,0.40177205204963684,-0.268521249294281,0.9998610019683838,0.999527096748352
69,1.15,7,LEFT_EAR,0.5278995633125305,0.40542301535606384,-0.14579619467258453,0.9998091459274292,0.9996421337127686
69,1.15,8,RIGHT_EAR,0.4902034103870392,0.404719740152359,-0.16546884179115295,0.9997513294219971,0.9995684027671814
69,1.15,9,MOUTH_LEFT,0.5196797847747803,0.4152493178844452,-0.2382952868938446,0.9999622106552124,0.9999034404754639
69,1.15,10,MOUTH_RIGHT,0.5079503655433655,0.41542765498161316,-0.24410197138786316,0.9999596476554871,0.9998992681503296
69,1.15,11,LEFT_SHOULDER,0.5583860278129578,0.4447717070579529,-0.07689747214317322,0.9999860525131226,0.9999701976776123
69,1.15,12,RIGHT_SHOULDER,0.4503272473812103,0.443308025598526,-0.08864455670118332,0.9999068975448608,0.9998680353164673
69,1.15,13,LEFT_ELBOW,0.5797775983810425,0.48844602704048157,-0.03453507646918297,0.9905938506126404,0.999792754650116
69,1.15,14,RIGHT_ELBOW,0.4255664348602295,0.4859486222267151,-0.10589661449193954,0.9587468504905701,0.9989018440246582
69,1.15,15,LEFT_WRIST,0.5977251529693604,0.5276761651039124,-0.16333484649658203,0.9914652705192566,0.9997766613960266
69,1.15,16,RIGHT_WRIST,0.45387011766433716,0.5231496691703796,-0.2566225230693817,0.9608377814292908,0.999462902545929
69,1.15,17,LEFT_PINKY,0.6044153571128845,0.5412835478782654,-0.1997668296098709,0.9847647547721863,0.9993484616279602
69,1.15,18,RIGHT_PINKY,0.45669224858283997,0.537004828453064,-0.2967697083950043,0.9395201206207275,0.9992421865463257
69,1.15,19,LEFT_INDEX,0.6006578803062439,0.5409109592437744,-0.23591898381710052,0.9855861067771912,0.9994875192642212
69,1.15,20,RIGHT_INDEX,0.46794065833091736,0.5340980887413025,-0.3259654939174652,0.9408594369888306,0.9994145631790161
69,1.15,21,LEFT_THUMB,0.5971076488494873,0.5366314649581909,-0.17972387373447418,0.9814798831939697,0.9996991157531738
69,1.15,22,RIGHT_THUMB,0.46852782368659973,0.5291711688041687,-0.27072617411613464,0.9305295944213867,0.9995678067207336
69,1.15,23,LEFT_HIP,0.5347800254821777,0.53794264793396,-0.013214313425123692,0.9998974800109863,0.9998438358306885
69,1.15,24,RIGHT_HIP,0.47320500016212463,0.5376183390617371,0.013289245776832104,0.9998098611831665,0.9998365640640259
69,1.15,25,LEFT_KNEE,0.5404444932937622,0.6019736528396606,-0.013066963292658329,0.9945164322853088,0.9999480247497559
69,1.15,26,RIGHT_KNEE,0.47696709632873535,0.6023002862930298,0.1247340738773346,0.9851903915405273,0.9998998641967773
69,1.15,27,LEFT_ANKLE,0.543524980545044,0.6644127368927002,0.10529059171676636,0.9916831851005554,0.9992151260375977
69,1.15,28,RIGHT_ANKLE,0.491327702999115,0.6517813801765442,0.35126733779907227,0.9827709794044495,0.9996565580368042
69,1.15,29,LEFT_HEEL,0.5385718941688538,0.6757693886756897,0.10741354525089264,0.8941455483436584,0.9981675148010254
69,1.15,30,RIGHT_HEEL,0.5038727521896362,0.6598014831542969,0.36681801080703735,0.9106916785240173,0.9992458820343018
69,1.15,31,LEFT_FOOT_INDEX,0.5414340496063232,0.6822999715805054,-0.03155998885631561,0.9854133725166321,0.9875810146331787
69,1.15,32,RIGHT_FOOT_INDEX,0.47155046463012695,0.6712592840194702,0.26304489374160767,0.9791053533554077,0.9961546063423157
70,1.167,0,NOSE,0.5168697834014893,0.4084745943546295,-0.28822267055511475,0.9999763369560242,0.9998853206634521
70,1.167,1,LEFT_EYE_INNER,0.5211388468742371,0.40259507298469543,-0.2683368921279907,0.9999045729637146,0.9996693134307861
70,1.167,2,LEFT_EYE,0.5246707201004028,0.4026642441749573,-0.26837363839149475,0.9999064803123474,0.9996671676635742
70,1.167,3,LEFT_EYE_OUTER,0.5277280807495117,0.40279799699783325,-0.26838168501853943,0.9998961687088013,0.9996539354324341
70,1.167,4,RIGHT_EYE_INNER,0.5109321475028992,0.4022879898548126,-0.27213719487190247,0.9998980760574341,0.999685525894165
70,1.167,5,RIGHT_EYE,0.5063537359237671,0.4021374583244324,-0.2721046507358551,0.9998877048492432,0.9996564388275146
70,1.167,6,RIGHT_EYE_OUTER,0.5012715458869934,0.4021386206150055,-0.2721174955368042,0.9998694062232971,0.9996345043182373
70,1.167,7,LEFT_EAR,0.5293853878974915,0.40579405426979065,-0.14878055453300476,0.9998183250427246,0.9997187256813049
70,1.167,8,RIGHT_EAR,0.491569459438324,0.40510648488998413,-0.16748622059822083,0.9997692108154297,0.9996727705001831
70,1.167,9,MOUTH_LEFT,0.5209284424781799,0.4155380129814148,-0.24240759015083313,0.9999642372131348,0.9999276399612427
70,1.167,10,MOUTH_RIGHT,0.5090941190719604,0.415684312582016,-0.24794624745845795,0.9999621510505676,0.9999250173568726
70,1.167,11,LEFT_SHOULDER,0.5596931576728821,0.44558578729629517,-0.08026944845914841,0.9999861717224121,0.9999750852584839
70,1.167,12,RIGHT_SHOULDER,0.45096272230148315,0.4438214898109436,-0.08954805880784988,0.9999105930328369,0.9998863935470581
70,1.167,13,LEFT_ELBOW,0.5806090831756592,0.4893074035644531,-0.03485812619328499,0.9905505776405334,0.9997958540916443
70,1.167,14,RIGHT_ELBOW,0.4263991713523865,0.48645517230033875,-0.10478930175304413,0.95966637134552,0.9989041090011597
70,1.167,15,LEFT_WRIST,0.5991984009742737,0.5286821126937866,-0.16403330862522125,0.9911626577377319,0.9997479319572449
70,1.167,16,RIGHT_WRIST,0.4543485939502716,0.5234319567680359,-0.25728243589401245,0.9617404937744141,0.9995193481445312
70,1.167,17,LEFT_PINKY,0.6057915091514587,0.5419928431510925,-0.20091508328914642,0.9842734932899475,0.9992849230766296
70,1.167,18,RIGHT_PINKY,0.4574565291404724,0.5373119115829468,-0.2975984513759613,0.9407516717910767,0.9993294477462769
70,1.167,19,LEFT_INDEX,0.6023935079574585,0.5415371656417847,-0.23695817589759827,0.9851487874984741,0.999437153339386
70,1.167,20,RIGHT_INDEX,0.4686911106109619,0.534238874912262,-0.32698091864585876,0.9419880509376526,0.9994857311248779
70,1.167,21,LEFT_THUMB,0.5992090106010437,0.5373430848121643,-0.18041297793388367,0.980958878993988,0.9996657371520996
70,1.167,22,RIGHT_THUMB,0.4690747559070587,0.5292636156082153,-0.2714109420776367,0.9314960837364197,0.9996188879013062
70,1.167,23,LEFT_HIP,0.5347951054573059,0.5382573008537292,-0.013248598203063011,0.9998976588249207,0.9998352527618408
70,1.167,24,RIGHT_HIP,0.47318893671035767,0.5378066301345825,0.013321599923074245,0.9998050928115845,0.9997970461845398
70,1.167,25,LEFT_KNEE,0.5399351119995117,0.6021245121955872,-0.01578209176659584,0.9944818019866943,0.999956488609314
70,1.167,26,RIGHT_KNEE,0.4772551953792572,0.60282301902771,0.12352772802114487,0.9846883416175842,0.9998856782913208
70,1.167,27,LEFT_ANKLE,0.5436771512031555,0.664932131767273,0.09015344083309174,0.9916638135910034,0.9991745352745056
70,1.167,28,RIGHT_ANKLE,0.4916818141937256,0.6528069972991943,0.3513486087322235,0.9820745587348938,0.9995930790901184
70,1.167,29,LEFT_HEEL,0.5386638641357422,0.6777979731559753,0.09048279374837875,0.8939418196678162,0.9980295300483704
70,1.167,30,RIGHT_HEEL,0.5039153099060059,0.6607681512832642,0.36683428287506104,0.9091343879699707,0.9991274476051331
70,1.167,31,LEFT_FOOT_INDEX,0.541877031326294,0.6831494569778442,-0.054246433079242706,0.9853183627128601,0.9876090288162231
70,1.167,32,RIGHT_FOOT_INDEX,0.4716742932796478,0.6714788675308228,0.2594873309135437,0.9784085154533386,0.9961318969726562
71,1.183,0,NOSE,0.5183853507041931,0.409070760011673,-0.28782767057418823,0.999977707862854,0.9999098777770996
71,1.183,1,LEFT_EYE_INNER,0.5226719379425049,0.40309321880340576,-0.26807042956352234,0.9999104738235474,0.9997416138648987
71,1.183,2,LEFT_EYE,0.526216447353363,0.4031272530555725,-0.26810669898986816,0.9999122023582458,0.9997410178184509
71,1.183,3,LEFT_EYE_OUTER,0.5292788147926331,0.40323057770729065,-0.268116295337677,0.9999021887779236,0.9997301697731018
71,1.183,4,RIGHT_EYE_INNER,0.5125391483306885,0.40287789702415466,-0.2719121277332306,0.9999049305915833,0.9997518658638
71,1.183,5,RIGHT_EYE,0.5079017877578735,0.4027446508407593,-0.27187681198120117,0.9998953342437744,0.9997274279594421
71,1.183,6,RIGHT_EYE_OUTER,0.5027451515197754,0.40273746848106384,-0.27188482880592346,0.9998780488967896,0.9997068047523499
71,1.183,7,LEFT_EAR,0.530942976474762,0.4061161279678345,-0.14846740663051605,0.999829113483429,0.9997790455818176
71,1.183,8,RIGHT_EAR,0.4930100739002228,0.40559297800064087,-0.1673651486635208,0.9997869729995728,0.9997310042381287
71,1.183,9,MOUTH_LEFT,0.5223512649536133,0.41608184576034546,-0.24187538027763367,0.9999663829803467,0.9999393224716187
71,1.183,10,MOUTH_RIGHT,0.5106066465377808,0.4163212478160858,-0.2474595457315445,0.9999646544456482,0.9999371767044067
71,1.183,11,LEFT_SHOULDER,0.5611763000488281,0.44629523158073425,-0.08052760362625122,0.999986469745636,0.9999786615371704
71,1.183,12,RIGHT_SHOULDER,0.4517049491405487,0.44439712166786194,-0.08854872733354568,0.9999144673347473,0.9998965263366699
71,1.183,13,LEFT_ELBOW,0.5816038846969604,0.49010467529296875,-0.03549392521381378,0.9904554486274719,0.9998165965080261
71,1.183,14,RIGHT_ELBOW,0.4275665581226349,0.4871654510498047,-0.10528136789798737,0.9600946307182312,0.9989840388298035
71,1.183,15,LEFT_WRIST,0.6005925536155701,0.529700756072998,-0.1624053716659546,0.9909348487854004,0.9997808337211609
71,1.183,16,RIGHT_WRIST,0.45494115352630615,0.5237981081008911,-0.2615959346294403,0.9624654054641724,0.9995582699775696
71,1.183,17,LEFT_PINKY,0.607271671295166,0.5428339242935181,-0.19912941753864288,0.9839364886283875,0.9993739724159241
71,1.183,18,RIGHT_PINKY,0.4581272006034851,0.537876307964325,-0.3023133873939514,0.9418832659721375,0.9993847608566284
71,1.183,19,LEFT_INDEX,0.6039153933525085,0.542343020439148,-0.23517067730426788,0.9848573207855225,0.9995098114013672
71,1.183,20,RIGHT_INDEX,0.46932142972946167,0.5347635746002197,-0.33203744888305664,0.9430445432662964,0.9995290040969849
71,1.183,21,LEFT_THUMB,0.6009129881858826,0.5382282137870789,-0.17883974313735962,0.980620801448822,0.999710738658905
71,1.183,22,RIGHT_THUMB,0.46973511576652527,0.5296223163604736,-0.27601608633995056,0.9324420094490051,0.9996533393859863
71,1.183,23,LEFT_HIP,0.5348682999610901,0.5388259291648865,-0.0132899796590209,0.9998995065689087,0.999860405921936
71,1.183,24,RIGHT_HIP,0.4731958508491516,0.5381922125816345,0.013361497782170773,0.9998055100440979,0.9998337030410767
71,1.183,25,LEFT_KNEE,0.5399317145347595,0.6026805639266968,-0.01400773599743843,0.9945603013038635,0.9999650716781616
71,1.183,26,RIGHT_KNEE,0.4778697192668915,0.6034842729568481,0.12343646585941315,0.984643280506134,0.9999125003814697
71,1.183,27,LEFT_ANKLE,0.5438159704208374,0.6662717461585999,0.0931486114859581,0.9918162822723389,0.9993528723716736
71,1.183,28,RIGHT_ANKLE,0.4920920431613922,0.6533851623535156,0.3510363698005676,0.9820147156715393,0.9996764659881592
71,1.183,29,LEFT_HEEL,0.5387873649597168,0.6782801151275635,0.0936201736330986,0.8955421447753906,0.9984257221221924
71,1.183,30,RIGHT_HEEL,0.5041728615760803,0.6613679528236389,0.3664335012435913,0.9093652367591858,0.9992867112159729
71,1.183,31,LEFT_FOOT_INDEX,0.5421395897865295,0.6839866042137146,-0.0497608557343483,0.9854995608329773,0.9891515970230103
71,1.183,32,RIGHT_FOOT_INDEX,0.47172489762306213,0.671787440776825,0.2592698037624359,0.9783326387405396,0.9965657591819763
72,1.2,0,NOSE,0.5204394459724426,0.40965500473976135,-0.2905947268009186,0.9999783635139465,0.999862790107727
72,1.2,1,LEFT_EYE_INNER,0.5249568223953247,0.4037410318851471,-0.2708036005496979,0.9999133944511414,0.9995929598808289
72,1.2,2,LEFT_EYE,0.5284643769264221,0.4037429094314575,-0.2708423435688019,0.999914824962616,0.9995948672294617
72,1.2,3,LEFT_EYE_OUTER,0.5313427448272705,0.4037896394729614,-0.27084821462631226,0.999904453754425,0.9995800852775574
72,1.2,4,RIGHT_EYE_INNER,0.5148952603340149,0.40358078479766846,-0.27512112259864807,0.999908983707428,0.9996053576469421
72,1.2,5,RIGHT_EYE,0.5103325247764587,0.4034551978111267,-0.27509254217147827,0.9998999834060669,0.9995706677436829
72,1.2,6,RIGHT_EYE_OUTER,0.5050871968269348,0.4034014344215393,-0.27510499954223633,0.9998829960823059,0.9995406866073608
72,1.2,7,LEFT_EAR,0.5329247117042542,0.4065857529640198,-0.15148717164993286,0.9998319745063782,0.9996505975723267
72,1.2,8,RIGHT_EAR,0.4949357211589813,0.40615004301071167,-0.17331694066524506,0.9997997283935547,0.9995700716972351
72,1.2,9,MOUTH_LEFT,0.5242847800254822,0.4166327118873596,-0.24492865800857544,0.9999673366546631,0.999915361404419
72,1.2,10,MOUTH_RIGHT,0.5126103162765503,0.4168647825717926,-0.25126728415489197,0.9999662041664124,0.9999121427536011
72,1.2,11,LEFT_SHOULDER,0.5625739097595215,0.4473299980163574,-0.08304298669099808,0.9999861717224121,0.9999724626541138
72,1.2,12,RIGHT_SHOULDER,0.4526006579399109,0.44484442472457886,-0.09739039838314056,0.9999173283576965,0.9998775720596313
72,1.2,13,LEFT_ELBOW,0.5826646685600281,0.49122849106788635,-0.03598501533269882,0.9903025031089783,0.999833345413208
72,1.2,14,RIGHT_ELBOW,0.42892417311668396,0.48783260583877563,-0.11583791673183441,0.9610632061958313,0.9991024732589722
72,1.2,15,LEFT_WRIST,0.6020764708518982,0.5305982828140259,-0.16221264004707336,0.9908290505409241,0.9998125433921814
72,1.2,16,RIGHT_WRIST,0.45533663034439087,0.5242910385131836,-0.27035510540008545,0.9634826183319092,0.9995819926261902
72,1.2,17,LEFT_PINKY,0.6088158488273621,0.5437442064285278,-0.1985657513141632,0.983761191368103,0.999444305896759
72,1.2,18,RIGHT_PINKY,0.45842787623405457,0.5385887026786804,-0.31042465567588806,0.9434351325035095,0.9994045495986938
72,1.2,19,LEFT_INDEX,0.6054508686065674,0.5432122945785522,-0.23462873697280884,0.9847171902656555,0.9995595812797546
72,1.2,20,RIGHT_INDEX,0.46929991245269775,0.5354899168014526,-0.3398202657699585,0.9445052146911621,0.9995338916778564
72,1.2,21,LEFT_THUMB,0.6025201678276062,0.5391169190406799,-0.178643599152565,0.9804927706718445,0.9997418522834778
72,1.2,22,RIGHT_THUMB,0.469861775636673,0.5302086472511292,-0.2845592200756073,0.933915376663208,0.9996623992919922
72,1.2,23,LEFT_HIP,0.5352509617805481,0.5398781895637512,-0.012015456333756447,0.9999005198478699,0.9998669624328613
72,1.2,24,RIGHT_HIP,0.4733693301677704,0.5390201210975647,0.012073270045220852,0.9998065829277039,0.999855637550354
72,1.2,25,LEFT_KNEE,0.5400450229644775,0.6036973595619202,-0.0038785275537520647,0.9943901300430298,0.999955415725708
72,1.2,26,RIGHT_KNEE,0.4790170192718506,0.6039848923683167,0.12218377739191055,0.9842739105224609,0.9999151229858398
72,1.2,27,LEFT_ANKLE,0.5437353849411011,0.6679356098175049,0.09745043516159058,0.9917004108428955,0.9994198083877563
72,1.2,28,RIGHT_ANKLE,0.4921576678752899,0.653701901435852,0.3544529676437378,0.9815760850906372,0.9996932744979858
72,1.2,29,LEFT_HEEL,0.5384650230407715,0.6797055602073669,0.09661150723695755,0.8979707360267639,0.9986737966537476
72,1.2,30,RIGHT_HEEL,0.5040919780731201,0.6616905927658081,0.3705991506576538,0.908409059047699,0.999357283115387
72,1.2,31,LEFT_FOOT_INDEX,0.5433481931686401,0.6851460337638855,-0.03629109263420105,0.9853713512420654,0.9908739328384399
72,1.2,32,RIGHT_FOOT_INDEX,0.47172340750694275,0.6721508502960205,0.2653089761734009,0.9778565168380737,0.9970201849937439
73,1.217,0,NOSE,0.522003173828125,0.4099227488040924,-0.2885398268699646,0.9999789595603943,0.9998596906661987
73,1.217,1,LEFT_EYE_INNER,0.5267641544342041,0.40395110845565796,-0.2687670588493347,0.9999159574508667,0.9996013045310974
73,1.217,2,LEFT_EYE,0.5303176641464233,0.40397289395332336,-0.26881125569343567,0.9999173283576965,0.9996140599250793
73,1.217,3,LEFT_EYE_OUTER,0.5331594347953796,0.4040454924106598,-0.2688184380531311,0.9999068975448608,0.9996108412742615
73,1.217,4,RIGHT_EYE_INNER,0.5166552066802979,0.4037674069404602,-0.27312833070755005,0.9999122023582458,0.9995812773704529
73,1.217,5,RIGHT_EYE,0.5121061205863953,0.4036467671394348,-0.2731011211872101,0.9999036192893982,0.9995319843292236
73,1.217,6,RIGHT_EYE_OUTER,0.5068539381027222,0.40361154079437256,-0.2731166183948517,0.9998867511749268,0.9994854927062988
73,1.217,7,LEFT_EAR,0.5349597930908203,0.40693771839141846,-0.15012168884277344,0.9998346567153931,0.9996891021728516
73,1.217,8,RIGHT_EAR,0.49656060338020325,0.40639179944992065,-0.17241881787776947,0.9998103976249695,0.9994966983795166
73,1.217,9,MOUTH_LEFT,0.5259501338005066,0.41696369647979736,-0.24321289360523224,0.9999682307243347,0.9999185800552368
73,1.217,10,MOUTH_RIGHT,0.5144275426864624,0.4171549379825592,-0.24964970350265503,0.9999674558639526,0.999903678894043
73,1.217,11,LEFT_SHOULDER,0.5644192099571228,0.44796377420425415,-0.08318082988262177,0.9999861717224121,0.9999786615371704
73,1.217,12,RIGHT_SHOULDER,0.45441603660583496,0.4450457692146301,-0.09801946580410004,0.9999189376831055,0.9998449087142944
73,1.217,13,LEFT_ELBOW,0.5838875770568848,0.4920317232608795,-0.036044176667928696,0.990169882774353,0.9998607635498047
73,1.217,14,RIGHT_ELBOW,0.430024653673172,0.48829010128974915,-0.11611006408929825,0.9618387818336487,0.9989105463027954
73,1.217,15,LEFT_WRIST,0.6033102869987488,0.5314446091651917,-0.16274863481521606,0.9908115863800049,0.9998390674591064
73,1.217,16,RIGHT_WRIST,0.45552703738212585,0.5248430371284485,-0.2666250169277191,0.9638358354568481,0.9994089603424072
73,1.217,17,LEFT_PINKY,0.6100612878799438,0.5446538329124451,-0.1987963765859604,0.9837595224380493,0.9994993209838867
73,1.217,18,RIGHT_PINKY,0.4585040211677551,0.5394269824028015,-0.3063577115535736,0.943973183631897,0.9991758465766907
73,1.217,19,LEFT_INDEX,0.6069026589393616,0.5442113876342773,-0.23499125242233276,0.9847411513328552,0.999601423740387
73,1.217,20,RIGHT_INDEX,0.46925848722457886,0.5364898443222046,-0.3355035185813904,0.9449616074562073,0.9993423819541931
73,1.217,21,LEFT_THUMB,0.6039503216743469,0.540088415145874,-0.17937403917312622,0.9805479049682617,0.9997676014900208
73,1.217,22,RIGHT_THUMB,0.47004804015159607,0.531039297580719,-0.2806951701641083,0.9342253804206848,0.9995145797729492
73,1.217,23,LEFT_HIP,0.5354897975921631,0.5409383177757263,-0.010899180546402931,0.9999027252197266,0.9999029636383057
73,1.217,24,RIGHT_HIP,0.4736969769001007,0.5399226546287537,0.010951409116387367,0.9998062252998352,0.9998505115509033
73,1.217,25,LEFT_KNEE,0.5401692390441895,0.6052486896514893,-0.003785473760217428,0.9941975474357605,0.999961256980896
73,1.217,26,RIGHT_KNEE,0.48028236627578735,0.6050131320953369,0.12714648246765137,0.9836980700492859,0.9998959302902222
73,1.217,27,LEFT_ANKLE,0.5435720682144165,0.6696760058403015,0.10172397643327713,0.9915801286697388,0.9993140697479248
73,1.217,28,RIGHT_ANKLE,0.49245163798332214,0.6537520885467529,0.364896684885025,0.9806911945343018,0.9996200799942017
73,1.217,29,LEFT_HEEL,0.5384590029716492,0.6819781064987183,0.10213804244995117,0.8999744057655334,0.9983652234077454
73,1.217,30,RIGHT_HEEL,0.5040230751037598,0.6615859866142273,0.3817761540412903,0.905945897102356,0.9992296695709229
73,1.217,31,LEFT_FOOT_INDEX,0.5435513257980347,0.6864395141601562,-0.03273632749915123,0.9852330088615417,0.9886687397956848
73,1.217,32,RIGHT_FOOT_INDEX,0.47187405824661255,0.6722334027290344,0.27960124611854553,0.9770185351371765,0.9966642260551453
74,1.233,0,NOSE,0.5235558748245239,0.4103354811668396,-0.3023836612701416,0.9999798536300659,0.9998860359191895
74,1.233,1,LEFT_EYE_INNER,0.5283787250518799,0.40429002046585083,-0.28272050619125366,0.9999195337295532,0.9996752738952637
74,1.233,2,LEFT_EYE,0.5320072770118713,0.4043242633342743,-0.2827615737915039,0.9999207258224487,0.9996823072433472
74,1.233,3,LEFT_EYE_OUTER,0.5349188446998596,0.40440478920936584,-0.28276684880256653,0.9999104738235474,0.9996756315231323
74,1.233,4,RIGHT_EYE_INNER,0.5181236863136292,0.40407124161720276,-0.2873050570487976,0.9999163746833801,0.9996633529663086
74,1.233,5,RIGHT_EYE,0.5134457349777222,0.4039343595504761,-0.28727227449417114,0.9999081492424011,0.9996222257614136
74,1.233,6,RIGHT_EYE_OUTER,0.5081467628479004,0.40389779210090637,-0.28728339076042175,0.9998916983604431,0.9995825886726379
74,1.233,7,LEFT_EAR,0.5368190407752991,0.40730616450309753,-0.1621318757534027,0.9998399615287781,0.99974125623703
74,1.233,8,RIGHT_EAR,0.4980081021785736,0.40673086047172546,-0.18520304560661316,0.9998216032981873,0.99958735704422
74,1.233,9,MOUTH_LEFT,0.5274756550788879,0.4173932671546936,-0.2561039626598358,0.9999697208404541,0.9999324083328247
74,1.233,10,MOUTH_RIGHT,0.5158556699752808,0.41754665970802307,-0.2627767026424408,0.9999691247940063,0.9999210834503174
74,1.233,11,LEFT_SHOULDER,0.5662981867790222,0.4486241638660431,-0.09242168813943863,0.999986469745636,0.9999819993972778
74,1.233,12,RIGHT_SHOULDER,0.45550408959388733,0.4454358220100403,-0.10624902695417404,0.9999207258224487,0.9998610019683838
74,1.233,13,LEFT_ELBOW,0.585375189781189,0.4928283989429474,-0.043466389179229736,0.9901571273803711,0.9998693466186523
74,1.233,14,RIGHT_ELBOW,0.43088215589523315,0.48905086517333984,-0.12292732298374176,0.962500810623169,0.9988942742347717
74,1.233,15,LEFT_WRIST,0.604673445224762,0.5323662161827087,-0.17101328074932098,0.9908404350280762,0.999852180480957
74,1.233,16,RIGHT_WRIST,0.4557012915611267,0.5260555744171143,-0.2757008671760559,0.9641234278678894,0.999407172203064
74,1.233,17,LEFT_PINKY,0.6112873554229736,0.5458528995513916,-0.2078452855348587,0.9838163256645203,0.9995449185371399
74,1.233,18,RIGHT_PINKY,0.45881757140159607,0.540939211845398,-0.31626981496810913,0.9443861842155457,0.9991858601570129
74,1.233,19,LEFT_INDEX,0.60807204246521,0.5453789234161377,-0.24489726126194,0.9848144054412842,0.9996390342712402
74,1.233,20,RIGHT_INDEX,0.4695160984992981,0.5379601716995239,-0.3460620939731598,0.9453099370002747,0.9993570446968079
74,1.233,21,LEFT_THUMB,0.6050911545753479,0.5411520004272461,-0.18793219327926636,0.980654239654541,0.999790370464325
74,1.233,22,RIGHT_THUMB,0.4703541398048401,0.5323962569236755,-0.29006102681159973,0.9344725608825684,0.9995193481445312
74,1.233,23,LEFT_HIP,0.5363571047782898,0.542015016078949,-0.010945991612970829,0.9999056458473206,0.9999212026596069
74,1.233,24,RIGHT_HIP,0.47441384196281433,0.5409076809883118,0.01099711749702692,0.9998072981834412,0.9998741149902344
74,1.233,25,LEFT_KNEE,0.5402235388755798,0.6068386435508728,-0.0009867666522040963,0.9942595362663269,0.9999732971191406
74,1.233,26,RIGHT_KNEE,0.48143088817596436,0.6055490970611572,0.14528709650039673,0.983481228351593,0.9999158382415771
74,1.233,27,LEFT_ANKLE,0.5436285138130188,0.671005129814148,0.10580034554004669,0.9917230606079102,0.9994192123413086
74,1.233,28,RIGHT_ANKLE,0.49272748827934265,0.6538919806480408,0.3990393579006195,0.980260968208313,0.9996891021728516
74,1.233,29,LEFT_HEEL,0.5384815335273743,0.6821052432060242,0.10726652294397354,0.9020462036132812,0.9985851049423218
74,1.233,30,RIGHT_HEEL,0.5040147304534912,0.6615193486213684,0.4175620973110199,0.9050679206848145,0.9993622899055481
74,1.233,31,LEFT_FOOT_INDEX,0.543694794178009,0.6879571676254272,-0.028212029486894608,0.9854722619056702,0.9895399212837219
74,1.233,32,RIGHT_FOOT_INDEX,0.47185686230659485,0.6723898649215698,0.31559160351753235,0.9767553806304932,0.99708491563797
75,1.25,0,NOSE,0.5253307223320007,0.41048234701156616,-0.2986123263835907,0.999980092048645,0.9998558759689331
75,1.25,1,LEFT_EYE_INNER,0.5302444100379944,0.4044952988624573,-0.2782769501209259,0.999920666217804,0.9996067881584167
75,1.25,2,LEFT_EYE,0.5338441729545593,0.40454819798469543,-0.27831950783729553,0.9999218583106995,0.9996141195297241
75,1.25,3,LEFT_EYE_OUTER,0.536680281162262,0.4046464264392853,-0.27831894159317017,0.9999114871025085,0.9996077418327332
75,1.25,4,RIGHT_EYE_INNER,0.5199047327041626,0.40424343943595886,-0.2829251289367676,0.9999178051948547,0.9995837807655334
75,1.25,5,RIGHT_EYE,0.5151999592781067,0.4041127860546112,-0.28290072083473206,0.9999098181724548,0.9995298385620117
75,1.25,6,RIGHT_EYE_OUTER,0.5098372101783752,0.40408939123153687,-0.28291401267051697,0.9998931288719177,0.9994747042655945
75,1.25,7,LEFT_EAR,0.5384852886199951,0.40766286849975586,-0.15686719119548798,0.9998397827148438,0.9996840953826904
75,1.25,8,RIGHT_EAR,0.49952760338783264,0.40703076124191284,-0.1797245740890503,0.9998262524604797,0.9994632601737976
75,1.25,9,MOUTH_LEFT,0.5293135643005371,0.41763633489608765,-0.2520863711833954,0.9999700784683228,0.9999178647994995
75,1.25,10,MOUTH_RIGHT,0.5174528360366821,0.4176989495754242,-0.2587977647781372,0.9999696612358093,0.9999003410339355
75,1.25,11,LEFT_SHOULDER,0.5676937699317932,0.4491673707962036,-0.09041446447372437,0.9999867081642151,0.9999808073043823
75,1.25,12,RIGHT_SHOULDER,0.45692771673202515,0.44587627053260803,-0.09909379482269287,0.9999203085899353,0.9998480081558228
75,1.25,13,LEFT_ELBOW,0.5868204236030579,0.4936201870441437,-0.04416633024811745,0.9900177717208862,0.9998846054077148
75,1.25,14,RIGHT_ELBOW,0.43249252438545227,0.4899528920650482,-0.110715851187706,0.9622772336006165,0.9990518689155579
75,1.25,15,LEFT_WRIST,0.6056240200996399,0.5330524444580078,-0.17482389509677887,0.9907494783401489,0.9998794794082642
75,1.25,16,RIGHT_WRIST,0.4560486972332001,0.5282029509544373,-0.258922815322876,0.9637188911437988,0.9994410872459412
75,1.25,17,LEFT_PINKY,0.612278163433075,0.5468578934669495,-0.21262779831886292,0.9837087392807007,0.9996366500854492
75,1.25,18,RIGHT_PINKY,0.45920330286026,0.5430828928947449,-0.2988031506538391,0.943814754486084,0.9992315769195557
75,1.25,19,LEFT_INDEX,0.6090013980865479,0.5463480353355408,-0.2496037781238556,0.9847327470779419,0.9997037053108215
75,1.25,20,RIGHT_INDEX,0.46966126561164856,0.5401856899261475,-0.329176664352417,0.944709062576294,0.9993616938591003
75,1.25,21,LEFT_THUMB,0.6057755351066589,0.5419314503669739,-0.19177700579166412,0.9805423021316528,0.9998254179954529
75,1.25,22,RIGHT_THUMB,0.4705866277217865,0.5347397327423096,-0.2736136317253113,0.9336549639701843,0.9995231628417969
75,1.25,23,LEFT_HIP,0.5377369523048401,0.5430183410644531,-0.011111554689705372,0.999909520149231,0.9999361038208008
75,1.25,24,RIGHT_HIP,0.4753911793231964,0.5419313907623291,0.011160166002810001,0.9998101592063904,0.999889612197876
75,1.25,25,LEFT_KNEE,0.540283739566803,0.6075076460838318,-0.000878888473380357,0.9940502643585205,0.9999809265136719
75,1.25,26,RIGHT_KNEE,0.48259350657463074,0.6063506603240967,0.1502651423215866,0.9819596409797668,0.9999254941940308
75,1.25,27,LEFT_ANKLE,0.543694257736206,0.6719918847084045,0.10917806625366211,0.991569995880127,0.9996428489685059
75,1.25,28,RIGHT_ANKLE,0.4931013882160187,0.6545781493186951,0.4097890555858612,0.9789645671844482,0.999797523021698
75,1.25,29,LEFT_HEEL,0.5385552048683167,0.6820581555366516,0.11103107035160065,0.9008802771568298,0.999170184135437
75,1.25,30,RIGHT_HEEL,0.5041330456733704,0.6619246602058411,0.4287232458591461,0.9018181562423706,0.9996138215065002
75,1.25,31,LEFT_FOOT_INDEX,0.5434293746948242,0.6905806064605713,-0.026561303064227104,0.9854222536087036,0.9947592616081238
75,1.25,32,RIGHT_FOOT_INDEX,0.47187912464141846,0.6730387806892395,0.3248383104801178,0.9759136438369751,0.9984423518180847
76,1.267,0,NOSE,0.5266187191009521,0.410447895526886,-0.3056025803089142,0.9999802708625793,0.9998335838317871
76,1.267,1,LEFT_EYE_INNER,0.5319304466247559,0.4045032262802124,-0.2853425145149231,0.999921441078186,0.9995508790016174
76,1.267,2,LEFT_EYE,0.5355976819992065,0.4045668840408325,-0.28538456559181213,0.9999226927757263,0.9995582699775696
76,1.267,3,LEFT_EYE_OUTER,0.5384606719017029,0.40467819571495056,-0.28538212180137634,0.9999122023582458,0.9995515942573547
76,1.267,4,RIGHT_EYE_INNER,0.5211010575294495,0.4042440354824066,-0.2895185947418213,0.9999188184738159,0.9995326995849609
76,1.267,5,RIGHT_EYE,0.516330897808075,0.404129296541214,-0.2894953787326813,0.9999110698699951,0.9994760155677795
76,1.267,6,RIGHT_EYE_OUTER,0.5110170841217041,0.40411221981048584,-0.28951263427734375,0.9998942613601685,0.9994229078292847
76,1.267,7,LEFT_EAR,0.5406619310379028,0.4078136384487152,-0.16287563741207123,0.9998405575752258,0.9996360540390015
76,1.267,8,RIGHT_EAR,0.501239538192749,0.40710923075675964,-0.18350671231746674,0.9998299479484558,0.9994338154792786
76,1.267,9,MOUTH_LEFT,0.5308048129081726,0.4176916480064392,-0.25865867733955383,0.9999706745147705,0.9999021291732788
76,1.267,10,MOUTH_RIGHT,0.5184736847877502,0.4177163243293762,-0.26466426253318787,0.9999703168869019,0.999884843826294
76,1.267,11,LEFT_SHOULDER,0.5698057413101196,0.44954249262809753,-0.09625561535358429,0.999987006187439,0.9999788999557495
76,1.267,12,RIGHT_SHOULDER,0.4582745134830475,0.4463649392127991,-0.09769786894321442,0.9999199509620667,0.9998366832733154
76,1.267,13,LEFT_ELBOW,0.5887359976768494,0.4944276511669159,-0.05086774006485939,0.9900466799736023,0.9998573064804077
76,1.267,14,RIGHT_ELBOW,0.4337322413921356,0.4908589720726013,-0.10469619184732437,0.9620798230171204,0.9989197254180908
76,1.267,15,LEFT_WRIST,0.607585072517395,0.5340246558189392,-0.18445587158203125,0.9906968474388123,0.9998403787612915
76,1.267,16,RIGHT_WRIST,0.4562923014163971,0.5301370024681091,-0.25147366523742676,0.963797390460968,0.9994075298309326
76,1.267,17,LEFT_PINKY,0.6141157746315002,0.5482292771339417,-0.22389842569828033,0.9836491346359253,0.9995242357254028
76,1.267,18,RIGHT_PINKY,0.45941492915153503,0.5448954105377197,-0.2911432981491089,0.943928599357605,0.9991760849952698
76,1.267,19,LEFT_INDEX,0.6105696558952332,0.547687828540802,-0.2607424855232239,0.9846893548965454,0.9996114373207092
76,1.267,20,RIGHT_INDEX,0.4698951840400696,0.5420530438423157,-0.3225892186164856,0.944817066192627,0.9993166923522949
76,1.267,21,LEFT_THUMB,0.6073483228683472,0.5432124733924866,-0.2014346420764923,0.9805117845535278,0.9997711777687073
76,1.267,22,RIGHT_THUMB,0.47095373272895813,0.5368308424949646,-0.2664913535118103,0.9337271451950073,0.9994882345199585
76,1.267,23,LEFT_HIP,0.5387445688247681,0.5440080165863037,-0.013146549463272095,0.9999119639396667,0.9999169111251831
76,1.267,24,RIGHT_HIP,0.47649088501930237,0.5429803133010864,0.01319910492748022,0.9998088479042053,0.9998499155044556
76,1.267,25,LEFT_KNEE,0.5406898260116577,0.6089535355567932,-0.0015436365501955152,0.993925929069519,0.9999737739562988
76,1.267,26,RIGHT_KNEE,0.48330360651016235,0.6066904067993164,0.1581946760416031,0.9804195761680603,0.9998891353607178
76,1.267,27,LEFT_ANKLE,0.5437883734703064,0.6735823154449463,0.11105990409851074,0.9914258718490601,0.9993854761123657
76,1.267,28,RIGHT_ANKLE,0.49335724115371704,0.6551682949066162,0.42334622144699097,0.9773597717285156,0.9996757507324219
76,1.267,29,LEFT_HEEL,0.5392218828201294,0.6830461621284485,0.11308691650629044,0.8982101678848267,0.9985741376876831
76,1.267,30,RIGHT_HEEL,0.5041387677192688,0.6625670194625854,0.44292452931404114,0.8984631896018982,0.9993846416473389
76,1.267,31,LEFT_FOOT_INDEX,0.5419327616691589,0.6920808553695679,-0.025661643594503403,0.9852441549301147,0.9913197159767151
76,1.267,32,RIGHT_FOOT_INDEX,0.47183915972709656,0.6736749410629272,0.33871397376060486,0.9747830033302307,0.9975703358650208
77,1.283,0,NOSE,0.5284226536750793,0.4104999005794525,-0.3297145366668701,0.9999803304672241,0.9998427629470825
77,1.283,1,LEFT_EYE_INNER,0.5340504050254822,0.40454286336898804,-0.3091842234134674,0.9999216794967651,0.9995848536491394
77,1.283,2,LEFT_EYE,0.5376975536346436,0.40462666749954224,-0.30921825766563416,0.9999227523803711,0.9995939135551453
77,1.283,3,LEFT_EYE_OUTER,0.5404908657073975,0.40476110577583313,-0.30920347571372986,0.9999122023582458,0.999586284160614
77,1.283,4,RIGHT_EYE_INNER,0.5229367613792419,0.40423306822776794,-0.31391391158103943,0.999919056892395,0.9995564818382263
77,1.283,5,RIGHT_EYE,0.5181277394294739,0.4041019380092621,-0.3138931691646576,0.9999110698699951,0.9994971752166748
77,1.283,6,RIGHT_EYE_OUTER,0.5127796530723572,0.40408116579055786,-0.31390824913978577,0.9998937249183655,0.9994370341300964
77,1.283,7,LEFT_EAR,0.5424810647964478,0.40801456570625305,-0.18190248310565948,0.9998370409011841,0.9996689558029175
77,1.283,8,RIGHT_EAR,0.502968430519104,0.4070901572704315,-0.20446021854877472,0.9998293519020081,0.9994192123413086
77,1.283,9,MOUTH_LEFT,0.5325302481651306,0.4179214537143707,-0.2807517349720001,0.9999711513519287,0.9999141693115234
77,1.283,10,MOUTH_RIGHT,0.5199447870254517,0.4178328216075897,-0.28728729486465454,0.9999707341194153,0.9998925924301147
77,1.283,11,LEFT_SHOULDER,0.571578323841095,0.4498887062072754,-0.10975202918052673,0.9999873638153076,0.9999840259552002
77,1.283,12,RIGHT_SHOULDER,0.4595186114311218,0.4467713534832001,-0.11165935546159744,0.9999186396598816,0.9998319149017334
77,1.283,13,LEFT_ELBOW,0.5907039046287537,0.49492889642715454,-0.06461691856384277,0.9900379776954651,0.9998971223831177
77,1.283,14,RIGHT_ELBOW,0.4347204864025116,0.49158474802970886,-0.10824218392372131,0.962270975112915,0.9989060163497925
77,1.283,15,LEFT_WRIST,0.6089033484458923,0.5348275303840637,-0.2042379379272461,0.9905753135681152,0.9998840093612671
77,1.283,16,RIGHT_WRIST,0.456266850233078,0.531749963760376,-0.25031861662864685,0.9633031487464905,0.9993287324905396
77,1.283,17,LEFT_PINKY,0.6154093146324158,0.549366295337677,-0.24483732879161835,0.9834482073783875,0.9996622800827026
77,1.283,18,RIGHT_PINKY,0.45912089943885803,0.5466822385787964,-0.28949350118637085,0.9430679082870483,0.9991123080253601
77,1.283,19,LEFT_INDEX,0.6117078065872192,0.5487579107284546,-0.28176742792129517,0.9845105409622192,0.9997186064720154
77,1.283,20,RIGHT_INDEX,0.46957042813301086,0.5441548824310303,-0.3227451741695404,0.9439484477043152,0.9992450475692749
77,1.283,21,LEFT_THUMB,0.6083760857582092,0.5441281795501709,-0.22123004496097565,0.9802740216255188,0.9998328685760498
77,1.283,22,RIGHT_THUMB,0.47079330682754517,0.5388742685317993,-0.26577770709991455,0.9326281547546387,0.9994274377822876
77,1.283,23,LEFT_HIP,0.5402153730392456,0.5452374815940857,-0.014070393517613411,0.9999162554740906,0.9999605417251587
77,1.283,24,RIGHT_HIP,0.47772330045700073,0.544134795665741,0.014125462621450424,0.9998098015785217,0.9999043941497803
77,1.283,25,LEFT_KNEE,0.5416842103004456,0.6093495488166809,-0.010540710762143135,0.9938998818397522,0.9999879598617554
77,1.283,26,RIGHT_KNEE,0.48355934023857117,0.6068190932273865,0.1883266419172287,0.9785066246986389,0.9999226331710815
77,1.283,27,LEFT_ANKLE,0.5438375473022461,0.674338161945343,0.1019640639424324,0.9914790391921997,0.999670147895813
77,1.283,28,RIGHT_ANKLE,0.49361729621887207,0.6550974249839783,0.49199455976486206,0.9752849340438843,0.9998155236244202
77,1.283,29,LEFT_HEEL,0.5393452644348145,0.6831977367401123,0.10359127074480057,0.8966304063796997,0.9992231130599976
77,1.283,30,RIGHT_HEEL,0.5041900277137756,0.6623268723487854,0.5155075788497925,0.8943647742271423,0.9996745586395264
77,1.283,31,LEFT_FOOT_INDEX,0.5411744117736816,0.6934917569160461,-0.04978330433368683,0.9854437112808228,0.9949207901954651
77,1.283,32,RIGHT_FOOT_INDEX,0.4718746840953827,0.6738709807395935,0.4092050790786743,0.9736157655715942,0.9987786412239075
78,1.3,0,NOSE,0.5298160314559937,0.410418838262558,-0.32219648361206055,0.9999798536300659,0.9998378753662109
78,1.3,1,LEFT_EYE_INNER,0.5359768867492676,0.40449586510658264,-0.30203118920326233,0.9999194145202637,0.9995853304862976
78,1.3,2,LEFT_EYE,0.5397526621818542,0.4046081304550171,-0.3020659387111664,0.9999207258224487,0.9995937943458557
78,1.3,3,LEFT_EYE_OUTER,0.5426753759384155,0.40476375818252563,-0.30204764008522034,0.9999099969863892,0.9995884299278259
78,1.3,4,RIGHT_EYE_INNER,0.5243585109710693,0.40413644909858704,-0.30588242411613464,0.9999162554740906,0.9995625615119934
78,1.3,5,RIGHT_EYE,0.5195270776748657,0.4040032625198364,-0.3058619499206543,0.999908447265625,0.9995089769363403
78,1.3,6,RIGHT_EYE_OUTER,0.5143084526062012,0.40397024154663086,-0.3058754503726959,0.9998903870582581,0.9994576573371887
78,1.3,7,LEFT_EAR,0.5452879667282104,0.4081060588359833,-0.1780274361371994,0.9998310208320618,0.9996591806411743
78,1.3,8,RIGHT_EAR,0.5049539804458618,0.4069576561450958,-0.19655318558216095,0.999822735786438,0.9994500279426575
78,1.3,9,MOUTH_LEFT,0.534198522567749,0.41793420910835266,-0.2746349573135376,0.999970555305481,0.9999085664749146
78,1.3,10,MOUTH_RIGHT,0.5210496783256531,0.4177701771259308,-0.2799978256225586,0.999970018863678,0.9998906850814819
78,1.3,11,LEFT_SHOULDER,0.5739007592201233,0.4501534104347229,-0.11074579507112503,0.9999876022338867,0.9999817609786987
78,1.3,12,RIGHT_SHOULDER,0.4616793394088745,0.4468178451061249,-0.10516203194856644,0.9999163746833801,0.999853253364563
78,1.3,13,LEFT_ELBOW,0.59250408411026,0.495473176240921,-0.06748967617750168,0.9900660514831543,0.9998911619186401
78,1.3,14,RIGHT_ELBOW,0.43610185384750366,0.49202921986579895,-0.10568714886903763,0.9611940979957581,0.9991512298583984
78,1.3,15,LEFT_WRIST,0.6101928353309631,0.5356888175010681,-0.20244064927101135,0.990522027015686,0.9998810291290283
78,1.3,16,RIGHT_WRIST,0.4560175836086273,0.5326305627822876,-0.24979867041110992,0.9626531004905701,0.9994350075721741
78,1.3,17,LEFT_PINKY,0.6163831353187561,0.5505894422531128,-0.24216783046722412,0.9833633899688721,0.999647855758667
78,1.3,18,RIGHT_PINKY,0.4589543640613556,0.5477895736694336,-0.2889053523540497,0.9422020316123962,0.999212384223938
78,1.3,19,LEFT_INDEX,0.6121762990951538,0.5499452352523804,-0.2795775532722473,0.984433650970459,0.9997062087059021
78,1.3,20,RIGHT_INDEX,0.46921685338020325,0.5454447865486145,-0.31904876232147217,0.9431798458099365,0.9993228912353516
78,1.3,21,LEFT_THUMB,0.6085399985313416,0.54513019323349,-0.2195952832698822,0.9802379012107849,0.9998263716697693
78,1.3,22,RIGHT_THUMB,0.47041603922843933,0.5404247045516968,-0.2636731266975403,0.9319425821304321,0.9994872808456421
78,1.3,23,LEFT_HIP,0.5413313508033752,0.5462239980697632,-0.01593378372490406,0.9999189972877502,0.9999505281448364
78,1.3,24,RIGHT_HIP,0.47890251874923706,0.5448276400566101,0.015964968129992485,0.9998115301132202,0.9999058246612549
78,1.3,25,LEFT_KNEE,0.5428400635719299,0.6100991368293762,0.00653169397264719,0.9938731789588928,0.9999856948852539
78,1.3,26,RIGHT_KNEE,0.48343250155448914,0.6065094470977783,0.1766650229692459,0.9776900410652161,0.99992835521698
78,1.3,27,LEFT_ANKLE,0.5440238118171692,0.6736807227134705,0.14399784803390503,0.9914770126342773,0.9996575117111206
78,1.3,28,RIGHT_ANKLE,0.49375322461128235,0.6549947261810303,0.4539542496204376,0.9747413992881775,0.9998437166213989
78,1.3,29,LEFT_HEEL,0.5397968888282776,0.6822715401649475,0.14807112514972687,0.8930847644805908,0.9992270469665527
78,1.3,30,RIGHT_HEEL,0.5041689276695251,0.6621829867362976,0.4746847152709961,0.8931713700294495,0.9997157454490662
78,1.3,31,LEFT_FOOT_INDEX,0.5399134755134583,0.6942316889762878,-0.00350369093939662,0.9855142831802368,0.9952240586280823
78,1.3,32,RIGHT_FOOT_INDEX,0.47121426463127136,0.6741476655006409,0.3713304400444031,0.9735632538795471,0.9987700581550598
79,1.317,0,NOSE,0.5318369269371033,0.41027796268463135,-0.33157336711883545,0.9999787211418152,0.9997702240943909
79,1.317,1,LEFT_EYE_INNER,0.5376577377319336,0.4043779671192169,-0.31119439005851746,0.9999148845672607,0.9993910789489746
79,1.317,2,LEFT_EYE,0.5414339900016785,0.40449732542037964,-0.311236709356308,0.999915599822998,0.9993991851806641
79,1.317,3,LEFT_EYE_OUTER,0.544441819190979,0.4046563506126404,-0.3112237751483917,0.9999043941497803,0.9993845224380493
79,1.317,4,RIGHT_EYE_INNER,0.526191771030426,0.40401801466941833,-0.3153481185436249,0.9999118447303772,0.9993744492530823
79,1.317,5,RIGHT_EYE,0.5214052200317383,0.40389201045036316,-0.3153311312198639,0.9999030828475952,0.9993085861206055
79,1.317,6,RIGHT_EYE_OUTER,0.5161720514297485,0.40386202931404114,-0.3153558075428009,0.9998838305473328,0.9992458820343018
79,1.317,7,LEFT_EAR,0.5468174815177917,0.4079715609550476,-0.18570226430892944,0.9998151659965515,0.9994854927062988
79,1.317,8,RIGHT_EAR,0.5070216059684753,0.4068506360054016,-0.20528340339660645,0.9998102188110352,0.9992436170578003
79,1.317,9,MOUTH_LEFT,0.5360923409461975,0.41777878999710083,-0.2834063172340393,0.9999692440032959,0.9998712539672852
79,1.317,10,MOUTH_RIGHT,0.5230796337127686,0.4176362156867981,-0.28909412026405334,0.9999685287475586,0.9998503923416138
79,1.317,11,LEFT_SHOULDER,0.5765261650085449,0.45044073462486267,-0.11833329498767853,0.9999874234199524,0.9999762773513794
79,1.317,12,RIGHT_SHOULDER,0.4630206525325775,0.44688528776168823,-0.11299703270196915,0.9999135732650757,0.9998250603675842
79,1.317,13,LEFT_ELBOW,0.5940406322479248,0.49608585238456726,-0.07871495932340622,0.9899066686630249,0.9998666048049927
79,1.317,14,RIGHT_ELBOW,0.43828776478767395,0.49287235736846924,-0.10611391812562943,0.960228443145752,0.9989913105964661
79,1.317,15,LEFT_WRIST,0.6115361452102661,0.5364961624145508,-0.21712061762809753,0.9902780652046204,0.9998618364334106
79,1.317,16,RIGHT_WRIST,0.4558500051498413,0.5344488620758057,-0.24699988961219788,0.9619914889335632,0.9993219375610352
79,1.317,17,LEFT_PINKY,0.6174761652946472,0.5516374111175537,-0.2583163380622864,0.9829806685447693,0.9996117949485779
79,1.317,18,RIGHT_PINKY,0.45887434482574463,0.5498057007789612,-0.2859382927417755,0.9413291215896606,0.9990691542625427
79,1.317,19,LEFT_INDEX,0.6130619049072266,0.5509737730026245,-0.29531243443489075,0.9840748310089111,0.9996738433837891
79,1.317,20,RIGHT_INDEX,0.4691673219203949,0.5477985143661499,-0.319455087184906,0.942351758480072,0.9991855025291443
79,1.317,21,LEFT_THUMB,0.6093817949295044,0.546103835105896,-0.234291672706604,0.9798163771629333,0.999805748462677
79,1.317,22,RIGHT_THUMB,0.47011798620224,0.5429953932762146,-0.26228827238082886,0.9311370849609375,0.9993950128555298
79,1.317,23,LEFT_HIP,0.543100118637085,0.546514630317688,-0.017576534301042557,0.9999217987060547,0.9999477863311768
79,1.317,24,RIGHT_HIP,0.48037782311439514,0.5454152822494507,0.017610128968954086,0.9998130202293396,0.9999097585678101
79,1.317,25,LEFT_KNEE,0.5435447692871094,0.6106216907501221,0.006470106542110443,0.9936757683753967,0.9999833106994629
79,1.317,26,RIGHT_KNEE,0.48335567116737366,0.6063866019248962,0.19195134937763214,0.9753485918045044,0.9999299049377441
79,1.317,27,LEFT_ANKLE,0.5440503358840942,0.6738664507865906,0.14015232026576996,0.9912674427032471,0.9996585845947266
79,1.317,28,RIGHT_ANKLE,0.4938375949859619,0.6549080014228821,0.4961480498313904,0.9727661609649658,0.9998433589935303
79,1.317,29,LEFT_HEEL,0.5398158431053162,0.6828741431236267,0.14382676780223846,0.8903299570083618,0.9992536902427673
79,1.317,30,RIGHT_HEEL,0.5041977763175964,0.6621731519699097,0.5198603868484497,0.8904576897621155,0.9997186064720154
79,1.317,31,LEFT_FOOT_INDEX,0.5399229526519775,0.6942355632781982,-0.005016216542571783,0.985321581363678,0.995465099811554
79,1.317,32,RIGHT_FOOT_INDEX,0.46829041838645935,0.67448890209198,0.41675519943237305,0.9724228978157043,0.9989288449287415
80,1.333,0,NOSE,0.5329130291938782,0.41018402576446533,-0.3268648684024811,0.9999765157699585,0.9996755123138428
80,1.333,1,LEFT_EYE_INNER,0.5387240052223206,0.40428516268730164,-0.3062669634819031,0.9999052286148071,0.9991921782493591
80,1.333,2,LEFT_EYE,0.5425735712051392,0.4044000804424286,-0.3063088655471802,0.9999059438705444,0.9991999268531799
80,1.333,3,LEFT_EYE_OUTER,0.5456929802894592,0.4045560657978058,-0.3062964081764221,0.9998936653137207,0.9991864562034607
80,1.333,4,RIGHT_EYE_INNER,0.5272749662399292,0.40393421053886414,-0.3103022277355194,0.999901533126831,0.9991913437843323
80,1.333,5,RIGHT_EYE,0.5225438475608826,0.40381020307540894,-0.3102883994579315,0.9998922348022461,0.9991230368614197
80,1.333,6,RIGHT_EYE_OUTER,0.5174015164375305,0.4037882685661316,-0.3103182911872864,0.9998712539672852,0.9990624785423279
80,1.333,7,LEFT_EAR,0.5483994483947754,0.4078579545021057,-0.1809702217578888,0.999789834022522,0.9993189573287964
80,1.333,8,RIGHT_EAR,0.5086315870285034,0.4067831039428711,-0.19970035552978516,0.9997859001159668,0.9990886449813843
80,1.333,9,MOUTH_LEFT,0.5373473763465881,0.4176529347896576,-0.2787797152996063,0.9999663829803467,0.9998264908790588
80,1.333,10,MOUTH_RIGHT,0.5243931412696838,0.41753000020980835,-0.284239798784256,0.9999653100967407,0.999805748462677
80,1.333,11,LEFT_SHOULDER,0.578542172908783,0.45055538415908813,-0.11480549722909927,0.9999871253967285,0.9999693632125854
80,1.333,12,RIGHT_SHOULDER,0.4642460346221924,0.4469357430934906,-0.10841608047485352,0.9999096989631653,0.9998267292976379
80,1.333,13,LEFT_ELBOW,0.5954557061195374,0.4964127242565155,-0.07444477826356888,0.9894828796386719,0.9998388290405273
80,1.333,14,RIGHT_ELBOW,0.43999046087265015,0.4932156503200531,-0.1004062294960022,0.959108829498291,0.99909508228302
80,1.333,15,LEFT_WRIST,0.6122475266456604,0.5368622541427612,-0.21033819019794464,0.9897386431694031,0.9998401403427124
80,1.333,16,RIGHT_WRIST,0.4557071030139923,0.5351919531822205,-0.22835206985473633,0.9611886739730835,0.9993257522583008
80,1.333,17,LEFT_PINKY,0.6183913350105286,0.5522578358650208,-0.25056907534599304,0.9821866750717163,0.9995750784873962
80,1.333,18,RIGHT_PINKY,0.458157479763031,0.5509186387062073,-0.2662758529186249,0.940212607383728,0.999049961566925
80,1.333,19,LEFT_INDEX,0.6134201884269714,0.551590621471405,-0.2878907322883606,0.9833229780197144,0.9996322393417358
80,1.333,20,RIGHT_INDEX,0.4679853022098541,0.549303412437439,-0.3056841194629669,0.9413514733314514,0.999151349067688
80,1.333,21,LEFT_THUMB,0.6094878911972046,0.5467742681503296,-0.22761690616607666,0.978965699672699,0.9997765421867371
80,1.333,22,RIGHT_THUMB,0.4698825478553772,0.5445007681846619,-0.24620912969112396,0.9302629828453064,0.9993682503700256
80,1.333,23,LEFT_HIP,0.5447458624839783,0.5468704104423523,-0.018528323620557785,0.9999245405197144,0.99994957447052
80,1.333,24,RIGHT_HIP,0.4817185699939728,0.5458549857139587,0.01855393499135971,0.9998157024383545,0.9999191761016846
80,1.333,25,LEFT_KNEE,0.5449035167694092,0.6111260652542114,0.007484013214707375,0.9936267733573914,0.999984860420227
80,1.333,26,RIGHT_KNEE,0.4831218123435974,0.6063727140426636,0.1872878223657608,0.9741247892379761,0.9999330043792725
80,1.333,27,LEFT_ANKLE,0.5444443821907043,0.6737264394760132,0.16165059804916382,0.9911593794822693,0.9997079968452454
80,1.333,28,RIGHT_ANKLE,0.4937915503978729,0.6545183062553406,0.493692010641098,0.9719310998916626,0.9998763799667358
80,1.333,29,LEFT_HEEL,0.5398956537246704,0.6822311878204346,0.1677878051996231,0.8869426250457764,0.999382495880127
80,1.333,30,RIGHT_HEEL,0.5040523409843445,0.6616719365119934,0.5176244974136353,0.8888217210769653,0.9997894167900085
80,1.333,31,LEFT_FOOT_INDEX,0.5398138761520386,0.6946195960044861,0.01747814007103443,0.9853172302246094,0.9963861703872681
80,1.333,32,RIGHT_FOOT_INDEX,0.46574127674102783,0.6748493313789368,0.41393107175827026,0.9722126722335815,0.9991301894187927
81,1.35,0,NOSE,0.5350667834281921,0.41011476516723633,-0.33304327726364136,0.9999744296073914,0.9995529055595398
81,1.35,1,LEFT_EYE_INNER,0.5407441258430481,0.4042130410671234,-0.31252872943878174,0.9998971819877625,0.9988682270050049
81,1.35,2,LEFT_EYE,0.5445111989974976,0.40432098507881165,-0.312569260597229,0.9998975396156311,0.9988874793052673
81,1.35,3,LEFT_EYE_OUTER,0.5476268529891968,0.40447524189949036,-0.3125583529472351,0.9998844861984253,0.9988741278648376
81,1.35,4,RIGHT_EYE_INNER,0.5291613936424255,0.4038815200328827,-0.3172607421875,0.9998927116394043,0.9988440275192261
81,1.35,5,RIGHT_EYE,0.5244118571281433,0.4037584960460663,-0.3172515332698822,0.9998826384544373,0.9987452030181885
81,1.35,6,RIGHT_EYE_OUTER,0.5192470550537109,0.4037482440471649,-0.3172900080680847,0.9998599290847778,0.9986553192138672
81,1.35,7,LEFT_EAR,0.5500336289405823,0.4077925384044647,-0.18578575551509857,0.9997669458389282,0.999077320098877
81,1.35,8,RIGHT_EAR,0.5101538896560669,0.40675878524780273,-0.20728321373462677,0.999765157699585,0.9986518025398254
81,1.35,9,MOUTH_LEFT,0.5393559336662292,0.41756072640419006,-0.2841852903366089,0.999964714050293,0.9997856020927429
81,1.35,10,MOUTH_RIGHT,0.5267030000686646,0.4174439013004303,-0.2904382348060608,0.999963104724884,0.9997437596321106
81,1.35,11,LEFT_SHOULDER,0.5809359550476074,0.45049580931663513,-0.11711090803146362,0.9999870657920837,0.9999707937240601
81,1.35,12,RIGHT_SHOULDER,0.4656875729560852,0.4469289481639862,-0.11472385376691818,0.9999062418937683,0.9997808337211609
81,1.35,13,LEFT_ELBOW,0.5973254442214966,0.4964010417461395,-0.07518213242292404,0.9890915751457214,0.9998493194580078
81,1.35,14,RIGHT_ELBOW,0.4423508644104004,0.4936729967594147,-0.09969031810760498,0.9587996602058411,0.9989718198776245
81,1.35,15,LEFT_WRIST,0.6128241419792175,0.5371198654174805,-0.21379442512989044,0.9893883466720581,0.9998549222946167
81,1.35,16,RIGHT_WRIST,0.455627977848053,0.5359055995941162,-0.22819101810455322,0.9611137509346008,0.9992089867591858
81,1.35,17,LEFT_PINKY,0.6188099384307861,0.5525891184806824,-0.25428318977355957,0.9816963076591492,0.9996036887168884
81,1.35,18,RIGHT_PINKY,0.4568272531032562,0.5518706440925598,-0.2662728428840637,0.9402298331260681,0.9988833069801331
81,1.35,19,LEFT_INDEX,0.6132255792617798,0.5518457293510437,-0.29184868931770325,0.9828604459762573,0.9996589422225952
81,1.35,20,RIGHT_INDEX,0.46601077914237976,0.550312340259552,-0.30574551224708557,0.9414559006690979,0.9989948868751526
81,1.35,21,LEFT_THUMB,0.6090512275695801,0.5470004677772522,-0.23112082481384277,0.9784114360809326,0.9997943043708801
81,1.35,22,RIGHT_THUMB,0.46870023012161255,0.5454116463661194,-0.2461780160665512,0.930505096912384,0.999262273311615
81,1.35,23,LEFT_HIP,0.5476908087730408,0.5469866394996643,-0.01851516216993332,0.9999276995658875,0.9999576807022095
81,1.35,24,RIGHT_HIP,0.4837547540664673,0.5461586117744446,0.01854006014764309,0.9998175501823425,0.9999151229858398
81,1.35,25,LEFT_KNEE,0.5463464856147766,0.6112961173057556,0.00719717750325799,0.9936290979385376,0.9999855756759644
81,1.35,26,RIGHT_KNEE,0.48258140683174133,0.6062667369842529,0.19991882145404816,0.9725065231323242,0.999910831451416
81,1.35,27,LEFT_ANKLE,0.5446031093597412,0.673923134803772,0.161628857254982,0.991066575050354,0.9996222257614136
81,1.35,28,RIGHT_ANKLE,0.4937170445919037,0.6525809168815613,0.5324221849441528,0.9700719118118286,0.9998214840888977
81,1.35,29,LEFT_HEEL,0.5399065017700195,0.6818864941596985,0.16816911101341248,0.8844092488288879,0.9991844296455383
81,1.35,30,RIGHT_HEEL,0.5037296414375305,0.6585364937782288,0.5593596696853638,0.8845980167388916,0.9997137188911438
81,1.35,31,LEFT_FOOT_INDEX,0.5400177240371704,0.6951743364334106,0.01698021963238716,0.9853057265281677,0.9952678084373474
81,1.35,32,RIGHT_FOOT_INDEX,0.46540194749832153,0.6747773289680481,0.45678985118865967,0.9711823463439941,0.9989287257194519
82,1.367,0,NOSE,0.5364079475402832,0.4100518822669983,-0.3403538763523102,0.9999743103981018,0.9996274709701538
82,1.367,1,LEFT_EYE_INNER,0.5423744320869446,0.40418559312820435,-0.31922146677970886,0.9998964071273804,0.9990567564964294
82,1.367,2,LEFT_EYE,0.546163022518158,0.4042896330356598,-0.31924891471862793,0.999896764755249,0.9990863800048828
82,1.367,3,LEFT_EYE_OUTER,0.5492669343948364,0.4044415056705475,-0.3192300796508789,0.9998839497566223,0.9990823268890381
82,1.367,4,RIGHT_EYE_INNER,0.5307382345199585,0.4038664996623993,-0.3243130147457123,0.9998915791511536,0.9989872574806213
82,1.367,5,RIGHT_EYE,0.5259271860122681,0.4037284255027771,-0.32430675625801086,0.9998812675476074,0.9988958835601807
82,1.367,6,RIGHT_EYE_OUTER,0.5208570957183838,0.4036978483200073,-0.32434168457984924,0.999858021736145,0.9988061189651489
82,1.367,7,LEFT_EAR,0.5517848134040833,0.4077332615852356,-0.18802088499069214,0.9997603297233582,0.9992293119430542
82,1.367,8,RIGHT_EAR,0.5114675164222717,0.4066801071166992,-0.21191105246543884,0.9997583627700806,0.9987481832504272
82,1.367,9,MOUTH_LEFT,0.5408218502998352,0.41746583580970764,-0.28982046246528625,0.9999648332595825,0.9998113512992859
82,1.367,10,MOUTH_RIGHT,0.5279540419578552,0.4173690378665924,-0.296795517206192,0.9999628663063049,0.9997597336769104
82,1.367,11,LEFT_SHOULDER,0.5825974345207214,0.45047417283058167,-0.11585391312837601,0.9999871253967285,0.9999704360961914
82,1.367,12,RIGHT_SHOULDER,0.466415137052536,0.4469635784626007,-0.1180134117603302,0.9999047517776489,0.9997673630714417
82,1.367,13,LEFT_ELBOW,0.5993690490722656,0.49693360924720764,-0.07417423278093338,0.9888027906417847,0.9998642206192017
82,1.367,14,RIGHT_ELBOW,0.4440208971500397,0.49392443895339966,-0.09969478845596313,0.9585788249969482,0.9989854693412781
82,1.367,15,LEFT_WRIST,0.6142380833625793,0.5383036136627197,-0.21788708865642548,0.9892997741699219,0.9998953342437744
82,1.367,16,RIGHT_WRIST,0.45435523986816406,0.5359796285629272,-0.22830896079540253,0.9607197642326355,0.9991360306739807
82,1.367,17,LEFT_PINKY,0.6201450824737549,0.5542268753051758,-0.2586353123188019,0.9815393686294556,0.9997180104255676
82,1.367,18,RIGHT_PINKY,0.4532996118068695,0.5519725680351257,-0.2667803466320038,0.9398079514503479,0.9988269209861755
82,1.367,19,LEFT_INDEX,0.613910436630249,0.5533552765846252,-0.2987369894981384,0.9827216863632202,0.9997504353523254
82,1.367,20,RIGHT_INDEX,0.4617948532104492,0.5504010319709778,-0.30762916803359985,0.9411230683326721,0.9989151954650879
82,1.367,21,LEFT_THUMB,0.6096066236495972,0.5490008592605591,-0.23625275492668152,0.9781959652900696,0.9998500347137451
82,1.367,22,RIGHT_THUMB,0.4655309319496155,0.545466423034668,-0.24684377014636993,0.9301508665084839,0.9992029070854187
82,1.367,23,LEFT_HIP,0.5509663820266724,0.5474948883056641,-0.016780029982328415,0.9999307990074158,0.999966025352478
82,1.367,24,RIGHT_HIP,0.48648393154144287,0.546952486038208,0.016795672476291656,0.9998217821121216,0.9999300241470337
82,1.367,25,LEFT_KNEE,0.5488125681877136,0.6121454834938049,0.00882463064044714,0.993772029876709,0.9999891519546509
82,1.367,26,RIGHT_KNEE,0.48254355788230896,0.6063094735145569,0.19811901450157166,0.9724346399307251,0.9999313354492188
82,1.367,27,LEFT_ANKLE,0.5448352098464966,0.6748954653739929,0.16671468317508698,0.9911617040634155,0.9997716546058655
82,1.367,28,RIGHT_ANKLE,0.4937106668949127,0.6521486043930054,0.5375524163246155,0.9695913791656494,0.9998701810836792
82,1.367,29,LEFT_HEEL,0.5399245619773865,0.6824358701705933,0.17343832552433014,0.8859546184539795,0.9995113611221313
82,1.367,30,RIGHT_HEEL,0.5033493638038635,0.6576123833656311,0.564605712890625,0.8805243968963623,0.999799907207489
82,1.367,31,LEFT_FOOT_INDEX,0.5401031970977783,0.6950144171714783,0.017871947959065437,0.9857038855552673,0.9971635937690735
82,1.367,32,RIGHT_FOOT_INDEX,0.4664028584957123,0.6747688055038452,0.45464614033699036,0.9710772037506104,0.999278724193573
83,1.383,0,NOSE,0.5366889238357544,0.4099596440792084,-0.3678308129310608,0.999973475933075,0.999401330947876
83,1.383,1,LEFT_EYE_INNER,0.5430179834365845,0.4040367305278778,-0.34746381640434265,0.9998934864997864,0.9985828399658203
83,1.383,2,LEFT_EYE,0.5469086170196533,0.40416890382766724,-0.3474927544593811,0.9998934864997864,0.9986429810523987
83,1.383,3,LEFT_EYE_OUTER,0.5502065420150757,0.4043274223804474,-0.34747517108917236,0.9998811483383179,0.9986671209335327
83,1.383,4,RIGHT_EYE_INNER,0.5311099886894226,0.4036702811717987,-0.351738303899765,0.9998865723609924,0.9984026551246643
83,1.383,5,RIGHT_EYE,0.5263119339942932,0.4035281538963318,-0.3517371416091919,0.9998741149902344,0.9982162117958069
83,1.383,6,RIGHT_EYE_OUTER,0.5212599635124207,0.40345069766044617,-0.35178670287132263,0.9998495578765869,0.9980586171150208
83,1.383,7,LEFT_EAR,0.5534595847129822,0.4076223075389862,-0.21203961968421936,0.999747097492218,0.9989117383956909
83,1.383,8,RIGHT_EAR,0.5125487446784973,0.40636390447616577,-0.2325262576341629,0.9997352361679077,0.997911274433136
83,1.383,9,MOUTH_LEFT,0.5413150191307068,0.41742581129074097,-0.31528201699256897,0.9999649524688721,0.999733030796051
83,1.383,10,MOUTH_RIGHT,0.5282756686210632,0.41732266545295715,-0.321154922246933,0.9999621510505676,0.9996091723442078
83,1.383,11,LEFT_SHOULDER,0.584685206413269,0.45034149289131165,-0.13077782094478607,0.9999874830245972,0.9999760389328003
83,1.383,12,RIGHT_SHOULDER,0.4681977927684784,0.446930468082428,-0.13232234120368958,0.9999024271965027,0.9996887445449829
83,1.383,13,LEFT_ELBOW,0.6010425686836243,0.4971776306629181,-0.09236248582601547,0.9888176918029785,0.9998840093612671
83,1.383,14,RIGHT_ELBOW,0.44505390524864197,0.49381816387176514,-0.10479534417390823,0.9590905904769897,0.9988682270050049
83,1.383,15,LEFT_WRIST,0.614925742149353,0.5390055775642395,-0.252946138381958,0.9895619750022888,0.9999196529388428
83,1.383,16,RIGHT_WRIST,0.45354071259498596,0.5365484952926636,-0.23154298961162567,0.9611673355102539,0.9989872574806213
83,1.383,17,LEFT_PINKY,0.6206958889961243,0.5548238754272461,-0.2972685992717743,0.9819371104240417,0.9997692704200745
83,1.383,18,RIGHT_PINKY,0.4501427114009857,0.5522041320800781,-0.2713860869407654,0.9403249621391296,0.9985920786857605
83,1.383,19,LEFT_INDEX,0.614220917224884,0.5540433526039124,-0.33880630135536194,0.9830870032310486,0.9997968077659607
83,1.383,20,RIGHT_INDEX,0.4581460654735565,0.5506240725517273,-0.3146073818206787,0.9417073130607605,0.998661994934082
83,1.383,21,LEFT_THUMB,0.6098445653915405,0.5499082803726196,-0.2719917595386505,0.97856605052948,0.9998807907104492
83,1.383,22,RIGHT_THUMB,0.4620925784111023,0.545574426651001,-0.25111615657806396,0.9308162927627563,0.9990342855453491
83,1.383,23,LEFT_HIP,0.5528194308280945,0.5479590892791748,-0.015863576903939247,0.999934732913971,0.9999771118164062
83,1.383,24,RIGHT_HIP,0.48802298307418823,0.5470411777496338,0.015875717625021935,0.9998252391815186,0.9999305009841919
83,1.383,25,LEFT_KNEE,0.5498640537261963,0.6127579808235168,-0.005994310136884451,0.9938552975654602,0.9999895095825195
83,1.383,26,RIGHT_KNEE,0.4824404716491699,0.6063007116317749,0.22065803408622742,0.9712539911270142,0.9999016523361206
83,1.383,27,LEFT_ANKLE,0.5448650121688843,0.6755802631378174,0.15936100482940674,0.991209864616394,0.9997578263282776
83,1.383,28,RIGHT_ANKLE,0.49365323781967163,0.6506645679473877,0.603512704372406,0.967523455619812,0.9998503923416138
83,1.383,29,LEFT_HEEL,0.5399425625801086,0.6829615831375122,0.16402265429496765,0.8862045407295227,0.9994908571243286
83,1.383,30,RIGHT_HEEL,0.502959668636322,0.6555467844009399,0.635200023651123,0.8732429146766663,0.999786913394928
83,1.383,31,LEFT_FOOT_INDEX,0.5401997566223145,0.6953900456428528,0.004399240016937256,0.9860714673995972,0.9971750974655151
83,1.383,32,RIGHT_FOOT_INDEX,0.46693000197410583,0.6747540235519409,0.5231260061264038,0.9702049493789673,0.9993506073951721
84,1.4,0,NOSE,0.538331925868988,0.40975263714790344,-0.3880169689655304,0.9999728798866272,0.9994233846664429
84,1.4,1,LEFT_EYE_INNER,0.5444300174713135,0.4037629961967468,-0.3668522536754608,0.9998911619186401,0.9985902905464172
84,1.4,2,LEFT_EYE,0.548352837562561,0.4039185643196106,-0.3668726980686188,0.999890923500061,0.9986488223075867
84,1.4,3,LEFT_EYE_OUTER,0.5515413880348206,0.4040972888469696,-0.3668457865715027,0.9998787045478821,0.9986714124679565
84,1.4,4,RIGHT_EYE_INNER,0.5323806405067444,0.40336960554122925,-0.37234222888946533,0.9998823404312134,0.9984005093574524
84,1.4,5,RIGHT_EYE,0.527455747127533,0.40324684977531433,-0.37234872579574585,0.9998687505722046,0.998222291469574
84,1.4,6,RIGHT_EYE_OUTER,0.5222578048706055,0.4031737446784973,-0.3724018931388855,0.9998427033424377,0.9980620741844177
84,1.4,7,LEFT_EAR,0.554541289806366,0.40745508670806885,-0.2268163412809372,0.9997335076332092,0.9988945126533508
84,1.4,8,RIGHT_EAR,0.5132968425750732,0.4060686528682709,-0.25280526280403137,0.9997138381004333,0.997875452041626
84,1.4,9,MOUTH_LEFT,0.5428289175033569,0.417398065328598,-0.3336690664291382,0.9999653100967407,0.9997478127479553
84,1.4,10,MOUTH_RIGHT,0.5297359228134155,0.41729068756103516,-0.3411502242088318,0.9999616742134094,0.9996339082717896
84,1.4,11,LEFT_SHOULDER,0.586543083190918,0.4502430856227875,-0.14163409173488617,0.9999879002571106,0.9999768733978271
84,1.4,12,RIGHT_SHOULDER,0.4691520631313324,0.4468614459037781,-0.14833024144172668,0.9999005794525146,0.9996832609176636
84,1.4,13,LEFT_ELBOW,0.6028780937194824,0.4972837567329407,-0.10307369381189346,0.9888361692428589,0.999902606010437
84,1.4,14,RIGHT_ELBOW,0.4462722837924957,0.4939042329788208,-0.11228826642036438,0.960366427898407,0.9990503191947937
84,1.4,15,LEFT_WRIST,0.6157954931259155,0.5392666459083557,-0.27530616521835327,0.9898164868354797,0.9999321699142456
84,1.4,16,RIGHT_WRIST,0.45199164748191833,0.5369787812232971,-0.23664052784442902,0.9623091816902161,0.9991908669471741
84,1.4,17,LEFT_PINKY,0.6213234663009644,0.5551022887229919,-0.3214304447174072,0.9822951555252075,0.9998107552528381
84,1.4,18,RIGHT_PINKY,0.44633474946022034,0.552474856376648,-0.2779372036457062,0.9418236613273621,0.9988759160041809
84,1.4,19,LEFT_INDEX,0.6144327521324158,0.5542869567871094,-0.36296623945236206,0.9834316968917847,0.9998292922973633
84,1.4,20,RIGHT_INDEX,0.45369189977645874,0.5510443449020386,-0.3223972022533417,0.9432536363601685,0.9989175796508789
84,1.4,21,LEFT_THUMB,0.6100084185600281,0.5500907897949219,-0.29460129141807556,0.9789150357246399,0.9998985528945923
84,1.4,22,RIGHT_THUMB,0.4580698013305664,0.5460838079452515,-0.2567545175552368,0.9325060844421387,0.9992187023162842
84,1.4,23,LEFT_HIP,0.5558328628540039,0.548458993434906,-0.014995009638369083,0.9999386668205261,0.9999805688858032
84,1.4,24,RIGHT_HIP,0.48982781171798706,0.5478901267051697,0.015003048814833164,0.9998287558555603,0.9999338388442993
84,1.4,25,LEFT_KNEE,0.5508447289466858,0.613332211971283,-0.01352251973003149,0.9939367771148682,0.9999909400939941
84,1.4,26,RIGHT_KNEE,0.48230037093162537,0.6064579486846924,0.2358437329530716,0.9697406888008118,0.9998956918716431
84,1.4,27,LEFT_ANKLE,0.5451003313064575,0.6758850812911987,0.16754116117954254,0.9911908507347107,0.9998007416725159
84,1.4,28,RIGHT_ANKLE,0.49360865354537964,0.6476777195930481,0.6557419896125793,0.9647036194801331,0.9998651742935181
84,1.4,29,LEFT_HEEL,0.5401526689529419,0.6827086210250854,0.17692165076732635,0.8868812322616577,0.9996028542518616
84,1.4,30,RIGHT_HEEL,0.5026765465736389,0.6512080430984497,0.6915606260299683,0.8650119304656982,0.9998291730880737
84,1.4,31,LEFT_FOOT_INDEX,0.5403409004211426,0.6952378749847412,0.010782199911773205,0.9864062666893005,0.9980363249778748
84,1.4,32,RIGHT_FOOT_INDEX,0.4688399136066437,0.6739801168441772,0.5797449350357056,0.9689120650291443,0.9995396137237549
85,1.417,0,NOSE,0.53879714012146,0.40960344672203064,-0.3653416037559509,0.999970018863678,0.9986893534660339
85,1.417,1,LEFT_EYE_INNER,0.5451033711433411,0.4035027325153351,-0.3441762626171112,0.9998794198036194,0.997016429901123
85,1.417,2,LEFT_EYE,0.5490893721580505,0.4036639332771301,-0.34420475363731384,0.9998799562454224,0.9972411394119263
85,1.417,3,LEFT_EYE_OUTER,0.5523626804351807,0.4038357436656952,-0.34418797492980957,0.9998685717582703,0.9973875880241394
85,1.417,4,RIGHT_EYE_INNER,0.5327875018119812,0.403103768825531,-0.34940439462661743,0.9998646378517151,0.9963802695274353
85,1.417,5,RIGHT_EYE,0.5278679728507996,0.4029898941516876,-0.34940165281295776,0.9998491406440735,0.995945155620575
85,1.417,6,RIGHT_EYE_OUTER,0.5227283239364624,0.40289968252182007,-0.3494560420513153,0.9998205304145813,0.995564877986908
85,1.417,7,LEFT_EAR,0.5555528998374939,0.40721097588539124,-0.20908235013484955,0.9997079372406006,0.9979641437530518
85,1.417,8,RIGHT_EAR,0.5140361785888672,0.40580472350120544,-0.2336883842945099,0.9996660947799683,0.9950580596923828
85,1.417,9,MOUTH_LEFT,0.5434206128120422,0.41733044385910034,-0.3131183683872223,0.9999641180038452,0.9995365142822266
85,1.417,10,MOUTH_RIGHT,0.5302298665046692,0.41716495156288147,-0.32025256752967834,0.9999585151672363,0.9992443323135376
85,1.417,11,LEFT_SHOULDER,0.5881230235099792,0.45016545057296753,-0.1304614245891571,0.9999880790710449,0.9999653100967407
85,1.417,12,RIGHT_SHOULDER,0.4697725474834442,0.446808785200119,-0.13458646833896637,0.9998900890350342,0.9994012117385864
85,1.417,13,LEFT_ELBOW,0.6048972010612488,0.4972638189792633,-0.10159486532211304,0.9885286092758179,0.9998575448989868
85,1.417,14,RIGHT_ELBOW,0.447406530380249,0.4941101372241974,-0.10729892551898956,0.9598210453987122,0.9984779953956604
85,1.417,15,LEFT_WRIST,0.6162179708480835,0.5393924713134766,-0.2500424385070801,0.9898936152458191,0.9999046325683594
85,1.417,16,RIGHT_WRIST,0.4501405358314514,0.5372317433357239,-0.23145875334739685,0.9621308445930481,0.9985706806182861
85,1.417,17,LEFT_PINKY,0.6216303706169128,0.5550955533981323,-0.29283931851387024,0.9824965596199036,0.9997249245643616
85,1.417,18,RIGHT_PINKY,0.44360536336898804,0.5526929497718811,-0.27463722229003906,0.9419383406639099,0.9980713725090027
85,1.417,19,LEFT_INDEX,0.6143599152565002,0.5543966889381409,-0.3289903700351715,0.9836120009422302,0.9997565150260925
85,1.417,20,RIGHT_INDEX,0.45070305466651917,0.5512917637825012,-0.32099491357803345,0.9435174465179443,0.9981130361557007
85,1.417,21,LEFT_THUMB,0.6098410487174988,0.5502778887748718,-0.26679930090904236,0.9791216254234314,0.9998562335968018
85,1.417,22,RIGHT_THUMB,0.45566025376319885,0.5462254881858826,-0.25313884019851685,0.9329698085784912,0.9985938668251038
85,1.417,23,LEFT_HIP,0.5580453872680664,0.5496014952659607,-0.013737686909735203,0.9999412894248962,0.9999715089797974
85,1.417,24,RIGHT_HIP,0.4912325143814087,0.5488957762718201,0.013739499263465405,0.9998286962509155,0.9998959302902222
85,1.417,25,LEFT_KNEE,0.5516110062599182,0.6156779527664185,-0.008553825318813324,0.994080126285553,0.9999862909317017
85,1.417,26,RIGHT_KNEE,0.4821176528930664,0.6068569421768188,0.21099337935447693,0.9692469835281372,0.9997989535331726
85,1.417,27,LEFT_ANKLE,0.5456221699714661,0.6757468581199646,0.2080044001340866,0.9911435842514038,0.9994256496429443
85,1.417,28,RIGHT_ANKLE,0.4934828579425812,0.6463057994842529,0.6075302958488464,0.9617782235145569,0.9996516704559326
85,1.417,29,LEFT_HEEL,0.5411897897720337,0.6824063658714294,0.22070375084877014,0.8836451172828674,0.9987912774085999
85,1.417,30,RIGHT_HEEL,0.5023395419120789,0.649201512336731,0.6417776346206665,0.8540316224098206,0.9995508790016174
85,1.417,31,LEFT_FOOT_INDEX,0.5388614535331726,0.6959788203239441,0.05754739046096802,0.9864866733551025,0.9937782287597656
85,1.417,32,RIGHT_FOOT_INDEX,0.47098028659820557,0.6738269925117493,0.5347812175750732,0.9672915935516357,0.9985742568969727
86,1.433,0,NOSE,0.5394666790962219,0.4093227684497833,-0.35909631848335266,0.9999678134918213,0.9989194869995117
86,1.433,1,LEFT_EYE_INNER,0.5457929968833923,0.40318116545677185,-0.3375513255596161,0.9998697638511658,0.997545063495636
86,1.433,2,LEFT_EYE,0.5497928857803345,0.4033588767051697,-0.33758339285850525,0.999871551990509,0.9977167844772339
86,1.433,3,LEFT_EYE_OUTER,0.5531156063079834,0.403534859418869,-0.3375677466392517,0.9998614192008972,0.9978469610214233
86,1.433,4,RIGHT_EYE_INNER,0.5334159731864929,0.4027576446533203,-0.3428434431552887,0.9998490810394287,0.9970306158065796
86,1.433,5,RIGHT_EYE,0.5285056233406067,0.40266522765159607,-0.3428395688533783,0.9998331069946289,0.9966487288475037
86,1.433,6,RIGHT_EYE_OUTER,0.5233785510063171,0.4025680124759674,-0.34289923310279846,0.9998027682304382,0.9962942004203796
86,1.433,7,LEFT_EAR,0.556358814239502,0.4069375991821289,-0.2024746537208557,0.9996879696846008,0.998286783695221
86,1.433,8,RIGHT_EAR,0.514664888381958,0.4054720997810364,-0.22722940146923065,0.9996247887611389,0.9957389831542969
86,1.433,9,MOUTH_LEFT,0.5441961884498596,0.4171666204929352,-0.3069114089012146,0.9999627470970154,0.999579131603241
86,1.433,10,MOUTH_RIGHT,0.5309070348739624,0.4169361889362335,-0.3141399323940277,0.9999549388885498,0.9993257522583008
86,1.433,11,LEFT_SHOULDER,0.5893652439117432,0.45008212327957153,-0.1265631467103958,0.9999882578849792,0.9999657869338989
86,1.433,12,RIGHT_SHOULDER,0.47071751952171326,0.4467681646347046,-0.1270434558391571,0.9998787045478821,0.9994246959686279
86,1.433,13,LEFT_ELBOW,0.6068843603134155,0.4974016845226288,-0.09753334522247314,0.988326907157898,0.9998685121536255
86,1.433,14,RIGHT_ELBOW,0.4481441378593445,0.49419209361076355,-0.0851220041513443,0.9583979845046997,0.9986926913261414
86,1.433,15,LEFT_WRIST,0.6168250441551208,0.5398489236831665,-0.23619882762432098,0.9899701476097107,0.9999197721481323
86,1.433,16,RIGHT_WRIST,0.4480833411216736,0.5372705459594727,-0.20420433580875397,0.9616551995277405,0.9987691044807434
86,1.433,17,LEFT_PINKY,0.6220172047615051,0.5555709004402161,-0.27760738134384155,0.9826545119285583,0.9997764229774475
86,1.433,18,RIGHT_PINKY,0.4400905966758728,0.5527090430259705,-0.24617454409599304,0.9416800141334534,0.9983384609222412
86,1.433,19,LEFT_INDEX,0.6142951846122742,0.5549215078353882,-0.3148474395275116,0.9837576746940613,0.9998014569282532
86,1.433,20,RIGHT_INDEX,0.44748443365097046,0.5515099763870239,-0.29471680521965027,0.9434405565261841,0.9983500242233276
86,1.433,21,LEFT_THUMB,0.6097075343132019,0.55082106590271,-0.2529667913913727,0.9792666435241699,0.9998805522918701
86,1.433,22,RIGHT_THUMB,0.452825129032135,0.5464434027671814,-0.22657674551010132,0.9330693483352661,0.9987697005271912
86,1.433,23,LEFT_HIP,0.5598242282867432,0.5506546497344971,-0.01388734020292759,0.9999433755874634,0.999968409538269
86,1.433,24,RIGHT_HIP,0.49269023537635803,0.5497753024101257,0.013880879618227482,0.9998290538787842,0.9998921155929565
86,1.433,25,LEFT_KNEE,0.5520381331443787,0.61688232421875,0.0055375308729708195,0.9941938519477844,0.9999877214431763
86,1.433,26,RIGHT_KNEE,0.48165181279182434,0.6073671579360962,0.198312446475029,0.969166100025177,0.9998242259025574
86,1.433,27,LEFT_ANKLE,0.5460063815116882,0.676467776298523,0.23430109024047852,0.9911980032920837,0.999566376209259
86,1.433,28,RIGHT_ANKLE,0.49341538548469543,0.6454898715019226,0.5811691284179688,0.9599496126174927,0.9997702240943909
86,1.433,29,LEFT_HEEL,0.5429496765136719,0.6828441619873047,0.24810157716274261,0.8817561268806458,0.9991174340248108
86,1.433,30,RIGHT_HEEL,0.502286970615387,0.6477211713790894,0.6145523190498352,0.8463732004165649,0.9997021555900574
86,1.433,31,LEFT_FOOT_INDEX,0.5362389087677002,0.6961609125137329,0.08827921748161316,0.9867129921913147,0.9956967830657959
86,1.433,32,RIGHT_FOOT_INDEX,0.4729415774345398,0.6737231612205505,0.5112155079841614,0.9663500189781189,0.9989731311798096
87,1.45,0,NOSE,0.5401069521903992,0.4088747799396515,-0.35372498631477356,0.9999653697013855,0.9989159107208252
87,1.45,1,LEFT_EYE_INNER,0.5464296936988831,0.4027443826198578,-0.33251723647117615,0.9998604655265808,0.9974543452262878
87,1.45,2,LEFT_EYE,0.5504276156425476,0.40293529629707336,-0.3325498700141907,0.9998635053634644,0.9977136850357056
87,1.45,3,LEFT_EYE_OUTER,0.5538002848625183,0.40310177206993103,-0.3325332701206207,0.999854326248169,0.9978700876235962
87,1.45,4,RIGHT_EYE_INNER,0.533960223197937,0.4023118019104004,-0.33773741126060486,0.9998334050178528,0.996625542640686
87,1.45,5,RIGHT_EYE,0.5290855169296265,0.4022398591041565,-0.3377338945865631,0.9998171925544739,0.9961025714874268
87,1.45,6,RIGHT_EYE_OUTER,0.5239709615707397,0.40214407444000244,-0.33779090642929077,0.9997841715812683,0.995520830154419
87,1.45,7,LEFT_EAR,0.5570828914642334,0.4064575731754303,-0.19925254583358765,0.9996670484542847,0.9983044862747192
87,1.45,8,RIGHT_EAR,0.5154898762702942,0.4050368070602417,-0.22473986446857452,0.9995839595794678,0.9944396018981934
87,1.45,9,MOUTH_LEFT,0.5449670553207397,0.4168449342250824,-0.3025416135787964,0.9999609589576721,0.9995738863945007
87,1.45,10,MOUTH_RIGHT,0.5317276120185852,0.4165567457675934,-0.3098737895488739,0.9999511241912842,0.999232292175293
87,1.45,11,LEFT_SHOULDER,0.5906108021736145,0.4500100016593933,-0.12381060421466827,0.9999881982803345,0.999964714050293
87,1.45,12,RIGHT_SHOULDER,0.47198665142059326,0.44673407077789307,-0.12622466683387756,0.9998699426651001,0.9992650151252747
87,1.45,13,LEFT_ELBOW,0.608954668045044,0.49734607338905334,-0.08899429440498352,0.9883910417556763,0.9998947381973267
87,1.45,14,RIGHT_ELBOW,0.4483368694782257,0.4940289556980133,-0.07786758244037628,0.9587604999542236,0.9986435770988464
87,1.45,15,LEFT_WRIST,0.6173036098480225,0.5401151776313782,-0.2297177016735077,0.990299642086029,0.9999418258666992
87,1.45,16,RIGHT_WRIST,0.44500499963760376,0.5371414422988892,-0.18301159143447876,0.9616186618804932,0.9985418319702148
87,1.45,17,LEFT_PINKY,0.6224044561386108,0.5559166073799133,-0.2696893811225891,0.9831249713897705,0.9998252987861633
87,1.45,18,RIGHT_PINKY,0.4358258545398712,0.5524653196334839,-0.22158803045749664,0.941766619682312,0.9980064034461975
87,1.45,19,LEFT_INDEX,0.6141079664230347,0.5551416873931885,-0.3142227232456207,0.9841891527175903,0.9998472929000854
87,1.45,20,RIGHT_INDEX,0.443904846906662,0.5515012741088867,-0.2681054174900055,0.943652868270874,0.9980231523513794
87,1.45,21,LEFT_THUMB,0.6094669103622437,0.5510467886924744,-0.24841687083244324,0.9797922372817993,0.9999089241027832
87,1.45,22,RIGHT_THUMB,0.4496832489967346,0.5465213060379028,-0.20426180958747864,0.9334967732429504,0.9985564351081848
87,1.45,23,LEFT_HIP,0.5609578490257263,0.5511234998703003,-0.010054614394903183,0.9999439120292664,0.9999520778656006
87,1.45,24,RIGHT_HIP,0.4930967092514038,0.5499265789985657,0.010021787136793137,0.9998265504837036,0.9998266100883484
87,1.45,25,LEFT_KNEE,0.5525007247924805,0.6180201172828674,0.027640821412205696,0.9941251277923584,0.9999748468399048
87,1.45,26,RIGHT_KNEE,0.48130470514297485,0.6080387234687805,0.1816864162683487,0.9695777297019958,0.9997116923332214
87,1.45,27,LEFT_ANKLE,0.5460123419761658,0.6772637963294983,0.25540754199028015,0.9909362196922302,0.9992855191230774
87,1.45,28,RIGHT_ANKLE,0.4932526648044586,0.6453558802604675,0.5367992520332336,0.9579455852508545,0.9993892908096313
87,1.45,29,LEFT_HEEL,0.5429114699363708,0.6834697127342224,0.26992902159690857,0.8823807239532471,0.9985830783843994
87,1.45,30,RIGHT_HEEL,0.5015727877616882,0.6473159193992615,0.5662355422973633,0.8347469568252563,0.9992098808288574
87,1.45,31,LEFT_FOOT_INDEX,0.536637008190155,0.6972275376319885,0.12106029689311981,0.986469030380249,0.9928569793701172
87,1.45,32,RIGHT_FOOT_INDEX,0.475413978099823,0.673786461353302,0.4599844515323639,0.9644037485122681,0.9973957538604736
88,1.467,0,NOSE,0.5403413772583008,0.4082041084766388,-0.36477455496788025,0.9999638199806213,0.9990422129631042
88,1.467,1,LEFT_EYE_INNER,0.5464438796043396,0.4021214246749878,-0.343216210603714,0.9998546242713928,0.9977686405181885
88,1.467,2,LEFT_EYE,0.5505167841911316,0.40231090784072876,-0.343244343996048,0.9998584389686584,0.9979581832885742
88,1.467,3,LEFT_EYE_OUTER,0.5539846420288086,0.4024912118911743,-0.3432256579399109,0.9998500943183899,0.9980707764625549
88,1.467,4,RIGHT_EYE_INNER,0.5341336727142334,0.401702344417572,-0.3484700918197632,0.9998236298561096,0.9971880316734314
88,1.467,5,RIGHT_EYE,0.529335618019104,0.4016573131084442,-0.3484722971916199,0.999807596206665,0.9968023300170898
88,1.467,6,RIGHT_EYE_OUTER,0.5242328643798828,0.40155595541000366,-0.3485317528247833,0.9997730851173401,0.9963986873626709
88,1.467,7,LEFT_EAR,0.557199239730835,0.4058365821838379,-0.2067861109972,0.999653697013855,0.9984097480773926
88,1.467,8,RIGHT_EAR,0.5159252882003784,0.40451210737228394,-0.23261292278766632,0.9995578527450562,0.9956451654434204
88,1.467,9,MOUTH_LEFT,0.5453150272369385,0.4162515699863434,-0.3124065399169922,0.9999601244926453,0.9996067881584167
88,1.467,10,MOUTH_RIGHT,0.5319095253944397,0.4159802496433258,-0.31983858346939087,0.9999487996101379,0.9993337988853455
88,1.467,11,LEFT_SHOULDER,0.5916302800178528,0.44996798038482666,-0.12689712643623352,0.9999881386756897,0.999964714050293
88,1.467,12,RIGHT_SHOULDER,0.47255948185920715,0.44662562012672424,-0.13109423220157623,0.9998617768287659,0.9993531107902527
88,1.467,13,LEFT_ELBOW,0.6108287572860718,0.4971868395805359,-0.0875149667263031,0.9883909821510315,0.9998873472213745
88,1.467,14,RIGHT_ELBOW,0.4482087194919586,0.4938911199569702,-0.0789928287267685,0.9587511420249939,0.9987202882766724
88,1.467,15,LEFT_WRIST,0.6177176833152771,0.540216326713562,-0.2248944640159607,0.9904559254646301,0.9999301433563232
88,1.467,16,RIGHT_WRIST,0.4420720040798187,0.5367354154586792,-0.18914484977722168,0.9614942669868469,0.9987157583236694
88,1.467,17,LEFT_PINKY,0.6224803924560547,0.5559946894645691,-0.2624798119068146,0.9833186268806458,0.9998014569282532
88,1.467,18,RIGHT_PINKY,0.4316176772117615,0.552067756652832,-0.22835294902324677,0.9417623281478882,0.9982917904853821
88,1.467,19,LEFT_INDEX,0.6139193773269653,0.555168092250824,-0.31335851550102234,0.9843624234199524,0.9998231530189514
88,1.467,20,RIGHT_INDEX,0.43955278396606445,0.5511229038238525,-0.2733490467071533,0.9437754154205322,0.9982960820198059
88,1.467,21,LEFT_THUMB,0.6092830896377563,0.5510380268096924,-0.24509823322296143,0.9799911975860596,0.9998939037322998
88,1.467,22,RIGHT_THUMB,0.4467167854309082,0.5460692048072815,-0.20989404618740082,0.9337186813354492,0.9987478256225586
88,1.467,23,LEFT_HIP,0.5614575147628784,0.5517642498016357,-0.00864237081259489,0.9999451041221619,0.9999629259109497
88,1.467,24,RIGHT_HIP,0.49329257011413574,0.5501047968864441,0.008594688028097153,0.9998258352279663,0.9998672008514404
88,1.467,25,LEFT_KNEE,0.5535699725151062,0.6191480159759521,0.02950032241642475,0.9942041635513306,0.9999823570251465
88,1.467,26,RIGHT_KNEE,0.4811282753944397,0.6085036396980286,0.17920775711536407,0.9703530669212341,0.9997890591621399
88,1.467,27,LEFT_ANKLE,0.5461201071739197,0.6783155202865601,0.25535163283348083,0.9909480810165405,0.9994946718215942
88,1.467,28,RIGHT_ANKLE,0.49319425225257874,0.6455414891242981,0.5453129410743713,0.9571400880813599,0.9996386766433716
88,1.467,29,LEFT_HEEL,0.5430257320404053,0.6844422817230225,0.269756942987442,0.8836248517036438,0.9989801049232483
88,1.467,30,RIGHT_HEEL,0.5012112259864807,0.6476020216941833,0.5774550437927246,0.8274749517440796,0.999535083770752
88,1.467,31,LEFT_FOOT_INDEX,0.5369154810905457,0.6980112791061401,0.11721839010715485,0.9865838885307312,0.9947606921195984
88,1.467,32,RIGHT_FOOT_INDEX,0.4757809042930603,0.6739643812179565,0.4706663489341736,0.9636872410774231,0.9984317421913147
89,1.483,0,NOSE,0.5400144457817078,0.4077235758304596,-0.3618355989456177,0.999961256980896,0.9992431402206421
89,1.483,1,LEFT_EYE_INNER,0.5461965799331665,0.40162408351898193,-0.34123584628105164,0.9998440742492676,0.9981226325035095
89,1.483,2,LEFT_EYE,0.5502568483352661,0.40181100368499756,-0.3412565588951111,0.9998486638069153,0.9982684850692749
89,1.483,3,LEFT_EYE_OUTER,0.5540127158164978,0.4020175039768219,-0.341229110956192,0.9998407363891602,0.9983351826667786
89,1.483,4,RIGHT_EYE_INNER,0.5338115096092224,0.40121594071388245,-0.3457775413990021,0.9998095631599426,0.9976561069488525
89,1.483,5,RIGHT_EYE,0.5289857387542725,0.40117567777633667,-0.34577950835227966,0.9997941255569458,0.9973477125167847
89,1.483,6,RIGHT_EYE_OUTER,0.5238603353500366,0.40109682083129883,-0.34583279490470886,0.9997574687004089,0.9969996809959412
89,1.483,7,LEFT_EAR,0.5576685070991516,0.4054478704929352,-0.20834247767925262,0.9996191263198853,0.9985532164573669
89,1.483,8,RIGHT_EAR,0.516130805015564,0.40409615635871887,-0.23164966702461243,0.9995203018188477,0.9963566064834595
89,1.483,9,MOUTH_LEFT,0.5452879071235657,0.4159901738166809,-0.3108798563480377,0.9999570250511169,0.9996558427810669
89,1.483,10,MOUTH_RIGHT,0.5315312743186951,0.41577091813087463,-0.31750139594078064,0.9999442100524902,0.9994373917579651
89,1.483,11,LEFT_SHOULDER,0.5923924446105957,0.4499196410179138,-0.12732236087322235,0.999987781047821,0.9999669790267944
89,1.483,12,RIGHT_SHOULDER,0.47335994243621826,0.44647666811943054,-0.13313423097133636,0.9998588562011719,0.999492883682251
89,1.483,13,LEFT_ELBOW,0.6121400594711304,0.49703559279441833,-0.08055879920721054,0.988432765007019,0.9999089241027832
89,1.483,14,RIGHT_ELBOW,0.4478124678134918,0.49382251501083374,-0.07926322519779205,0.959699809551239,0.9989985823631287
89,1.483,15,LEFT_WRIST,0.6176509857177734,0.5403786897659302,-0.2084406018257141,0.9905989766120911,0.9999369382858276
89,1.483,16,RIGHT_WRIST,0.4389510750770569,0.5364125370979309,-0.18298713862895966,0.96174156665802,0.9988604784011841
89,1.483,17,LEFT_PINKY,0.6223167181015015,0.555879533290863,-0.24416331946849823,0.9834014177322388,0.9998160004615784
89,1.483,18,RIGHT_PINKY,0.4278360605239868,0.5517033338546753,-0.22066211700439453,0.9419541954994202,0.9984086155891418
89,1.483,19,LEFT_INDEX,0.6137141585350037,0.5550159811973572,-0.29203325510025024,0.9844279885292053,0.9998359680175781
89,1.483,20,RIGHT_INDEX,0.4355619251728058,0.5508353114128113,-0.26531440019607544,0.9440301060676575,0.998420000076294
89,1.483,21,LEFT_THUMB,0.6090918779373169,0.5508288741111755,-0.22778497636318207,0.9800831079483032,0.9999004602432251
89,1.483,22,RIGHT_THUMB,0.44335708022117615,0.5458070635795593,-0.20341452956199646,0.9341713190078735,0.998862624168396
89,1.483,23,LEFT_HIP,0.5616883039474487,0.5517097115516663,-0.005375505890697241,0.9999457001686096,0.9999607801437378
89,1.483,24,RIGHT_HIP,0.4931832253932953,0.5499811172485352,0.00531034404411912,0.9998245239257812,0.9998607635498047
89,1.483,25,LEFT_KNEE,0.5538318753242493,0.6195623874664307,0.040863294154405594,0.9940208792686462,0.9999786615371704
89,1.483,26,RIGHT_KNEE,0.4811030626296997,0.6084192991256714,0.17807385325431824,0.9703767895698547,0.9997753500938416
89,1.483,27,LEFT_ANKLE,0.546215832233429,0.6786461472511292,0.24605683982372284,0.9906995892524719,0.9993878602981567
89,1.483,28,RIGHT_ANKLE,0.49285978078842163,0.6456361413002014,0.5335486531257629,0.9551986455917358,0.9994398951530457
89,1.483,29,LEFT_HEEL,0.5430163145065308,0.6848307847976685,0.25838878750801086,0.8853998184204102,0.9987372756004333
89,1.483,30,RIGHT_HEEL,0.5002398490905762,0.64788818359375,0.5636215806007385,0.8165264129638672,0.9992764592170715
89,1.483,31,LEFT_FOOT_INDEX,0.5373853445053101,0.6975589394569397,0.1086241751909256,0.9863151907920837,0.993402898311615
89,1.483,32,RIGHT_FOOT_INDEX,0.47686201333999634,0.6741700768470764,0.4557090401649475,0.9617542624473572,0.9978355765342712
90,1.5,0,NOSE,0.5400795936584473,0.4075055718421936,-0.3669282793998718,0.9999591112136841,0.9991773962974548
90,1.5,1,LEFT_EYE_INNER,0.5463732481002808,0.4012605845928192,-0.34643858671188354,0.9998357892036438,0.9979973435401917
90,1.5,2,LEFT_EYE,0.5503137707710266,0.40145477652549744,-0.34646129608154297,0.9998407959938049,0.998166561126709
90,1.5,3,LEFT_EYE_OUTER,0.5542787313461304,0.40169939398765564,-0.34643882513046265,0.9998330473899841,0.9982574582099915
90,1.5,4,RIGHT_EYE_INNER,0.5338533520698547,0.4007895588874817,-0.35075682401657104,0.9997977018356323,0.9974673986434937
90,1.5,5,RIGHT_EYE,0.5289227962493896,0.4007301330566406,-0.35076040029525757,0.9997826814651489,0.9971206188201904
90,1.5,6,RIGHT_EYE_OUTER,0.5237443447113037,0.40065374970436096,-0.3508128523826599,0.9997437000274658,0.9967437982559204
90,1.5,7,LEFT_EAR,0.5582436323165894,0.40514975786209106,-0.2115097939968109,0.9995958209037781,0.9985215067863464
90,1.5,8,RIGHT_EAR,0.5164796710014343,0.4036499559879303,-0.23395566642284393,0.9994874596595764,0.9960164427757263
90,1.5,9,MOUTH_LEFT,0.5455840229988098,0.41590678691864014,-0.3149268329143524,0.9999549984931946,0.9996509552001953
90,1.5,10,MOUTH_RIGHT,0.5314067006111145,0.4156562387943268,-0.32132551074028015,0.9999409317970276,0.9994248151779175
90,1.5,11,LEFT_SHOULDER,0.5932024717330933,0.4498922526836395,-0.12890061736106873,0.9999876618385315,0.9999682903289795
90,1.5,12,RIGHT_SHOULDER,0.4737251400947571,0.44639936089515686,-0.13388200104236603,0.9998571872711182,0.9995019435882568
90,1.5,13,LEFT_ELBOW,0.6131564378738403,0.4969257414340973,-0.07926947623491287,0.9885352253913879,0.9999122619628906
90,1.5,14,RIGHT_ELBOW,0.44776347279548645,0.4937937557697296,-0.0784652903676033,0.9604660272598267,0.9990344047546387
90,1.5,15,LEFT_WRIST,0.6177905797958374,0.5404573082923889,-0.20593874156475067,0.9907849431037903,0.9999470710754395
90,1.5,16,RIGHT_WRIST,0.43760210275650024,0.5362884402275085,-0.18184752762317657,0.9618900418281555,0.9989983439445496
90,1.5,17,LEFT_PINKY,0.6221098303794861,0.5557249784469604,-0.24245695769786835,0.9835544228553772,0.9998500347137451
90,1.5,18,RIGHT_PINKY,0.4261755347251892,0.5517235398292542,-0.22022561728954315,0.9420996904373169,0.9986401200294495
90,1.5,19,LEFT_INDEX,0.6135256290435791,0.554764986038208,-0.29018306732177734,0.9845703840255737,0.9998669624328613
90,1.5,20,RIGHT_INDEX,0.43445393443107605,0.551174521446228,-0.26450660824775696,0.9442587494850159,0.9986636638641357
90,1.5,21,LEFT_THUMB,0.6089377999305725,0.5505199432373047,-0.22529901564121246,0.9802400469779968,0.9999186992645264
90,1.5,22,RIGHT_THUMB,0.4421091377735138,0.5462590456008911,-0.20220781862735748,0.9344981908798218,0.9990350008010864
90,1.5,23,LEFT_HIP,0.5624153017997742,0.5522885918617249,-0.004252185579389334,0.9999458193778992,0.999954342842102
90,1.5,24,RIGHT_HIP,0.4933401048183441,0.5504005551338196,0.004186336882412434,0.9998248815536499,0.9998595714569092
90,1.5,25,LEFT_KNEE,0.5545321106910706,0.6196085810661316,0.052972760051488876,0.9938372373580933,0.9999786615371704
90,1.5,26,RIGHT_KNEE,0.48136794567108154,0.6087357401847839,0.17725059390068054,0.970911979675293,0.9998161196708679
90,1.5,27,LEFT_ANKLE,0.547028124332428,0.6783113479614258,0.2882680892944336,0.9903907775878906,0.999620795249939
90,1.5,28,RIGHT_ANKLE,0.4928043484687805,0.6457116603851318,0.5306159853935242,0.9554267525672913,0.9996349811553955
90,1.5,29,LEFT_HEEL,0.543199360370636,0.6845204830169678,0.30442631244659424,0.887366533279419,0.9992801547050476
90,1.5,30,RIGHT_HEEL,0.4997989237308502,0.6486577987670898,0.560569167137146,0.8128572106361389,0.9995346069335938
90,1.5,31,LEFT_FOOT_INDEX,0.5394925475120544,0.6975811719894409,0.15657123923301697,0.9860916137695312,0.9963321089744568
90,1.5,32,RIGHT_FOOT_INDEX,0.47802671790122986,0.6756822466850281,0.44765958189964294,0.9615335464477539,0.9984229803085327
91,1.517,0,NOSE,0.5398325324058533,0.40672430396080017,-0.3619811534881592,0.9999576807022095,0.9992676377296448
91,1.517,1,LEFT_EYE_INNER,0.5462020635604858,0.4005975127220154,-0.3415374159812927,0.9998302459716797,0.9981470108032227
91,1.517,2,LEFT_EYE,0.5501158833503723,0.4007812738418579,-0.341562420129776,0.9998360276222229,0.998281717300415
91,1.517,3,LEFT_EYE_OUTER,0.5542086958885193,0.40103575587272644,-0.3415374755859375,0.9998283982276917,0.9983428716659546
91,1.517,4,RIGHT_EYE_INNER,0.5336172580718994,0.40018147230148315,-0.3451322913169861,0.999788224697113,0.9977099895477295
91,1.517,5,RIGHT_EYE,0.5286601185798645,0.40012067556381226,-0.3451322615146637,0.9997750520706177,0.9974019527435303
91,1.517,6,RIGHT_EYE_OUTER,0.523494303226471,0.40007761120796204,-0.345180869102478,0.9997358918190002,0.9970531463623047
91,1.517,7,LEFT_EAR,0.5584456920623779,0.4044971764087677,-0.20834369957447052,0.9995844960212708,0.99857497215271
91,1.517,8,RIGHT_EAR,0.5165781378746033,0.40312039852142334,-0.22810333967208862,0.9994668364524841,0.9964104294776917
91,1.517,9,MOUTH_LEFT,0.5456637740135193,0.41539090871810913,-0.3107803463935852,0.9999530911445618,0.9996600151062012
91,1.517,10,MOUTH_RIGHT,0.531221330165863,0.4152429699897766,-0.3162119686603546,0.9999379515647888,0.9994482398033142
91,1.517,11,LEFT_SHOULDER,0.5947267413139343,0.4498557150363922,-0.12773098051548004,0.9999876022338867,0.9999618530273438
91,1.517,12,RIGHT_SHOULDER,0.4749128520488739,0.44609540700912476,-0.130022794008255,0.9998567700386047,0.9995242357254028
91,1.517,13,LEFT_ELBOW,0.6139825582504272,0.49683716893196106,-0.0730622261762619,0.9886118769645691,0.9998924732208252
91,1.517,14,RIGHT_ELBOW,0.4476564824581146,0.4937155544757843,-0.06976785510778427,0.9614932537078857,0.9990819692611694
91,1.517,15,LEFT_WRIST,0.6181226968765259,0.5402300953865051,-0.19990776479244232,0.9910035133361816,0.9999359846115112
91,1.517,16,RIGHT_WRIST,0.43559905886650085,0.5362313985824585,-0.17635636031627655,0.9626315236091614,0.9989847540855408
91,1.517,17,LEFT_PINKY,0.6223015189170837,0.5554254651069641,-0.23743896186351776,0.9838166236877441,0.9998196959495544
91,1.517,18,RIGHT_PINKY,0.42416977882385254,0.5514783263206482,-0.21556785702705383,0.9429926872253418,0.9985634684562683
91,1.517,19,LEFT_INDEX,0.6134806275367737,0.5544554591178894,-0.2836979627609253,0.9848073124885559,0.9998421669006348
91,1.517,20,RIGHT_INDEX,0.4319426715373993,0.5510286688804626,-0.2597193717956543,0.9452098608016968,0.9986166954040527
91,1.517,21,LEFT_THUMB,0.6088614463806152,0.5501841306686401,-0.21904070675373077,0.9805477261543274,0.9999024868011475
91,1.517,22,RIGHT_THUMB,0.439784973859787,0.5462900996208191,-0.19695883989334106,0.9357755184173584,0.9990022778511047
91,1.517,23,LEFT_HIP,0.5628427863121033,0.5522077679634094,-0.004297423176467419,0.9999447464942932,0.9999256134033203
91,1.517,24,RIGHT_HIP,0.49349015951156616,0.5501887202262878,0.0042263055220246315,0.999823808670044,0.9997918009757996
91,1.517,25,LEFT_KNEE,0.5548593401908875,0.6204510927200317,0.06166740879416466,0.9936302304267883,0.9999690055847168
91,1.517,26,RIGHT_KNEE,0.48201102018356323,0.6092469096183777,0.16360293328762054,0.971695065498352,0.9997404217720032
91,1.517,27,LEFT_ANKLE,0.5470826625823975,0.6780040264129639,0.3137784004211426,0.9900402426719666,0.9993378520011902
91,1.517,28,RIGHT_ANKLE,0.49281203746795654,0.6473389863967896,0.5121915340423584,0.9558749794960022,0.999357283115387
91,1.517,29,LEFT_HEEL,0.5431402921676636,0.6839796304702759,0.3314245641231537,0.8865479230880737,0.9987409710884094
91,1.517,30,RIGHT_HEEL,0.4997827708721161,0.6497921347618103,0.5428652167320251,0.8093284964561462,0.9991441965103149
91,1.517,31,LEFT_FOOT_INDEX,0.5395485162734985,0.6978273987770081,0.18584726750850677,0.9856464862823486,0.9936707019805908
91,1.517,32,RIGHT_FOOT_INDEX,0.48010292649269104,0.6784480214118958,0.4178232252597809,0.9614464044570923,0.9968480467796326
92,1.533,0,NOSE,0.5403289198875427,0.4064939618110657,-0.3598678410053253,0.9999561905860901,0.9993619322776794
92,1.533,1,LEFT_EYE_INNER,0.5467647314071655,0.4003409743309021,-0.33907338976860046,0.9998250603675842,0.998521625995636
92,1.533,2,LEFT_EYE,0.5504242181777954,0.40053555369377136,-0.3391006290912628,0.9998319149017334,0.998650848865509
92,1.533,3,LEFT_EYE_OUTER,0.5545447468757629,0.40079984068870544,-0.3390830159187317,0.9998248219490051,0.998721182346344
92,1.533,4,RIGHT_EYE_INNER,0.5340016484260559,0.3998752236366272,-0.3427211046218872,0.9997785687446594,0.9981045722961426
92,1.533,5,RIGHT_EYE,0.5289276838302612,0.39980360865592957,-0.34271976351737976,0.9997667074203491,0.99782395362854
92,1.533,6,RIGHT_EYE_OUTER,0.5237618684768677,0.39976146817207336,-0.3427656292915344,0.999726414680481,0.9975057244300842
92,1.533,7,LEFT_EAR,0.558885395526886,0.40437862277030945,-0.20535516738891602,0.9995778203010559,0.9989567995071411
92,1.533,8,RIGHT_EAR,0.5169117450714111,0.40296298265457153,-0.22499941289424896,0.9994442462921143,0.9969379901885986
92,1.533,9,MOUTH_LEFT,0.5463347434997559,0.4151760935783386,-0.3083999752998352,0.9999515414237976,0.9997311234474182
92,1.533,10,MOUTH_RIGHT,0.5314741730690002,0.4150336980819702,-0.3138662874698639,0.999934732913971,0.9995405673980713
92,1.533,11,LEFT_SHOULDER,0.5955266356468201,0.4496389925479889,-0.12612603604793549,0.9999876618385315,0.9999686479568481
92,1.533,12,RIGHT_SHOULDER,0.4754788875579834,0.44592225551605225,-0.12786723673343658,0.9998543858528137,0.9995535016059875
92,1.533,13,LEFT_ELBOW,0.6144201755523682,0.4967151880264282,-0.06493079662322998,0.9885678291320801,0.9998980760574341
92,1.533,14,RIGHT_ELBOW,0.44756537675857544,0.49367424845695496,-0.06314356625080109,0.9619726538658142,0.9990612864494324
92,1.533,15,LEFT_WRIST,0.6187333464622498,0.5400019884109497,-0.1881674826145172,0.9910669326782227,0.9999381303787231
92,1.533,16,RIGHT_WRIST,0.43431198596954346,0.5360814332962036,-0.16521786153316498,0.9623798727989197,0.9988231062889099
92,1.533,17,LEFT_PINKY,0.6225816011428833,0.555175244808197,-0.2252521961927414,0.9837982058525085,0.9998338222503662
92,1.533,18,RIGHT_PINKY,0.4230518937110901,0.5513121485710144,-0.2035353034734726,0.942403256893158,0.9983968138694763
92,1.533,19,LEFT_INDEX,0.6136443614959717,0.5542441010475159,-0.27044808864593506,0.9847934246063232,0.9998492002487183
92,1.533,20,RIGHT_INDEX,0.42959070205688477,0.5508100390434265,-0.2479706108570099,0.9447717070579529,0.9984103441238403
92,1.533,21,LEFT_THUMB,0.609043300151825,0.5500028729438782,-0.2072756588459015,0.9805358052253723,0.9999059438705444
92,1.533,22,RIGHT_THUMB,0.4375327229499817,0.5461642146110535,-0.18611475825309753,0.9355200529098511,0.9988258481025696
92,1.533,23,LEFT_HIP,0.563271164894104,0.5520226955413818,-0.004536152351647615,0.9999438524246216,0.999931812286377
92,1.533,24,RIGHT_HIP,0.49367064237594604,0.5500227212905884,0.004464349709451199,0.9998232126235962,0.9998080134391785
92,1.533,25,LEFT_KNEE,0.5554866790771484,0.6203718185424805,0.06292635947465897,0.993448793888092,0.9999749660491943
92,1.533,26,RIGHT_KNEE,0.48282161355018616,0.6093350648880005,0.15371239185333252,0.9724863171577454,0.9997928738594055
92,1.533,27,LEFT_ANKLE,0.5475963354110718,0.6777393221855164,0.323604553937912,0.9896659851074219,0.999530553817749
92,1.533,28,RIGHT_ANKLE,0.49289923906326294,0.649323582649231,0.49779200553894043,0.9567182660102844,0.9995858073234558
92,1.533,29,LEFT_HEEL,0.543235719203949,0.6838566064834595,0.342128187417984,0.8849684596061707,0.9991217255592346
92,1.533,30,RIGHT_HEEL,0.49979355931282043,0.6518943309783936,0.5279869437217712,0.8077540993690491,0.9994484782218933
92,1.533,31,LEFT_FOOT_INDEX,0.5396081805229187,0.6977893710136414,0.1949530839920044,0.985200822353363,0.9957441687583923
92,1.533,32,RIGHT_FOOT_INDEX,0.48124292492866516,0.6810126900672913,0.3996402323246002,0.9618138670921326,0.9978873133659363
93,1.55,0,NOSE,0.5402523279190063,0.4063752591609955,-0.35573631525039673,0.9999550580978394,0.999496340751648
93,1.55,1,LEFT_EYE_INNER,0.5469768643379211,0.40018174052238464,-0.3349992632865906,0.9998204112052917,0.9987723231315613
93,1.55,2,LEFT_EYE,0.5505340695381165,0.4003928303718567,-0.3350277543067932,0.9998281598091125,0.9988711476325989
93,1.55,3,LEFT_EYE_OUTER,0.5547098517417908,0.400671124458313,-0.33501100540161133,0.9998214244842529,0.9989157915115356
93,1.55,4,RIGHT_EYE_INNER,0.5340404510498047,0.39968782663345337,-0.33892035484313965,0.9997701644897461,0.9984715580940247
93,1.55,5,RIGHT_EYE,0.5289016366004944,0.39961814880371094,-0.3389164209365845,0.999760091304779,0.9982648491859436
93,1.55,6,RIGHT_EYE_OUTER,0.5238117575645447,0.39958056807518005,-0.33896028995513916,0.9997199773788452,0.9980290532112122
93,1.55,7,LEFT_EAR,0.559431254863739,0.40433117747306824,-0.20249870419502258,0.9995702505111694,0.9990676045417786
93,1.55,8,RIGHT_EAR,0.5170972347259521,0.4028710424900055,-0.22306403517723083,0.9994229674339294,0.997601330280304
93,1.55,9,MOUTH_LEFT,0.5465178489685059,0.41507667303085327,-0.30481284856796265,0.99994957447052,0.9997627139091492
93,1.55,10,MOUTH_RIGHT,0.5313540697097778,0.4149293601512909,-0.3108345866203308,0.9999313950538635,0.9996199607849121
93,1.55,11,LEFT_SHOULDER,0.5963749885559082,0.449546754360199,-0.12509967386722565,0.9999875426292419,0.9999668598175049
93,1.55,12,RIGHT_SHOULDER,0.4762948453426361,0.4455561339855194,-0.1224484071135521,0.9998543858528137,0.9996470212936401
93,1.55,13,LEFT_ELBOW,0.6146941184997559,0.4966878890991211,-0.05788004398345947,0.988533079624176,0.9999011754989624
93,1.55,14,RIGHT_ELBOW,0.4476746916770935,0.4936406910419464,-0.0539809949696064,0.9625905156135559,0.9993026256561279
93,1.55,15,LEFT_WRIST,0.6188777089118958,0.5398167967796326,-0.1777711659669876,0.9910723567008972,0.9999375343322754
93,1.55,16,RIGHT_WRIST,0.43356847763061523,0.5359726548194885,-0.15425829589366913,0.9624115824699402,0.9991583824157715
93,1.55,17,LEFT_PINKY,0.6224861741065979,0.5550107359886169,-0.21411775052547455,0.9836665391921997,0.9998350143432617
93,1.55,18,RIGHT_PINKY,0.4223746359348297,0.5511907339096069,-0.19172942638397217,0.9421899318695068,0.998816728591919
93,1.55,19,LEFT_INDEX,0.6137133836746216,0.5541735291481018,-0.2575758397579193,0.984673023223877,0.9998494386672974
93,1.55,20,RIGHT_INDEX,0.42844337224960327,0.5505726337432861,-0.23526637256145477,0.9446966052055359,0.9988331198692322
93,1.55,21,LEFT_THUMB,0.6091760396957397,0.5499059557914734,-0.19645017385482788,0.9804170727729797,0.9999048709869385
93,1.55,22,RIGHT_THUMB,0.4363008141517639,0.5459043383598328,-0.17487822473049164,0.9356690049171448,0.9991495609283447
93,1.55,23,LEFT_HIP,0.563306987285614,0.5517675876617432,-0.004760698415338993,0.9999421834945679,0.9999240636825562
93,1.55,24,RIGHT_HIP,0.49358734488487244,0.5498368740081787,0.004682121332734823,0.9998232126235962,0.9998132586479187
93,1.55,25,LEFT_KNEE,0.5559493899345398,0.6199669241905212,0.06456070393323898,0.9932593107223511,0.9999754428863525
93,1.55,26,RIGHT_KNEE,0.48454758524894714,0.6094191074371338,0.13318830728530884,0.9736754894256592,0.9998441934585571
93,1.55,27,LEFT_ANKLE,0.5481096506118774,0.6775457262992859,0.3287733197212219,0.9893962144851685,0.9996421337127686
93,1.55,28,RIGHT_ANKLE,0.49374571442604065,0.6524659991264343,0.44962939620018005,0.9584217667579651,0.9996801614761353
93,1.55,29,LEFT_HEEL,0.5435380935668945,0.6829823851585388,0.34785494208335876,0.8840625286102295,0.9993447661399841
93,1.55,30,RIGHT_HEEL,0.5003464221954346,0.6556732654571533,0.475991815328598,0.8093501925468445,0.9995600581169128
93,1.55,31,LEFT_FOOT_INDEX,0.5398790240287781,0.6975840330123901,0.20499002933502197,0.984915018081665,0.9967746138572693
93,1.55,32,RIGHT_FOOT_INDEX,0.48155641555786133,0.6845558285713196,0.35149550437927246,0.9629161357879639,0.9981309771537781
94,1.567,0,NOSE,0.5407021641731262,0.4062221646308899,-0.35321101546287537,0.9999558925628662,0.9996968507766724
94,1.567,1,LEFT_EYE_INNER,0.5476588010787964,0.3999313414096832,-0.33247750997543335,0.9998235702514648,0.9992456436157227
94,1.567,2,LEFT_EYE,0.5510678887367249,0.4001549184322357,-0.3325071930885315,0.9998313784599304,0.9992910623550415
94,1.567,3,LEFT_EYE_OUTER,0.555118978023529,0.40042775869369507,-0.3324916362762451,0.9998245239257812,0.9993089437484741
94,1.567,4,RIGHT_EYE_INNER,0.5345186591148376,0.3994206488132477,-0.3363998830318451,0.9997731447219849,0.9991082549095154
94,1.567,5,RIGHT_EYE,0.5292821526527405,0.39935502409935,-0.3363949954509735,0.9997638463973999,0.9989928603172302
94,1.567,6,RIGHT_EYE_OUTER,0.5243569612503052,0.3993346393108368,-0.3364381194114685,0.9997244477272034,0.9988719820976257
94,1.567,7,LEFT_EAR,0.5599408149719238,0.40420740842819214,-0.2017798125743866,0.9995840191841125,0.9994186162948608
94,1.567,8,RIGHT_EAR,0.5175731182098389,0.40275639295578003,-0.2177548110485077,0.9994331002235413,0.9986839890480042
94,1.567,9,MOUTH_LEFT,0.5471872687339783,0.4149506688117981,-0.3025214374065399,0.9999502301216125,0.9998570680618286
94,1.567,10,MOUTH_RIGHT,0.5316867828369141,0.41479405760765076,-0.3089151680469513,0.9999315738677979,0.9997865557670593
94,1.567,11,LEFT_SHOULDER,0.5968726873397827,0.4494636654853821,-0.12151842564344406,0.999987781047821,0.9999781847000122
94,1.567,12,RIGHT_SHOULDER,0.47639182209968567,0.4454410672187805,-0.10914354771375656,0.9998584985733032,0.9998260140419006
94,1.567,13,LEFT_ELBOW,0.614965558052063,0.4965558350086212,-0.042277056723833084,0.9886733293533325,0.9999223947525024
94,1.567,14,RIGHT_ELBOW,0.4476549029350281,0.493625670671463,-0.03218311816453934,0.9631301760673523,0.9995589852333069
94,1.567,15,LEFT_WRIST,0.6187831163406372,0.5396941900253296,-0.1570558100938797,0.9911137223243713,0.9999529123306274
94,1.567,16,RIGHT_WRIST,0.43270981311798096,0.535853385925293,-0.13063515722751617,0.9628596305847168,0.9994326233863831
94,1.567,17,LEFT_PINKY,0.62233966588974,0.5549911260604858,-0.19201874732971191,0.9835804104804993,0.9998756647109985
94,1.567,18,RIGHT_PINKY,0.4214315414428711,0.551052451133728,-0.16614918410778046,0.9425820112228394,0.9991739392280579
94,1.567,19,LEFT_INDEX,0.6136011481285095,0.5538514852523804,-0.23626258969306946,0.9845901727676392,0.9998863935470581
94,1.567,20,RIGHT_INDEX,0.42732030153274536,0.5504331588745117,-0.2127915620803833,0.9451620578765869,0.9991790652275085
94,1.567,21,LEFT_THUMB,0.6090779900550842,0.5495312213897705,-0.17599309980869293,0.9803094863891602,0.9999306201934814
94,1.567,22,RIGHT_THUMB,0.4347250759601593,0.5458228588104248,-0.15238609910011292,0.9364029169082642,0.9994205236434937
94,1.567,23,LEFT_HIP,0.5633772015571594,0.5516281723976135,-0.005167931318283081,0.9999422430992126,0.9999397993087769
94,1.567,24,RIGHT_HIP,0.49350976943969727,0.5497069954872131,0.00507604144513607,0.9998288154602051,0.9998972415924072
94,1.567,25,LEFT_KNEE,0.5566169023513794,0.6201143860816956,0.05643351748585701,0.9932553768157959,0.9999829530715942
94,1.567,26,RIGHT_KNEE,0.48575252294540405,0.6106837391853333,0.12813334167003632,0.9749349355697632,0.9999266862869263
94,1.567,27,LEFT_ANKLE,0.5482353568077087,0.6784966588020325,0.3064110577106476,0.9893871545791626,0.999843955039978
94,1.567,28,RIGHT_ANKLE,0.49427032470703125,0.6617395281791687,0.4359622597694397,0.9608567357063293,0.9998819828033447
94,1.567,29,LEFT_HEEL,0.5434858798980713,0.6838712692260742,0.32336166501045227,0.8845897912979126,0.9997126460075378
94,1.567,30,RIGHT_HEEL,0.5005211234092712,0.6658571362495422,0.4601566195487976,0.8162402510643005,0.999819815158844
94,1.567,31,LEFT_FOOT_INDEX,0.5405128598213196,0.698589026927948,0.1769164800643921,0.9850512146949768,0.9984278678894043
94,1.567,32,RIGHT_FOOT_INDEX,0.48111194372177124,0.691643476486206,0.33413058519363403,0.9648424983024597,0.9991210103034973
95,1.583,0,NOSE,0.5407277345657349,0.4061400592327118,-0.3428989052772522,0.9999556541442871,0.9997075200080872
95,1.583,1,LEFT_EYE_INNER,0.5477306842803955,0.3998004198074341,-0.32247141003608704,0.9998223185539246,0.9991864562034607
95,1.583,2,LEFT_EYE,0.5510668158531189,0.40003156661987305,-0.3225078880786896,0.9998297691345215,0.9992324113845825
95,1.583,3,LEFT_EYE_OUTER,0.5550933480262756,0.400301992893219,-0.3224954903125763,0.9998225569725037,0.9992403984069824
95,1.583,4,RIGHT_EYE_INNER,0.5345635414123535,0.39927151799201965,-0.3254427909851074,0.9997730255126953,0.9990493655204773
95,1.583,5,RIGHT_EYE,0.5292941331863403,0.39920660853385925,-0.3254408538341522,0.9997642636299133,0.9989414811134338
95,1.583,6,RIGHT_EYE_OUTER,0.5244233012199402,0.3992019295692444,-0.3254792094230652,0.9997247457504272,0.9988124370574951
95,1.583,7,LEFT_EAR,0.5600659251213074,0.4041129946708679,-0.1917412281036377,0.9995818734169006,0.9993259906768799
95,1.583,8,RIGHT_EAR,0.5177332758903503,0.40267273783683777,-0.20625518262386322,0.9994356632232666,0.9986125230789185
95,1.583,9,MOUTH_LEFT,0.5473493337631226,0.4148719906806946,-0.2924073338508606,0.9999483227729797,0.9998499155044556
95,1.583,10,MOUTH_RIGHT,0.5316742658615112,0.4147251546382904,-0.2975586950778961,0.9999291896820068,0.999788224697113
95,1.583,11,LEFT_SHOULDER,0.5975199937820435,0.4493832588195801,-0.11266663670539856,0.9999872446060181,0.9999685287475586
95,1.583,12,RIGHT_SHOULDER,0.47627168893814087,0.4454173743724823,-0.10543914139270782,0.9998632669448853,0.9998236298561096
95,1.583,13,LEFT_ELBOW,0.61527019739151,0.496500164270401,-0.03652683645486832,0.9886728525161743,0.999913215637207
95,1.583,14,RIGHT_ELBOW,0.44759824872016907,0.4935779273509979,-0.036423858255147934,0.9639049172401428,0.9995853304862976
95,1.583,15,LEFT_WRIST,0.6187993288040161,0.5396779179573059,-0.15127205848693848,0.9910838603973389,0.9999450445175171
95,1.583,16,RIGHT_WRIST,0.4319443106651306,0.5357602834701538,-0.13106247782707214,0.9629877209663391,0.9993813037872314
95,1.583,17,LEFT_PINKY,0.6222026348114014,0.5547629594802856,-0.18544748425483704,0.9833571314811707,0.9998561143875122
95,1.583,18,RIGHT_PINKY,0.4208301901817322,0.5509437322616577,-0.16504503786563873,0.9425486326217651,0.9990732669830322
95,1.583,19,LEFT_INDEX,0.6135119795799255,0.5532597303390503,-0.22777068614959717,0.984383225440979,0.9998729228973389
95,1.583,20,RIGHT_INDEX,0.4266695976257324,0.5503198504447937,-0.2103373408317566,0.9452113509178162,0.9990969896316528
95,1.583,21,LEFT_THUMB,0.6089990139007568,0.5488811731338501,-0.16950826346874237,0.9800753593444824,0.9999200105667114
95,1.583,22,RIGHT_THUMB,0.433712363243103,0.5457561612129211,-0.15216287970542908,0.9367170929908752,0.9993757605552673
95,1.583,23,LEFT_HIP,0.5637027621269226,0.5516812801361084,-0.004023704677820206,0.9999381899833679,0.9998993873596191
95,1.583,24,RIGHT_HIP,0.49376729130744934,0.5496846437454224,0.0039330036379396915,0.9998309016227722,0.9998725652694702
95,1.583,25,LEFT_KNEE,0.5571677088737488,0.6206048130989075,0.06657648831605911,0.9925859570503235,0.999966025352478
95,1.583,26,RIGHT_KNEE,0.4881114363670349,0.6119626760482788,0.09434384107589722,0.9758363366127014,0.9999157190322876
95,1.583,27,LEFT_ANKLE,0.54814213514328,0.6798638105392456,0.30135104060173035,0.9886747002601624,0.9997918009757996
95,1.583,28,RIGHT_ANKLE,0.49497246742248535,0.6683602929115295,0.35809648036956787,0.9626070857048035,0.9998101592063904
95,1.583,29,LEFT_HEEL,0.5427610874176025,0.6857402920722961,0.31690773367881775,0.8857128024101257,0.9996167421340942
95,1.583,30,RIGHT_HEEL,0.5008524060249329,0.6734822988510132,0.37742185592651367,0.8203411102294922,0.999691367149353
95,1.583,31,LEFT_FOOT_INDEX,0.5438293814659119,0.6998101472854614,0.18118628859519958,0.984311044216156,0.9979763627052307
95,1.583,32,RIGHT_FOOT_INDEX,0.48125243186950684,0.6953601241111755,0.2513405382633209,0.9657466411590576,0.9985203146934509
96,1.6,0,NOSE,0.5405768156051636,0.40596771240234375,-0.3209421932697296,0.9999569654464722,0.9997475743293762
96,1.6,1,LEFT_EYE_INNER,0.5476855039596558,0.39963799715042114,-0.3012463450431824,0.9998268485069275,0.9992395639419556
96,1.6,2,LEFT_EYE,0.5510469675064087,0.39987048506736755,-0.3012850284576416,0.9998340010643005,0.9992750287055969
96,1.6,3,LEFT_EYE_OUTER,0.5551208853721619,0.4001425504684448,-0.30126652121543884,0.9998266100883484,0.9992746710777283
96,1.6,4,RIGHT_EYE_INNER,0.5344493389129639,0.39910727739334106,-0.3033258318901062,0.9997802972793579,0.9991231560707092
96,1.6,5,RIGHT_EYE,0.5291517972946167,0.399041086435318,-0.30332207679748535,0.9997721314430237,0.9990216493606567
96,1.6,6,RIGHT_EYE_OUTER,0.5242938995361328,0.39903268218040466,-0.30335623025894165,0.9997339844703674,0.9989016056060791
96,1.6,7,LEFT_EAR,0.5602135062217712,0.40399256348609924,-0.1760428100824356,0.9995949864387512,0.9993523955345154
96,1.6,8,RIGHT_EAR,0.5177028179168701,0.40251246094703674,-0.1882554441690445,0.9994569420814514,0.9987381100654602
96,1.6,9,MOUTH_LEFT,0.5472562313079834,0.41471248865127563,-0.27301260828971863,0.9999485015869141,0.9998639822006226
96,1.6,10,MOUTH_RIGHT,0.5315159559249878,0.414583683013916,-0.2767728567123413,0.9999299645423889,0.9998109936714172
96,1.6,11,LEFT_SHOULDER,0.597709596157074,0.44934895634651184,-0.10385546088218689,0.9999870657920837,0.9999697208404541
96,1.6,12,RIGHT_SHOULDER,0.4765577018260956,0.445345014333725,-0.09537987411022186,0.9998695254325867,0.9998438358306885
96,1.6,13,LEFT_ELBOW,0.6154808402061462,0.49634048342704773,-0.03526867553591728,0.9890194535255432,0.9999183416366577
96,1.6,14,RIGHT_ELBOW,0.4474673867225647,0.49353134632110596,-0.03202521800994873,0.9651274681091309,0.9996370077133179
96,1.6,15,LEFT_WRIST,0.6187915802001953,0.5394171476364136,-0.15439113974571228,0.9913883805274963,0.9999457597732544
96,1.6,16,RIGHT_WRIST,0.4311566650867462,0.5356749296188354,-0.1263418197631836,0.963994562625885,0.999372661113739
96,1.6,17,LEFT_PINKY,0.6221093535423279,0.5541192293167114,-0.1896178424358368,0.9837898015975952,0.999841570854187
96,1.6,18,RIGHT_PINKY,0.42037153244018555,0.5508293509483337,-0.1590522825717926,0.9437199831008911,0.9989727735519409
96,1.6,19,LEFT_INDEX,0.6134462356567383,0.5521990656852722,-0.2309342324733734,0.9847931265830994,0.9998670816421509
96,1.6,20,RIGHT_INDEX,0.42578864097595215,0.5503063201904297,-0.20381709933280945,0.9463934898376465,0.9990264177322388
96,1.6,21,LEFT_THUMB,0.6089706420898438,0.54765784740448,-0.17233015596866608,0.9806063175201416,0.9999183416366577
96,1.6,22,RIGHT_THUMB,0.433153361082077,0.5457462072372437,-0.14703932404518127,0.938299298286438,0.9993361830711365
96,1.6,23,LEFT_HIP,0.5637782216072083,0.5515217185020447,-0.0037701160181313753,0.9999310374259949,0.9998353719711304
96,1.6,24,RIGHT_HIP,0.4939119815826416,0.5496214032173157,0.003682616399601102,0.9998290538787842,0.9998155236244202
96,1.6,25,LEFT_KNEE,0.5573984384536743,0.6209598183631897,0.0602937750518322,0.9919217824935913,0.9999439716339111
96,1.6,26,RIGHT_KNEE,0.4895443916320801,0.6133161187171936,0.07433522492647171,0.9764463901519775,0.999873161315918
96,1.6,27,LEFT_ANKLE,0.5478844046592712,0.6813446879386902,0.27786219120025635,0.987785279750824,0.999531626701355
96,1.6,28,RIGHT_ANKLE,0.49515607953071594,0.672760546207428,0.3025554418563843,0.9637657999992371,0.9995778203010559
96,1.6,29,LEFT_HEEL,0.5418546795845032,0.6874837279319763,0.2916143834590912,0.8848246335983276,0.9991029500961304
96,1.6,30,RIGHT_HEEL,0.5008755922317505,0.6784135699272156,0.3180680572986603,0.8226000070571899,0.9992546439170837
96,1.6,31,LEFT_FOOT_INDEX,0.5456992983818054,0.7010167837142944,0.1516995131969452,0.9831421375274658,0.9953243136405945
96,1.6,32,RIGHT_FOOT_INDEX,0.480960875749588,0.6996096968650818,0.19337275624275208,0.9659905433654785,0.9965465664863586
97,1.617,0,NOSE,0.5410785675048828,0.4059082865715027,-0.2737117409706116,0.9999582171440125,0.9996066689491272
97,1.617,1,LEFT_EYE_INNER,0.548082172870636,0.39957195520401,-0.2525922656059265,0.9998314380645752,0.9988564252853394
97,1.617,2,LEFT_EYE,0.5513342022895813,0.3998137414455414,-0.25264450907707214,0.9998387098312378,0.9989147186279297
97,1.617,3,LEFT_EYE_OUTER,0.555328369140625,0.40009206533432007,-0.25262728333473206,0.9998317956924438,0.9989253878593445
97,1.617,4,RIGHT_EYE_INNER,0.5348025560379028,0.39902278780937195,-0.2549059987068176,0.9997878074645996,0.9986932873725891
97,1.617,5,RIGHT_EYE,0.5294718146324158,0.3989619016647339,-0.2548905611038208,0.9997800588607788,0.9985491633415222
97,1.617,6,RIGHT_EYE_OUTER,0.5246464014053345,0.3989645540714264,-0.2549230456352234,0.9997445940971375,0.9983977675437927
97,1.617,7,LEFT_EAR,0.5601786375045776,0.40396422147750854,-0.12738533318042755,0.9996111989021301,0.9990591406822205
97,1.617,8,RIGHT_EAR,0.5177324414253235,0.4025031328201294,-0.13951361179351807,0.9994785189628601,0.9981610178947449
97,1.617,9,MOUTH_LEFT,0.5477069020271301,0.41467684507369995,-0.22617372870445251,0.9999487400054932,0.9998021721839905
97,1.617,10,MOUTH_RIGHT,0.5317475199699402,0.41451847553253174,-0.22972221672534943,0.9999309778213501,0.9997287392616272
97,1.617,11,LEFT_SHOULDER,0.5979261994361877,0.4493168890476227,-0.06679300218820572,0.9999867081642151,0.9999475479125977
97,1.617,12,RIGHT_SHOULDER,0.47645658254623413,0.4453466236591339,-0.051713161170482635,0.9998738169670105,0.9997938275337219
97,1.617,13,LEFT_ELBOW,0.6150119304656982,0.4963056445121765,-0.01703384332358837,0.9889525175094604,0.9998471736907959
97,1.617,14,RIGHT_ELBOW,0.4473333954811096,0.49348151683807373,0.005253694485872984,0.9659229516983032,0.9995496869087219
97,1.617,15,LEFT_WRIST,0.6185978055000305,0.5388885736465454,-0.14790338277816772,0.9913580417633057,0.9999184608459473
97,1.617,16,RIGHT_WRIST,0.4302693009376526,0.535719096660614,-0.09678573161363602,0.9644142389297485,0.9992848038673401
97,1.617,17,LEFT_PINKY,0.6220864653587341,0.5530933141708374,-0.18557797372341156,0.9837432503700256,0.9997879862785339
97,1.617,18,RIGHT_PINKY,0.42018094658851624,0.5508896112442017,-0.1315680742263794,0.9441025853157043,0.9988458156585693
97,1.617,19,LEFT_INDEX,0.6133748888969421,0.5509224534034729,-0.22696758806705475,0.984758734703064,0.9998254179954529
97,1.617,20,RIGHT_INDEX,0.42507705092430115,0.5505455732345581,-0.1756865680217743,0.9468975067138672,0.9989070892333984
97,1.617,21,LEFT_THUMB,0.6089537143707275,0.546310305595398,-0.1664629876613617,0.9805391430854797,0.9998881816864014
97,1.617,22,RIGHT_THUMB,0.432245135307312,0.5461054444313049,-0.1176157295703888,0.9391310811042786,0.9992420673370361
97,1.617,23,LEFT_HIP,0.5637953281402588,0.5513944625854492,-0.0038855518214404583,0.9999153017997742,0.9996809959411621
97,1.617,24,RIGHT_HIP,0.4940411150455475,0.5495145916938782,0.0038106327410787344,0.9998210668563843,0.9996711015701294
97,1.617,25,LEFT_KNEE,0.5572164058685303,0.6222469806671143,0.055589526891708374,0.9917402863502502,0.9999351501464844
97,1.617,26,RIGHT_KNEE,0.49109959602355957,0.614632248878479,0.057613346725702286,0.9773638248443604,0.9998394250869751
97,1.617,27,LEFT_ANKLE,0.5479217767715454,0.6815611720085144,0.2709418833255768,0.9874146580696106,0.9993143081665039
97,1.617,28,RIGHT_ANKLE,0.4955053925514221,0.6775280833244324,0.2598794400691986,0.9652807712554932,0.9994321465492249
97,1.617,29,LEFT_HEEL,0.5418545007705688,0.688058614730835,0.28594231605529785,0.8808080554008484,0.9986729621887207
97,1.617,30,RIGHT_HEEL,0.5009449124336243,0.6847580671310425,0.27224764227867126,0.8247124552726746,0.9989516735076904
97,1.617,31,LEFT_FOOT_INDEX,0.5456168055534363,0.7008583545684814,0.13920053839683533,0.9824938774108887,0.9942542910575867
97,1.617,32,RIGHT_FOOT_INDEX,0.48108261823654175,0.7031633853912354,0.14083757996559143,0.9666607975959778,0.9953268766403198
98,1.633,0,NOSE,0.5410473942756653,0.40585529804229736,-0.2773970663547516,0.9999595880508423,0.9995366334915161
98,1.633,1,LEFT_EYE_INNER,0.5480682253837585,0.3995416760444641,-0.25685521960258484,0.999836802482605,0.9985656142234802
98,1.633,2,LEFT_EYE,0.5513153076171875,0.3997916281223297,-0.25690555572509766,0.9998436570167542,0.998602569103241
98,1.633,3,LEFT_EYE_OUTER,0.5553209781646729,0.4000765383243561,-0.2568861246109009,0.9998371601104736,0.9985793828964233
98,1.633,4,RIGHT_EYE_INNER,0.5347650647163391,0.3989788889884949,-0.2581726014614105,0.9997971653938293,0.9984694123268127
98,1.633,5,RIGHT_EYE,0.5294334292411804,0.39891892671585083,-0.2581612467765808,0.9997888207435608,0.9983144998550415
98,1.633,6,RIGHT_EYE_OUTER,0.5246365666389465,0.398931622505188,-0.25820767879486084,0.9997559785842896,0.9981743097305298
98,1.633,7,LEFT_EAR,0.5602603554725647,0.40396419167518616,-0.13215668499469757,0.9996273517608643,0.9986861348152161
98,1.633,8,RIGHT_EAR,0.5177186727523804,0.4025062918663025,-0.1401565968990326,0.9995018839836121,0.997975766658783
98,1.633,9,MOUTH_LEFT,0.5477354526519775,0.4146473705768585,-0.23004768788814545,0.9999489784240723,0.9997393488883972
98,1.633,10,MOUTH_RIGHT,0.5316795706748962,0.41447147727012634,-0.2323465496301651,0.9999322891235352,0.9996646642684937
98,1.633,11,LEFT_SHOULDER,0.5982745885848999,0.4492882490158081,-0.0714428499341011,0.9999858736991882,0.9999181032180786
98,1.633,12,RIGHT_SHOULDER,0.47656193375587463,0.44534099102020264,-0.05065521225333214,0.9998791217803955,0.9997783303260803
98,1.633,13,LEFT_ELBOW,0.6148520708084106,0.49629223346710205,-0.024324586614966393,0.9891144037246704,0.9997662901878357
98,1.633,14,RIGHT_ELBOW,0.44722720980644226,0.49344155192375183,0.002414907095953822,0.9665419459342957,0.999471127986908
98,1.633,15,LEFT_WRIST,0.6184558868408203,0.5384825468063354,-0.1632685661315918,0.9915961027145386,0.9999043941497803
98,1.633,16,RIGHT_WRIST,0.42945683002471924,0.5358821749687195,-0.10312340408563614,0.9649261832237244,0.999065101146698
98,1.633,17,LEFT_PINKY,0.621798574924469,0.5522642135620117,-0.20549914240837097,0.9841436743736267,0.9997519850730896
98,1.633,18,RIGHT_PINKY,0.4198151230812073,0.5511255264282227,-0.1382986158132553,0.9445691108703613,0.9984318614006042
98,1.633,19,LEFT_INDEX,0.6131707429885864,0.5499289631843567,-0.24677403271198273,0.9851285815238953,0.9998063445091248
98,1.633,20,RIGHT_INDEX,0.4245702624320984,0.5509985089302063,-0.18173770606517792,0.9474279880523682,0.9985546469688416
98,1.633,21,LEFT_THUMB,0.6088768839836121,0.5453015565872192,-0.18231214582920074,0.9809439182281494,0.999876856803894
98,1.633,22,RIGHT_THUMB,0.4314127564430237,0.5467341542243958,-0.12360785901546478,0.9399912357330322,0.9990179538726807
98,1.633,23,LEFT_HIP,0.5639449954032898,0.5512906908988953,-0.003976408392190933,0.9998864531517029,0.9993743300437927
98,1.633,24,RIGHT_HIP,0.49433982372283936,0.5494807958602905,0.003918667323887348,0.9998122453689575,0.9995927214622498
98,1.633,25,LEFT_KNEE,0.5570634007453918,0.6221029758453369,0.05929560586810112,0.9913159608840942,0.9998220801353455
98,1.633,26,RIGHT_KNEE,0.492674320936203,0.6154203414916992,0.05515025556087494,0.9782693982124329,0.9997791647911072
98,1.633,27,LEFT_ANKLE,0.5479591488838196,0.6811338663101196,0.26583409309387207,0.9865692257881165,0.9988497495651245
98,1.633,28,RIGHT_ANKLE,0.4960767924785614,0.6818433403968811,0.24438366293907166,0.9667460322380066,0.9991056323051453
98,1.633,29,LEFT_HEEL,0.5417735576629639,0.6881677508354187,0.28280797600746155,0.8776956796646118,0.9979130625724792
98,1.633,30,RIGHT_HEEL,0.5016428232192993,0.6907707452774048,0.2548043429851532,0.8274636268615723,0.9981375932693481
98,1.633,31,LEFT_FOOT_INDEX,0.5473108291625977,0.7004793882369995,0.13124684989452362,0.9813003540039062,0.9910910129547119
98,1.633,32,RIGHT_FOOT_INDEX,0.48091599345207214,0.7062577605247498,0.11977843195199966,0.9670348167419434,0.9915339350700378
99,1.65,0,NOSE,0.5410590767860413,0.4054672122001648,-0.28109800815582275,0.9999611973762512,0.9996473789215088
99,1.65,1,LEFT_EYE_INNER,0.5481851696968079,0.3993113338947296,-0.26007476449012756,0.9998428225517273,0.9988584518432617
99,1.65,2,LEFT_EYE,0.5514591336250305,0.39958083629608154,-0.260129451751709,0.999849259853363,0.9988729357719421
99,1.65,3,LEFT_EYE_OUTER,0.55544513463974,0.3998681902885437,-0.26011282205581665,0.9998428821563721,0.9988431930541992
99,1.65,4,RIGHT_EYE_INNER,0.5347036719322205,0.39873918890953064,-0.2613629996776581,0.9998076558113098,0.9988357424736023
99,1.65,5,RIGHT_EYE,0.5293508172035217,0.3986910879611969,-0.2613528072834015,0.9997988343238831,0.9987348914146423
99,1.65,6,RIGHT_EYE_OUTER,0.5245786309242249,0.3987186849117279,-0.2614063620567322,0.9997683763504028,0.998654842376709
99,1.65,7,LEFT_EAR,0.5605172514915466,0.4038549065589905,-0.13399791717529297,0.9996446967124939,0.9989359974861145
99,1.65,8,RIGHT_EAR,0.5176020860671997,0.40246105194091797,-0.14187508821487427,0.999528706073761,0.9986078143119812
99,1.65,9,MOUTH_LEFT,0.5479024648666382,0.41435492038726807,-0.23346930742263794,0.9999494552612305,0.9997993111610413
99,1.65,10,MOUTH_RIGHT,0.5316246151924133,0.41414764523506165,-0.23573125898838043,0.9999339580535889,0.9997584223747253
99,1.65,11,LEFT_SHOULDER,0.5985056161880493,0.44926273822784424,-0.07184575498104095,0.999984622001648,0.9999104738235474
99,1.65,12,RIGHT_SHOULDER,0.47646358609199524,0.4454025626182556,-0.05176565423607826,0.9998850226402283,0.9998390674591064
99,1.65,13,LEFT_ELBOW,0.6147135496139526,0.4962330162525177,-0.029346153140068054,0.9892393946647644,0.9996991157531738
99,1.65,14,RIGHT_ELBOW,0.4470239281654358,0.49344226717948914,-0.00016391207464039326,0.9669765830039978,0.9994485974311829
99,1.65,15,LEFT_WRIST,0.618332028388977,0.5379645228385925,-0.17866693437099457,0.9917538166046143,0.9998692274093628
99,1.65,16,RIGHT_WRIST,0.4286887049674988,0.536300003528595,-0.10989085584878922,0.9653039574623108,0.9989283680915833
99,1.65,17,LEFT_PINKY,0.6213465929031372,0.5512980222702026,-0.22211627662181854,0.9844074845314026,0.9996776580810547
99,1.65,18,RIGHT_PINKY,0.41946446895599365,0.551531970500946,-0.14482806622982025,0.9448681473731995,0.998229444026947
99,1.65,19,LEFT_INDEX,0.6129758954048157,0.5489681363105774,-0.2641366422176361,0.9853690266609192,0.9997527003288269
99,1.65,20,RIGHT_INDEX,0.4247805178165436,0.5515396595001221,-0.18957003951072693,0.9478057026863098,0.9983888864517212
99,1.65,21,LEFT_THUMB,0.6088297963142395,0.544460654258728,-0.19826656579971313,0.9811722040176392,0.9998419284820557
99,1.65,22,RIGHT_THUMB,0.43113863468170166,0.5476142764091492,-0.1308063268661499,0.9406632781028748,0.9989074468612671
99,1.65,23,LEFT_HIP,0.5640987753868103,0.5512336492538452,-0.00404950138181448,0.9998378157615662,0.999042809009552
99,1.65,24,RIGHT_HIP,0.4946098029613495,0.5494058728218079,0.003965124022215605,0.999800443649292,0.9996016621589661
99,1.65,25,LEFT_KNEE,0.55692458152771,0.6224629282951355,0.055400967597961426,0.9906725287437439,0.9996970891952515
99,1.65,26,RIGHT_KNEE,0.4936574399471283,0.6175876259803772,0.01817917264997959,0.9790061712265015,0.9997695088386536
99,1.65,27,LEFT_ANKLE,0.5479589700698853,0.6819451451301575,0.23051583766937256,0.9853196740150452,0.9981868863105774
99,1.65,28,RIGHT_ANKLE,0.4969027042388916,0.688062310218811,0.17455893754959106,0.967970609664917,0.9987301230430603
99,1.65,29,LEFT_HEEL,0.5417318940162659,0.6903114318847656,0.23855413496494293,0.8729619383811951,0.9966811537742615
99,1.65,30,RIGHT_HEEL,0.5031043291091919,0.6977065205574036,0.1802932769060135,0.829610288143158,0.9970201849937439
99,1.65,31,LEFT_FOOT_INDEX,0.5501718521118164,0.7003820538520813,0.09779038280248642,0.9793439507484436,0.9871503114700317
99,1.65,32,RIGHT_FOOT_INDEX,0.47972530126571655,0.7102947235107422,0.036340855062007904,0.9670552611351013,0.9872548580169678
100,1.667,0,NOSE,0.5413303375244141,0.4052058458328247,-0.28631162643432617,0.9999622106552124,0.999665379524231
100,1.667,1,LEFT_EYE_INNER,0.5484625697135925,0.3991527557373047,-0.26489371061325073,0.999846339225769,0.9988741278648376
100,1.667,2,LEFT_EYE,0.5517445802688599,0.39942675828933716,-0.2649470865726471,0.9998521208763123,0.9989113807678223
100,1.667,3,LEFT_EYE_OUTER,0.5557464361190796,0.39971715211868286,-0.2649219334125519,0.9998459219932556,0.9988870024681091
100,1.667,4,RIGHT_EYE_INNER,0.5347865223884583,0.3985867500305176,-0.26675301790237427,0.999815821647644,0.9988023042678833
100,1.667,5,RIGHT_EYE,0.5293705463409424,0.39855527877807617,-0.26674944162368774,0.9998061656951904,0.9986899495124817
100,1.667,6,RIGHT_EYE_OUTER,0.5245802998542786,0.3986019492149353,-0.26680779457092285,0.9997779130935669,0.9985952973365784
100,1.667,7,LEFT_EAR,0.5607632994651794,0.4037880003452301,-0.13648517429828644,0.9996511936187744,0.9990013241767883
100,1.667,8,RIGHT_EAR,0.517469048500061,0.4024578034877777,-0.14769169688224792,0.9995458722114563,0.9984979629516602
100,1.667,9,MOUTH_LEFT,0.5482445955276489,0.4141908288002014,-0.23800347745418549,0.9999482035636902,0.9998117089271545
100,1.667,10,MOUTH_RIGHT,0.5316927433013916,0.4139743149280548,-0.24115312099456787,0.9999344348907471,0.9997614026069641
100,1.667,11,LEFT_SHOULDER,0.5984269380569458,0.44925689697265625,-0.0714227631688118,0.9999828338623047,0.9999148845672607
100,1.667,12,RIGHT_SHOULDER,0.47638192772865295,0.44553953409194946,-0.05976755917072296,0.9998903870582581,0.9998406171798706
100,1.667,13,LEFT_ELBOW,0.6147833466529846,0.49618908762931824,-0.032960716634988785,0.9893499612808228,0.9997867941856384
100,1.667,14,RIGHT_ELBOW,0.4467037618160248,0.49357566237449646,-0.010638519190251827,0.9674516320228577,0.9994833469390869
100,1.667,15,LEFT_WRIST,0.6182953715324402,0.5377597212791443,-0.182685986161232,0.9919626712799072,0.9999147653579712
100,1.667,16,RIGHT_WRIST,0.42785754799842834,0.5369613170623779,-0.11818306893110275,0.9649280309677124,0.9988189339637756
100,1.667,17,LEFT_PINKY,0.6207298636436462,0.5509474873542786,-0.2251640111207962,0.9847041368484497,0.9997825026512146
100,1.667,18,RIGHT_PINKY,0.4190698266029358,0.5521675944328308,-0.15243056416511536,0.944023072719574,0.9981060028076172
100,1.667,19,LEFT_INDEX,0.6124371290206909,0.548664927482605,-0.26712438464164734,0.985634982585907,0.999832272529602
100,1.667,20,RIGHT_INDEX,0.42424389719963074,0.5523101091384888,-0.19704319536685944,0.9471115469932556,0.9982728958129883
100,1.667,21,LEFT_THUMB,0.6085503101348877,0.5441377758979797,-0.20202592015266418,0.9814069867134094,0.9998918771743774
100,1.667,22,RIGHT_THUMB,0.43046146631240845,0.5486344695091248,-0.13882030546665192,0.940132737159729,0.9988337159156799
100,1.667,23,LEFT_HIP,0.56427001953125,0.5512439608573914,-0.0013814214617013931,0.9997845888137817,0.9993005990982056
100,1.667,24,RIGHT_HIP,0.49496933817863464,0.5494672656059265,0.0013719495618715882,0.9997963905334473,0.9997305274009705
100,1.667,25,LEFT_KNEE,0.5568499565124512,0.6223211288452148,0.06060661002993584,0.9896048903465271,0.9997432827949524
100,1.667,26,RIGHT_KNEE,0.49552786350250244,0.6192619800567627,-0.03976196423172951,0.9797120094299316,0.9998378753662109
100,1.667,27,LEFT_ANKLE,0.548004150390625,0.6823041439056396,0.23079678416252136,0.9836729168891907,0.9987276196479797
100,1.667,28,RIGHT_ANKLE,0.49719855189323425,0.6922203898429871,0.09546907991170883,0.9691550731658936,0.9988529682159424
100,1.667,29,LEFT_HEEL,0.5415962338447571,0.6917353868484497,0.23852434754371643,0.8692489266395569,0.9977260231971741
100,1.667,30,RIGHT_HEEL,0.50371915102005,0.7026068568229675,0.09864719212055206,0.8289216756820679,0.9972307085990906
100,1.667,31,LEFT_FOOT_INDEX,0.5544424057006836,0.7003764510154724,0.09834053367376328,0.9771565794944763,0.9917250871658325
100,1.667,32,RIGHT_FOOT_INDEX,0.47962358593940735,0.7139929533004761,-0.059326257556676865,0.9671948552131653,0.9884688258171082
101,1.684,0,NOSE,0.5413589477539062,0.40521690249443054,-0.2871071696281433,0.9999622702598572,0.999473512172699
101,1.684,1,LEFT_EYE_INNER,0.5484837889671326,0.3991640508174896,-0.2657564878463745,0.9998460412025452,0.9981258511543274
101,1.684,2,LEFT_EYE,0.5517538189888,0.3994348645210266,-0.26580512523651123,0.9998508095741272,0.9981814622879028
101,1.684,3,LEFT_EYE_OUTER,0.5558086633682251,0.39972180128097534,-0.2657710611820221,0.9998440742492676,0.9981234669685364
101,1.684,4,RIGHT_EYE_INNER,0.5347346663475037,0.3985998332500458,-0.26817578077316284,0.9998208284378052,0.9981110095977783
101,1.684,5,RIGHT_EYE,0.5292901396751404,0.398568332195282,-0.2681797444820404,0.9998101592063904,0.9980065226554871
101,1.684,6,RIGHT_EYE_OUTER,0.5244928598403931,0.39861348271369934,-0.268248587846756,0.9997842907905579,0.9979252815246582
101,1.684,7,LEFT_EAR,0.5608236193656921,0.4038301110267639,-0.13656970858573914,0.9996470808982849,0.998288094997406
101,1.684,8,RIGHT_EAR,0.5173312425613403,0.40256306529045105,-0.1508088856935501,0.9995542168617249,0.9979352951049805
101,1.684,9,MOUTH_LEFT,0.5483089089393616,0.4142094850540161,-0.23840300738811493,0.9999447464942932,0.9997219443321228
101,1.684,10,MOUTH_RIGHT,0.5316166877746582,0.41399580240249634,-0.2423759400844574,0.9999334812164307,0.999680757522583
101,1.684,11,LEFT_SHOULDER,0.5982984304428101,0.4492488205432892,-0.06791333109140396,0.9999802708625793,0.9998584985733032
101,1.684,12,RIGHT_SHOULDER,0.47620368003845215,0.44586628675460815,-0.06404468417167664,0.9998961091041565,0.9998733997344971
101,1.684,13,LEFT_ELBOW,0.6149611473083496,0.4962098300457001,-0.03321371600031853,0.989160418510437,0.9997010231018066
101,1.684,14,RIGHT_ELBOW,0.4461114704608917,0.49406635761260986,-0.015163945965468884,0.9678202867507935,0.9995673298835754
101,1.684,15,LEFT_WRIST,0.6181225776672363,0.537538468837738,-0.18270596861839294,0.9919869899749756,0.9998877048492432
101,1.684,16,RIGHT_WRIST,0.42703425884246826,0.5378783345222473,-0.12071431428194046,0.9644257426261902,0.9988425970077515
101,1.684,17,LEFT_PINKY,0.6197808980941772,0.5505591630935669,-0.22509649395942688,0.9847195744514465,0.9997398257255554
101,1.684,18,RIGHT_PINKY,0.41888558864593506,0.5530693531036377,-0.1542413979768753,0.9432128071784973,0.9981495141983032
101,1.684,19,LEFT_INDEX,0.6115963459014893,0.5482673048973083,-0.267050564289093,0.9856350421905518,0.999796450138092
101,1.684,20,RIGHT_INDEX,0.4239027798175812,0.5532712936401367,-0.19799965620040894,0.9464710354804993,0.9982944130897522
101,1.684,21,LEFT_THUMB,0.6079753041267395,0.5438198447227478,-0.2020350992679596,0.9813211560249329,0.9998645782470703
101,1.684,22,RIGHT_THUMB,0.42998531460762024,0.5497158169746399,-0.14074291288852692,0.939511775970459,0.9988498687744141
101,1.684,23,LEFT_HIP,0.5643895268440247,0.55150306224823,0.0017087626038119197,0.9997283220291138,0.999210000038147
101,1.684,24,RIGHT_HIP,0.4950231611728668,0.5497025847434998,-0.0016676891827955842,0.9998003244400024,0.9998095631599426
101,1.684,25,LEFT_KNEE,0.556755006313324,0.6225233674049377,0.08919144421815872,0.9880052804946899,0.9996800422668457
101,1.684,26,RIGHT_KNEE,0.4964934289455414,0.6198946237564087,-0.056493256241083145,0.980234682559967,0.9998626708984375
101,1.684,27,LEFT_ANKLE,0.5480279922485352,0.6819818019866943,0.2844284176826477,0.9806427955627441,0.9984623193740845
101,1.684,28,RIGHT_ANKLE,0.4971385896205902,0.6947073340415955,0.06210188567638397,0.969950795173645,0.9987723231315613
101,1.684,29,LEFT_HEEL,0.5416185855865479,0.6909210085868835,0.295215368270874,0.8619345426559448,0.9974853992462158
101,1.684,30,RIGHT_HEEL,0.5036994218826294,0.7051779627799988,0.06381913274526596,0.8270121216773987,0.9969533681869507
101,1.684,31,LEFT_FOOT_INDEX,0.5558289289474487,0.7001655697822571,0.16693098843097687,0.9736485481262207,0.9921169877052307
101,1.684,32,RIGHT_FOOT_INDEX,0.4795806407928467,0.7165175080299377,-0.09573660790920258,0.9668127298355103,0.9858298897743225
102,1.7,0,NOSE,0.5412511229515076,0.4052807688713074,-0.2672881782054901,0.9999632239341736,0.9997215867042542
102,1.7,1,LEFT_EYE_INNER,0.548337996006012,0.39919957518577576,-0.2466040402650833,0.9998494982719421,0.9989826083183289
102,1.7,2,LEFT_EYE,0.5516247153282166,0.39948293566703796,-0.24665182828903198,0.9998536109924316,0.9989978671073914
102,1.7,3,LEFT_EYE_OUTER,0.5556662082672119,0.39979010820388794,-0.24660983681678772,0.9998465180397034,0.9989469647407532
102,1.7,4,RIGHT_EYE_INNER,0.5346918106079102,0.39864617586135864,-0.24723172187805176,0.9998289346694946,0.9989953637123108
102,1.7,5,RIGHT_EYE,0.5292752981185913,0.39863279461860657,-0.24723321199417114,0.9998178482055664,0.9989486336708069
102,1.7,6,RIGHT_EYE_OUTER,0.5244606733322144,0.3987027108669281,-0.24729925394058228,0.9997943043708801,0.9989222288131714
102,1.7,7,LEFT_EAR,0.5606570243835449,0.4039861261844635,-0.12259954959154129,0.9996535181999207,0.9990159273147583
102,1.7,8,RIGHT_EAR,0.517267644405365,0.40281349420547485,-0.12894366681575775,0.9995719790458679,0.9989832043647766
102,1.7,9,MOUTH_LEFT,0.5481649041175842,0.4143819510936737,-0.22083108127117157,0.9999439120292664,0.9998434782028198
102,1.7,10,MOUTH_RIGHT,0.531592607498169,0.4141553044319153,-0.22250474989414215,0.9999347925186157,0.999832034111023
102,1.7,11,LEFT_SHOULDER,0.5983022451400757,0.4494548738002777,-0.06333580613136292,0.999977171421051,0.9998836517333984
102,1.7,12,RIGHT_SHOULDER,0.4760656952857971,0.4462188184261322,-0.04718094691634178,0.9999022483825684,0.999915361404419
102,1.7,13,LEFT_ELBOW,0.6152238845825195,0.49649015069007874,-0.03635156899690628,0.988925039768219,0.999672532081604
102,1.7,14,RIGHT_ELBOW,0.4455247223377228,0.4943934381008148,0.0007254192023538053,0.9678871035575867,0.999613344669342
102,1.7,15,LEFT_WRIST,0.6175488829612732,0.5375009179115295,-0.19207154214382172,0.9918495416641235,0.9998947381973267
102,1.7,16,RIGHT_WRIST,0.4267820119857788,0.5385786294937134,-0.10322912782430649,0.9632512331008911,0.9990580677986145
102,1.7,17,LEFT_PINKY,0.6184927225112915,0.5504744648933411,-0.23360399901866913,0.9845224618911743,0.9997648596763611
102,1.7,18,RIGHT_PINKY,0.41869428753852844,0.5539730191230774,-0.13607290387153625,0.9416171312332153,0.9984631538391113
102,1.7,19,LEFT_INDEX,0.6103543639183044,0.5480940937995911,-0.27319440245628357,0.9854055047035217,0.9998235106468201
102,1.7,20,RIGHT_INDEX,0.4239041805267334,0.5541818737983704,-0.17935706675052643,0.9450505971908569,0.9986444115638733
102,1.7,21,LEFT_THUMB,0.6069689393043518,0.5436952114105225,-0.20997187495231628,0.9809057712554932,0.9998828172683716
102,1.7,22,RIGHT_THUMB,0.4297046661376953,0.5506258010864258,-0.12316224724054337,0.9381595253944397,0.999091625213623
102,1.7,23,LEFT_HIP,0.5648477077484131,0.5523129105567932,0.0012221864890307188,0.9996883273124695,0.999388575553894
102,1.7,24,RIGHT_HIP,0.4952620267868042,0.5505512356758118,-0.0011684343917295337,0.9998067617416382,0.9998725652694702
102,1.7,25,LEFT_KNEE,0.5567759871482849,0.6229948401451111,0.08006854355335236,0.9871925711631775,0.9997527003288269
102,1.7,26,RIGHT_KNEE,0.49643227458000183,0.6215246915817261,-0.08297624439001083,0.9811830520629883,0.99991774559021
102,1.7,27,LEFT_ANKLE,0.5480642914772034,0.6829487681388855,0.2746443748474121,0.9792909026145935,0.9989768266677856
102,1.7,28,RIGHT_ANKLE,0.49703624844551086,0.6980512142181396,0.022652840241789818,0.9714512228965759,0.9991037249565125
102,1.7,29,LEFT_HEEL,0.5415025353431702,0.6932086944580078,0.28770768642425537,0.8598668575286865,0.9981456995010376
102,1.7,30,RIGHT_HEEL,0.5037001967430115,0.7096531987190247,0.022697292268276215,0.8308447003364563,0.9975711703300476
102,1.7,31,LEFT_FOOT_INDEX,0.5592776536941528,0.7006982564926147,0.14855752885341644,0.9717614054679871,0.9931772947311401
102,1.7,32,RIGHT_FOOT_INDEX,0.4778384864330292,0.7177870869636536,-0.13802579045295715,0.9675475358963013,0.987924337387085
103,1.717,0,NOSE,0.5411543846130371,0.4054892361164093,-0.2700536847114563,0.9999642372131348,0.9996510744094849
103,1.717,1,LEFT_EYE_INNER,0.548209011554718,0.39935940504074097,-0.24953842163085938,0.999854326248169,0.9987292885780334
103,1.717,2,LEFT_EYE,0.5515117645263672,0.3996610641479492,-0.2495867758989334,0.9998579621315002,0.9987565279006958
103,1.717,3,LEFT_EYE_OUTER,0.5555381774902344,0.39998307824134827,-0.24954579770565033,0.9998508095741272,0.998702883720398
103,1.717,4,RIGHT_EYE_INNER,0.5346683263778687,0.3988162875175476,-0.25102895498275757,0.9998376369476318,0.9987090826034546
103,1.717,5,RIGHT_EYE,0.5292090177536011,0.39882293343544006,-0.2510324716567993,0.9998266100883484,0.9986379742622375
103,1.717,6,RIGHT_EYE_OUTER,0.5244284272193909,0.3989221751689911,-0.2510963976383209,0.9998049736022949,0.9985790252685547
103,1.717,7,LEFT_EAR,0.5605104565620422,0.4042191505432129,-0.12639744579792023,0.9996658563613892,0.9988096952438354
103,1.717,8,RIGHT_EAR,0.517242968082428,0.4032326638698578,-0.1367260217666626,0.9995946884155273,0.9985978007316589
103,1.717,9,MOUTH_LEFT,0.5480398535728455,0.41465651988983154,-0.22389331459999084,0.9999443292617798,0.9997938275337219
103,1.717,10,MOUTH_RIGHT,0.5315457582473755,0.41450220346450806,-0.2266848087310791,0.9999366998672485,0.9997699856758118
103,1.717,11,LEFT_SHOULDER,0.5981464982032776,0.4496786296367645,-0.06865599006414413,0.9999749660491943,0.999874472618103
103,1.717,12,RIGHT_SHOULDER,0.47595417499542236,0.44724783301353455,-0.054524198174476624,0.9999071359634399,0.999863862991333
103,1.717,13,LEFT_ELBOW,0.6156139969825745,0.496740460395813,-0.04195738956332207,0.988947868347168,0.9996658563613892
103,1.717,14,RIGHT_ELBOW,0.4448924660682678,0.4955751597881317,-0.007264686748385429,0.9685648679733276,0.9994893074035645
103,1.717,15,LEFT_WRIST,0.6173467636108398,0.5374041199684143,-0.19640827178955078,0.9918090105056763,0.9998637437820435
103,1.717,16,RIGHT_WRIST,0.42657575011253357,0.5399859547615051,-0.11205059289932251,0.9629350900650024,0.9987331032752991
103,1.717,17,LEFT_PINKY,0.6173776984214783,0.5504398345947266,-0.2375207394361496,0.9844357371330261,0.9996645450592041
103,1.717,18,RIGHT_PINKY,0.41851285099983215,0.5555369853973389,-0.14503276348114014,0.94111567735672,0.9978431463241577
103,1.717,19,LEFT_INDEX,0.6090124845504761,0.5480083227157593,-0.2757129371166229,0.9853071570396423,0.9997517466545105
103,1.717,20,RIGHT_INDEX,0.4235592782497406,0.5556834936141968,-0.18825151026248932,0.9446511268615723,0.9981117248535156
103,1.717,21,LEFT_THUMB,0.60591721534729,0.5436148047447205,-0.21355298161506653,0.9807547926902771,0.9998375177383423
103,1.717,22,RIGHT_THUMB,0.42939823865890503,0.5519698262214661,-0.13195325434207916,0.9379822015762329,0.9987316727638245
103,1.717,23,LEFT_HIP,0.565250039100647,0.5528497695922852,0.0006579399923793972,0.9996240735054016,0.9990003705024719
103,1.717,24,RIGHT_HIP,0.4955706000328064,0.5513821244239807,-0.0006034912657923996,0.9997983574867249,0.9996939897537231
103,1.717,25,LEFT_KNEE,0.5567130446434021,0.6236493587493896,0.07243358343839645,0.9853433966636658,0.9995039701461792
103,1.717,26,RIGHT_KNEE,0.49606430530548096,0.6230375170707703,-0.05439407005906105,0.9811164736747742,0.9997550845146179
103,1.717,27,LEFT_ANKLE,0.5480697154998779,0.6833007335662842,0.24925497174263,0.9760758280754089,0.9974007606506348
103,1.717,28,RIGHT_ANKLE,0.4961422383785248,0.699328601360321,0.06702709943056107,0.9712043404579163,0.9976060390472412
103,1.717,29,LEFT_HEEL,0.5413505434989929,0.6940234303474426,0.257235050201416,0.8555662035942078,0.9953904151916504
103,1.717,30,RIGHT_HEEL,0.5035263299942017,0.709737241268158,0.06941893696784973,0.8285196423530579,0.994111955165863
103,1.717,31,LEFT_FOOT_INDEX,0.5606550574302673,0.7005071640014648,0.13767245411872864,0.96763014793396,0.9836505055427551
103,1.717,32,RIGHT_FOOT_INDEX,0.47569212317466736,0.7177230715751648,-0.08108190447092056,0.965690016746521,0.9750490188598633
104,1.734,0,NOSE,0.5410934686660767,0.40590938925743103,-0.263736367225647,0.999965250492096,0.9996381998062134
104,1.734,1,LEFT_EYE_INNER,0.5481398701667786,0.3997479975223541,-0.24338625371456146,0.9998593330383301,0.9987097978591919
104,1.734,2,LEFT_EYE,0.5514926314353943,0.4000624120235443,-0.24343182146549225,0.999862790107727,0.9987666606903076
104,1.734,3,LEFT_EYE_OUTER,0.5554922819137573,0.4004070460796356,-0.24339057505130768,0.9998556971549988,0.9987348914146423
104,1.734,4,RIGHT_EYE_INNER,0.5346478223800659,0.3992496132850647,-0.24565483629703522,0.9998459815979004,0.9986131191253662
104,1.734,5,RIGHT_EYE,0.5291555523872375,0.3992845416069031,-0.24566183984279633,0.9998354315757751,0.9985215067863464
104,1.734,6,RIGHT_EYE_OUTER,0.524346649646759,0.3994123637676239,-0.24572233855724335,0.9998155832290649,0.9984392523765564
104,1.734,7,LEFT_EAR,0.5604281425476074,0.40464264154434204,-0.1229027807712555,0.9996787905693054,0.9989019632339478
104,1.734,8,RIGHT_EAR,0.5171405076980591,0.403852254152298,-0.13675110042095184,0.9996169209480286,0.9984276294708252
104,1.734,9,MOUTH_LEFT,0.5479378700256348,0.41508617997169495,-0.21870622038841248,0.9999448657035828,0.9997913241386414
104,1.734,10,MOUTH_RIGHT,0.53143709897995,0.41494807600975037,-0.22249336540699005,0.9999387860298157,0.9997501969337463
104,1.734,11,LEFT_SHOULDER,0.597865879535675,0.45007166266441345,-0.06839364022016525,0.9999732375144958,0.9998821020126343
104,1.734,12,RIGHT_SHOULDER,0.47579431533813477,0.4485247731208801,-0.05781892314553261,0.9999110698699951,0.9998482465744019
104,1.734,13,LEFT_ELBOW,0.6157876253128052,0.49689191579818726,-0.04236055165529251,0.9890729188919067,0.9997174143791199
104,1.734,14,RIGHT_ELBOW,0.44426870346069336,0.4967736303806305,-0.012821737676858902,0.9695919752120972,0.999488115310669
104,1.734,15,LEFT_WRIST,0.6168654561042786,0.5374742150306702,-0.19245214760303497,0.9918701648712158,0.9998797178268433
104,1.734,16,RIGHT_WRIST,0.4266093671321869,0.5414354801177979,-0.11490713059902191,0.9626667499542236,0.9986322522163391
104,1.734,17,LEFT_PINKY,0.615678071975708,0.550685703754425,-0.23287345468997955,0.9844978451728821,0.9996787309646606
104,1.734,18,RIGHT_PINKY,0.41851967573165894,0.5570384860038757,-0.14726774394512177,0.9405722618103027,0.9975558519363403
104,1.734,19,LEFT_INDEX,0.6076416969299316,0.548055112361908,-0.2680465281009674,0.985349714756012,0.999763548374176
104,1.734,20,RIGHT_INDEX,0.4238833487033844,0.5570678114891052,-0.18990054726600647,0.9441975355148315,0.9978710412979126
104,1.734,21,LEFT_THUMB,0.6049387454986572,0.5436620712280273,-0.20820850133895874,0.9807776808738708,0.9998469352722168
104,1.734,22,RIGHT_THUMB,0.42971765995025635,0.5531699061393738,-0.13445502519607544,0.9377785325050354,0.9985835552215576
104,1.734,23,LEFT_HIP,0.5656750202178955,0.553134024143219,0.0006326869479380548,0.9995598793029785,0.9989990592002869
104,1.734,24,RIGHT_HIP,0.49569153785705566,0.5520028471946716,-0.0005560646532103419,0.9997897148132324,0.999667763710022
104,1.734,25,LEFT_KNEE,0.5567050576210022,0.6236584186553955,0.06831750273704529,0.9834821224212646,0.9993680119514465
104,1.734,26,RIGHT_KNEE,0.49611103534698486,0.6234080195426941,-0.0725255236029625,0.9807341694831848,0.999647855758667
104,1.734,27,LEFT_ANKLE,0.5480697154998779,0.6831737160682678,0.2328370064496994,0.9723492860794067,0.9957791566848755
104,1.734,28,RIGHT_ANKLE,0.4948115646839142,0.7000559568405151,0.03293987736105919,0.970308780670166,0.9954909682273865
104,1.734,29,LEFT_HEEL,0.5413384437561035,0.6931313276290894,0.2393772006034851,0.8487671613693237,0.9923018217086792
104,1.734,30,RIGHT_HEEL,0.5029938220977783,0.7100321054458618,0.03408413380384445,0.8229812383651733,0.9889361262321472
104,1.734,31,LEFT_FOOT_INDEX,0.5600754022598267,0.7004512548446655,0.1253616064786911,0.9622941613197327,0.9751058220863342
104,1.734,32,RIGHT_FOOT_INDEX,0.4744589328765869,0.7178253531455994,-0.11865269392728806,0.9628416299819946,0.9573180675506592
105,1.75,0,NOSE,0.5409358143806458,0.4064696729183197,-0.25370004773139954,0.999965250492096,0.9996175765991211
105,1.75,1,LEFT_EYE_INNER,0.548003077507019,0.4002806544303894,-0.2327326238155365,0.9998610615730286,0.9986328482627869
105,1.75,2,LEFT_EYE,0.5513533353805542,0.40058594942092896,-0.2327834814786911,0.9998643398284912,0.9986935257911682
105,1.75,3,LEFT_EYE_OUTER,0.5554516911506653,0.40093865990638733,-0.23273654282093048,0.9998573660850525,0.9986530542373657
105,1.75,4,RIGHT_EYE_INNER,0.5343185067176819,0.3998274505138397,-0.2348695695400238,0.9998511075973511,0.9985470175743103
105,1.75,5,RIGHT_EYE,0.5287030935287476,0.399882435798645,-0.23488959670066833,0.9998411536216736,0.9984788298606873
105,1.75,6,RIGHT_EYE_OUTER,0.5239076018333435,0.40003296732902527,-0.23495535552501678,0.9998232126235962,0.9984185695648193
105,1.75,7,LEFT_EAR,0.5603618025779724,0.40519094467163086,-0.11057751625776291,0.9996816515922546,0.998842179775238
105,1.75,8,RIGHT_EAR,0.5167570114135742,0.4046359956264496,-0.12372935563325882,0.9996331334114075,0.9985061287879944
105,1.75,9,MOUTH_LEFT,0.5478993654251099,0.4156952500343323,-0.20817039906978607,0.9999441504478455,0.9998076558113098
105,1.75,10,MOUTH_RIGHT,0.5311426520347595,0.4156477153301239,-0.21177609264850616,0.9999400973320007,0.9997815489768982
105,1.75,11,LEFT_SHOULDER,0.5976818203926086,0.45062193274497986,-0.05276648327708244,0.9999712109565735,0.9998922348022461
105,1.75,12,RIGHT_SHOULDER,0.4753413498401642,0.44976118206977844,-0.05164999142289162,0.9999154806137085,0.9998797178268433
105,1.75,13,LEFT_ELBOW,0.6159167885780334,0.4973618686199188,-0.03480815514922142,0.9887616634368896,0.9997382760047913
105,1.75,14,RIGHT_ELBOW,0.443715900182724,0.498334676027298,-0.0071477992460131645,0.9704119563102722,0.9994933605194092
105,1.75,15,LEFT_WRIST,0.6156812906265259,0.5375564694404602,-0.18216203153133392,0.9915582537651062,0.9998835325241089
105,1.75,16,RIGHT_WRIST,0.42644670605659485,0.5432429909706116,-0.10730376839637756,0.9613758325576782,0.9986625909805298
105,1.75,17,LEFT_PINKY,0.6133860945701599,0.5509459972381592,-0.2226671725511551,0.984044075012207,0.9997153878211975
105,1.75,18,RIGHT_PINKY,0.418544739484787,0.5587118864059448,-0.13969135284423828,0.9388859272003174,0.9977982044219971
105,1.75,19,LEFT_INDEX,0.6057755351066589,0.548141360282898,-0.2562231421470642,0.9848753809928894,0.9997853636741638
105,1.75,20,RIGHT_INDEX,0.4242393970489502,0.5586164593696594,-0.18295550346374512,0.942615270614624,0.9980402588844299
105,1.75,21,LEFT_THUMB,0.6033985018730164,0.5437492728233337,-0.19716224074363708,0.9800876379013062,0.9998571872711182
105,1.75,22,RIGHT_THUMB,0.4300025999546051,0.5549264550209045,-0.126888245344162,0.9362308979034424,0.9986957907676697
105,1.75,23,LEFT_HIP,0.5660548210144043,0.554094135761261,0.0065707056783139706,0.9995142817497253,0.9990919828414917
105,1.75,24,RIGHT_HIP,0.4957425594329834,0.5533174872398376,-0.006467284634709358,0.9997848868370056,0.9996644258499146
105,1.75,25,LEFT_KNEE,0.5568274259567261,0.6246550679206848,0.07176195085048676,0.9811611771583557,0.9995021820068359
105,1.75,26,RIGHT_KNEE,0.4961013197898865,0.6245703101158142,-0.10731405764818192,0.980998694896698,0.9996954202651978
105,1.75,27,LEFT_ANKLE,0.548045814037323,0.6844169497489929,0.23200203478336334,0.96892911195755,0.9963043928146362
105,1.75,28,RIGHT_ANKLE,0.4933251142501831,0.7016953825950623,-0.017800601199269295,0.9699602723121643,0.9952913522720337
105,1.75,29,LEFT_HEEL,0.5410923957824707,0.6949774026870728,0.2384474277496338,0.8423680067062378,0.9929561614990234
105,1.75,30,RIGHT_HEEL,0.501391589641571,0.7131856083869934,-0.018178610131144524,0.818058967590332,0.9888581037521362
105,1.75,31,LEFT_FOOT_INDEX,0.5596885681152344,0.702269971370697,0.12336593866348267,0.9576432108879089,0.9781005382537842
105,1.75,32,RIGHT_FOOT_INDEX,0.4745141565799713,0.7188785672187805,-0.17880861461162567,0.9611219763755798,0.9581112265586853
106,1.767,0,NOSE,0.539981484413147,0.4070824384689331,-0.2586848735809326,0.9999653100967407,0.9995330572128296
106,1.767,1,LEFT_EYE_INNER,0.5474451184272766,0.4008423686027527,-0.23795413970947266,0.9998626708984375,0.9983183145523071
106,1.767,2,LEFT_EYE,0.5507833361625671,0.4011579751968384,-0.23800286650657654,0.9998657703399658,0.9984090924263
106,1.767,3,LEFT_EYE_OUTER,0.5547851920127869,0.40151217579841614,-0.23795470595359802,0.9998589158058167,0.9983766078948975
106,1.767,4,RIGHT_EYE_INNER,0.5333629250526428,0.4004102647304535,-0.23966437578201294,0.999855637550354,0.9981619715690613
106,1.767,5,RIGHT_EYE,0.5276272892951965,0.40047794580459595,-0.23967920243740082,0.9998461604118347,0.9980565905570984
106,1.767,6,RIGHT_EYE_OUTER,0.5229617953300476,0.40061160922050476,-0.23974476754665375,0.9998298287391663,0.9979628324508667
106,1.767,7,LEFT_EAR,0.5600614547729492,0.4059017300605774,-0.11620116233825684,0.9996843338012695,0.998581051826477
106,1.767,8,RIGHT_EAR,0.5160357356071472,0.40533310174942017,-0.12771886587142944,0.9996451139450073,0.9979986548423767
106,1.767,9,MOUTH_LEFT,0.5474646687507629,0.4163050949573517,-0.21339237689971924,0.999943733215332,0.9997555613517761
106,1.767,10,MOUTH_RIGHT,0.5301859378814697,0.41622644662857056,-0.21649911999702454,0.9999412894248962,0.9997050166130066
106,1.767,11,LEFT_SHOULDER,0.5975543856620789,0.4513303339481354,-0.05736200883984566,0.9999691843986511,0.9998772144317627
106,1.767,12,RIGHT_SHOULDER,0.4746589958667755,0.45108193159103394,-0.054252106696367264,0.9999185800552368,0.999833345413208
106,1.767,13,LEFT_ELBOW,0.6158773899078369,0.4979439377784729,-0.03604891896247864,0.9886833429336548,0.9997196793556213
106,1.767,14,RIGHT_ELBOW,0.44321176409721375,0.5000311136245728,-0.010114525444805622,0.9711085557937622,0.9994012117385864
106,1.767,15,LEFT_WRIST,0.6147648096084595,0.5381410121917725,-0.1805000752210617,0.9914286732673645,0.9998741149902344
106,1.767,16,RIGHT_WRIST,0.426134318113327,0.5451242327690125,-0.11140122264623642,0.9604678153991699,0.998524010181427
106,1.767,17,LEFT_PINKY,0.6118319034576416,0.5519787073135376,-0.22065113484859467,0.9838165640830994,0.9996825456619263
106,1.767,18,RIGHT_PINKY,0.41844964027404785,0.5605136156082153,-0.14429475367069244,0.9377071857452393,0.9975584745407104
106,1.767,19,LEFT_INDEX,0.6044603586196899,0.5490135550498962,-0.25453922152519226,0.9846358299255371,0.999761164188385
106,1.767,20,RIGHT_INDEX,0.4241252541542053,0.5604078769683838,-0.1871473342180252,0.941525936126709,0.9978234767913818
106,1.767,21,LEFT_THUMB,0.6022336483001709,0.5445541739463806,-0.1955309957265854,0.9797462224960327,0.9998412132263184
106,1.767,22,RIGHT_THUMB,0.4299995005130768,0.556625485420227,-0.1309194415807724,0.9352161884307861,0.9985437393188477
106,1.767,23,LEFT_HIP,0.5660993456840515,0.5551424026489258,0.00757939089089632,0.9994654059410095,0.9991029500961304
106,1.767,24,RIGHT_HIP,0.4956985414028168,0.5546126961708069,-0.007467476651072502,0.9997774362564087,0.9996275901794434
106,1.767,25,LEFT_KNEE,0.5568093061447144,0.6253376603126526,0.07684648036956787,0.9791775941848755,0.999460756778717
106,1.767,26,RIGHT_KNEE,0.4960995018482208,0.6254719495773315,-0.09453858435153961,0.9811842441558838,0.999632716178894
106,1.767,27,LEFT_ANKLE,0.5479623675346375,0.6845452189445496,0.23431792855262756,0.9656959772109985,0.9958534240722656
106,1.767,28,RIGHT_ANKLE,0.492219477891922,0.7024217247962952,0.005111666861921549,0.9693514704704285,0.9946609139442444
106,1.767,29,LEFT_HEEL,0.540855348110199,0.6944026947021484,0.2399417757987976,0.8366793394088745,0.9922890067100525
106,1.767,30,RIGHT_HEEL,0.4993436932563782,0.7124179005622864,0.006059181410819292,0.8121185898780823,0.9876660108566284
106,1.767,31,LEFT_FOOT_INDEX,0.5592523217201233,0.7025590538978577,0.12407528609037399,0.9531939625740051,0.9757838845252991
106,1.767,32,RIGHT_FOOT_INDEX,0.47575581073760986,0.7194854617118835,-0.1525140255689621,0.958882212638855,0.9534154534339905
107,1.784,0,NOSE,0.5387963652610779,0.4079071879386902,-0.2612433433532715,0.9999661445617676,0.9995926022529602
107,1.784,1,LEFT_EYE_INNER,0.546474814414978,0.40156200528144836,-0.2407669574022293,0.9998670220375061,0.9984636306762695
107,1.784,2,LEFT_EYE,0.5498185753822327,0.40185266733169556,-0.24080677330493927,0.9998698234558105,0.9985396862030029
107,1.784,3,LEFT_EYE_OUTER,0.5536457300186157,0.40217188000679016,-0.24075062572956085,0.999862790107727,0.9985021352767944
107,1.784,4,RIGHT_EYE_INNER,0.5320346355438232,0.40122684836387634,-0.2423325926065445,0.9998623728752136,0.9983617663383484
107,1.784,5,RIGHT_EYE,0.5262364149093628,0.4013204574584961,-0.24234554171562195,0.9998534917831421,0.9982983469963074
107,1.784,6,RIGHT_EYE_OUTER,0.5217099189758301,0.40145090222358704,-0.24240994453430176,0.9998385906219482,0.9982422590255737
107,1.784,7,LEFT_EAR,0.5593968033790588,0.4065881371498108,-0.11981021612882614,0.9996929168701172,0.9986845850944519
107,1.784,8,RIGHT_EAR,0.5150009989738464,0.4062046706676483,-0.13101907074451447,0.9996627569198608,0.9983868598937988
107,1.784,9,MOUTH_LEFT,0.5467676520347595,0.41697072982788086,-0.21640042960643768,0.9999447464942932,0.9997860789299011
107,1.784,10,MOUTH_RIGHT,0.5291661620140076,0.41705456376075745,-0.21934553980827332,0.9999436140060425,0.9997560381889343
107,1.784,11,LEFT_SHOULDER,0.5974702835083008,0.45271381735801697,-0.06001615151762962,0.9999672174453735,0.999872088432312
107,1.784,12,RIGHT_SHOULDER,0.4739072620868683,0.4522045850753784,-0.058331601321697235,0.9999228715896606,0.9998871088027954
107,1.784,13,LEFT_ELBOW,0.6157611608505249,0.49915915727615356,-0.03705042600631714,0.9883877635002136,0.999667763710022
107,1.784,14,RIGHT_ELBOW,0.442764550447464,0.501708447933197,-0.013091910630464554,0.971616804599762,0.9994598031044006
107,1.784,15,LEFT_WRIST,0.6137986779212952,0.5398950576782227,-0.17958785593509674,0.9911403059959412,0.9998433589935303
107,1.784,16,RIGHT_WRIST,0.42584317922592163,0.5472158193588257,-0.1173734962940216,0.9592103362083435,0.9985345602035522
107,1.784,17,LEFT_PINKY,0.6106303334236145,0.5544995069503784,-0.21929579973220825,0.9833693504333496,0.9996227025985718
107,1.784,18,RIGHT_PINKY,0.41828402876853943,0.5624945759773254,-0.1509217917919159,0.9362301826477051,0.9976077079772949
107,1.784,19,LEFT_INDEX,0.6032981872558594,0.5512888431549072,-0.25333163142204285,0.984187662601471,0.9997143149375916
107,1.784,20,RIGHT_INDEX,0.42416736483573914,0.5623145699501038,-0.1937810629606247,0.9401713609695435,0.9978418350219727
107,1.784,21,LEFT_THUMB,0.6011082530021667,0.5467468500137329,-0.1946839690208435,0.979196310043335,0.9998080134391785
107,1.784,22,RIGHT_THUMB,0.42986854910850525,0.5588437914848328,-0.13699012994766235,0.934010922908783,0.9985672235488892
107,1.784,23,LEFT_HIP,0.5662212371826172,0.5563787221908569,0.009837152436375618,0.9994258284568787,0.9991379976272583
107,1.784,24,RIGHT_HIP,0.49570396542549133,0.5561807751655579,-0.009718974120914936,0.9997783899307251,0.9997333884239197
107,1.784,25,LEFT_KNEE,0.5568361878395081,0.6258814334869385,0.09167990833520889,0.9772238731384277,0.9995039701461792
107,1.784,26,RIGHT_KNEE,0.49602949619293213,0.6267860531806946,-0.10405642539262772,0.981689989566803,0.9997400641441345
107,1.784,27,LEFT_ANKLE,0.5472080111503601,0.6844767928123474,0.2621477246284485,0.9633198380470276,0.9963237047195435
107,1.784,28,RIGHT_ANKLE,0.491371214389801,0.7030678987503052,-0.014325927942991257,0.9694714546203613,0.9952664375305176
107,1.784,29,LEFT_HEEL,0.5393859148025513,0.6937773823738098,0.270158976316452,0.835022509098053,0.9931913018226624
107,1.784,30,RIGHT_HEEL,0.4976866543292999,0.7123706340789795,-0.014443881809711456,0.8101694583892822,0.9883871674537659
107,1.784,31,LEFT_FOOT_INDEX,0.5595402121543884,0.7031815648078918,0.1542980819940567,0.9499544501304626,0.9779880046844482
107,1.784,32,RIGHT_FOOT_INDEX,0.4765242338180542,0.7207722067832947,-0.17302432656288147,0.9577344655990601,0.9507962465286255
108,1.8,0,NOSE,0.5378652215003967,0.408773809671402,-0.2659812271595001,0.999966561794281,0.9995927214622498
108,1.8,1,LEFT_EYE_INNER,0.5455241203308105,0.40244826674461365,-0.24566234648227692,0.999869704246521,0.9984421133995056
108,1.8,2,LEFT_EYE,0.5488535165786743,0.40270110964775085,-0.2456977516412735,0.999872088432312,0.9985247254371643
108,1.8,3,LEFT_EYE_OUTER,0.5526900887489319,0.40298572182655334,-0.24564380943775177,0.9998648166656494,0.9984891414642334
108,1.8,4,RIGHT_EYE_INNER,0.5307369232177734,0.40218403935432434,-0.24738337099552155,0.9998669028282166,0.9983184337615967
108,1.8,5,RIGHT_EYE,0.5248503088951111,0.4023090898990631,-0.24739769101142883,0.9998583197593689,0.9982372522354126
108,1.8,6,RIGHT_EYE_OUTER,0.5203280448913574,0.4024604558944702,-0.24746543169021606,0.9998446702957153,0.9981561303138733
108,1.8,7,LEFT_EAR,0.558644711971283,0.4073551595211029,-0.12275421619415283,0.9996978044509888,0.9986520409584045
108,1.8,8,RIGHT_EAR,0.5137650370597839,0.4072006046772003,-0.13467666506767273,0.9996752142906189,0.9982534050941467
108,1.8,9,MOUTH_LEFT,0.5462139844894409,0.41780248284339905,-0.22001470625400543,0.9999450445175171,0.9997740387916565
108,1.8,10,MOUTH_RIGHT,0.5283655524253845,0.41805142164230347,-0.22319377958774567,0.9999451637268066,0.9997333884239197
108,1.8,11,LEFT_SHOULDER,0.597253143787384,0.45337724685668945,-0.05744997039437294,0.9999665021896362,0.9998843669891357
108,1.8,12,RIGHT_SHOULDER,0.4737243950366974,0.4527321457862854,-0.06065050885081291,0.9999269843101501,0.9998968839645386
108,1.8,13,LEFT_ELBOW,0.6156405210494995,0.4999519884586334,-0.030507687479257584,0.9882037043571472,0.9997519850730896
108,1.8,14,RIGHT_ELBOW,0.4415417015552521,0.5025239586830139,-0.015792282298207283,0.9724403023719788,0.9995618462562561
108,1.8,15,LEFT_WRIST,0.6132069230079651,0.5417068600654602,-0.1720493584871292,0.991135835647583,0.9998925924301147
108,1.8,16,RIGHT_WRIST,0.4253743290901184,0.5485450625419617,-0.11888092756271362,0.9589047431945801,0.9986385703086853
108,1.8,17,LEFT_PINKY,0.6103276610374451,0.5566531419754028,-0.21191838383674622,0.9833911061286926,0.9997324347496033
108,1.8,18,RIGHT_PINKY,0.41809871792793274,0.5641558170318604,-0.15195605158805847,0.9358731508255005,0.9977391958236694
108,1.8,19,LEFT_INDEX,0.6027470827102661,0.5534576177597046,-0.24738897383213043,0.9841890335083008,0.9997926354408264
108,1.8,20,RIGHT_INDEX,0.42397311329841614,0.5639747977256775,-0.19547517597675323,0.9398795366287231,0.9979099631309509
108,1.8,21,LEFT_THUMB,0.6004704833030701,0.5488935112953186,-0.18767312169075012,0.9791978597640991,0.9998606443405151
108,1.8,22,RIGHT_THUMB,0.42969784140586853,0.5604928731918335,-0.1385793536901474,0.9338535070419312,0.9986103773117065
108,1.8,23,LEFT_HIP,0.5662198662757874,0.5574303865432739,0.012449685484170914,0.9994137287139893,0.9992725253105164
108,1.8,24,RIGHT_HIP,0.4956642985343933,0.5574747920036316,-0.012343142181634903,0.9997862577438354,0.9997839331626892
108,1.8,25,LEFT_KNEE,0.5571749210357666,0.6266289949417114,0.11063821613788605,0.9745654463768005,0.9994385838508606
108,1.8,26,RIGHT_KNEE,0.4958905279636383,0.6280114650726318,-0.09882690757513046,0.9818249940872192,0.9997079968452454
108,1.8,27,LEFT_ANKLE,0.5471943616867065,0.6846160292625427,0.31605568528175354,0.9592981338500977,0.9951350092887878
108,1.8,28,RIGHT_ANKLE,0.4909588396549225,0.7046046853065491,-0.002565954579040408,0.9687778949737549,0.9939688444137573
108,1.8,29,LEFT_HEEL,0.5393049120903015,0.6933419108390808,0.3287642300128937,0.8295817971229553,0.991461992263794
108,1.8,30,RIGHT_HEEL,0.49696847796440125,0.7132837772369385,-0.0016601564129814506,0.8050197958946228,0.9856857061386108
108,1.8,31,LEFT_FOOT_INDEX,0.5600246787071228,0.7033115029335022,0.21200346946716309,0.9449827075004578,0.9761141538619995
108,1.8,32,RIGHT_FOOT_INDEX,0.47712141275405884,0.7233350872993469,-0.16252340376377106,0.9553037285804749,0.9407286643981934
109,1.817,0,NOSE,0.5355491638183594,0.40948188304901123,-0.27103883028030396,0.9999666810035706,0.9994838237762451
109,1.817,1,LEFT_EYE_INNER,0.5434410572052002,0.403089702129364,-0.2506198585033417,0.999870777130127,0.9980803728103638
109,1.817,2,LEFT_EYE,0.5471083521842957,0.4033551812171936,-0.2506570518016815,0.9998729825019836,0.9982197880744934
109,1.817,3,LEFT_EYE_OUTER,0.550415575504303,0.403642863035202,-0.2506096661090851,0.9998653531074524,0.9982231259346008
109,1.817,4,RIGHT_EYE_INNER,0.5283187627792358,0.4029006063938141,-0.2525547742843628,0.9998693466186523,0.997859537601471
109,1.817,5,RIGHT_EYE,0.5226929783821106,0.4030179977416992,-0.25256556272506714,0.9998611807823181,0.9977508187294006
109,1.817,6,RIGHT_EYE_OUTER,0.5181931853294373,0.40313199162483215,-0.2526293396949768,0.9998483061790466,0.9976601600646973
109,1.817,7,LEFT_EAR,0.556612491607666,0.4081617593765259,-0.12612681090831757,0.9996964931488037,0.9984608888626099
109,1.817,8,RIGHT_EAR,0.5118711590766907,0.4079166054725647,-0.13866358995437622,0.9996792078018188,0.9978502988815308
109,1.817,9,MOUTH_LEFT,0.5443088412284851,0.4185623228549957,-0.2245541512966156,0.9999451637268066,0.9997512698173523
109,1.817,10,MOUTH_RIGHT,0.5261783003807068,0.4187682867050171,-0.22794954478740692,0.9999461770057678,0.9996899366378784
109,1.817,11,LEFT_SHOULDER,0.5958616137504578,0.4540272653102875,-0.05787567049264908,0.999966025352478,0.999884843826294
109,1.817,12,RIGHT_SHOULDER,0.4720781147480011,0.4539834260940552,-0.062435172498226166,0.9999303221702576,0.9998958110809326
109,1.817,13,LEFT_ELBOW,0.615483283996582,0.5017753839492798,-0.029012439772486687,0.9881511926651001,0.9997701048851013
109,1.817,14,RIGHT_ELBOW,0.44050440192222595,0.504067599773407,-0.017691411077976227,0.9730241894721985,0.9995424747467041
109,1.817,15,LEFT_WRIST,0.6123588681221008,0.5442613363265991,-0.1732841283082962,0.9911624193191528,0.9998960494995117
109,1.817,16,RIGHT_WRIST,0.42521870136260986,0.5503872632980347,-0.12043016403913498,0.958416759967804,0.9986953139305115
109,1.817,17,LEFT_PINKY,0.6099005937576294,0.5594890117645264,-0.21294425427913666,0.983406662940979,0.9997544884681702
109,1.817,18,RIGHT_PINKY,0.41799435019493103,0.5657252669334412,-0.1534552276134491,0.9352450966835022,0.9980385899543762
109,1.817,19,LEFT_INDEX,0.601858913898468,0.5564614534378052,-0.24912691116333008,0.9841957092285156,0.999800980091095
109,1.817,20,RIGHT_INDEX,0.4240474998950958,0.5655032396316528,-0.19738468527793884,0.9393368363380432,0.9981253743171692
109,1.817,21,LEFT_THUMB,0.5994271636009216,0.5518907904624939,-0.1892917901277542,0.9791938066482544,0.9998650550842285
109,1.817,22,RIGHT_THUMB,0.4297601878643036,0.5619927048683167,-0.14017581939697266,0.9331722855567932,0.9987232089042664
109,1.817,23,LEFT_HIP,0.5661570429801941,0.5585338473320007,0.014530765824019909,0.9994170069694519,0.9994534850120544
109,1.817,24,RIGHT_HIP,0.4955649971961975,0.5586884617805481,-0.014467577449977398,0.999796986579895,0.9998262524604797
109,1.817,25,LEFT_KNEE,0.5571896433830261,0.6276534199714661,0.12352796643972397,0.973267138004303,0.9996882677078247
109,1.817,26,RIGHT_KNEE,0.4957062900066376,0.6295427083969116,-0.10204324126243591,0.9823085069656372,0.9998076558113098
109,1.817,27,LEFT_ANKLE,0.5470369458198547,0.6848189830780029,0.3682440221309662,0.9579827189445496,0.9974390268325806
109,1.817,28,RIGHT_ANKLE,0.4903446435928345,0.7062557339668274,-0.0020341388881206512,0.9691024422645569,0.9965751767158508
109,1.817,29,LEFT_HEEL,0.5388574600219727,0.6930189728736877,0.38505101203918457,0.8277067542076111,0.9956511855125427
109,1.817,30,RIGHT_HEEL,0.4964902997016907,0.7138869166374207,-0.001209369278512895,0.8010686039924622,0.9921990036964417
109,1.817,31,LEFT_FOOT_INDEX,0.5595422983169556,0.7037678360939026,0.2626884877681732,0.943712055683136,0.9886434674263
109,1.817,32,RIGHT_FOOT_INDEX,0.48014479875564575,0.7266808748245239,-0.1697973906993866,0.9549979567527771,0.9664822816848755
110,1.834,0,NOSE,0.5331153273582458,0.41032859683036804,-0.2840586304664612,0.9999666213989258,0.9995707869529724
110,1.834,1,LEFT_EYE_INNER,0.5412701368331909,0.40375468134880066,-0.26327434182167053,0.9998711347579956,0.9983927607536316
110,1.834,2,LEFT_EYE,0.5449930429458618,0.4039888381958008,-0.2632930874824524,0.9998730421066284,0.9984773993492126
110,1.834,3,LEFT_EYE_OUTER,0.5484771728515625,0.40425190329551697,-0.2632073760032654,0.9998643398284912,0.9984489679336548
110,1.834,4,RIGHT_EYE_INNER,0.5256127715110779,0.4036458432674408,-0.26487118005752563,0.9998714923858643,0.9983330368995667
110,1.834,5,RIGHT_EYE,0.5199617147445679,0.40378671884536743,-0.26488932967185974,0.9998636245727539,0.9982936978340149
110,1.834,6,RIGHT_EYE_OUTER,0.5154948830604553,0.4039355218410492,-0.264981210231781,0.9998514652252197,0.9982763528823853
110,1.834,7,LEFT_EAR,0.5550839304924011,0.4087337255477905,-0.13106533885002136,0.9996909499168396,0.9986300468444824
110,1.834,8,RIGHT_EAR,0.509446918964386,0.40870198607444763,-0.14304588735103607,0.9996821284294128,0.9985604882240295
110,1.834,9,MOUTH_LEFT,0.5423718094825745,0.41928187012672424,-0.23433293402194977,0.9999442100524902,0.9997767806053162
110,1.834,10,MOUTH_RIGHT,0.5238859057426453,0.4197562634944916,-0.23755422234535217,0.9999469518661499,0.9997544884681702
110,1.834,11,LEFT_SHOULDER,0.5953072905540466,0.4546326696872711,-0.06097462400794029,0.999965250492096,0.9998677968978882
110,1.834,12,RIGHT_SHOULDER,0.4709724485874176,0.45474112033843994,-0.06658013164997101,0.9999346137046814,0.9999479055404663
110,1.834,13,LEFT_ELBOW,0.6147397756576538,0.5029335618019104,-0.030672360211610794,0.9878582954406738,0.9997377991676331
110,1.834,14,RIGHT_ELBOW,0.439430296421051,0.5051997303962708,-0.02357555739581585,0.9736966490745544,0.999687671661377
110,1.834,15,LEFT_WRIST,0.611598551273346,0.5467332601547241,-0.1766355335712433,0.9910070896148682,0.9998843669891357
110,1.834,16,RIGHT_WRIST,0.42471736669540405,0.5518602728843689,-0.12720109522342682,0.9583604335784912,0.9989203214645386
110,1.834,17,LEFT_PINKY,0.6097741723060608,0.5623080730438232,-0.2179946005344391,0.983142077922821,0.9997639060020447
110,1.834,18,RIGHT_PINKY,0.41759681701660156,0.567246675491333,-0.1597578376531601,0.9348964095115662,0.9984403252601624
110,1.834,19,LEFT_INDEX,0.601290762424469,0.5595894455909729,-0.2557521164417267,0.9839339256286621,0.9998040795326233
110,1.834,20,RIGHT_INDEX,0.4236976206302643,0.5670025944709778,-0.2062263786792755,0.9392197728157043,0.9984942674636841
110,1.834,21,LEFT_THUMB,0.5986506938934326,0.554960310459137,-0.19330093264579773,0.9787812232971191,0.9998619556427002
110,1.834,22,RIGHT_THUMB,0.4296240508556366,0.5634738802909851,-0.14753523468971252,0.9329259991645813,0.9989749193191528
110,1.834,23,LEFT_HIP,0.5661672949790955,0.5597858428955078,0.01656336523592472,0.999424934387207,0.9995310306549072
110,1.834,24,RIGHT_HIP,0.4955309331417084,0.5602479577064514,-0.016551511362195015,0.9998114109039307,0.9999150037765503
110,1.834,25,LEFT_KNEE,0.5572453737258911,0.6287081241607666,0.1543976217508316,0.9729777574539185,0.9997285008430481
110,1.834,26,RIGHT_KNEE,0.4955947995185852,0.6314824819564819,-0.11936526745557785,0.9830968379974365,0.9999010562896729
110,1.834,27,LEFT_ANKLE,0.547042191028595,0.6848146319389343,0.4316021502017975,0.9559783935546875,0.9981369972229004
110,1.834,28,RIGHT_ANKLE,0.4901675283908844,0.7081114649772644,-0.05253534018993378,0.9698941111564636,0.9979038238525391
110,1.834,29,LEFT_HEEL,0.5388763546943665,0.692754328250885,0.4515875279903412,0.8241609334945679,0.9969826340675354
110,1.834,30,RIGHT_HEEL,0.4965551793575287,0.7163617610931396,-0.05557361617684364,0.7967521548271179,0.9947918057441711
110,1.834,31,LEFT_FOOT_INDEX,0.5592317581176758,0.7045648694038391,0.33341604471206665,0.9423275589942932,0.9929690957069397
110,1.834,32,RIGHT_FOOT_INDEX,0.48090124130249023,0.7295441031455994,-0.23205600678920746,0.9557267427444458,0.9755722284317017
111,1.85,0,NOSE,0.5302419662475586,0.41079095005989075,-0.29581785202026367,0.9999651312828064,0.9993371367454529
111,1.85,1,LEFT_EYE_INNER,0.5386629104614258,0.4041796922683716,-0.2747860550880432,0.9998642802238464,0.9974048733711243
111,1.85,2,LEFT_EYE,0.5427750945091248,0.4044199585914612,-0.2748000919818878,0.9998652935028076,0.9974682331085205
111,1.85,3,LEFT_EYE_OUTER,0.546000063419342,0.404680073261261,-0.27470967173576355,0.9998539090156555,0.9973711967468262
111,1.85,4,RIGHT_EYE_INNER,0.5224355459213257,0.4040924906730652,-0.27611351013183594,0.9998689889907837,0.9975666999816895
111,1.85,5,RIGHT_EYE,0.5170043110847473,0.4042164385318756,-0.27612724900245667,0.9998608827590942,0.9976119995117188
111,1.85,6,RIGHT_EYE_OUTER,0.512330949306488,0.40437227487564087,-0.2762349545955658,0.9998494982719421,0.9976890087127686
111,1.85,7,LEFT_EAR,0.5529013276100159,0.4092469811439514,-0.14045493304729462,0.9996678829193115,0.9975289702415466
111,1.85,8,RIGHT_EAR,0.5069878101348877,0.40911611914634705,-0.15133729577064514,0.9996717572212219,0.998172402381897
111,1.85,9,MOUTH_LEFT,0.5398613214492798,0.4197593927383423,-0.24544483423233032,0.9999397993087769,0.9996293783187866
111,1.85,10,MOUTH_RIGHT,0.5211582779884338,0.42023319005966187,-0.24836614727973938,0.9999451637268066,0.9996494054794312
111,1.85,11,LEFT_SHOULDER,0.5933248996734619,0.45533448457717896,-0.06209434196352959,0.9999604225158691,0.9997174143791199
111,1.85,12,RIGHT_SHOULDER,0.4683475196361542,0.45574623346328735,-0.07158492505550385,0.9999380111694336,0.999945878982544
111,1.85,13,LEFT_ELBOW,0.6136477589607239,0.5037416219711304,-0.03184979036450386,0.9871507883071899,0.9994569420814514
111,1.85,14,RIGHT_ELBOW,0.4381924569606781,0.506416916847229,-0.025873517617583275,0.9737768173217773,0.9996613264083862
111,1.85,15,LEFT_WRIST,0.6110340356826782,0.5484712719917297,-0.17641761898994446,0.9901835918426514,0.9997166991233826
111,1.85,16,RIGHT_WRIST,0.42429614067077637,0.5537223815917969,-0.12726451456546783,0.957642674446106,0.9988312125205994
111,1.85,17,LEFT_PINKY,0.6097355484962463,0.5643903017044067,-0.2165672779083252,0.981724202632904,0.9994887113571167
111,1.85,18,RIGHT_PINKY,0.41745424270629883,0.5690956711769104,-0.16058677434921265,0.9336128234863281,0.9983112812042236
111,1.85,19,LEFT_INDEX,0.6012296676635742,0.5622250437736511,-0.25528526306152344,0.9825781583786011,0.9995666146278381
111,1.85,20,RIGHT_INDEX,0.4234929084777832,0.5688702464103699,-0.2063395082950592,0.9382575154304504,0.9983612895011902
111,1.85,21,LEFT_THUMB,0.5984283685684204,0.5574632287025452,-0.1933814436197281,0.9770937561988831,0.9996852874755859
111,1.85,22,RIGHT_THUMB,0.42944759130477905,0.5653957724571228,-0.1478046327829361,0.9318413138389587,0.9988827109336853
111,1.85,23,LEFT_HIP,0.5660916566848755,0.5610290765762329,0.014875655993819237,0.9994108080863953,0.9992961883544922
111,1.85,24,RIGHT_HIP,0.4952998459339142,0.5617154836654663,-0.014856614172458649,0.9998236894607544,0.9999184608459473
111,1.85,25,LEFT_KNEE,0.5573033690452576,0.6291206479072571,0.15922315418720245,0.9725388288497925,0.9995751976966858
111,1.85,26,RIGHT_KNEE,0.49551764130592346,0.6332646012306213,-0.10835032910108566,0.9836127161979675,0.9999066591262817
111,1.85,27,LEFT_ANKLE,0.547052800655365,0.6848284006118774,0.4492109715938568,0.9526737332344055,0.9980520009994507
111,1.85,28,RIGHT_ANKLE,0.4902120530605316,0.7099190354347229,-0.032582078129053116,0.9702982306480408,0.9982130527496338
111,1.85,29,LEFT_HEEL,0.5389053821563721,0.6925697922706604,0.4707849621772766,0.8194697499275208,0.9970415234565735
111,1.85,30,RIGHT_HEEL,0.4971213936805725,0.718662679195404,-0.03492468222975731,0.7943823337554932,0.9953525066375732
111,1.85,31,LEFT_FOOT_INDEX,0.5589224100112915,0.7043235301971436,0.3556281626224518,0.9398849606513977,0.9930029511451721
111,1.85,32,RIGHT_FOOT_INDEX,0.48079708218574524,0.7315208315849304,-0.20920957624912262,0.9558733105659485,0.9758570790290833
112,1.867,0,NOSE,0.5281893610954285,0.4111732244491577,-0.2996477484703064,0.99996417760849,0.9994890689849854
112,1.867,1,LEFT_EYE_INNER,0.5364726781845093,0.40456679463386536,-0.2778324484825134,0.9998601078987122,0.9981392621994019
112,1.867,2,LEFT_EYE,0.5404852628707886,0.40476980805397034,-0.2778509557247162,0.9998611211776733,0.9982726573944092
112,1.867,3,LEFT_EYE_OUTER,0.5440813899040222,0.40499356389045715,-0.2777613401412964,0.9998483657836914,0.998281717300415
112,1.867,4,RIGHT_EYE_INNER,0.5202267169952393,0.4045061469078064,-0.27963516116142273,0.9998664855957031,0.9979994893074036
112,1.867,5,RIGHT_EYE,0.5146239399909973,0.4046410620212555,-0.2796488106250763,0.9998582601547241,0.9979472756385803
112,1.867,6,RIGHT_EYE_OUTER,0.5100148320198059,0.4047997295856476,-0.2797531187534332,0.9998466968536377,0.9979179501533508
112,1.867,7,LEFT_EAR,0.5510761737823486,0.4094708561897278,-0.14077188074588776,0.9996474385261536,0.9985059499740601
112,1.867,8,RIGHT_EAR,0.5042049288749695,0.40934425592422485,-0.1530301570892334,0.9996591806411743,0.9982439279556274
112,1.867,9,MOUTH_LEFT,0.5378472805023193,0.4201456308364868,-0.24812184274196625,0.9999366402626038,0.9997486472129822
112,1.867,10,MOUTH_RIGHT,0.5192714333534241,0.42076873779296875,-0.2516988217830658,0.9999437928199768,0.9997145533561707
112,1.867,11,LEFT_SHOULDER,0.5921400785446167,0.45575401186943054,-0.06202114373445511,0.9999598860740662,0.9998766183853149
112,1.867,12,RIGHT_SHOULDER,0.4660639464855194,0.45610854029655457,-0.0740060806274414,0.9999414086341858,0.999948263168335
112,1.867,13,LEFT_ELBOW,0.6125337481498718,0.5050488114356995,-0.026087982580065727,0.9869316220283508,0.9997681975364685
112,1.867,14,RIGHT_ELBOW,0.4368436634540558,0.5074220895767212,-0.029821647331118584,0.9740133285522461,0.9997003078460693
112,1.867,15,LEFT_WRIST,0.610993504524231,0.5506173968315125,-0.17202472686767578,0.9901089072227478,0.9998958110809326
112,1.867,16,RIGHT_WRIST,0.42394158244132996,0.5554874539375305,-0.13230979442596436,0.9571260213851929,0.9989707469940186
112,1.867,17,LEFT_PINKY,0.6097587943077087,0.5669024586677551,-0.2121126353740692,0.9815195798873901,0.9997828602790833
112,1.867,18,RIGHT_PINKY,0.4169765114784241,0.5710224509239197,-0.16556033492088318,0.9327506422996521,0.9985575079917908
112,1.867,19,LEFT_INDEX,0.6014269590377808,0.5650604367256165,-0.2526359260082245,0.9823896884918213,0.9998160004615784
112,1.867,20,RIGHT_INDEX,0.4229973554611206,0.5707808136940002,-0.21327124536037445,0.9376330375671387,0.99857497215271
112,1.867,21,LEFT_THUMB,0.5985390543937683,0.5603742599487305,-0.18987226486206055,0.9768330454826355,0.9998716115951538
112,1.867,22,RIGHT_THUMB,0.42908820509910583,0.5672947764396667,-0.15349797904491425,0.9310114979743958,0.9990342855453491
112,1.867,23,LEFT_HIP,0.5660069584846497,0.5620993971824646,0.018597405403852463,0.999422550201416,0.9995556473731995
112,1.867,24,RIGHT_HIP,0.4949647784233093,0.5629864931106567,-0.018603896722197533,0.9998361468315125,0.9999226331710815
112,1.867,25,LEFT_KNEE,0.5572853684425354,0.6297672986984253,0.17348003387451172,0.9719870686531067,0.999805748462677
112,1.867,26,RIGHT_KNEE,0.4954177439212799,0.6338708400726318,-0.12212277203798294,0.9842867255210876,0.9999324083328247
112,1.867,27,LEFT_ANKLE,0.5470041632652283,0.6853329539299011,0.4620038568973541,0.9515380263328552,0.9989383816719055
112,1.867,28,RIGHT_ANKLE,0.4901616871356964,0.7106835246086121,-0.050585538148880005,0.9711645245552063,0.9988395571708679
112,1.867,29,LEFT_HEEL,0.5388565063476562,0.6926310062408447,0.48307371139526367,0.8194288015365601,0.9983248114585876
112,1.867,30,RIGHT_HEEL,0.4972046911716461,0.7186065316200256,-0.05339646339416504,0.7931026816368103,0.9971223473548889
112,1.867,31,LEFT_FOOT_INDEX,0.559156060218811,0.7043447494506836,0.36570075154304504,0.9395564794540405,0.9961611032485962
112,1.867,32,RIGHT_FOOT_INDEX,0.4821898937225342,0.7326095700263977,-0.23140740394592285,0.9569994211196899,0.9864488244056702
113,1.884,0,NOSE,0.5249658823013306,0.4112921953201294,-0.30646300315856934,0.9999638795852661,0.9995086193084717
113,1.884,1,LEFT_EYE_INNER,0.5331716537475586,0.40473225712776184,-0.28494566679000854,0.9998574256896973,0.9981325268745422
113,1.884,2,LEFT_EYE,0.5375267863273621,0.4049331843852997,-0.28496164083480835,0.9998578429222107,0.9982149600982666
113,1.884,3,LEFT_EYE_OUTER,0.5409862399101257,0.4051280617713928,-0.2848733365535736,0.9998437762260437,0.9981791973114014
113,1.884,4,RIGHT_EYE_INNER,0.5170823335647583,0.4046357274055481,-0.2860381603240967,0.9998663067817688,0.9981056451797485
113,1.884,5,RIGHT_EYE,0.5118210911750793,0.4047606885433197,-0.2860516905784607,0.9998576045036316,0.9980770349502563
113,1.884,6,RIGHT_EYE_OUTER,0.5072355270385742,0.4048987030982971,-0.2861461639404297,0.999846339225769,0.9980809688568115
113,1.884,7,LEFT_EAR,0.5482694506645203,0.40950286388397217,-0.14925861358642578,0.9996335506439209,0.9983338713645935
113,1.884,8,RIGHT_EAR,0.5018925070762634,0.4092146158218384,-0.15873011946678162,0.9996524453163147,0.9984132051467896
113,1.884,9,MOUTH_LEFT,0.5350445508956909,0.42030662298202515,-0.2556755840778351,0.9999341368675232,0.9997252821922302
113,1.884,10,MOUTH_RIGHT,0.5167338848114014,0.42086270451545715,-0.25835585594177246,0.9999428391456604,0.9997058510780334
113,1.884,11,LEFT_SHOULDER,0.5905358195304871,0.4558640420436859,-0.06654573976993561,0.9999579191207886,0.9998400211334229
113,1.884,12,RIGHT_SHOULDER,0.4638611078262329,0.45660459995269775,-0.07942154258489609,0.999944269657135,0.9999430179595947
113,1.884,13,LEFT_ELBOW,0.6112490892410278,0.5059520602226257,-0.026259027421474457,0.9869518280029297,0.9996846914291382
113,1.884,14,RIGHT_ELBOW,0.43563950061798096,0.5084887742996216,-0.03791813924908638,0.9737131595611572,0.9996428489685059
113,1.884,15,LEFT_WRIST,0.6109050512313843,0.5529441833496094,-0.17231835424900055,0.9900967478752136,0.9998422861099243
113,1.884,16,RIGHT_WRIST,0.4238036870956421,0.5572900772094727,-0.1411287486553192,0.9560210108757019,0.9988151788711548
113,1.884,17,LEFT_PINKY,0.6100688576698303,0.56922847032547,-0.21144181489944458,0.9813497066497803,0.9996577501296997
113,1.884,18,RIGHT_PINKY,0.41660934686660767,0.572868287563324,-0.1740768551826477,0.9309527277946472,0.9982888102531433
113,1.884,19,LEFT_INDEX,0.6015365719795227,0.5679426789283752,-0.25257351994514465,0.9822210669517517,0.9997153878211975
113,1.884,20,RIGHT_INDEX,0.42306527495384216,0.5726064443588257,-0.22073626518249512,0.936055064201355,0.998350977897644
113,1.884,21,LEFT_THUMB,0.5986557006835938,0.5636182427406311,-0.19023999571800232,0.9766491651535034,0.9998062252998352
113,1.884,22,RIGHT_THUMB,0.4291347563266754,0.5692957043647766,-0.1619112342596054,0.9292577505111694,0.998884379863739
113,1.884,23,LEFT_HIP,0.5658195614814758,0.5623475313186646,0.01750258356332779,0.9994170069694519,0.999427318572998
113,1.884,24,RIGHT_HIP,0.4941845238208771,0.5633423328399658,-0.017502767965197563,0.9998461604118347,0.9999194145202637
113,1.884,25,LEFT_KNEE,0.5572752356529236,0.6304094791412354,0.16669651865959167,0.9715071320533752,0.9997177720069885
113,1.884,26,RIGHT_KNEE,0.4952682554721832,0.6345722079277039,-0.12449288368225098,0.9849141240119934,0.999932050704956
113,1.884,27,LEFT_ANKLE,0.5469105839729309,0.6865087151527405,0.43370798230171204,0.9508834481239319,0.9987062215805054
113,1.884,28,RIGHT_ANKLE,0.4901614785194397,0.7120847105979919,-0.053472377359867096,0.9721954464912415,0.9988158941268921
113,1.884,29,LEFT_HEEL,0.5386970043182373,0.694617509841919,0.45209479331970215,0.8203417062759399,0.997930645942688
113,1.884,30,RIGHT_HEEL,0.49742504954338074,0.7201462984085083,-0.05673833191394806,0.7956112623214722,0.9967936873435974
113,1.884,31,LEFT_FOOT_INDEX,0.5620366334915161,0.7044854760169983,0.33142733573913574,0.939474880695343,0.9946734309196472
113,1.884,32,RIGHT_FOOT_INDEX,0.4820699095726013,0.7337633371353149,-0.2346673160791397,0.9582588076591492,0.9830976128578186
114,1.9,0,NOSE,0.5226312875747681,0.4114639461040497,-0.3053295314311981,0.9999628067016602,0.9993016719818115
114,1.9,1,LEFT_EYE_INNER,0.5308573246002197,0.4048277735710144,-0.283779114484787,0.9998510479927063,0.9973728656768799
114,1.9,2,LEFT_EYE,0.5352798700332642,0.4050198197364807,-0.283797949552536,0.9998510479927063,0.9975342750549316
114,1.9,3,LEFT_EYE_OUTER,0.538628339767456,0.4052007496356964,-0.2837168872356415,0.9998352527618408,0.9975255131721497
114,1.9,4,RIGHT_EYE_INNER,0.51457679271698,0.4047500789165497,-0.28500330448150635,0.999862015247345,0.9972654581069946
114,1.9,5,RIGHT_EYE,0.5093483924865723,0.4048779606819153,-0.2850131094455719,0.9998525381088257,0.997223973274231
114,1.9,6,RIGHT_EYE_OUTER,0.5047076344490051,0.4050154983997345,-0.2851046323776245,0.9998408555984497,0.9972149133682251
114,1.9,7,LEFT_EAR,0.5460928678512573,0.4095399081707001,-0.14904999732971191,0.999611496925354,0.9977667331695557
114,1.9,8,RIGHT_EAR,0.4995916783809662,0.4092019200325012,-0.15872405469417572,0.9996289014816284,0.9976546764373779
114,1.9,9,MOUTH_LEFT,0.5326915383338928,0.42042747139930725,-0.25493529438972473,0.9999302625656128,0.9996174573898315
114,1.9,10,MOUTH_RIGHT,0.5144706964492798,0.42104655504226685,-0.2577035129070282,0.9999399185180664,0.9995670914649963
114,1.9,11,LEFT_SHOULDER,0.5888047218322754,0.45598194003105164,-0.06726731359958649,0.9999558329582214,0.9997921586036682
114,1.9,12,RIGHT_SHOULDER,0.46151939034461975,0.45709821581840515,-0.07940860092639923,0.9999458193778992,0.9999192953109741
114,1.9,13,LEFT_ELBOW,0.6097930073738098,0.5068161487579346,-0.025623492896556854,0.9869966506958008,0.9996205568313599
114,1.9,14,RIGHT_ELBOW,0.43478474020957947,0.5091410279273987,-0.0378686785697937,0.973212480545044,0.999576985836029
114,1.9,15,LEFT_WRIST,0.6108964681625366,0.5551913380622864,-0.16497227549552917,0.9901238083839417,0.9998200535774231
114,1.9,16,RIGHT_WRIST,0.4237336218357086,0.5583484172821045,-0.14094392955303192,0.9550447463989258,0.9987175464630127
114,1.9,17,LEFT_PINKY,0.6107233166694641,0.5712931156158447,-0.20257318019866943,0.9813204407691956,0.9996199607849121
114,1.9,18,RIGHT_PINKY,0.41627857089042664,0.5738605856895447,-0.1739175170660019,0.929408073425293,0.9981915354728699
114,1.9,19,LEFT_INDEX,0.6017025709152222,0.5701004266738892,-0.2451164871454239,0.9821978211402893,0.9996755123138428
114,1.9,20,RIGHT_INDEX,0.4231489300727844,0.5735945105552673,-0.22032777965068817,0.9348570108413696,0.9982245564460754
114,1.9,21,LEFT_THUMB,0.5987208485603333,0.5662617087364197,-0.18337306380271912,0.9766422510147095,0.999777615070343
114,1.9,22,RIGHT_THUMB,0.4291863441467285,0.5702866911888123,-0.16167046129703522,0.9279893636703491,0.9987843632698059
114,1.9,23,LEFT_HIP,0.5653996467590332,0.5630885362625122,0.01659233681857586,0.9994154572486877,0.999382495880127
114,1.9,24,RIGHT_HIP,0.4935013949871063,0.5640405416488647,-0.01659136265516281,0.9998551607131958,0.9999116659164429
114,1.9,25,LEFT_KNEE,0.5572678446769714,0.6307229399681091,0.15861065685749054,0.971315860748291,0.9996341466903687
114,1.9,26,RIGHT_KNEE,0.49490097165107727,0.6347311735153198,-0.11206360906362534,0.9852518439292908,0.999902606010437
114,1.9,27,LEFT_ANKLE,0.5468512773513794,0.6862834095954895,0.4606834352016449,0.9482274651527405,0.9982403516769409
114,1.9,28,RIGHT_ANKLE,0.49015265703201294,0.7120959758758545,-0.025962550193071365,0.9723573327064514,0.9983046054840088
114,1.9,29,LEFT_HEEL,0.5386606454849243,0.6943074464797974,0.4837644100189209,0.81757652759552,0.9973892569541931
114,1.9,30,RIGHT_HEEL,0.4976034164428711,0.7196968197822571,-0.02734212391078472,0.7941367030143738,0.9956693649291992
114,1.9,31,LEFT_FOOT_INDEX,0.5616060495376587,0.704681396484375,0.3692511022090912,0.9376392960548401,0.9939746260643005
114,1.9,32,RIGHT_FOOT_INDEX,0.48193320631980896,0.7343723773956299,-0.20205402374267578,0.9582562446594238,0.9774866700172424
115,1.917,0,NOSE,0.5202128887176514,0.41149523854255676,-0.3174261152744293,0.9999626278877258,0.9995155334472656
115,1.917,1,LEFT_EYE_INNER,0.5281705260276794,0.40482452511787415,-0.29570138454437256,0.9998486042022705,0.9981259703636169
115,1.917,2,LEFT_EYE,0.5326586961746216,0.40500372648239136,-0.29570987820625305,0.9998480677604675,0.9982384443283081
115,1.917,3,LEFT_EYE_OUTER,0.5358684659004211,0.40516722202301025,-0.2956181764602661,0.999830424785614,0.9982256293296814
115,1.917,4,RIGHT_EYE_INNER,0.5119649171829224,0.4047700762748718,-0.29717323184013367,0.999860942363739,0.9980765581130981
115,1.917,5,RIGHT_EYE,0.5068243741989136,0.40490835905075073,-0.2971760034561157,0.999851644039154,0.9980571866035461
115,1.917,6,RIGHT_EYE_OUTER,0.5022029280662537,0.40505391359329224,-0.29727691411972046,0.9998398423194885,0.9980542659759521
115,1.917,7,LEFT_EAR,0.5432879328727722,0.40944144129753113,-0.15775015950202942,0.9995952248573303,0.9983599781990051
115,1.917,8,RIGHT_EAR,0.4973054528236389,0.40908393263816833,-0.16931140422821045,0.999618411064148,0.9984207153320312
115,1.917,9,MOUTH_LEFT,0.5302990674972534,0.42041105031967163,-0.2654384970664978,0.9999285936355591,0.9997226595878601
115,1.917,10,MOUTH_RIGHT,0.5124930739402771,0.42114126682281494,-0.268701434135437,0.9999395608901978,0.9996994733810425
115,1.917,11,LEFT_SHOULDER,0.5878079533576965,0.4559035301208496,-0.06731634587049484,0.9999557733535767,0.9998635053634644
115,1.917,12,RIGHT_SHOULDER,0.4600922465324402,0.45684853196144104,-0.09026259183883667,0.9999487400054932,0.9999520778656006
115,1.917,13,LEFT_ELBOW,0.6086819767951965,0.5073605179786682,-0.022151269018650055,0.9871295094490051,0.999762237071991
115,1.917,14,RIGHT_ELBOW,0.4342121183872223,0.5093026757240295,-0.05147526040673256,0.973563551902771,0.999731719493866
115,1.917,15,LEFT_WRIST,0.6109108924865723,0.5562514066696167,-0.1575053334236145,0.9902165532112122,0.9998623132705688
115,1.917,16,RIGHT_WRIST,0.42370909452438354,0.5587111115455627,-0.1548282951116562,0.9553257822990417,0.9992085099220276
115,1.917,17,LEFT_PINKY,0.611720621585846,0.5721737146377563,-0.19406698644161224,0.9813982248306274,0.999703586101532
115,1.917,18,RIGHT_PINKY,0.416120320558548,0.5747511982917786,-0.18840910494327545,0.9294823408126831,0.9988815188407898
115,1.917,19,LEFT_INDEX,0.6023350954055786,0.5713148713111877,-0.23779284954071045,0.9822836518287659,0.9997389912605286
115,1.917,20,RIGHT_INDEX,0.4232443869113922,0.5744921565055847,-0.23404859006404877,0.9351334571838379,0.9988881945610046
115,1.917,21,LEFT_THUMB,0.5989539623260498,0.5676546096801758,-0.1762988269329071,0.9767826199531555,0.9998216032981873
115,1.917,22,RIGHT_THUMB,0.4292926788330078,0.5711262226104736,-0.17494167387485504,0.928092360496521,0.9992431402206421
115,1.917,23,LEFT_HIP,0.5650278329849243,0.5632782578468323,0.019199863076210022,0.9994328022003174,0.9996035695075989
115,1.917,24,RIGHT_HIP,0.4922557771205902,0.5638678073883057,-0.0192472692579031,0.9998654723167419,0.9999406337738037
115,1.917,25,LEFT_KNEE,0.5572536587715149,0.6305256485939026,0.17277555167675018,0.9711377024650574,0.9997506737709045
115,1.917,26,RIGHT_KNEE,0.49473679065704346,0.6350787878036499,-0.12392715364694595,0.9858287572860718,0.9999284744262695
115,1.917,27,LEFT_ANKLE,0.546957790851593,0.6850692629814148,0.515538215637207,0.945025622844696,0.9986384510993958
115,1.917,28,RIGHT_ANKLE,0.490069180727005,0.7129005193710327,-0.04666581749916077,0.9728896021842957,0.9986485838890076
115,1.917,29,LEFT_HEEL,0.5388627052307129,0.6928749680519104,0.5429309606552124,0.8140592575073242,0.9980255365371704
115,1.917,30,RIGHT_HEEL,0.49765777587890625,0.7199820280075073,-0.048358187079429626,0.7932301163673401,0.9966527819633484
115,1.917,31,LEFT_FOOT_INDEX,0.5613563656806946,0.7045310139656067,0.4345378577709198,0.9357357621192932,0.9957793951034546
115,1.917,32,RIGHT_FOOT_INDEX,0.48313456773757935,0.7355901598930359,-0.22647029161453247,0.958976149559021,0.9822715520858765
116,1.934,0,NOSE,0.5183879733085632,0.4114321768283844,-0.33106762170791626,0.9999619126319885,0.9993966817855835
116,1.934,1,LEFT_EYE_INNER,0.526299238204956,0.40474945306777954,-0.30930957198143005,0.9998422861099243,0.9976930022239685
116,1.934,2,LEFT_EYE,0.5308802723884583,0.404931902885437,-0.3093193471431732,0.9998412132263184,0.9978067278862
116,1.934,3,LEFT_EYE_OUTER,0.5339096784591675,0.4051012694835663,-0.3092319965362549,0.9998204708099365,0.9977917671203613
116,1.934,4,RIGHT_EYE_INNER,0.5100528001785278,0.40468448400497437,-0.31077679991722107,0.9998570084571838,0.9976978898048401
116,1.934,5,RIGHT_EYE,0.5049378871917725,0.4048194885253906,-0.3107720613479614,0.9998471736907959,0.9976825714111328
116,1.934,6,RIGHT_EYE_OUTER,0.5001503229141235,0.4049645960330963,-0.310882031917572,0.9998340606689453,0.9977036118507385
116,1.934,7,LEFT_EAR,0.5411018133163452,0.4093745946884155,-0.16926448047161102,0.9995717406272888,0.997885525226593
116,1.934,8,RIGHT_EAR,0.4951849579811096,0.4089793860912323,-0.18101635575294495,0.9995941519737244,0.9981050491333008
116,1.934,9,MOUTH_LEFT,0.5281745195388794,0.42032766342163086,-0.2781102955341339,0.9999246001243591,0.9996346235275269
116,1.934,10,MOUTH_RIGHT,0.5106053948402405,0.4210396409034729,-0.28135615587234497,0.9999364614486694,0.9996091723442078
116,1.934,11,LEFT_SHOULDER,0.5861555337905884,0.45577484369277954,-0.07395113259553909,0.9999533295631409,0.9997983574867249
116,1.934,12,RIGHT_SHOULDER,0.4574933648109436,0.45682552456855774,-0.09698411077260971,0.9999501705169678,0.9999384880065918
116,1.934,13,LEFT_ELBOW,0.6076720356941223,0.5074821710586548,-0.02260531298816204,0.9874087572097778,0.9996820688247681
116,1.934,14,RIGHT_ELBOW,0.43288469314575195,0.5094316601753235,-0.0551520437002182,0.9732409715652466,0.9997020363807678
116,1.934,15,LEFT_WRIST,0.610964834690094,0.5574615597724915,-0.15245306491851807,0.990321159362793,0.9998039603233337
116,1.934,16,RIGHT_WRIST,0.4237995445728302,0.5590400695800781,-0.15724515914916992,0.9550027847290039,0.9991331696510315
116,1.934,17,LEFT_PINKY,0.6132333278656006,0.5734713077545166,-0.18663808703422546,0.9814340472221375,0.9995912909507751
116,1.934,18,RIGHT_PINKY,0.41620391607284546,0.5754392147064209,-0.19047467410564423,0.9285291433334351,0.9987831711769104
116,1.934,19,LEFT_INDEX,0.6037827134132385,0.5729004740715027,-0.23246008157730103,0.9823517203330994,0.9996379613876343
116,1.934,20,RIGHT_INDEX,0.4233168065547943,0.5751358270645142,-0.23654648661613464,0.9345830082893372,0.9987884163856506
116,1.934,21,LEFT_THUMB,0.599798858165741,0.5693301558494568,-0.1717841476202011,0.9768874049186707,0.9997532963752747
116,1.934,22,RIGHT_THUMB,0.4293749928474426,0.5716903805732727,-0.17752553522586823,0.9273251891136169,0.9991675615310669
116,1.934,23,LEFT_HIP,0.5641859769821167,0.5641516447067261,0.01797802560031414,0.9994416832923889,0.9995429515838623
116,1.934,24,RIGHT_HIP,0.4909583628177643,0.5651509761810303,-0.018013846129179,0.9998745322227478,0.9999480247497559
116,1.934,25,LEFT_KNEE,0.5572423338890076,0.6304804682731628,0.17657266557216644,0.9716354608535767,0.9996906518936157
116,1.934,26,RIGHT_KNEE,0.4941621422767639,0.6361639499664307,-0.10650090128183365,0.9863831996917725,0.9999357461929321
116,1.934,27,LEFT_ANKLE,0.5469960570335388,0.6841678023338318,0.5172328948974609,0.9439034461975098,0.9990197420120239
116,1.934,28,RIGHT_ANKLE,0.4899786412715912,0.7130674719810486,-0.0175104308873415,0.9738566875457764,0.9991851449012756
116,1.934,29,LEFT_HEEL,0.5390408635139465,0.6919265985488892,0.5440221428871155,0.8154994249343872,0.9986177682876587
116,1.934,30,RIGHT_HEEL,0.49798962473869324,0.720707356929779,-0.018796313554048538,0.7971058487892151,0.9978863596916199
116,1.934,31,LEFT_FOOT_INDEX,0.5612284541130066,0.7044069766998291,0.4314596652984619,0.9359248280525208,0.997032880783081
116,1.934,32,RIGHT_FOOT_INDEX,0.48267340660095215,0.7360943555831909,-0.19644621014595032,0.9602400064468384,0.9877822995185852
117,1.95,0,NOSE,0.5173678398132324,0.41146907210350037,-0.35535722970962524,0.9999628663063049,0.9996358156204224
117,1.95,1,LEFT_EYE_INNER,0.5251712799072266,0.40469416975975037,-0.3341485857963562,0.9998438358306885,0.9985663294792175
117,1.95,2,LEFT_EYE,0.5295490622520447,0.4048749506473541,-0.3341453969478607,0.9998422861099243,0.9986415505409241
117,1.95,3,LEFT_EYE_OUTER,0.5326536297798157,0.40504658222198486,-0.33405330777168274,0.999820351600647,0.9986271858215332
117,1.95,4,RIGHT_EYE_INNER,0.5088919401168823,0.4046286344528198,-0.3362424671649933,0.9998584389686584,0.9985066056251526
117,1.95,5,RIGHT_EYE,0.5036197304725647,0.40476173162460327,-0.3362286686897278,0.9998485445976257,0.9984617233276367
117,1.95,6,RIGHT_EYE_OUTER,0.4989205300807953,0.404906302690506,-0.33632612228393555,0.9998345971107483,0.9984127283096313
117,1.95,7,LEFT_EAR,0.5398178696632385,0.4093436002731323,-0.19056756794452667,0.999571681022644,0.9986101388931274
117,1.95,8,RIGHT_EAR,0.49354711174964905,0.4088969826698303,-0.20593243837356567,0.9995864629745483,0.9985332489013672
117,1.95,9,MOUTH_LEFT,0.527061402797699,0.42034417390823364,-0.30040955543518066,0.9999248385429382,0.9997474551200867
117,1.95,10,MOUTH_RIGHT,0.5094802975654602,0.42114120721817017,-0.30465513467788696,0.999936580657959,0.9997202754020691
117,1.95,11,LEFT_SHOULDER,0.5847365260124207,0.45564863085746765,-0.08853454142808914,0.9999538660049438,0.9998739957809448
117,1.95,12,RIGHT_SHOULDER,0.45573967695236206,0.456718772649765,-0.11119892448186874,0.9999520778656006,0.9999469518661499
117,1.95,13,LEFT_ELBOW,0.6070742011070251,0.5072920918464661,-0.023301783949136734,0.9877999424934387,0.99981290102005
117,1.95,14,RIGHT_ELBOW,0.4320797026157379,0.5094497203826904,-0.06070059910416603,0.9732784032821655,0.9997865557670593
117,1.95,15,LEFT_WRIST,0.6112359166145325,0.5573769807815552,-0.15184779465198517,0.990596354007721,0.9998852014541626
117,1.95,16,RIGHT_WRIST,0.42369624972343445,0.5590981841087341,-0.16213709115982056,0.9555422067642212,0.9993964433670044
117,1.95,17,LEFT_PINKY,0.6148365139961243,0.5735525488853455,-0.18621404469013214,0.981791079044342,0.9997513890266418
117,1.95,18,RIGHT_PINKY,0.4161587059497833,0.5757229328155518,-0.1957745999097824,0.9290121793746948,0.9991377592086792
117,1.95,19,LEFT_INDEX,0.6057848334312439,0.5730476379394531,-0.2331744283437729,0.9827198386192322,0.9997735619544983
117,1.95,20,RIGHT_INDEX,0.42342379689216614,0.5753406286239624,-0.24348661303520203,0.9352906942367554,0.9991231560707092
117,1.95,21,LEFT_THUMB,0.6012014746665955,0.5694743990898132,-0.17166532576084137,0.977386474609375,0.9998478889465332
117,1.95,22,RIGHT_THUMB,0.4294702410697937,0.571759819984436,-0.18304657936096191,0.9279819130897522,0.9993985891342163
117,1.95,23,LEFT_HIP,0.5632051229476929,0.5645904541015625,0.017122864723205566,0.9994664192199707,0.9997113347053528
117,1.95,24,RIGHT_HIP,0.4896305799484253,0.5656192898750305,-0.01715203747153282,0.9998837113380432,0.9999593496322632
117,1.95,25,LEFT_KNEE,0.5572365522384644,0.6306001543998718,0.19016346335411072,0.9723732471466064,0.9998032450675964
117,1.95,26,RIGHT_KNEE,0.4932582676410675,0.6374081969261169,-0.09720087051391602,0.9869092106819153,0.9999440908432007
117,1.95,27,LEFT_ANKLE,0.5470676422119141,0.6817981600761414,0.5648340582847595,0.9428753852844238,0.9991845488548279
117,1.95,28,RIGHT_ANKLE,0.4899420142173767,0.7132095098495483,0.012461715377867222,0.9746754169464111,0.9992786049842834
117,1.95,29,LEFT_HEEL,0.539335310459137,0.6869953274726868,0.5958404541015625,0.8160492181777954,0.9988829493522644
117,1.95,30,RIGHT_HEEL,0.4980297088623047,0.7211810946464539,0.014146758243441582,0.800567626953125,0.9982653260231018
117,1.95,31,LEFT_FOOT_INDEX,0.5609963536262512,0.70430588722229,0.4849565327167511,0.9361924529075623,0.9975556135177612
117,1.95,32,RIGHT_FOOT_INDEX,0.4823942482471466,0.7362714409828186,-0.15120083093643188,0.9613020420074463,0.9897218346595764
118,1.967,0,NOSE,0.5160383582115173,0.41142818331718445,-0.3487936556339264,0.9999637603759766,0.999516487121582
118,1.967,1,LEFT_EYE_INNER,0.5239694714546204,0.4046514630317688,-0.32766857743263245,0.9998446702957153,0.9980546236038208
118,1.967,2,LEFT_EYE,0.5283064842224121,0.4048105478286743,-0.3276654779911041,0.9998420476913452,0.9980890154838562
118,1.967,3,LEFT_EYE_OUTER,0.5315216779708862,0.40494993329048157,-0.3275815546512604,0.9998186826705933,0.9980208873748779
118,1.967,4,RIGHT_EYE_INNER,0.5075721740722656,0.40461286902427673,-0.3293372094631195,0.9998598694801331,0.998184859752655
118,1.967,5,RIGHT_EYE,0.5022535920143127,0.40474170446395874,-0.3293251097202301,0.9998499751091003,0.9981960654258728
118,1.967,6,RIGHT_EYE_OUTER,0.49755796790122986,0.404873251914978,-0.3294215798377991,0.9998360872268677,0.9982132911682129
118,1.967,7,LEFT_EAR,0.5387443900108337,0.40900498628616333,-0.18643003702163696,0.9995698928833008,0.9979640245437622
118,1.967,8,RIGHT_EAR,0.4919259548187256,0.40872544050216675,-0.1996414214372635,0.9995831847190857,0.9984765648841858
118,1.967,9,MOUTH_LEFT,0.525931715965271,0.4202784299850464,-0.2948037087917328,0.9999250769615173,0.999667763710022
118,1.967,10,MOUTH_RIGHT,0.5082555413246155,0.4210277795791626,-0.29838621616363525,0.9999368190765381,0.9996751546859741
118,1.967,11,LEFT_SHOULDER,0.5838282704353333,0.45557400584220886,-0.08853835612535477,0.9999538660049438,0.9998113512992859
118,1.967,12,RIGHT_SHOULDER,0.45358002185821533,0.4565066695213318,-0.10852313041687012,0.9999540448188782,0.9999496936798096
118,1.967,13,LEFT_ELBOW,0.6065309643745422,0.5070857405662537,-0.018117917701601982,0.9878664016723633,0.9996974468231201
118,1.967,14,RIGHT_ELBOW,0.4314015805721283,0.5093086957931519,-0.05820068344473839,0.9735103249549866,0.9997768998146057
118,1.967,15,LEFT_WRIST,0.6120392680168152,0.5569490194320679,-0.14307554066181183,0.9905879497528076,0.999824583530426
118,1.967,16,RIGHT_WRIST,0.42373624444007874,0.5588624477386475,-0.15937380492687225,0.9564821720123291,0.9994773268699646
118,1.967,17,LEFT_PINKY,0.6168859004974365,0.5735858678817749,-0.17647217214107513,0.9817708730697632,0.9996402263641357
118,1.967,18,RIGHT_PINKY,0.4162158966064453,0.5758370161056519,-0.19350995123386383,0.9301904439926147,0.9992213249206543
118,1.967,19,LEFT_INDEX,0.6079260110855103,0.573077380657196,-0.22502000629901886,0.9827096462249756,0.9996672868728638
118,1.967,20,RIGHT_INDEX,0.4236009120941162,0.5754029750823975,-0.2401670664548874,0.9365397095680237,0.9992094039916992
118,1.967,21,LEFT_THUMB,0.6027140021324158,0.5695256590843201,-0.16349875926971436,0.9774487614631653,0.9997736811637878
118,1.967,22,RIGHT_THUMB,0.4296434819698334,0.5714811086654663,-0.17999707162380219,0.9292921423912048,0.999464213848114
118,1.967,23,LEFT_HIP,0.5626160502433777,0.5650408864021301,0.016596507281064987,0.9994914531707764,0.9997252821922302
118,1.967,24,RIGHT_HIP,0.4887036979198456,0.5663965344429016,-0.016605326905846596,0.9998919367790222,0.9999644756317139
118,1.967,25,LEFT_KNEE,0.5582709312438965,0.6303605437278748,0.19411616027355194,0.9734544157981873,0.9998062252998352
118,1.967,26,RIGHT_KNEE,0.49254223704338074,0.6384944915771484,-0.056829068809747696,0.9874498844146729,0.9999468326568604
118,1.967,27,LEFT_ANKLE,0.5478474497795105,0.6789038181304932,0.5813363790512085,0.9435116052627563,0.9992815852165222
118,1.967,28,RIGHT_ANKLE,0.4898759722709656,0.7138350009918213,0.08879730850458145,0.9756466150283813,0.9994227886199951
118,1.967,29,LEFT_HEEL,0.5407466888427734,0.6839114427566528,0.6140848994255066,0.8182786703109741,0.9990369081497192
118,1.967,30,RIGHT_HEEL,0.4980548918247223,0.7216131687164307,0.09421161562204361,0.8062038421630859,0.998625636100769
118,1.967,31,LEFT_FOOT_INDEX,0.5608395338058472,0.7043264508247375,0.5028331279754639,0.9377656579017639,0.9976420998573303
118,1.967,32,RIGHT_FOOT_INDEX,0.48106902837753296,0.7370573878288269,-0.07855828106403351,0.9624655842781067,0.9905632734298706
119,1.984,0,NOSE,0.5154789686203003,0.4112640619277954,-0.36550480127334595,0.9999646544456482,0.9996397495269775
119,1.984,1,LEFT_EYE_INNER,0.5233044028282166,0.4043901860713959,-0.3447035551071167,0.9998455047607422,0.9985734224319458
119,1.984,2,LEFT_EYE,0.52732914686203,0.4045019745826721,-0.34469348192214966,0.9998414516448975,0.9985893368721008
119,1.984,3,LEFT_EYE_OUTER,0.530922532081604,0.40461257100105286,-0.344612717628479,0.99981689453125,0.9985264539718628
119,1.984,4,RIGHT_EYE_INNER,0.5071884989738464,0.40438488125801086,-0.3467830717563629,0.9998612999916077,0.9986743927001953
119,1.984,5,RIGHT_EYE,0.5015246272087097,0.4045323133468628,-0.346770316362381,0.9998512268066406,0.9986633062362671
119,1.984,6,RIGHT_EYE_OUTER,0.49678921699523926,0.40469488501548767,-0.3468584716320038,0.9998378157615662,0.9986534118652344
119,1.984,7,LEFT_EAR,0.5379053354263306,0.40834322571754456,-0.20097936689853668,0.9995711445808411,0.9984710812568665
119,1.984,8,RIGHT_EAR,0.49062278866767883,0.4082431495189667,-0.21601322293281555,0.9995779395103455,0.9987925291061401
119,1.984,9,MOUTH_LEFT,0.5250925421714783,0.42008736729621887,-0.31006860733032227,0.9999255537986755,0.9997227787971497
119,1.984,10,MOUTH_RIGHT,0.5073844790458679,0.420992374420166,-0.314268559217453,0.9999374151229858,0.9997314810752869
119,1.984,11,LEFT_SHOULDER,0.5825004577636719,0.4550842046737671,-0.10223623365163803,0.9999539852142334,0.9998503923416138
119,1.984,12,RIGHT_SHOULDER,0.45230966806411743,0.4563526511192322,-0.11763827502727509,0.9999552965164185,0.9999499320983887
119,1.984,13,LEFT_ELBOW,0.606329619884491,0.5067189335823059,-0.019324827939271927,0.988178014755249,0.9997571110725403
119,1.984,14,RIGHT_ELBOW,0.4304872155189514,0.5089395046234131,-0.06557105481624603,0.9735512733459473,0.9997820258140564
119,1.984,15,LEFT_WRIST,0.6132442951202393,0.5563382506370544,-0.14664940536022186,0.9907483458518982,0.999836802482605
119,1.984,16,RIGHT_WRIST,0.42386114597320557,0.5582525134086609,-0.16886289417743683,0.9572281837463379,0.9994786381721497
119,1.984,17,LEFT_PINKY,0.6191455721855164,0.5731492638587952,-0.17999908328056335,0.9819471836090088,0.9996465444564819
119,1.984,18,RIGHT_PINKY,0.4164924919605255,0.5757865905761719,-0.2041744589805603,0.9310445785522461,0.9992172718048096
119,1.984,19,LEFT_INDEX,0.6108794808387756,0.5727577805519104,-0.2281273603439331,0.9828875064849854,0.999675989151001
119,1.984,20,RIGHT_INDEX,0.4247299134731293,0.57521653175354,-0.24992986023426056,0.9374480843544006,0.9992208480834961
119,1.984,21,LEFT_THUMB,0.6053581237792969,0.5691055655479431,-0.16676242649555206,0.9777448773384094,0.999783456325531
119,1.984,22,RIGHT_THUMB,0.4302705228328705,0.5708433389663696,-0.18910469114780426,0.9301263689994812,0.9994658827781677
119,1.984,23,LEFT_HIP,0.5620981454849243,0.5653979778289795,0.014156091958284378,0.9995133280754089,0.9997602105140686
119,1.984,24,RIGHT_HIP,0.48782581090927124,0.5668735504150391,-0.014210151508450508,0.9998989105224609,0.9999663829803467
119,1.984,25,LEFT_KNEE,0.5591643452644348,0.6301204562187195,0.18391606211662292,0.9743603467941284,0.9997873902320862
119,1.984,26,RIGHT_KNEE,0.49152058362960815,0.6389036178588867,-0.04145388677716255,0.9878938794136047,0.9999440908432007
119,1.984,27,LEFT_ANKLE,0.5490759611129761,0.6768604516983032,0.5821406245231628,0.9423654675483704,0.9993053674697876
119,1.984,28,RIGHT_ANKLE,0.48989081382751465,0.7145302295684814,0.11022273451089859,0.9765767455101013,0.9994742274284363
119,1.984,29,LEFT_HEEL,0.5428086519241333,0.6798304915428162,0.6163265109062195,0.8141785860061646,0.9990980625152588
119,1.984,30,RIGHT_HEEL,0.49836769700050354,0.7221886515617371,0.1161472424864769,0.8121474385261536,0.9987427592277527
119,1.984,31,LEFT_FOOT_INDEX,0.5606617331504822,0.7042789459228516,0.5084829926490784,0.9379366040229797,0.9979169964790344
119,1.984,32,RIGHT_FOOT_INDEX,0.477341890335083,0.738596498966217,-0.055146120488643646,0.9636965394020081,0.9916204214096069
120,2.0,0,NOSE,0.5142294764518738,0.4112502336502075,-0.3875429332256317,0.9999659061431885,0.9997519850730896
120,2.0,1,LEFT_EYE_INNER,0.5220679640769958,0.4040355384349823,-0.3672734200954437,0.9998483061790466,0.9990701079368591
120,2.0,2,LEFT_EYE,0.5260016322135925,0.40411683917045593,-0.36726832389831543,0.9998435974121094,0.9990693926811218
120,2.0,3,LEFT_EYE_OUTER,0.5299121141433716,0.40420329570770264,-0.367194801568985,0.9998176693916321,0.9990255832672119
120,2.0,4,RIGHT_EYE_INNER,0.5061352849006653,0.40413346886634827,-0.36764511466026306,0.9998635649681091,0.9991534948348999
120,2.0,5,RIGHT_EYE,0.5003653168678284,0.4043072760105133,-0.3676285743713379,0.9998531937599182,0.9991384744644165
120,2.0,6,RIGHT_EYE_OUTER,0.49568164348602295,0.4045085906982422,-0.3677094876766205,0.9998399615287781,0.9991365075111389
120,2.0,7,LEFT_EAR,0.5369773507118225,0.40781742334365845,-0.21988341212272644,0.9995825886726379,0.9989997744560242
120,2.0,8,RIGHT_EAR,0.4894986152648926,0.4079793095588684,-0.2270774245262146,0.9995774626731873,0.9992617964744568
120,2.0,9,MOUTH_LEFT,0.5238136053085327,0.41999343037605286,-0.3301384150981903,0.9999274611473083,0.9998020529747009
120,2.0,10,MOUTH_RIGHT,0.5060595870018005,0.4209488034248352,-0.3320446014404297,0.9999390244483948,0.9998134970664978
120,2.0,11,LEFT_SHOULDER,0.581863284111023,0.4546462893486023,-0.11805630475282669,0.9999557137489319,0.9998886585235596
120,2.0,12,RIGHT_SHOULDER,0.45157408714294434,0.4561471939086914,-0.11687211692333221,0.9999573230743408,0.9999693632125854
120,2.0,13,LEFT_ELBOW,0.6061835885047913,0.5064661502838135,-0.03148594871163368,0.9886727929115295,0.9997770190238953
120,2.0,14,RIGHT_ELBOW,0.42905399203300476,0.5085374712944031,-0.0613090954720974,0.9742623567581177,0.9998470544815063
120,2.0,15,LEFT_WRIST,0.6148965954780579,0.5563282370567322,-0.16043110191822052,0.991062581539154,0.9998540878295898
120,2.0,16,RIGHT_WRIST,0.42395874857902527,0.5576809048652649,-0.16934528946876526,0.95930016040802,0.9996728897094727
120,2.0,17,LEFT_PINKY,0.621978759765625,0.5731597542762756,-0.19557955861091614,0.9824118614196777,0.9996817111968994
120,2.0,18,RIGHT_PINKY,0.41717225313186646,0.5753172039985657,-0.2061554491519928,0.933836817741394,0.9994730353355408
120,2.0,19,LEFT_INDEX,0.6141527891159058,0.5728110671043396,-0.24962304532527924,0.9833319783210754,0.9997029900550842
120,2.0,20,RIGHT_INDEX,0.42632585763931274,0.574562668800354,-0.2525962293148041,0.9400767087936401,0.9994794726371765
120,2.0,21,LEFT_THUMB,0.6084407567977905,0.5692484378814697,-0.1829340159893036,0.9783564209938049,0.9998043179512024
120,2.0,22,RIGHT_THUMB,0.4314734935760498,0.5699207186698914,-0.18991073966026306,0.9329066872596741,0.9996452331542969
120,2.0,23,LEFT_HIP,0.5614487528800964,0.5656204223632812,0.00724242115393281,0.9995370507240295,0.9997677206993103
120,2.0,24,RIGHT_HIP,0.48668399453163147,0.5675180554389954,-0.007307184394448996,0.9999057650566101,0.9999715089797974
120,2.0,25,LEFT_KNEE,0.5611727237701416,0.6299388408660889,0.18183258175849915,0.9750052690505981,0.9997512698173523
120,2.0,26,RIGHT_KNEE,0.4910725951194763,0.6401195526123047,-0.015762146562337875,0.988141655921936,0.9999451637268066
120,2.0,27,LEFT_ANKLE,0.5500435829162598,0.6733158826828003,0.6204772591590881,0.9398046135902405,0.9993667006492615
120,2.0,28,RIGHT_ANKLE,0.49007612466812134,0.7157250642776489,0.15773428976535797,0.977323055267334,0.9995414018630981
120,2.0,29,LEFT_HEEL,0.5444468855857849,0.6750715374946594,0.6588732004165649,0.8057959675788879,0.9992477893829346
120,2.0,30,RIGHT_HEEL,0.4989640414714813,0.724068284034729,0.1658458262681961,0.8187214136123657,0.9989235997200012
120,2.0,31,LEFT_FOOT_INDEX,0.5605157613754272,0.7042252421379089,0.5506930947303772,0.9371916651725769,0.9984116554260254
120,2.0,32,RIGHT_FOOT_INDEX,0.47359588742256165,0.7392659783363342,-0.00747948931530118,0.9647866487503052,0.9931485056877136
121,2.017,0,NOSE,0.5128880739212036,0.41102930903434753,-0.40582436323165894,0.9999663829803467,0.9996071457862854
121,2.017,1,LEFT_EYE_INNER,0.520891010761261,0.4033649265766144,-0.3860814571380615,0.9998465776443481,0.9985505938529968
121,2.017,2,LEFT_EYE,0.5249312520027161,0.40341582894325256,-0.3860665559768677,0.9998406767845154,0.9985179305076599
121,2.017,3,LEFT_EYE_OUTER,0.5285219550132751,0.4034900963306427,-0.3859865963459015,0.9998117089271545,0.9984319806098938
121,2.017,4,RIGHT_EYE_INNER,0.5049532055854797,0.4035627543926239,-0.3857625722885132,0.9998621940612793,0.9987583160400391
121,2.017,5,RIGHT_EYE,0.49924203753471375,0.40374985337257385,-0.38575729727745056,0.9998513460159302,0.9987720847129822
121,2.017,6,RIGHT_EYE_OUTER,0.49465078115463257,0.4039866030216217,-0.38584357500076294,0.9998382329940796,0.9988089799880981
121,2.017,7,LEFT_EAR,0.5356778502464294,0.4069744050502777,-0.23714308440685272,0.999579668045044,0.9982892870903015
121,2.017,8,RIGHT_EAR,0.48855850100517273,0.40734198689460754,-0.24054206907749176,0.9995676875114441,0.9990257024765015
121,2.017,9,MOUTH_LEFT,0.5224843621253967,0.41968801617622375,-0.3476587235927582,0.9999279975891113,0.9997108578681946
121,2.017,10,MOUTH_RIGHT,0.5046946406364441,0.42075490951538086,-0.3484823703765869,0.9999398589134216,0.9997493624687195
121,2.017,11,LEFT_SHOULDER,0.5815017223358154,0.45404303073883057,-0.12797307968139648,0.9999562501907349,0.9998260140419006
121,2.017,12,RIGHT_SHOULDER,0.45065370202064514,0.4555307626724243,-0.12697778642177582,0.999959409236908,0.9999655485153198
121,2.017,13,LEFT_ELBOW,0.6060615181922913,0.506244421005249,-0.041853636503219604,0.9886940121650696,0.9996517896652222
121,2.017,14,RIGHT_ELBOW,0.42827659845352173,0.5082356929779053,-0.06715943664312363,0.9747545123100281,0.9998225569725037
121,2.017,15,LEFT_WRIST,0.6155856847763062,0.555645763874054,-0.18366721272468567,0.990938663482666,0.9997468590736389
121,2.017,16,RIGHT_WRIST,0.4246578812599182,0.5571086406707764,-0.18735186755657196,0.9609414935112,0.9996433258056641
121,2.017,17,LEFT_PINKY,0.6236185431480408,0.5723522305488586,-0.2220260351896286,0.98210608959198,0.9995042085647583
121,2.017,18,RIGHT_PINKY,0.419211208820343,0.57480788230896,-0.2294096201658249,0.9361192584037781,0.9994518160820007
121,2.017,19,LEFT_INDEX,0.6159111261367798,0.5720146298408508,-0.2781369686126709,0.9830527305603027,0.9995293617248535
121,2.017,20,RIGHT_INDEX,0.42831191420555115,0.5738704204559326,-0.2753675878047943,0.9421892762184143,0.9994522929191589
121,2.017,21,LEFT_THUMB,0.6098359823226929,0.5681249499320984,-0.2076793760061264,0.9781522154808044,0.9996782541275024
121,2.017,22,RIGHT_THUMB,0.4332635700702667,0.5691635608673096,-0.20819948613643646,0.9350777268409729,0.9996169805526733
121,2.017,23,LEFT_HIP,0.5608195066452026,0.5656000375747681,0.006046936847269535,0.9995562434196472,0.9997530579566956
121,2.017,24,RIGHT_HIP,0.48563000559806824,0.5681664943695068,-0.0061134700663387775,0.9999119639396667,0.9999717473983765
121,2.017,25,LEFT_KNEE,0.5628917813301086,0.6303041577339172,0.19712239503860474,0.975899338722229,0.9997934699058533
121,2.017,26,RIGHT_KNEE,0.49038469791412354,0.6411022543907166,-0.005558173172175884,0.9886881113052368,0.9999558925628662
121,2.017,27,LEFT_ANKLE,0.5515046715736389,0.6728904843330383,0.6530672311782837,0.940743088722229,0.9994383454322815
121,2.017,28,RIGHT_ANKLE,0.49008607864379883,0.7157942652702332,0.19739294052124023,0.9785346388816833,0.9996262788772583
121,2.017,29,LEFT_HEEL,0.5469889044761658,0.6750288009643555,0.6925879716873169,0.8050458431243896,0.9993215799331665
121,2.017,30,RIGHT_HEEL,0.4989705979824066,0.7240875959396362,0.20848742127418518,0.8270403742790222,0.9991387128829956
121,2.017,31,LEFT_FOOT_INDEX,0.560377836227417,0.7041599154472351,0.5738465189933777,0.938897967338562,0.99836665391922
121,2.017,32,RIGHT_FOOT_INDEX,0.4736824333667755,0.7392894625663757,0.029796922579407692,0.9664995074272156,0.9939706325531006
122,2.034,0,NOSE,0.5130478143692017,0.4103890061378479,-0.40811675786972046,0.999967634677887,0.9997190833091736
122,2.034,1,LEFT_EYE_INNER,0.5208629369735718,0.4023211598396301,-0.38683825731277466,0.999849796295166,0.9989742040634155
122,2.034,2,LEFT_EYE,0.5247074961662292,0.40233394503593445,-0.38683924078941345,0.9998432993888855,0.9989604949951172
122,2.034,3,LEFT_EYE_OUTER,0.5284575819969177,0.4023512601852417,-0.38676565885543823,0.9998127818107605,0.9989180564880371
122,2.034,4,RIGHT_EYE_INNER,0.5051541328430176,0.4025999903678894,-0.3870677947998047,0.999864399433136,0.9990850687026978
122,2.034,5,RIGHT_EYE,0.4993036985397339,0.40279945731163025,-0.38705742359161377,0.999853253364563,0.9990668892860413
122,2.034,6,RIGHT_EYE_OUTER,0.49455752968788147,0.4030561149120331,-0.38714513182640076,0.9998401999473572,0.9990785121917725
122,2.034,7,LEFT_EAR,0.5353418588638306,0.40560248494148254,-0.23282401263713837,0.9995919466018677,0.9988806843757629
122,2.034,8,RIGHT_EAR,0.4881535768508911,0.40630266070365906,-0.2386145442724228,0.9995702505111694,0.9992227554321289
122,2.034,9,MOUTH_LEFT,0.5223547220230103,0.41889849305152893,-0.3481155037879944,0.9999306201934814,0.9997909665107727
122,2.034,10,MOUTH_RIGHT,0.5047329068183899,0.42016085982322693,-0.3497259020805359,0.9999420642852783,0.9998095631599426
122,2.034,11,LEFT_SHOULDER,0.5812104344367981,0.45339351892471313,-0.12530522048473358,0.9999581575393677,0.9998890161514282
122,2.034,12,RIGHT_SHOULDER,0.449171781539917,0.45481088757514954,-0.12368489056825638,0.9999613761901855,0.9999674558639526
122,2.034,13,LEFT_ELBOW,0.605998694896698,0.5060776472091675,-0.0436822734773159,0.9889476895332336,0.9997434020042419
122,2.034,14,RIGHT_ELBOW,0.4275507926940918,0.5079901814460754,-0.06687068939208984,0.9753026962280273,0.9998189806938171
122,2.034,15,LEFT_WRIST,0.6164277195930481,0.5550602078437805,-0.19778743386268616,0.9911084175109863,0.9998489618301392
122,2.034,16,RIGHT_WRIST,0.42530694603919983,0.5566261410713196,-0.2044905126094818,0.9628714919090271,0.9996974468231201
122,2.034,17,LEFT_PINKY,0.6249780654907227,0.5717130303382874,-0.24018840491771698,0.982367753982544,0.9996840953826904
122,2.034,18,RIGHT_PINKY,0.42162632942199707,0.5742902755737305,-0.25109758973121643,0.9390040636062622,0.9995478987693787
122,2.034,19,LEFT_INDEX,0.6173076033592224,0.5712472200393677,-0.29598450660705566,0.9832954406738281,0.9997088313102722
122,2.034,20,RIGHT_INDEX,0.4314028322696686,0.5732306838035583,-0.29736852645874023,0.9448572397232056,0.9995591044425964
122,2.034,21,LEFT_THUMB,0.610949695110321,0.5671587586402893,-0.22194842994213104,0.9785221219062805,0.9998064637184143
122,2.034,22,RIGHT_THUMB,0.4355524778366089,0.5689231157302856,-0.2258038967847824,0.9378504753112793,0.9996898174285889
122,2.034,23,LEFT_HIP,0.5601505637168884,0.5660086274147034,0.004083520267158747,0.9995803236961365,0.9998173117637634
122,2.034,24,RIGHT_HIP,0.4843374192714691,0.5694381594657898,-0.004142771475017071,0.9999182224273682,0.9999769926071167
122,2.034,25,LEFT_KNEE,0.5645101070404053,0.6307421922683716,0.19722814857959747,0.9768862724304199,0.9998125433921814
122,2.034,26,RIGHT_KNEE,0.49010732769966125,0.6424852609634399,0.00044282485032454133,0.9891849160194397,0.999957799911499
122,2.034,27,LEFT_ANKLE,0.5533816814422607,0.6718754172325134,0.6845048666000366,0.9411028027534485,0.999576985836029
122,2.034,28,RIGHT_ANKLE,0.49026331305503845,0.7169755101203918,0.21970054507255554,0.9797159433364868,0.9997045397758484
122,2.034,29,LEFT_HEEL,0.5499009490013123,0.6739465594291687,0.7273762822151184,0.8036707043647766,0.999518871307373
122,2.034,30,RIGHT_HEEL,0.49926355481147766,0.7256174683570862,0.2322685867547989,0.8356544971466064,0.9993287324905396
122,2.034,31,LEFT_FOOT_INDEX,0.5603114366531372,0.7041071057319641,0.6113439202308655,0.9402795433998108,0.9988767504692078
122,2.034,32,RIGHT_FOOT_INDEX,0.47348591685295105,0.7398216128349304,0.053078118711709976,0.9682571291923523,0.9953639507293701
123,2.05,0,NOSE,0.5130789875984192,0.40956294536590576,-0.4066191017627716,0.9999687075614929,0.9997590184211731
123,2.05,1,LEFT_EYE_INNER,0.5207579731941223,0.40128326416015625,-0.38437962532043457,0.999852180480957,0.9991123080253601
123,2.05,2,LEFT_EYE,0.5245075225830078,0.40127041935920715,-0.3843853175640106,0.9998455047607422,0.9990806579589844
123,2.05,3,LEFT_EYE_OUTER,0.52841717004776,0.40128934383392334,-0.384316086769104,0.9998132586479187,0.9990313053131104
123,2.05,4,RIGHT_EYE_INNER,0.5052800178527832,0.40157750248908997,-0.3846692144870758,0.9998660087585449,0.9992388486862183
123,2.05,5,RIGHT_EYE,0.4993399679660797,0.4017949402332306,-0.3846575617790222,0.9998548030853271,0.9992256164550781
123,2.05,6,RIGHT_EYE_OUTER,0.49442100524902344,0.40208956599235535,-0.38474565744400024,0.9998416304588318,0.9992437362670898
123,2.05,7,LEFT_EAR,0.5349464416503906,0.404509037733078,-0.22926943004131317,0.9996023178100586,0.9990041851997375
123,2.05,8,RIGHT_EAR,0.4879148602485657,0.4053425192832947,-0.23523133993148804,0.9995701909065247,0.9993680119514465
123,2.05,9,MOUTH_LEFT,0.5222634077072144,0.41806232929229736,-0.3465469777584076,0.9999324083328247,0.9998125433921814
123,2.05,10,MOUTH_RIGHT,0.5047386288642883,0.4194052815437317,-0.34817638993263245,0.9999434351921082,0.9998338222503662
123,2.05,11,LEFT_SHOULDER,0.5807615518569946,0.45281994342803955,-0.1268433928489685,0.9999595880508423,0.9998786449432373
123,2.05,12,RIGHT_SHOULDER,0.44813260436058044,0.45444032549858093,-0.11906752735376358,0.9999629259109497,0.9999722242355347
123,2.05,13,LEFT_ELBOW,0.6058836579322815,0.5060007572174072,-0.04971880838274956,0.989277720451355,0.9997449517250061
123,2.05,14,RIGHT_ELBOW,0.42614802718162537,0.5077807307243347,-0.06441260874271393,0.976107656955719,0.9998465776443481
123,2.05,15,LEFT_WRIST,0.6168413162231445,0.5546459555625916,-0.21017518639564514,0.9913500547409058,0.9998717308044434
123,2.05,16,RIGHT_WRIST,0.42588725686073303,0.5562711954116821,-0.19350837171077728,0.9649113416671753,0.9997273087501526
123,2.05,17,LEFT_PINKY,0.625565230846405,0.5712087750434875,-0.2544358968734741,0.9827283620834351,0.9997336268424988
123,2.05,18,RIGHT_PINKY,0.42313045263290405,0.5737993717193604,-0.23766273260116577,0.9418685436248779,0.9995787739753723
123,2.05,19,LEFT_INDEX,0.6180458068847656,0.5707100629806519,-0.30869433283805847,0.98362797498703,0.9997562766075134
123,2.05,20,RIGHT_INDEX,0.43302783370018005,0.5728680491447449,-0.28372490406036377,0.9475034475326538,0.999592125415802
123,2.05,21,LEFT_THUMB,0.6115736365318298,0.566481351852417,-0.23390154540538788,0.9789621829986572,0.9998377561569214
123,2.05,22,RIGHT_THUMB,0.436700701713562,0.568881630897522,-0.21456128358840942,0.9406764507293701,0.9997128844261169
123,2.05,23,LEFT_HIP,0.5599876046180725,0.5657525658607483,-0.00041598224197514355,0.9995994567871094,0.9997946619987488
123,2.05,24,RIGHT_HIP,0.48382872343063354,0.569876492023468,0.0003528749803081155,0.999923825263977,0.9999796152114868
123,2.05,25,LEFT_KNEE,0.5654271841049194,0.6316038966178894,0.19164948165416718,0.9777857065200806,0.999790370464325
123,2.05,26,RIGHT_KNEE,0.4895147383213043,0.6433187127113342,0.004826770629733801,0.9894859194755554,0.9999626874923706
123,2.05,27,LEFT_ANKLE,0.5542848110198975,0.6717556715011597,0.6865523457527161,0.9410085678100586,0.9996670484542847
123,2.05,28,RIGHT_ANKLE,0.49056559801101685,0.7184342741966248,0.22026263177394867,0.9807036519050598,0.9997755885124207
123,2.05,29,LEFT_HEEL,0.5510460138320923,0.6735787987709045,0.7303940653800964,0.8012093305587769,0.9996343851089478
123,2.05,30,RIGHT_HEEL,0.4996178448200226,0.7278802990913391,0.23184390366077423,0.8433983325958252,0.9994733929634094
123,2.05,31,LEFT_FOOT_INDEX,0.5602837204933167,0.7041628360748291,0.616348385810852,0.9414491057395935,0.9992234706878662
123,2.05,32,RIGHT_FOOT_INDEX,0.47180992364883423,0.7411929965019226,0.05287778377532959,0.9697940945625305,0.9965978264808655
124,2.067,0,NOSE,0.512758195400238,0.40823838114738464,-0.3983769416809082,0.9999696016311646,0.9997296929359436
124,2.067,1,LEFT_EYE_INNER,0.5203479528427124,0.4001595377922058,-0.3762219250202179,0.9998541474342346,0.9990204572677612
124,2.067,2,LEFT_EYE,0.5240830779075623,0.4001249074935913,-0.3762367367744446,0.9998475909233093,0.9990136623382568
124,2.067,3,LEFT_EYE_OUTER,0.5280945897102356,0.4001273512840271,-0.3761732280254364,0.9998137354850769,0.9989853501319885
124,2.067,4,RIGHT_EYE_INNER,0.5048597455024719,0.40043872594833374,-0.37635737657546997,0.9998669028282166,0.9991100430488586
124,2.067,5,RIGHT_EYE,0.4988693296909332,0.40065997838974,-0.3763412833213806,0.9998556971549988,0.9990822076797485
124,2.067,6,RIGHT_EYE_OUTER,0.4939320981502533,0.4009492099285126,-0.3764324188232422,0.9998421669006348,0.9990934133529663
124,2.067,7,LEFT_EAR,0.5343390107154846,0.40320876240730286,-0.2230016589164734,0.9996134638786316,0.998994767665863
124,2.067,8,RIGHT_EAR,0.4871995151042938,0.40409427881240845,-0.22852377593517303,0.9995684027671814,0.9992433786392212
124,2.067,9,MOUTH_LEFT,0.522006630897522,0.41679906845092773,-0.3392004370689392,0.9999340772628784,0.9997987151145935
124,2.067,10,MOUTH_RIGHT,0.5042370557785034,0.418041855096817,-0.3406623303890228,0.9999445676803589,0.999809205532074
124,2.067,11,LEFT_SHOULDER,0.58025062084198,0.4521537721157074,-0.12393760681152344,0.9999608397483826,0.999886155128479
124,2.067,12,RIGHT_SHOULDER,0.446982741355896,0.4536915421485901,-0.11526066809892654,0.9999638795852661,0.9999662637710571
124,2.067,13,LEFT_ELBOW,0.6058018207550049,0.5058343410491943,-0.0498843751847744,0.9896699786186218,0.9997449517250061
124,2.067,14,RIGHT_ELBOW,0.42477601766586304,0.5076766610145569,-0.06010166555643082,0.9765222072601318,0.999808132648468
124,2.067,15,LEFT_WRIST,0.6178441047668457,0.5542925000190735,-0.20799197256565094,0.9916162490844727,0.9998552799224854
124,2.067,16,RIGHT_WRIST,0.42650356888771057,0.5560100674629211,-0.18583357334136963,0.9664715528488159,0.9996511936187744
124,2.067,17,LEFT_PINKY,0.6268873810768127,0.570804238319397,-0.25136399269104004,0.9831647872924805,0.9996927976608276
124,2.067,18,RIGHT_PINKY,0.42466074228286743,0.5733909606933594,-0.22809843719005585,0.9440306425094604,0.999481737613678
124,2.067,19,LEFT_INDEX,0.6192742586135864,0.5702493786811829,-0.30407825112342834,0.9840372800827026,0.9997215867042542
124,2.067,20,RIGHT_INDEX,0.4347178041934967,0.5727626085281372,-0.2742924690246582,0.9495493173599243,0.9994951486587524
124,2.067,21,LEFT_THUMB,0.6126337647438049,0.5659377574920654,-0.23091848194599152,0.9794833660125732,0.9998152852058411
124,2.067,22,RIGHT_THUMB,0.43796369433403015,0.5679177045822144,-0.20677877962589264,0.9428621530532837,0.9996415376663208
124,2.067,23,LEFT_HIP,0.5596765875816345,0.5655586123466492,-0.0035333179403096437,0.9996160864830017,0.99979168176651
124,2.067,24,RIGHT_HIP,0.4825763404369354,0.5698726773262024,0.0034723973367363214,0.9999287128448486,0.9999756813049316
124,2.067,25,LEFT_KNEE,0.5658960938453674,0.6315348744392395,0.18373289704322815,0.9786669611930847,0.999777615070343
124,2.067,26,RIGHT_KNEE,0.4883480966091156,0.6438507437705994,-0.003258052747696638,0.9897944331169128,0.999953031539917
124,2.067,27,LEFT_ANKLE,0.554553210735321,0.6715345978736877,0.6683650016784668,0.9411879777908325,0.9995735287666321
124,2.067,28,RIGHT_ANKLE,0.4905839264392853,0.7189977169036865,0.19390077888965607,0.9816003441810608,0.9996737241744995
124,2.067,29,LEFT_HEEL,0.5511289834976196,0.6733093857765198,0.7110556960105896,0.7988111972808838,0.9995201826095581
124,2.067,30,RIGHT_HEEL,0.4997764825820923,0.7286040782928467,0.20357026159763336,0.85019850730896,0.9992176294326782
124,2.067,31,LEFT_FOOT_INDEX,0.5602959990501404,0.7041906714439392,0.5988026261329651,0.9425557851791382,0.9989712238311768
124,2.067,32,RIGHT_FOOT_INDEX,0.4719933569431305,0.7412446141242981,0.025780823081731796,0.9711549282073975,0.9949299693107605
125,2.084,0,NOSE,0.5134451389312744,0.4069446623325348,-0.40983065962791443,0.9999698400497437,0.999660849571228
125,2.084,1,LEFT_EYE_INNER,0.5207657814025879,0.3989642560482025,-0.38724327087402344,0.9998527765274048,0.9987773299217224
125,2.084,2,LEFT_EYE,0.5245164632797241,0.3989187479019165,-0.387256920337677,0.9998459815979004,0.9987188577651978
125,2.084,3,LEFT_EYE_OUTER,0.5285925269126892,0.3989194929599762,-0.38719508051872253,0.9998089671134949,0.9986369013786316
125,2.084,4,RIGHT_EYE_INNER,0.5054592490196228,0.3992113769054413,-0.38751792907714844,0.9998656511306763,0.9990037083625793
125,2.084,5,RIGHT_EYE,0.49948441982269287,0.3994249105453491,-0.3875102400779724,0.9998546838760376,0.9989998936653137
125,2.084,6,RIGHT_EYE_OUTER,0.49437764286994934,0.39972203969955444,-0.38760998845100403,0.9998411536216736,0.9990406632423401
125,2.084,7,LEFT_EAR,0.5343790650367737,0.4018947184085846,-0.23060771822929382,0.9996167421340942,0.9985958933830261
125,2.084,8,RIGHT_EAR,0.48737990856170654,0.402945876121521,-0.23573623597621918,0.9995635747909546,0.999210000038147
125,2.084,9,MOUTH_LEFT,0.522441565990448,0.41547393798828125,-0.3491571545600891,0.9999343156814575,0.9997236132621765
125,2.084,10,MOUTH_RIGHT,0.5048539638519287,0.41667285561561584,-0.35060766339302063,0.9999448657035828,0.9997707009315491
125,2.084,11,LEFT_SHOULDER,0.5803664326667786,0.45149344205856323,-0.12985488772392273,0.9999611377716064,0.9998289346694946
125,2.084,12,RIGHT_SHOULDER,0.44621792435646057,0.453008234500885,-0.11528632044792175,0.9999645352363586,0.9999637603759766
125,2.084,13,LEFT_ELBOW,0.6058270931243896,0.5055689215660095,-0.05332517623901367,0.9898675680160522,0.9996514320373535
125,2.084,14,RIGHT_ELBOW,0.4235440194606781,0.5072545409202576,-0.05864376202225685,0.9770680665969849,0.9998002648353577
125,2.084,15,LEFT_WRIST,0.6187313795089722,0.5540668964385986,-0.20999681949615479,0.9916562438011169,0.9998089671134949
125,2.084,16,RIGHT_WRIST,0.42746657133102417,0.5559602379798889,-0.1889188289642334,0.9679907560348511,0.9996881484985352
125,2.084,17,LEFT_PINKY,0.6277275085449219,0.5704909563064575,-0.25403541326522827,0.9831658601760864,0.9996216297149658
125,2.084,18,RIGHT_PINKY,0.4270614683628082,0.5730729699134827,-0.23252320289611816,0.9460700750350952,0.9995254278182983
125,2.084,19,LEFT_INDEX,0.6203505396842957,0.5698375701904297,-0.3058171272277832,0.9840245842933655,0.9996500015258789
125,2.084,20,RIGHT_INDEX,0.4368988275527954,0.5723482370376587,-0.2792142927646637,0.9514179825782776,0.9995457530021667
125,2.084,21,LEFT_THUMB,0.6137059330940247,0.5656261444091797,-0.23261798918247223,0.9794816970825195,0.9997629523277283
125,2.084,22,RIGHT_THUMB,0.44008252024650574,0.5666993856430054,-0.20997579395771027,0.9448578357696533,0.9996765851974487
125,2.084,23,LEFT_HIP,0.5593528747558594,0.5653441548347473,-0.008819710463285446,0.9996265172958374,0.999729335308075
125,2.084,24,RIGHT_HIP,0.4814836382865906,0.5698556900024414,0.0087661761790514,0.9999325275421143,0.9999717473983765
125,2.084,25,LEFT_KNEE,0.5662322044372559,0.6316739916801453,0.17988750338554382,0.9795811772346497,0.9997685551643372
125,2.084,26,RIGHT_KNEE,0.48719221353530884,0.6441656351089478,0.015911540016531944,0.9899230599403381,0.9999556541442871
125,2.084,27,LEFT_ANKLE,0.555018961429596,0.6719276309013367,0.664762020111084,0.9424819350242615,0.9996781349182129
125,2.084,28,RIGHT_ANKLE,0.4905918836593628,0.7187712788581848,0.23782780766487122,0.9824498891830444,0.9997708201408386
125,2.084,29,LEFT_HEEL,0.5514919757843018,0.6740254163742065,0.7071858644485474,0.7979212403297424,0.999651312828064
125,2.084,30,RIGHT_HEEL,0.4998409152030945,0.7286186218261719,0.24989256262779236,0.8573108911514282,0.9994572997093201
125,2.084,31,LEFT_FOOT_INDEX,0.5604063868522644,0.7049385905265808,0.588779866695404,0.9444361329078674,0.999204695224762
125,2.084,32,RIGHT_FOOT_INDEX,0.47163334488868713,0.7413793802261353,0.06960982829332352,0.9724876284599304,0.9964796900749207
126,2.1,0,NOSE,0.5137187838554382,0.4060169458389282,-0.3999793529510498,0.9999704360961914,0.9996249675750732
126,2.1,1,LEFT_EYE_INNER,0.5210447907447815,0.39798229932785034,-0.37745991349220276,0.9998540282249451,0.9986177682876587
126,2.1,2,LEFT_EYE,0.5247710347175598,0.3979239761829376,-0.37747251987457275,0.9998467564582825,0.998559296131134
126,2.1,3,LEFT_EYE_OUTER,0.5288710594177246,0.39791545271873474,-0.37741202116012573,0.9998080730438232,0.998467743396759
126,2.1,4,RIGHT_EYE_INNER,0.5056372880935669,0.39823266863822937,-0.3782678544521332,0.9998672008514404,0.9988553524017334
126,2.1,5,RIGHT_EYE,0.49957898259162903,0.39844760298728943,-0.3782622516155243,0.9998562335968018,0.9988510608673096
126,2.1,6,RIGHT_EYE_OUTER,0.4944736063480377,0.3987317979335785,-0.3783629834651947,0.9998427629470825,0.9988915324211121
126,2.1,7,LEFT_EAR,0.5346549153327942,0.4009034037590027,-0.22327354550361633,0.999624490737915,0.9984347224235535
126,2.1,8,RIGHT_EAR,0.4874787926673889,0.4019652009010315,-0.23062369227409363,0.9995697736740112,0.9990843534469604
126,2.1,9,MOUTH_LEFT,0.5226910710334778,0.4145897626876831,-0.34039178490638733,0.99993497133255,0.9997010827064514
126,2.1,10,MOUTH_RIGHT,0.5050643086433411,0.415757954120636,-0.34252551198005676,0.9999457001686096,0.9997518658638
126,2.1,11,LEFT_SHOULDER,0.5803714394569397,0.4509032964706421,-0.1240486279129982,0.9999608993530273,0.9998012185096741
126,2.1,12,RIGHT_SHOULDER,0.4454001188278198,0.4523836076259613,-0.11490309983491898,0.9999650716781616,0.9999505281448364
126,2.1,13,LEFT_ELBOW,0.605856716632843,0.505094587802887,-0.05257578194141388,0.9899033308029175,0.9995710253715515
126,2.1,14,RIGHT_ELBOW,0.4224792718887329,0.506927490234375,-0.06678986549377441,0.9773940443992615,0.999711811542511
126,2.1,15,LEFT_WRIST,0.6201328635215759,0.5538029074668884,-0.20461127161979675,0.9916499257087708,0.999736487865448
126,2.1,16,RIGHT_WRIST,0.42858028411865234,0.5554375052452087,-0.2139388620853424,0.9690505862236023,0.9995672106742859
126,2.1,17,LEFT_PINKY,0.6289680600166321,0.5704238414764404,-0.24741347134113312,0.9832137823104858,0.9994710087776184
126,2.1,18,RIGHT_PINKY,0.42919665575027466,0.5730369091033936,-0.2605648338794708,0.947482168674469,0.999356210231781
126,2.1,19,LEFT_INDEX,0.6217166185379028,0.5697963833808899,-0.29828453063964844,0.9840632081031799,0.9995204210281372
126,2.1,20,RIGHT_INDEX,0.4389841854572296,0.5712663531303406,-0.30553898215293884,0.9527105093002319,0.9993938207626343
126,2.1,21,LEFT_THUMB,0.6151267886161804,0.5652114748954773,-0.226719930768013,0.9795631170272827,0.9996739625930786
126,2.1,22,RIGHT_THUMB,0.44218724966049194,0.5648582577705383,-0.2347484976053238,0.9462681412696838,0.9995637536048889
126,2.1,23,LEFT_HIP,0.5587791800498962,0.5652912855148315,-0.008235280402004719,0.9996310472488403,0.9996697902679443
126,2.1,24,RIGHT_HIP,0.4801985025405884,0.5701793432235718,0.008191840723156929,0.9999350309371948,0.9999626874923706
126,2.1,25,LEFT_KNEE,0.5664167404174805,0.6315606832504272,0.17994895577430725,0.9804219603538513,0.9997419714927673
126,2.1,26,RIGHT_KNEE,0.48626405000686646,0.64495849609375,0.01465684175491333,0.9901289939880371,0.99994957447052
126,2.1,27,LEFT_ANKLE,0.5548884272575378,0.6721338629722595,0.6385406851768494,0.9448302984237671,0.9996077418327332
126,2.1,28,RIGHT_ANKLE,0.4905785024166107,0.718366265296936,0.2375183403491974,0.9832971692085266,0.9997145533561707
126,2.1,29,LEFT_HEEL,0.551118016242981,0.6745661497116089,0.6774045825004578,0.802664041519165,0.9995543360710144
126,2.1,30,RIGHT_HEEL,0.4998704195022583,0.7277031540870667,0.2496495544910431,0.8644427061080933,0.9993101358413696
126,2.1,31,LEFT_FOOT_INDEX,0.560527503490448,0.7076078653335571,0.5549821853637695,0.9469274878501892,0.9988445043563843
126,2.1,32,RIGHT_FOOT_INDEX,0.4713971018791199,0.741171658039093,0.07064393162727356,0.9737238883972168,0.9952091574668884
127,2.117,0,NOSE,0.5140712857246399,0.40515145659446716,-0.3932231664657593,0.9999715089797974,0.9997221827507019
127,2.117,1,LEFT_EYE_INNER,0.5213366746902466,0.3972386121749878,-0.3705894649028778,0.9998581409454346,0.9989809393882751
127,2.117,2,LEFT_EYE,0.5250813961029053,0.3971935510635376,-0.37060317397117615,0.9998505711555481,0.9989299178123474
127,2.117,3,LEFT_EYE_OUTER,0.529228925704956,0.3972090184688568,-0.37054356932640076,0.9998124241828918,0.9988536834716797
127,2.117,4,RIGHT_EYE_INNER,0.5059595108032227,0.39740419387817383,-0.3714665174484253,0.9998711943626404,0.9991438388824463
127,2.117,5,RIGHT_EYE,0.4998963475227356,0.39757615327835083,-0.3714597225189209,0.9998601078987122,0.9991249442100525
127,2.117,6,RIGHT_EYE_OUTER,0.49473509192466736,0.3978148400783539,-0.37155085802078247,0.9998472332954407,0.999146580696106
127,2.117,7,LEFT_EAR,0.5349017381668091,0.4001460671424866,-0.21713270246982574,0.9996371269226074,0.9988252520561218
127,2.117,8,RIGHT_EAR,0.4877261817455292,0.40095868706703186,-0.22493425011634827,0.999582052230835,0.9992662072181702
127,2.117,9,MOUTH_LEFT,0.5229161381721497,0.4137839674949646,-0.33382871747016907,0.9999366402626038,0.9997836947441101
127,2.117,10,MOUTH_RIGHT,0.505305290222168,0.41476741433143616,-0.33598336577415466,0.999947190284729,0.9998133778572083
127,2.117,11,LEFT_SHOULDER,0.5805010795593262,0.4503370523452759,-0.11989831924438477,0.9999613165855408,0.9998451471328735
127,2.117,12,RIGHT_SHOULDER,0.4447839856147766,0.45171114802360535,-0.11326692253351212,0.999965488910675,0.9999499320983887
127,2.117,13,LEFT_ELBOW,0.6060857176780701,0.5045493841171265,-0.05150402709841728,0.9899582862854004,0.9996331930160522
127,2.117,14,RIGHT_ELBOW,0.42163071036338806,0.505936861038208,-0.06554410606622696,0.9774259924888611,0.9996976852416992
127,2.117,15,LEFT_WRIST,0.6226730942726135,0.5537233352661133,-0.21440404653549194,0.9916211366653442,0.9997792840003967
127,2.117,16,RIGHT_WRIST,0.42965778708457947,0.553980827331543,-0.21442343294620514,0.969623327255249,0.9996059536933899
127,2.117,17,LEFT_PINKY,0.631058394908905,0.5703285932540894,-0.26054254174232483,0.9831463098526001,0.9995421171188354
127,2.117,18,RIGHT_PINKY,0.4313534200191498,0.5726088285446167,-0.2616320848464966,0.9481313228607178,0.9994211196899414
127,2.117,19,LEFT_INDEX,0.6243464350700378,0.5696718096733093,-0.31238996982574463,0.9839970469474792,0.9995983242988586
127,2.117,20,RIGHT_INDEX,0.4419039785861969,0.5700019001960754,-0.3057878315448761,0.9532317519187927,0.9994696974754333
127,2.117,21,LEFT_THUMB,0.6181501150131226,0.5646194219589233,-0.2374831587076187,0.9795085787773132,0.9997311234474182
127,2.117,22,RIGHT_THUMB,0.4448789954185486,0.5630547404289246,-0.23498214781284332,0.9467421174049377,0.9996172189712524
127,2.117,23,LEFT_HIP,0.558648407459259,0.5652065277099609,-0.008007599040865898,0.9996340274810791,0.9997203946113586
127,2.117,24,RIGHT_HIP,0.47991642355918884,0.5700617432594299,0.007976897992193699,0.9999364018440247,0.9999613761901855
127,2.117,25,LEFT_KNEE,0.5666231513023376,0.6314325928688049,0.17722061276435852,0.9811809659004211,0.999833345413208
127,2.117,26,RIGHT_KNEE,0.4858175814151764,0.6452709436416626,0.02167881466448307,0.9903095960617065,0.9999632835388184
127,2.117,27,LEFT_ANKLE,0.5548235177993774,0.6748417615890503,0.6028154492378235,0.9476674795150757,0.9997888207435608
127,2.117,28,RIGHT_ANKLE,0.49077922105789185,0.7185805439949036,0.25049781799316406,0.9841368794441223,0.9998431205749512
127,2.117,29,LEFT_HEEL,0.5508305430412292,0.6802251935005188,0.6377567052841187,0.8090782761573792,0.9997490048408508
127,2.117,30,RIGHT_HEEL,0.5003610253334045,0.7279356122016907,0.26270192861557007,0.871167778968811,0.9996238946914673
127,2.117,31,LEFT_FOOT_INDEX,0.5605147480964661,0.7120592594146729,0.5098986625671387,0.9498305320739746,0.9992596507072449
127,2.117,32,RIGHT_FOOT_INDEX,0.4713927209377289,0.7411413788795471,0.08232685178518295,0.9750164151191711,0.9973370432853699
128,2.134,0,NOSE,0.514419674873352,0.40410223603248596,-0.39395448565483093,0.9999722838401794,0.999697208404541
128,2.134,1,LEFT_EYE_INNER,0.5216769576072693,0.3962630331516266,-0.37112417817115784,0.999860942363739,0.9988952875137329
128,2.134,2,LEFT_EYE,0.5254355669021606,0.3962146043777466,-0.3711409270763397,0.999853253364563,0.9988447427749634
128,2.134,3,LEFT_EYE_OUTER,0.5295764207839966,0.3962450921535492,-0.37107983231544495,0.9998151659965515,0.9987658262252808
128,2.134,4,RIGHT_EYE_INNER,0.5063430070877075,0.3964020907878876,-0.37244758009910583,0.9998742341995239,0.9990623593330383
128,2.134,5,RIGHT_EYE,0.5003067851066589,0.39657720923423767,-0.37243568897247314,0.9998633861541748,0.9990377426147461
128,2.134,6,RIGHT_EYE_OUTER,0.4951185882091522,0.39682045578956604,-0.3725234270095825,0.999850869178772,0.9990555644035339
128,2.134,7,LEFT_EAR,0.5351619124412537,0.3992214798927307,-0.21714308857917786,0.9996477961540222,0.998749852180481
128,2.134,8,RIGHT_EAR,0.4878949224948883,0.3999892473220825,-0.22645854949951172,0.9995928406715393,0.9991662502288818
128,2.134,9,MOUTH_LEFT,0.5232371091842651,0.4128708839416504,-0.3344796299934387,0.9999375939369202,0.9997559189796448
128,2.134,10,MOUTH_RIGHT,0.5056648254394531,0.4137152433395386,-0.33713722229003906,0.999948263168335,0.9997901320457458
128,2.134,11,LEFT_SHOULDER,0.5804746150970459,0.4496161639690399,-0.1216900423169136,0.9999613165855408,0.9998371601104736
128,2.134,12,RIGHT_SHOULDER,0.444388210773468,0.4510667622089386,-0.1130632758140564,0.9999649524688721,0.9999347925186157
128,2.134,13,LEFT_ELBOW,0.6062225103378296,0.5039441585540771,-0.05968491733074188,0.990153968334198,0.9996121525764465
128,2.134,14,RIGHT_ELBOW,0.4205649495124817,0.5050987005233765,-0.0768512561917305,0.9774897694587708,0.9996132254600525
128,2.134,15,LEFT_WRIST,0.624186098575592,0.5533156991004944,-0.22822049260139465,0.9916531443595886,0.9997197985649109
128,2.134,16,RIGHT_WRIST,0.4307929277420044,0.552772581577301,-0.24053677916526794,0.9701357483863831,0.9995360374450684
128,2.134,17,LEFT_PINKY,0.6323257684707642,0.5700330138206482,-0.27617940306663513,0.9832056760787964,0.9994179010391235
128,2.134,18,RIGHT_PINKY,0.4330223500728607,0.5720453262329102,-0.28908106684684753,0.9486291408538818,0.9993391633033752
128,2.134,19,LEFT_INDEX,0.6257417798042297,0.5693899989128113,-0.32530808448791504,0.9840560555458069,0.9994966983795166
128,2.134,20,RIGHT_INDEX,0.4438531696796417,0.5688679218292236,-0.3324653208255768,0.9536614418029785,0.9994074106216431
128,2.134,21,LEFT_THUMB,0.6198739409446716,0.5638445615768433,-0.25042417645454407,0.9795815348625183,0.9996553659439087
128,2.134,22,RIGHT_THUMB,0.4465956389904022,0.56159907579422,-0.26092010736465454,0.9471771121025085,0.9995649456977844
128,2.134,23,LEFT_HIP,0.557942807674408,0.565153956413269,-0.010846045799553394,0.9996346831321716,0.9996541738510132
128,2.134,24,RIGHT_HIP,0.47892943024635315,0.5697768926620483,0.010803557001054287,0.9999365210533142,0.9999419450759888
128,2.134,25,LEFT_KNEE,0.5664185881614685,0.6313549280166626,0.18008805811405182,0.9820365309715271,0.9998538494110107
128,2.134,26,RIGHT_KNEE,0.48492684960365295,0.6452151536941528,0.03631360083818436,0.9903465509414673,0.9999558925628662
128,2.134,27,LEFT_ANKLE,0.5548350214958191,0.6795662045478821,0.5852704644203186,0.9509559869766235,0.9997531771659851
128,2.134,28,RIGHT_ANKLE,0.49060487747192383,0.7180994153022766,0.25788772106170654,0.9847813844680786,0.9998138546943665
128,2.134,29,LEFT_HEEL,0.5509571433067322,0.6850162744522095,0.6179420351982117,0.8158113360404968,0.9996867179870605
128,2.134,30,RIGHT_HEEL,0.5003656148910522,0.7275492548942566,0.2691754996776581,0.8770012259483337,0.9995452761650085
128,2.134,31,LEFT_FOOT_INDEX,0.5605901479721069,0.7158114910125732,0.4892902970314026,0.9529871344566345,0.9991135001182556
128,2.134,32,RIGHT_FOOT_INDEX,0.47133567929267883,0.7411121726036072,0.08910756558179855,0.97606360912323,0.996920108795166
129,2.15,0,NOSE,0.5146706104278564,0.4033985435962677,-0.3851282596588135,0.9999732971191406,0.9997517466545105
129,2.15,1,LEFT_EYE_INNER,0.5218956470489502,0.395577996969223,-0.3610142171382904,0.9998658299446106,0.999096155166626
129,2.15,2,LEFT_EYE,0.5256869196891785,0.3955385982990265,-0.36104074120521545,0.9998582005500793,0.9990600943565369
129,2.15,3,LEFT_EYE_OUTER,0.5298415422439575,0.3955812454223633,-0.3609982132911682,0.9998219013214111,0.9989803433418274
129,2.15,4,RIGHT_EYE_INNER,0.5065844058990479,0.3957582712173462,-0.36286744475364685,0.999879002571106,0.9992161989212036
129,2.15,5,RIGHT_EYE,0.5005635619163513,0.39596882462501526,-0.3628609776496887,0.9998680949211121,0.999188244342804
129,2.15,6,RIGHT_EYE_OUTER,0.4953465163707733,0.3962375223636627,-0.36290669441223145,0.9998562335968018,0.999187171459198
129,2.15,7,LEFT_EAR,0.5354297757148743,0.3987279236316681,-0.20276878774166107,0.999662458896637,0.9989822506904602
129,2.15,8,RIGHT_EAR,0.488162636756897,0.3997238576412201,-0.21295954287052155,0.9996109008789062,0.9992652535438538
129,2.15,9,MOUTH_LEFT,0.5234594345092773,0.4123023748397827,-0.32339343428611755,0.9999393224716187,0.999813973903656
129,2.15,10,MOUTH_RIGHT,0.5058827996253967,0.41310393810272217,-0.32640936970710754,0.9999498128890991,0.999833345413208
129,2.15,11,LEFT_SHOULDER,0.5805906653404236,0.4491523802280426,-0.11211726814508438,0.999961256980896,0.999849796295166
129,2.15,12,RIGHT_SHOULDER,0.44400036334991455,0.4502444267272949,-0.10366155952215195,0.9999644756317139,0.9999293088912964
129,2.15,13,LEFT_ELBOW,0.6067250967025757,0.5030220746994019,-0.057553984224796295,0.9899986982345581,0.9996094107627869
129,2.15,14,RIGHT_ELBOW,0.4198299050331116,0.5040801167488098,-0.07401751726865768,0.9766342043876648,0.9995847344398499
129,2.15,15,LEFT_WRIST,0.6255466341972351,0.5529729723930359,-0.22791661322116852,0.9913685917854309,0.9997280240058899
129,2.15,16,RIGHT_WRIST,0.43140432238578796,0.5515002608299255,-0.23902776837348938,0.9693574905395508,0.9995173215866089
129,2.15,17,LEFT_PINKY,0.6337977051734924,0.5699321627616882,-0.27566131949424744,0.9826602339744568,0.9994165897369385
129,2.15,18,RIGHT_PINKY,0.4339183568954468,0.5714454650878906,-0.28737038373947144,0.9475858211517334,0.999302864074707
129,2.15,19,LEFT_INDEX,0.6268336772918701,0.5693547129631042,-0.3243942856788635,0.9835403561592102,0.9995146989822388
129,2.15,20,RIGHT_INDEX,0.44452425837516785,0.5679970979690552,-0.3294353783130646,0.9523999691009521,0.9993915557861328
129,2.15,21,LEFT_THUMB,0.6209443807601929,0.5635442733764648,-0.2500753700733185,0.9790213704109192,0.9996757507324219
129,2.15,22,RIGHT_THUMB,0.44717520475387573,0.5606767535209656,-0.25918900966644287,0.9455997943878174,0.9995583891868591
129,2.15,23,LEFT_HIP,0.5575913190841675,0.5651401281356812,-0.009932340122759342,0.9996347427368164,0.9996531009674072
129,2.15,24,RIGHT_HIP,0.4783205986022949,0.5698155164718628,0.009901836514472961,0.9999346137046814,0.9999300241470337
129,2.15,25,LEFT_KNEE,0.5664178133010864,0.6312844753265381,0.1742122918367386,0.9826977849006653,0.9998726844787598
129,2.15,26,RIGHT_KNEE,0.4846284091472626,0.6452009677886963,0.04753896966576576,0.9905169606208801,0.9999603033065796
129,2.15,27,LEFT_ANKLE,0.5549361705780029,0.6867271065711975,0.5072495937347412,0.954039990901947,0.999772846698761
129,2.15,28,RIGHT_ANKLE,0.4909651577472687,0.7177793383598328,0.2706652283668518,0.9854952692985535,0.999840259552002
129,2.15,29,LEFT_HEEL,0.5507566332817078,0.6942269802093506,0.5313010215759277,0.8227158784866333,0.9996851682662964
129,2.15,30,RIGHT_HEEL,0.5007660388946533,0.7272316813468933,0.2818944752216339,0.8826872706413269,0.999614953994751
129,2.15,31,LEFT_FOOT_INDEX,0.5612878799438477,0.7221344709396362,0.38564619421958923,0.9557194113731384,0.9987797141075134
129,2.15,32,RIGHT_FOOT_INDEX,0.47142913937568665,0.7408801913261414,0.10854563862085342,0.9771140813827515,0.9973229765892029
130,2.167,0,NOSE,0.5148310661315918,0.40291279554367065,-0.38197267055511475,0.9999727010726929,0.9996639490127563
130,2.167,1,LEFT_EYE_INNER,0.5221228003501892,0.3950769007205963,-0.3581160306930542,0.9998629093170166,0.9989558458328247
130,2.167,2,LEFT_EYE,0.5259019136428833,0.39504775404930115,-0.3581424355506897,0.999855637550354,0.9989295601844788
130,2.167,3,LEFT_EYE_OUTER,0.5299595594406128,0.39511266350746155,-0.3580974340438843,0.9998201131820679,0.9988608360290527
130,2.167,4,RIGHT_EYE_INNER,0.5068187117576599,0.3951967656612396,-0.36039331555366516,0.9998762011528015,0.999032735824585
130,2.167,5,RIGHT_EYE,0.5008272528648376,0.39539116621017456,-0.3603869378566742,0.9998648762702942,0.9989672899246216
130,2.167,6,RIGHT_EYE_OUTER,0.4956236183643341,0.39565137028694153,-0.36043304204940796,0.9998522400856018,0.9989184141159058
130,2.167,7,LEFT_EAR,0.5356649160385132,0.3983169496059418,-0.20219513773918152,0.9996587038040161,0.9988967180252075
130,2.167,8,RIGHT_EAR,0.48845356702804565,0.39926767349243164,-0.2139194756746292,0.9996131658554077,0.9989056587219238
130,2.167,9,MOUTH_LEFT,0.5236559510231018,0.41187649965286255,-0.3214164674282074,0.9999380111694336,0.9997525811195374
130,2.167,10,MOUTH_RIGHT,0.506101667881012,0.41261523962020874,-0.32506656646728516,0.9999483823776245,0.9997507929801941
130,2.167,11,LEFT_SHOULDER,0.5806975960731506,0.44883331656455994,-0.11151594668626785,0.9999604821205139,0.9998646974563599
130,2.167,12,RIGHT_SHOULDER,0.4441189765930176,0.4495253562927246,-0.1054038479924202,0.9999603033065796,0.9998378753662109
130,2.167,13,LEFT_ELBOW,0.6076890230178833,0.5019664168357849,-0.0565512590110302,0.9898293018341064,0.9996758699417114
130,2.167,14,RIGHT_ELBOW,0.41931211948394775,0.5033367276191711,-0.07261081039905548,0.9761589765548706,0.9993742108345032
130,2.167,15,LEFT_WRIST,0.6269785761833191,0.5525898337364197,-0.2198253720998764,0.9910048246383667,0.999733030796051
130,2.167,16,RIGHT_WRIST,0.43180254101753235,0.5504282116889954,-0.22323966026306152,0.9685870409011841,0.999370276927948
130,2.167,17,LEFT_PINKY,0.6353015899658203,0.5697543025016785,-0.265059232711792,0.9818967580795288,0.9993728995323181
130,2.167,18,RIGHT_PINKY,0.43441280722618103,0.5704935193061829,-0.2687786817550659,0.9461292028427124,0.999076247215271
130,2.167,19,LEFT_INDEX,0.6289612650871277,0.5692646503448486,-0.31354016065597534,0.9828511476516724,0.9994712471961975
130,2.167,20,RIGHT_INDEX,0.444916695356369,0.5669565200805664,-0.31142762303352356,0.9507507085800171,0.9991974234580994
130,2.167,21,LEFT_THUMB,0.62325119972229,0.5633589625358582,-0.2415124624967575,0.9782834649085999,0.9996547698974609
130,2.167,22,RIGHT_THUMB,0.44761648774147034,0.5597788095474243,-0.24335618317127228,0.9436888694763184,0.9994127750396729
130,2.167,23,LEFT_HIP,0.5574926137924194,0.5650556683540344,-0.009099896997213364,0.9996297955513,0.9995537400245667
130,2.167,24,RIGHT_HIP,0.4781869351863861,0.5695738196372986,0.009067095816135406,0.9999204874038696,0.99981290102005
130,2.167,25,LEFT_KNEE,0.5663961172103882,0.6316177248954773,0.13275977969169617,0.9835713505744934,0.9998806715011597
130,2.167,26,RIGHT_KNEE,0.4842526614665985,0.6449323296546936,0.0707712471485138,0.9907447695732117,0.9999274015426636
130,2.167,27,LEFT_ANKLE,0.5554274320602417,0.6962774395942688,0.4040146768093109,0.9573701024055481,0.9997473359107971
130,2.167,28,RIGHT_ANKLE,0.4912370443344116,0.7173553109169006,0.3219355046749115,0.986185610294342,0.9998038411140442
130,2.167,29,LEFT_HEEL,0.550558865070343,0.7047447562217712,0.42174816131591797,0.8303313255310059,0.9996139407157898
130,2.167,30,RIGHT_HEEL,0.5012121200561523,0.7266193628311157,0.33639276027679443,0.887116014957428,0.9995803236961365
130,2.167,31,LEFT_FOOT_INDEX,0.5623032450675964,0.728367805480957,0.26643261313438416,0.9586308002471924,0.9982115030288696
130,2.167,32,RIGHT_FOOT_INDEX,0.4723392724990845,0.7407843470573425,0.17022685706615448,0.9781899452209473,0.99751877784729
131,2.184,0,NOSE,0.5157651901245117,0.40261226892471313,-0.33231234550476074,0.9999737739562988,0.9997742772102356
131,2.184,1,LEFT_EYE_INNER,0.5224364399909973,0.3947439193725586,-0.3067260682582855,0.9998698830604553,0.9993081092834473
131,2.184,2,LEFT_EYE,0.5264257788658142,0.39471665024757385,-0.3067761957645416,0.9998633861541748,0.9993250370025635
131,2.184,3,LEFT_EYE_OUTER,0.5305331349372864,0.39478063583374023,-0.30675122141838074,0.9998303651809692,0.9993021488189697
131,2.184,4,RIGHT_EYE_INNER,0.5076812505722046,0.3948266804218292,-0.31135496497154236,0.9998819231987,0.999263346195221
131,2.184,5,RIGHT_EYE,0.5017030835151672,0.39497777819633484,-0.3113383650779724,0.9998712539672852,0.9991838335990906
131,2.184,6,RIGHT_EYE_OUTER,0.49617186188697815,0.3952278792858124,-0.31133851408958435,0.9998587369918823,0.9991017580032349
131,2.184,7,LEFT_EAR,0.535828709602356,0.3980420231819153,-0.15495342016220093,0.9996803402900696,0.9994136095046997
131,2.184,8,RIGHT_EAR,0.48867520689964294,0.39881736040115356,-0.17810723185539246,0.9996380805969238,0.9990338087081909
131,2.184,9,MOUTH_LEFT,0.523758053779602,0.41156256198883057,-0.2747664451599121,0.9999407529830933,0.9998553991317749
131,2.184,10,MOUTH_RIGHT,0.5066934823989868,0.4121582806110382,-0.2815583646297455,0.9999504089355469,0.999825656414032
131,2.184,11,LEFT_SHOULDER,0.5807889103889465,0.4486640691757202,-0.08243756741285324,0.9999619722366333,0.9999277591705322
131,2.184,12,RIGHT_SHOULDER,0.4432658553123474,0.44932183623313904,-0.08661814033985138,0.9999563694000244,0.999782383441925
131,2.184,13,LEFT_ELBOW,0.6080437898635864,0.5014433264732361,-0.05366531386971474,0.9898305535316467,0.9997654557228088
131,2.184,14,RIGHT_ELBOW,0.41905659437179565,0.5030785202980042,-0.08675666153430939,0.9748741388320923,0.9991270899772644
131,2.184,15,LEFT_WRIST,0.6279869675636292,0.5523228049278259,-0.21568503975868225,0.9910529255867004,0.9998006224632263
131,2.184,16,RIGHT_WRIST,0.4320129454135895,0.5494569540023804,-0.27946043014526367,0.9672893285751343,0.999180018901825
131,2.184,17,LEFT_PINKY,0.6369269490242004,0.5697113275527954,-0.26129230856895447,0.9820466637611389,0.9994373917579651
131,2.184,18,RIGHT_PINKY,0.4346034526824951,0.5697468519210815,-0.3310803174972534,0.9447658658027649,0.9988082647323608
131,2.184,19,LEFT_INDEX,0.6300379037857056,0.5691937804222107,-0.30889272689819336,0.9830285310745239,0.9995656609535217
131,2.184,20,RIGHT_INDEX,0.44519975781440735,0.5660164952278137,-0.3695415258407593,0.9492124319076538,0.9990092515945435
131,2.184,21,LEFT_THUMB,0.624025821685791,0.5631617903709412,-0.23727741837501526,0.9785498976707458,0.9997274279594421
131,2.184,22,RIGHT_THUMB,0.4478996694087982,0.5588855147361755,-0.2994508147239685,0.941992998123169,0.9992775321006775
131,2.184,23,LEFT_HIP,0.5567463636398315,0.5650149583816528,-0.008564156480133533,0.9996412992477417,0.9996464252471924
131,2.184,24,RIGHT_HIP,0.47718319296836853,0.5694340467453003,0.00852420274168253,0.999908983707428,0.9997617602348328
131,2.184,25,LEFT_KNEE,0.5662773251533508,0.633003294467926,0.09651584923267365,0.9844862222671509,0.9998960494995117
131,2.184,26,RIGHT_KNEE,0.48391813039779663,0.644889771938324,0.07324285805225372,0.9909002780914307,0.9998863935470581
131,2.184,27,LEFT_ANKLE,0.5557540059089661,0.702940821647644,0.3210332989692688,0.9605407118797302,0.9995743632316589
131,2.184,28,RIGHT_ANKLE,0.4918515384197235,0.7170560359954834,0.3101266622543335,0.9866676926612854,0.9996095299720764
131,2.184,29,LEFT_HEEL,0.5503894090652466,0.7107419371604919,0.33362314105033875,0.8384752869606018,0.9992475509643555
131,2.184,30,RIGHT_HEEL,0.5015137195587158,0.7260707020759583,0.3235730230808258,0.8904088139533997,0.9991700649261475
131,2.184,31,LEFT_FOOT_INDEX,0.5635212659835815,0.7337647676467896,0.18187227845191956,0.9612371921539307,0.995954155921936
131,2.184,32,RIGHT_FOOT_INDEX,0.4739202558994293,0.7405242323875427,0.16923639178276062,0.978867769241333,0.9952011108398438
132,2.2,0,NOSE,0.5158289074897766,0.40144774317741394,-0.3084612190723419,0.9999738931655884,0.9997120499610901
132,2.2,1,LEFT_EYE_INNER,0.5225204825401306,0.3941003978252411,-0.282555490732193,0.9998725056648254,0.999138355255127
132,2.2,2,LEFT_EYE,0.5264497995376587,0.394074022769928,-0.28261101245880127,0.999866783618927,0.9991617202758789
132,2.2,3,LEFT_EYE_OUTER,0.5306214094161987,0.39413318037986755,-0.28258606791496277,0.9998355507850647,0.9991426467895508
132,2.2,4,RIGHT_EYE_INNER,0.507914125919342,0.394178181886673,-0.28583118319511414,0.9998833537101746,0.9990816116333008
132,2.2,5,RIGHT_EYE,0.5020667314529419,0.39432820677757263,-0.2858148217201233,0.9998728632926941,0.9989783763885498
132,2.2,6,RIGHT_EYE_OUTER,0.4963988661766052,0.3945479393005371,-0.28581809997558594,0.9998598098754883,0.9988862872123718
132,2.2,7,LEFT_EAR,0.535990834236145,0.3974102735519409,-0.1340189129114151,0.9996921420097351,0.9992832541465759
132,2.2,8,RIGHT_EAR,0.48873472213745117,0.39819735288619995,-0.15129739046096802,0.9996500611305237,0.9988585710525513
132,2.2,9,MOUTH_LEFT,0.5239108800888062,0.41036921739578247,-0.2530132234096527,0.9999414682388306,0.9998267292976379
132,2.2,10,MOUTH_RIGHT,0.506778359413147,0.4109085500240326,-0.25803110003471375,0.9999504685401917,0.9997847676277161
132,2.2,11,LEFT_SHOULDER,0.5808610916137695,0.44866886734962463,-0.06825412809848785,0.9999622702598572,0.999913215637207
132,2.2,12,RIGHT_SHOULDER,0.44350045919418335,0.44903141260147095,-0.06716828793287277,0.9999499917030334,0.9997312426567078
132,2.2,13,LEFT_ELBOW,0.6082378625869751,0.5012896060943604,-0.05275541543960571,0.9897798299789429,0.9997337460517883
132,2.2,14,RIGHT_ELBOW,0.41858258843421936,0.5027596354484558,-0.08158886432647705,0.973457932472229,0.9990257024765015
132,2.2,15,LEFT_WRIST,0.6287546753883362,0.5521876811981201,-0.21877706050872803,0.9909553527832031,0.9997662901878357
132,2.2,16,RIGHT_WRIST,0.4321884214878082,0.5488227009773254,-0.26206591725349426,0.9656462669372559,0.9991043210029602
132,2.2,17,LEFT_PINKY,0.6383392214775085,0.569653332233429,-0.2653552293777466,0.9819144010543823,0.9993576407432556
132,2.2,18,RIGHT_PINKY,0.4346622824668884,0.5692484974861145,-0.31099995970726013,0.9426197409629822,0.9987154006958008
132,2.2,19,LEFT_INDEX,0.6318904757499695,0.5690162777900696,-0.3114156723022461,0.9829323887825012,0.9995009899139404
132,2.2,20,RIGHT_INDEX,0.44533583521842957,0.5655880570411682,-0.3493947684764862,0.9469372034072876,0.9989138841629028
132,2.2,21,LEFT_THUMB,0.6257428526878357,0.5631440877914429,-0.24020998179912567,0.978487491607666,0.9996817111968994
132,2.2,22,RIGHT_THUMB,0.44809314608573914,0.5585061311721802,-0.2816969156265259,0.9395379424095154,0.9992015957832336
132,2.2,23,LEFT_HIP,0.5556994676589966,0.565039873123169,-0.008018510416150093,0.9996464252471924,0.9996324777603149
132,2.2,24,RIGHT_HIP,0.4763227105140686,0.5692810416221619,0.007980117574334145,0.9998928308486938,0.9997338652610779
132,2.2,25,LEFT_KNEE,0.565969705581665,0.6348288655281067,0.05539209395647049,0.9851490259170532,0.9998927116394043
132,2.2,26,RIGHT_KNEE,0.4833807349205017,0.6448012590408325,0.0523003414273262,0.9909070134162903,0.9998838901519775
132,2.2,27,LEFT_ANKLE,0.5558409690856934,0.7094205617904663,0.2610888183116913,0.9633045792579651,0.9996557235717773
132,2.2,28,RIGHT_ANKLE,0.4924677014350891,0.7176552414894104,0.27285826206207275,0.9870367646217346,0.9996637105941772
132,2.2,29,LEFT_HEEL,0.5502023100852966,0.7182194590568542,0.27119821310043335,0.8448840975761414,0.9993935823440552
132,2.2,30,RIGHT_HEEL,0.5020970106124878,0.7275650501251221,0.28430256247520447,0.8924301266670227,0.9992994070053101
132,2.2,31,LEFT_FOOT_INDEX,0.5642064809799194,0.7385271191596985,0.11307089030742645,0.9634514451026917,0.9969663023948669
132,2.2,32,RIGHT_FOOT_INDEX,0.4754084348678589,0.7407427430152893,0.12516500055789948,0.9794018864631653,0.9963752627372742
133,2.217,0,NOSE,0.5162765383720398,0.4011891186237335,-0.3157494068145752,0.9999735951423645,0.9997114539146423
133,2.217,1,LEFT_EYE_INNER,0.5228230357170105,0.39395010471343994,-0.29023298621177673,0.9998723864555359,0.9991470575332642
133,2.217,2,LEFT_EYE,0.5268201231956482,0.3939395248889923,-0.2902883291244507,0.9998673796653748,0.9991674423217773
133,2.217,3,LEFT_EYE_OUTER,0.5311517119407654,0.3940106928348541,-0.29026517271995544,0.9998371005058289,0.999153733253479
133,2.217,4,RIGHT_EYE_INNER,0.508310079574585,0.39400917291641235,-0.2935352325439453,0.9998818039894104,0.999101996421814
133,2.217,5,RIGHT_EYE,0.5023656487464905,0.3941633403301239,-0.2935200333595276,0.999871551990509,0.9990041851997375
133,2.217,6,RIGHT_EYE_OUTER,0.4964793920516968,0.3943778872489929,-0.293539434671402,0.9998573064804077,0.9989107847213745
133,2.217,7,LEFT_EAR,0.5361862778663635,0.3973507583141327,-0.14137941598892212,0.9996958374977112,0.9992889165878296
133,2.217,8,RIGHT_EAR,0.48886990547180176,0.3981132507324219,-0.15895475447177887,0.999657154083252,0.9988947510719299
133,2.217,9,MOUTH_LEFT,0.5240626335144043,0.4102187752723694,-0.2599145174026489,0.999941885471344,0.9998331069946289
133,2.217,10,MOUTH_RIGHT,0.5070536732673645,0.4107242226600647,-0.2649936378002167,0.9999503493309021,0.9998005032539368
133,2.217,11,LEFT_SHOULDER,0.5808931589126587,0.44871145486831665,-0.0706154853105545,0.9999629855155945,0.9999319314956665
133,2.217,12,RIGHT_SHOULDER,0.4435802102088928,0.4489634335041046,-0.07096584886312485,0.999945342540741,0.9997710585594177
133,2.217,13,LEFT_ELBOW,0.6083926558494568,0.5012975931167603,-0.050201401114463806,0.9896072745323181,0.9997678399085999
133,2.217,14,RIGHT_ELBOW,0.4179537296295166,0.5024920105934143,-0.07842861115932465,0.972404956817627,0.9990729093551636
133,2.217,15,LEFT_WRIST,0.6293129920959473,0.5521153807640076,-0.21560105681419373,0.9907481074333191,0.9997729659080505
133,2.217,16,RIGHT_WRIST,0.4323209524154663,0.5484775900840759,-0.2464933544397354,0.9644412994384766,0.9990981817245483
133,2.217,17,LEFT_PINKY,0.6389521360397339,0.5695037245750427,-0.26088711619377136,0.981589138507843,0.9993896484375
133,2.217,18,RIGHT_PINKY,0.43477803468704224,0.5688530802726746,-0.2935771942138672,0.9409957528114319,0.9987062215805054
133,2.217,19,LEFT_INDEX,0.6329692006111145,0.5688186287879944,-0.30745527148246765,0.9826648831367493,0.9995031356811523
133,2.217,20,RIGHT_INDEX,0.44540587067604065,0.5653399229049683,-0.33340269327163696,0.9451890587806702,0.9989025592803955
133,2.217,21,LEFT_THUMB,0.6270621418952942,0.5630602240562439,-0.23686638474464417,0.9782372117042542,0.9996840953826904
133,2.217,22,RIGHT_THUMB,0.44816067814826965,0.5584196448326111,-0.26633334159851074,0.9376581907272339,0.9991888403892517
133,2.217,23,LEFT_HIP,0.5551304817199707,0.5656872987747192,-0.007550040725618601,0.9996577501296997,0.9996944665908813
133,2.217,24,RIGHT_HIP,0.4761050045490265,0.5695717930793762,0.007516026496887207,0.9998803734779358,0.9997486472129822
133,2.217,25,LEFT_KNEE,0.565938413143158,0.6392258405685425,0.05847926810383797,0.9858718514442444,0.9999197721481323
133,2.217,26,RIGHT_KNEE,0.48315322399139404,0.6457770466804504,0.05800407752394676,0.990943431854248,0.9998934268951416
133,2.217,27,LEFT_ANKLE,0.5566882491111755,0.7154098153114319,0.2833811342716217,0.9659417271614075,0.9996514320373535
133,2.217,28,RIGHT_ANKLE,0.4932401180267334,0.7178713083267212,0.2992132306098938,0.9873495697975159,0.9997076392173767
133,2.217,29,LEFT_HEEL,0.5500720739364624,0.7256990075111389,0.29549068212509155,0.8514209985733032,0.9993658661842346
133,2.217,30,RIGHT_HEEL,0.5028584003448486,0.7276726961135864,0.3131162226200104,0.8947274684906006,0.9994115829467773
133,2.217,31,LEFT_FOOT_INDEX,0.5677667260169983,0.7438238263130188,0.13640718162059784,0.9656034708023071,0.9966855645179749
133,2.217,32,RIGHT_FOOT_INDEX,0.47716188430786133,0.7414843440055847,0.15784187614917755,0.9799505472183228,0.9968994855880737
134,2.234,0,NOSE,0.5175167918205261,0.4012336730957031,-0.3158015012741089,0.9999728202819824,0.999756395816803
134,2.234,1,LEFT_EYE_INNER,0.523729681968689,0.3939809501171112,-0.289999783039093,0.9998701810836792,0.9992813467979431
134,2.234,2,LEFT_EYE,0.5279194116592407,0.3939746916294098,-0.29005664587020874,0.9998658299446106,0.9992915391921997
134,2.234,3,LEFT_EYE_OUTER,0.5321692228317261,0.3940387964248657,-0.2900350093841553,0.9998359084129333,0.9992733597755432
134,2.234,4,RIGHT_EYE_INNER,0.5095856785774231,0.3940238058567047,-0.29400116205215454,0.9998788237571716,0.9992614388465881
134,2.234,5,RIGHT_EYE,0.5036701560020447,0.3941803574562073,-0.29398074746131897,0.9998687505722046,0.9991884827613831
134,2.234,6,RIGHT_EYE_OUTER,0.49752938747406006,0.39439254999160767,-0.2939983308315277,0.9998530149459839,0.9991137385368347
134,2.234,7,LEFT_EAR,0.5364310145378113,0.3973929286003113,-0.14130988717079163,0.9996929168701172,0.9993754029273987
134,2.234,8,RIGHT_EAR,0.48923996090888977,0.39811769127845764,-0.16193313896656036,0.9996617436408997,0.9991069436073303
134,2.234,9,MOUTH_LEFT,0.5246102809906006,0.4102494418621063,-0.260031521320343,0.9999412298202515,0.9998559951782227
134,2.234,10,MOUTH_RIGHT,0.5082627534866333,0.4107382893562317,-0.2659928500652313,0.9999493956565857,0.9998384714126587
134,2.234,11,LEFT_SHOULDER,0.5810214281082153,0.44891655445098877,-0.07040534168481827,0.9999634623527527,0.9999412298202515
134,2.234,12,RIGHT_SHOULDER,0.4435182809829712,0.44899675250053406,-0.07245039939880371,0.9999417066574097,0.9998262524604797
134,2.234,13,LEFT_ELBOW,0.6086378693580627,0.5015292763710022,-0.04375728592276573,0.9893667101860046,0.99979168176651
134,2.234,14,RIGHT_ELBOW,0.4173743426799774,0.5024915337562561,-0.07690128684043884,0.9714444875717163,0.9992289543151855
134,2.234,15,LEFT_WRIST,0.6301314830780029,0.5521055459976196,-0.20832373201847076,0.9904033541679382,0.9997974038124084
134,2.234,16,RIGHT_WRIST,0.4324442148208618,0.5485399961471558,-0.23539294302463531,0.9634984731674194,0.9992895126342773
134,2.234,17,LEFT_PINKY,0.6398852467536926,0.5694718956947327,-0.253841370344162,0.98106849193573,0.9994620680809021
134,2.234,18,RIGHT_PINKY,0.43489062786102295,0.5688469409942627,-0.2808965742588043,0.9397735595703125,0.9989681243896484
134,2.234,19,LEFT_INDEX,0.6342868208885193,0.5689308047294617,-0.2989804744720459,0.9822027087211609,0.999565064907074
134,2.234,20,RIGHT_INDEX,0.4454807937145233,0.5653566718101501,-0.322254478931427,0.9438097476959229,0.9991264939308167
134,2.234,21,LEFT_THUMB,0.6285563707351685,0.5631963610649109,-0.22961309552192688,0.9777511954307556,0.9997251629829407
134,2.234,22,RIGHT_THUMB,0.4481799900531769,0.5585219264030457,-0.2554250955581665,0.9361619353294373,0.9993677735328674
134,2.234,23,LEFT_HIP,0.554663360118866,0.56684410572052,-0.007266758941113949,0.9996718168258667,0.9997429251670837
134,2.234,24,RIGHT_HIP,0.4760418236255646,0.5699858069419861,0.0072395880706608295,0.9998703002929688,0.9998003840446472
134,2.234,25,LEFT_KNEE,0.5656942129135132,0.6432091593742371,0.051777467131614685,0.986457347869873,0.9999430179595947
134,2.234,26,RIGHT_KNEE,0.4826618432998657,0.6464789509773254,0.06448296457529068,0.9907891750335693,0.9999241828918457
134,2.234,27,LEFT_ANKLE,0.557837724685669,0.7214266657829285,0.2500632703304291,0.9683719873428345,0.9997103810310364
134,2.234,28,RIGHT_ANKLE,0.4938031733036041,0.7186069488525391,0.3073829412460327,0.9874916672706604,0.9997814297676086
134,2.234,29,LEFT_HEEL,0.5501124858856201,0.731768012046814,0.2588160037994385,0.857850968837738,0.9994402527809143
134,2.234,30,RIGHT_HEEL,0.5039188265800476,0.7286405563354492,0.3211844861507416,0.8968872427940369,0.9995488524436951
134,2.234,31,LEFT_FOOT_INDEX,0.5714482069015503,0.7486448287963867,0.09912896901369095,0.9675269722938538,0.9967936873435974
134,2.234,32,RIGHT_FOOT_INDEX,0.4770970046520233,0.7421272993087769,0.17067401111125946,0.9802848100662231,0.9976162910461426
135,2.25,0,NOSE,0.5189303159713745,0.4013512432575226,-0.3189777135848999,0.9999734163284302,0.99982750415802
135,2.25,1,LEFT_EYE_INNER,0.5250484943389893,0.3940922021865845,-0.2933829724788666,0.999873697757721,0.9994899034500122
135,2.25,2,LEFT_EYE,0.5294718146324158,0.3940976858139038,-0.29343879222869873,0.9998700022697449,0.9995070695877075
135,2.25,3,LEFT_EYE_OUTER,0.5336418151855469,0.3941664397716522,-0.2934153378009796,0.9998414516448975,0.9995032548904419
135,2.25,4,RIGHT_EYE_INNER,0.5110431909561157,0.39411014318466187,-0.29766714572906494,0.9998815655708313,0.9994509816169739
135,2.25,5,RIGHT_EYE,0.5051113963127136,0.39426562190055847,-0.2976422607898712,0.9998717904090881,0.9993888139724731
135,2.25,6,RIGHT_EYE_OUTER,0.498720645904541,0.39447200298309326,-0.29766106605529785,0.9998552203178406,0.9993271827697754
135,2.25,7,LEFT_EAR,0.5373167991638184,0.39754727482795715,-0.1454978734254837,0.9997014999389648,0.9996029734611511
135,2.25,8,RIGHT_EAR,0.4897785186767578,0.39815554022789,-0.16715046763420105,0.9996770620346069,0.9993256330490112
135,2.25,9,MOUTH_LEFT,0.5253943204879761,0.4103638529777527,-0.26352763175964355,0.9999433755874634,0.9999140501022339
135,2.25,10,MOUTH_RIGHT,0.5094321966171265,0.4108317196369171,-0.26983845233917236,0.9999508261680603,0.9998911619186401
135,2.25,11,LEFT_SHOULDER,0.5813429951667786,0.4491380453109741,-0.0726003497838974,0.9999653697013855,0.9999735355377197
135,2.25,12,RIGHT_SHOULDER,0.44359564781188965,0.4490303695201874,-0.0754002034664154,0.9999405741691589,0.9998562335968018
135,2.25,13,LEFT_ELBOW,0.6088632941246033,0.5019500851631165,-0.041960544884204865,0.9893653988838196,0.9998806715011597
135,2.25,14,RIGHT_ELBOW,0.4173572361469269,0.5025864839553833,-0.08622533828020096,0.9709616303443909,0.9992491602897644
135,2.25,15,LEFT_WRIST,0.6308220624923706,0.5523579716682434,-0.20774132013320923,0.9904602766036987,0.9998794794082642
135,2.25,16,RIGHT_WRIST,0.4326603412628174,0.5485849976539612,-0.2512567639350891,0.9631949067115784,0.9993591904640198
135,2.25,17,LEFT_PINKY,0.6405448913574219,0.5696690678596497,-0.2528281807899475,0.9812714457511902,0.9996387958526611
135,2.25,18,RIGHT_PINKY,0.4350025951862335,0.5688799619674683,-0.2971249222755432,0.9395659565925598,0.9990847110748291
135,2.25,19,LEFT_INDEX,0.6353050470352173,0.5692909955978394,-0.29836010932922363,0.9824169874191284,0.9997109770774841
135,2.25,20,RIGHT_INDEX,0.44562751054763794,0.5654111504554749,-0.3374083936214447,0.9433468580245972,0.9992197751998901
135,2.25,21,LEFT_THUMB,0.6297202110290527,0.5635478496551514,-0.22899243235588074,0.9780271649360657,0.9998248219490051
135,2.25,22,RIGHT_THUMB,0.4483419954776764,0.558548629283905,-0.27092501521110535,0.9354988932609558,0.9994378685951233
135,2.25,23,LEFT_HIP,0.5542995929718018,0.5677890181541443,-0.00718797417357564,0.9996935725212097,0.9998916387557983
135,2.25,24,RIGHT_HIP,0.4759744107723236,0.5702980756759644,0.007165325805544853,0.9998657703399658,0.9998723268508911
135,2.25,25,LEFT_KNEE,0.5652926564216614,0.6470695734024048,0.031243016943335533,0.9870023131370544,0.9999712705612183
135,2.25,26,RIGHT_KNEE,0.48170357942581177,0.6470851898193359,0.0882548913359642,0.990410327911377,0.9999374151229858
135,2.25,27,LEFT_ANKLE,0.5590078234672546,0.7269455790519714,0.1874469518661499,0.970622718334198,0.9997434020042419
135,2.25,28,RIGHT_ANKLE,0.49416401982307434,0.7183603644371033,0.35320767760276794,0.9872018694877625,0.9998027682304382
135,2.25,29,LEFT_HEEL,0.5501921772956848,0.7382045388221741,0.1916251927614212,0.8643888831138611,0.9994462132453918
135,2.25,30,RIGHT_HEEL,0.5049034357070923,0.7288323640823364,0.3695243000984192,0.8966585993766785,0.999603807926178
135,2.25,31,LEFT_FOOT_INDEX,0.574411153793335,0.7517162561416626,0.024609683081507683,0.9693931937217712,0.9964131712913513
135,2.25,32,RIGHT_FOOT_INDEX,0.4772225320339203,0.7422177791595459,0.22581270337104797,0.9802623987197876,0.9980826377868652
136,2.267,0,NOSE,0.5207246541976929,0.40135663747787476,-0.33275753259658813,0.9999741911888123,0.9998512268066406
136,2.267,1,LEFT_EYE_INNER,0.5267038941383362,0.3941863775253296,-0.3048185706138611,0.9998778700828552,0.9995736479759216
136,2.267,2,LEFT_EYE,0.5313135385513306,0.39420726895332336,-0.30489394068717957,0.9998746514320374,0.9995898604393005
136,2.267,3,LEFT_EYE_OUTER,0.5354076027870178,0.39428460597991943,-0.3048877418041229,0.9998475909233093,0.9995920062065125
136,2.267,4,RIGHT_EYE_INNER,0.5129166841506958,0.39417505264282227,-0.31180810928344727,0.9998849630355835,0.99953293800354
136,2.267,5,RIGHT_EYE,0.5071101784706116,0.3943224549293518,-0.31177017092704773,0.9998754858970642,0.9994757771492004
136,2.267,6,RIGHT_EYE_OUTER,0.5006423592567444,0.39451080560684204,-0.3117552697658539,0.9998582601547241,0.999417781829834
136,2.267,7,LEFT_EAR,0.5386813879013062,0.3977135419845581,-0.15127354860305786,0.9997084140777588,0.9996752738952637
136,2.267,8,RIGHT_EAR,0.4909733533859253,0.3982311487197876,-0.18475762009620667,0.9996922612190247,0.9994215965270996
136,2.267,9,MOUTH_LEFT,0.5267082452774048,0.41041335463523865,-0.27633509039878845,0.999945878982544,0.9999275207519531
136,2.267,10,MOUTH_RIGHT,0.5109825134277344,0.4108182489871979,-0.2857274115085602,0.9999526739120483,0.9999072551727295
136,2.267,11,LEFT_SHOULDER,0.581861674785614,0.44990840554237366,-0.07678781449794769,0.999967098236084,0.9999790191650391
136,2.267,12,RIGHT_SHOULDER,0.4438527822494507,0.4490419626235962,-0.09799010306596756,0.9999401569366455,0.9998687505722046
136,2.267,13,LEFT_ELBOW,0.6089345812797546,0.5031168460845947,-0.04234401136636734,0.9893457293510437,0.9998952150344849
136,2.267,14,RIGHT_ELBOW,0.4171788692474365,0.5026436448097229,-0.09495197236537933,0.971217691898346,0.9992339611053467
136,2.267,15,LEFT_WRIST,0.6310809254646301,0.5530730485916138,-0.2089216113090515,0.9903562068939209,0.9998805522918701
136,2.267,16,RIGHT_WRIST,0.4328409433364868,0.5488168597221375,-0.24652698636054993,0.9629185795783997,0.9993106126785278
136,2.267,17,LEFT_PINKY,0.6410458087921143,0.5704305768013,-0.25349700450897217,0.9811117053031921,0.9996534585952759
136,2.267,18,RIGHT_PINKY,0.4351094961166382,0.5690383315086365,-0.29080191254615784,0.9389908313751221,0.9990517497062683
136,2.267,19,LEFT_INDEX,0.6359059810638428,0.5700908899307251,-0.30008918046951294,0.9823001027107239,0.9997130036354065
136,2.267,20,RIGHT_INDEX,0.445739209651947,0.5656906962394714,-0.33215010166168213,0.9425367116928101,0.9991649389266968
136,2.267,21,LEFT_THUMB,0.6301962733268738,0.5643940567970276,-0.2305399477481842,0.9778844118118286,0.999823272228241
136,2.267,22,RIGHT_THUMB,0.44840559363365173,0.5588572025299072,-0.26614025235176086,0.9343371987342834,0.9993913173675537
136,2.267,23,LEFT_HIP,0.5533183813095093,0.5685739517211914,-0.005909666884690523,0.9997137784957886,0.9999111890792847
136,2.267,24,RIGHT_HIP,0.47516846656799316,0.5703179836273193,0.00588562898337841,0.9998592734336853,0.9998644590377808
136,2.267,25,LEFT_KNEE,0.5642368793487549,0.6502820253372192,0.014966651797294617,0.9874480962753296,0.9999778270721436
136,2.267,26,RIGHT_KNEE,0.48096737265586853,0.6478517651557922,0.09659913182258606,0.9900115728378296,0.9999397993087769
136,2.267,27,LEFT_ANKLE,0.5603596568107605,0.7320369482040405,0.15075600147247314,0.9727383852005005,0.999771773815155
136,2.267,28,RIGHT_ANKLE,0.49419692158699036,0.7180858850479126,0.3733441233634949,0.9867300391197205,0.9998214840888977
136,2.267,29,LEFT_HEEL,0.5508643388748169,0.7434003353118896,0.152449369430542,0.8706223368644714,0.9994896650314331
136,2.267,30,RIGHT_HEEL,0.5050250291824341,0.7284747362136841,0.3907136917114258,0.8945960998535156,0.9996558427810669
136,2.267,31,LEFT_FOOT_INDEX,0.5760340094566345,0.7553063035011292,-0.024832388386130333,0.9711952805519104,0.9967118501663208
136,2.267,32,RIGHT_FOOT_INDEX,0.4775829315185547,0.7422479391098022,0.24292001128196716,0.9801654815673828,0.9985290765762329
137,2.284,0,NOSE,0.5227040648460388,0.4014762043952942,-0.33384594321250916,0.9999756813049316,0.9999117851257324
137,2.284,1,LEFT_EYE_INNER,0.5282856225967407,0.39431628584861755,-0.30679771304130554,0.999885618686676,0.9997408986091614
137,2.284,2,LEFT_EYE,0.5329581499099731,0.3943396806716919,-0.30686432123184204,0.999882698059082,0.9997484087944031
137,2.284,3,LEFT_EYE_OUTER,0.5371060967445374,0.3944165110588074,-0.30685392022132874,0.999857485294342,0.9997439980506897
137,2.284,4,RIGHT_EYE_INNER,0.5145687460899353,0.3943072557449341,-0.313052773475647,0.9998922348022461,0.9997228980064392
137,2.284,5,RIGHT_EYE,0.5086753368377686,0.39445483684539795,-0.3130202293395996,0.999883234500885,0.9996920824050903
137,2.284,6,RIGHT_EYE_OUTER,0.5020689368247986,0.39464271068573,-0.3130149841308594,0.9998663663864136,0.9996594190597534
137,2.284,7,LEFT_EAR,0.539793074131012,0.39782413840293884,-0.1536613553762436,0.999726414680481,0.9997987151145935
137,2.284,8,RIGHT_EAR,0.49192583560943604,0.3983171582221985,-0.18493060767650604,0.9997154474258423,0.9996659755706787
137,2.284,9,MOUTH_LEFT,0.5282703638076782,0.4104481637477875,-0.2770305871963501,0.9999494552612305,0.9999529123306274
137,2.284,10,MOUTH_RIGHT,0.5127701759338379,0.41087356209754944,-0.2859683930873871,0.9999556541442871,0.9999409914016724
137,2.284,11,LEFT_SHOULDER,0.5823594331741333,0.4507693648338318,-0.07547211647033691,0.9999691843986511,0.9999841451644897
137,2.284,12,RIGHT_SHOULDER,0.4439350366592407,0.4491269290447235,-0.09905686229467392,0.9999416470527649,0.9999020099639893
137,2.284,13,LEFT_ELBOW,0.6089363694190979,0.5043870210647583,-0.04134086146950722,0.9893328547477722,0.9999037981033325
137,2.284,14,RIGHT_ELBOW,0.4172112047672272,0.5031209588050842,-0.11051467061042786,0.9710975885391235,0.9993176460266113
137,2.284,15,LEFT_WRIST,0.6315333843231201,0.5541355609893799,-0.20973895490169525,0.9904237985610962,0.9998852014541626
137,2.284,16,RIGHT_WRIST,0.43334415555000305,0.5497090220451355,-0.2820073068141937,0.9628404974937439,0.99941086769104
137,2.284,17,LEFT_PINKY,0.6415275931358337,0.5712792277336121,-0.25521615147590637,0.9813235402107239,0.9996422529220581
137,2.284,18,RIGHT_PINKY,0.43532639741897583,0.5695531368255615,-0.32922622561454773,0.9390972256660461,0.9991399049758911
137,2.284,19,LEFT_INDEX,0.6368464231491089,0.5711146593093872,-0.30213800072669983,0.982528567314148,0.9997093081474304
137,2.284,20,RIGHT_INDEX,0.4459798038005829,0.5662691593170166,-0.37040072679519653,0.9423803091049194,0.9992662072181702
137,2.284,21,LEFT_THUMB,0.6314106583595276,0.5655835866928101,-0.2316601425409317,0.9781532287597656,0.9998290538787842
137,2.284,22,RIGHT_THUMB,0.448847234249115,0.5595264434814453,-0.30191829800605774,0.9339141249656677,0.9994827508926392
137,2.284,23,LEFT_HIP,0.5528572201728821,0.5692546367645264,-0.004386971239000559,0.9997349977493286,0.9999262094497681
137,2.284,24,RIGHT_HIP,0.4745289087295532,0.5706289410591125,0.004396430216729641,0.9998595118522644,0.9999098777770996
137,2.284,25,LEFT_KNEE,0.562935471534729,0.6524084210395813,0.007232129108160734,0.9878700375556946,0.9999693632125854
137,2.284,26,RIGHT_KNEE,0.48029276728630066,0.6490091681480408,0.10357135534286499,0.9895417094230652,0.99993896484375
137,2.284,27,LEFT_ANKLE,0.5609501600265503,0.7352968454360962,0.13613006472587585,0.9744860529899597,0.9997065663337708
137,2.284,28,RIGHT_ANKLE,0.4943944215774536,0.7183847427368164,0.385692298412323,0.9861528277397156,0.999778687953949
137,2.284,29,LEFT_HEEL,0.550796389579773,0.746902346611023,0.1369691640138626,0.8769948482513428,0.9993348717689514
137,2.284,30,RIGHT_HEEL,0.5055339932441711,0.7288237810134888,0.4034557044506073,0.8930956721305847,0.9995613694190979
137,2.284,31,LEFT_FOOT_INDEX,0.5777159929275513,0.7571471333503723,-0.03773283213376999,0.9725871086120605,0.9954681396484375
137,2.284,32,RIGHT_FOOT_INDEX,0.47733205556869507,0.742920458316803,0.25761112570762634,0.9797899723052979,0.9980941414833069
138,2.3,0,NOSE,0.5242751836776733,0.4016627073287964,-0.3263627290725708,0.999977171421051,0.9999384880065918
138,2.3,1,LEFT_EYE_INNER,0.5301465392112732,0.3943824768066406,-0.2991226613521576,0.9998934268951416,0.9998195767402649
138,2.3,2,LEFT_EYE,0.5348970890045166,0.3944178819656372,-0.29919418692588806,0.9998908042907715,0.9998252987861633
138,2.3,3,LEFT_EYE_OUTER,0.538819432258606,0.39450979232788086,-0.2991943359375,0.99986732006073,0.9998226761817932
138,2.3,4,RIGHT_EYE_INNER,0.5163729786872864,0.3943248987197876,-0.30507782101631165,0.9998995065689087,0.9998032450675964
138,2.3,5,RIGHT_EYE,0.5104966759681702,0.3944936692714691,-0.30503782629966736,0.9998909831047058,0.9997780919075012
138,2.3,6,RIGHT_EYE_OUTER,0.5038499236106873,0.3946922719478607,-0.305023193359375,0.9998745918273926,0.9997501969337463
138,2.3,7,LEFT_EAR,0.5412481427192688,0.3980797529220581,-0.14562475681304932,0.9997450709342957,0.9998612403869629
138,2.3,8,RIGHT_EAR,0.4930902421474457,0.39835700392723083,-0.1760234832763672,0.9997375011444092,0.9997525811195374
138,2.3,9,MOUTH_LEFT,0.5296556949615479,0.41075268387794495,-0.2692261040210724,0.9999529123306274,0.9999638795852661
138,2.3,10,MOUTH_RIGHT,0.5142858624458313,0.4110162556171417,-0.2779883146286011,0.9999586343765259,0.9999548196792603
138,2.3,11,LEFT_SHOULDER,0.582951009273529,0.45158591866493225,-0.07097216695547104,0.9999712109565735,0.9999865293502808
138,2.3,12,RIGHT_SHOULDER,0.4440884590148926,0.44915810227394104,-0.09299220144748688,0.9999433159828186,0.9999107122421265
138,2.3,13,LEFT_ELBOW,0.608944296836853,0.5056340098381042,-0.04135036841034889,0.9893630743026733,0.9999032020568848
138,2.3,14,RIGHT_ELBOW,0.4170880913734436,0.5036113262176514,-0.10599907487630844,0.9710018038749695,0.9993172883987427
138,2.3,15,LEFT_WRIST,0.6318283081054688,0.5555393099784851,-0.2140112817287445,0.9904767274856567,0.9998990297317505
138,2.3,16,RIGHT_WRIST,0.43358075618743896,0.550771951675415,-0.28267648816108704,0.9629858136177063,0.9994829893112183
138,2.3,17,LEFT_PINKY,0.6416947245597839,0.5727348923683167,-0.26170268654823303,0.981528103351593,0.9996858835220337
138,2.3,18,RIGHT_PINKY,0.4354282319545746,0.5703561902046204,-0.3305087387561798,0.9395138621330261,0.9992433786392212
138,2.3,19,LEFT_INDEX,0.6373109221458435,0.5726836919784546,-0.30805903673171997,0.9827478528022766,0.9997524619102478
138,2.3,20,RIGHT_INDEX,0.44614270329475403,0.5670778751373291,-0.37142035365104675,0.942570149898529,0.9993681311607361
138,2.3,21,LEFT_THUMB,0.6321356296539307,0.567251443862915,-0.23603633046150208,0.9784001708030701,0.9998540878295898
138,2.3,22,RIGHT_THUMB,0.44909733533859253,0.5604497790336609,-0.302573561668396,0.9338973164558411,0.9995551705360413
138,2.3,23,LEFT_HIP,0.5521923899650574,0.5701686143875122,-0.004353494383394718,0.9997544884681702,0.99991774559021
138,2.3,24,RIGHT_HIP,0.47366857528686523,0.5710278153419495,0.004373563453555107,0.9998600482940674,0.9999032020568848
138,2.3,25,LEFT_KNEE,0.5620821714401245,0.6533030867576599,-0.01721947267651558,0.988298773765564,0.9999713897705078
138,2.3,26,RIGHT_KNEE,0.47991400957107544,0.6507439017295837,0.09948447346687317,0.9891102313995361,0.9999457597732544
138,2.3,27,LEFT_ANKLE,0.5628129839897156,0.7368403077125549,0.09986671805381775,0.9761182069778442,0.9997183680534363
138,2.3,28,RIGHT_ANKLE,0.4946227967739105,0.7193495631217957,0.37379634380340576,0.9857633113861084,0.9997958540916443
138,2.3,29,LEFT_HEEL,0.5527662038803101,0.7507355809211731,0.09933442622423172,0.8827109336853027,0.9993537068367004
138,2.3,30,RIGHT_HEEL,0.5056702494621277,0.7301447987556458,0.3905853033065796,0.8931350111961365,0.9995765089988708
138,2.3,31,LEFT_FOOT_INDEX,0.5789536237716675,0.7546408176422119,-0.07500529289245605,0.9737951159477234,0.9957667589187622
138,2.3,32,RIGHT_FOOT_INDEX,0.47587156295776367,0.7432976365089417,0.24554423987865448,0.979426920413971,0.998233437538147
139,2.317,0,NOSE,0.5270652174949646,0.40179693698883057,-0.3162345588207245,0.9999784827232361,0.9999231100082397
139,2.317,1,LEFT_EYE_INNER,0.5328963398933411,0.3945406675338745,-0.28873342275619507,0.9999005198478699,0.9997701048851013
139,2.317,2,LEFT_EYE,0.5374676585197449,0.3945886790752411,-0.28881585597991943,0.9998980760574341,0.9997804760932922
139,2.317,3,LEFT_EYE_OUTER,0.5411038994789124,0.39467522501945496,-0.2888251543045044,0.9998762011528015,0.999779999256134
139,2.317,4,RIGHT_EYE_INNER,0.519232988357544,0.39445024728775024,-0.2947382628917694,0.999906063079834,0.9997406601905823
139,2.317,5,RIGHT_EYE,0.5134009122848511,0.3945990800857544,-0.2947012782096863,0.999897837638855,0.9997057318687439
139,2.317,6,RIGHT_EYE_OUTER,0.5066903233528137,0.394783616065979,-0.29469308257102966,0.9998818039894104,0.999667763710022
139,2.317,7,LEFT_EAR,0.5428799986839294,0.3982122838497162,-0.1364728808403015,0.999761700630188,0.9998326301574707
139,2.317,8,RIGHT_EAR,0.49499088525772095,0.3984719216823578,-0.16767604649066925,0.9997575283050537,0.9996650218963623
139,2.317,9,MOUTH_LEFT,0.5321679711341858,0.4109042286872864,-0.25985991954803467,0.9999558925628662,0.9999562501907349
139,2.317,10,MOUTH_RIGHT,0.5171676874160767,0.41112786531448364,-0.26878952980041504,0.9999611377716064,0.9999412298202515
139,2.317,11,LEFT_SHOULDER,0.5841004252433777,0.4528394937515259,-0.0653848648071289,0.9999727606773376,0.9999836683273315
139,2.317,12,RIGHT_SHOULDER,0.4441472291946411,0.44927021861076355,-0.09184180200099945,0.999944269657135,0.9998756647109985
139,2.317,13,LEFT_ELBOW,0.6089430451393127,0.507759153842926,-0.04214625060558319,0.9893532395362854,0.9998940229415894
139,2.317,14,RIGHT_ELBOW,0.41687196493148804,0.5040035247802734,-0.11396215856075287,0.9710942506790161,0.9991430044174194
139,2.317,15,LEFT_WRIST,0.6321115493774414,0.5582218170166016,-0.22111716866493225,0.9906378984451294,0.9999021291732788
139,2.317,16,RIGHT_WRIST,0.4336246848106384,0.5517074465751648,-0.29368701577186584,0.9629765748977661,0.9992992877960205
139,2.317,17,LEFT_PINKY,0.6420032382011414,0.5753222703933716,-0.2700350880622864,0.9818985462188721,0.9996658563613892
139,2.317,18,RIGHT_PINKY,0.43527159094810486,0.5714626312255859,-0.34164953231811523,0.9397040605545044,0.9989398121833801
139,2.317,19,LEFT_INDEX,0.6374717950820923,0.5751630067825317,-0.315955251455307,0.983115017414093,0.9997456669807434
139,2.317,20,RIGHT_INDEX,0.44615763425827026,0.568333089351654,-0.3819470703601837,0.9425628185272217,0.9991232752799988
139,2.317,21,LEFT_THUMB,0.6323772072792053,0.5699033141136169,-0.24316459894180298,0.9788293242454529,0.9998542070388794
139,2.317,22,RIGHT_THUMB,0.44930902123451233,0.5617930293083191,-0.31338977813720703,0.9337287545204163,0.9993988275527954
139,2.317,23,LEFT_HIP,0.5517464280128479,0.5705644488334656,-0.0032571402844041586,0.9997710585594177,0.9999041557312012
139,2.317,24,RIGHT_HIP,0.4725436866283417,0.5711404085159302,0.00332447187975049,0.999860405921936,0.9998962879180908
139,2.317,25,LEFT_KNEE,0.5616864562034607,0.6534745097160339,-0.02890898287296295,0.9883490800857544,0.9999521970748901
139,2.317,26,RIGHT_KNEE,0.47928738594055176,0.6516063809394836,0.08787989616394043,0.9885768294334412,0.9999314546585083
139,2.317,27,LEFT_ANKLE,0.5630924105644226,0.7359037399291992,0.07444452494382858,0.9773090481758118,0.9996515512466431
139,2.317,28,RIGHT_ANKLE,0.4946141541004181,0.7199569940567017,0.34856417775154114,0.9852497577667236,0.99973064661026
139,2.317,29,LEFT_HEEL,0.5528271794319153,0.752076268196106,0.07262372970581055,0.8886445760726929,0.9992071986198425
139,2.317,30,RIGHT_HEEL,0.505683183670044,0.7316485643386841,0.3638792634010315,0.8928539752960205,0.999420166015625
139,2.317,31,LEFT_FOOT_INDEX,0.5823634266853333,0.7530642151832581,-0.09480651468038559,0.9745236039161682,0.9946627616882324
139,2.317,32,RIGHT_FOOT_INDEX,0.47422000765800476,0.7434450387954712,0.21946461498737335,0.9787285327911377,0.9974945783615112
140,2.334,0,NOSE,0.52898108959198,0.4022602438926697,-0.3211454749107361,0.9999797344207764,0.9998974800109863
140,2.334,1,LEFT_EYE_INNER,0.5347588062286377,0.39487218856811523,-0.29472148418426514,0.999907374382019,0.9996914863586426
140,2.334,2,LEFT_EYE,0.5394241213798523,0.39493805170059204,-0.29479140043258667,0.9999051690101624,0.9997079968452454
140,2.334,3,LEFT_EYE_OUTER,0.543182909488678,0.3950492739677429,-0.2947876751422882,0.9998850226402283,0.9997095465660095
140,2.334,4,RIGHT_EYE_INNER,0.5209656357765198,0.3947567045688629,-0.2998221516609192,0.9999123215675354,0.9996501207351685
140,2.334,5,RIGHT_EYE,0.5149787068367004,0.39491111040115356,-0.29979199171066284,0.9999043941497803,0.9996021389961243
140,2.334,6,RIGHT_EYE_OUTER,0.5082252025604248,0.39512327313423157,-0.29979950189590454,0.9998888969421387,0.9995514750480652
140,2.334,7,LEFT_EAR,0.5449579358100891,0.3986228108406067,-0.1436108946800232,0.9997790455818176,0.9997900128364563
140,2.334,8,RIGHT_EAR,0.49625855684280396,0.3990537226200104,-0.16911613941192627,0.9997765421867371,0.9995670914649963
140,2.334,9,MOUTH_LEFT,0.5341609120368958,0.41161033511161804,-0.2648041844367981,0.9999591112136841,0.9999500513076782
140,2.334,10,MOUTH_RIGHT,0.5189029574394226,0.41190916299819946,-0.2725117802619934,0.9999637603759766,0.9999314546585083
140,2.334,11,LEFT_SHOULDER,0.5855456590652466,0.4538774788379669,-0.06760477274656296,0.9999746084213257,0.9999868869781494
140,2.334,12,RIGHT_SHOULDER,0.44424688816070557,0.4493468701839447,-0.09772712737321854,0.9999452233314514,0.9998792409896851
140,2.334,13,LEFT_ELBOW,0.608948290348053,0.5095161199569702,-0.046483006328344345,0.9893797039985657,0.999880313873291
140,2.334,14,RIGHT_ELBOW,0.4170134365558624,0.5044992566108704,-0.12375269085168839,0.9708781242370605,0.9990058541297913
140,2.334,15,LEFT_WRIST,0.6325716972351074,0.5603253841400146,-0.22765585780143738,0.9907222390174866,0.9998606443405151
140,2.334,16,RIGHT_WRIST,0.4336298704147339,0.5526161193847656,-0.30431368947029114,0.9629228711128235,0.9991123080253601
140,2.334,17,LEFT_PINKY,0.6428216695785522,0.5770732760429382,-0.2760988473892212,0.9822500348091125,0.999516487121582
140,2.334,18,RIGHT_PINKY,0.4351375699043274,0.5726619362831116,-0.35201290249824524,0.9400748014450073,0.998633086681366
140,2.334,19,LEFT_INDEX,0.6381481885910034,0.5767878890037537,-0.32266765832901,0.9834569692611694,0.9996269941329956
140,2.334,20,RIGHT_INDEX,0.446186363697052,0.5697900652885437,-0.39329254627227783,0.9427753686904907,0.9988687634468079
140,2.334,21,LEFT_THUMB,0.6330223083496094,0.5716596245765686,-0.24970519542694092,0.9792405366897583,0.9997920393943787
140,2.334,22,RIGHT_THUMB,0.44943833351135254,0.5632628798484802,-0.32424524426460266,0.9338546991348267,0.9992091059684753
140,2.334,23,LEFT_HIP,0.5511490702629089,0.5718451738357544,-0.003873575245961547,0.9997860789299011,0.9999022483825684
140,2.334,24,RIGHT_HIP,0.4716537594795227,0.5716690421104431,0.003962827380746603,0.9998553395271301,0.9998568296432495
140,2.334,25,LEFT_KNEE,0.5598992705345154,0.6548511981964111,-0.03814401105046272,0.9884884357452393,0.9999450445175171
140,2.334,26,RIGHT_KNEE,0.47903650999069214,0.6532637476921082,0.12488770484924316,0.9871973991394043,0.999852180480957
140,2.334,27,LEFT_ANKLE,0.5633854269981384,0.7373533248901367,0.057169992476701736,0.9780620336532593,0.9987492561340332
140,2.334,28,RIGHT_ANKLE,0.4944976270198822,0.7199254631996155,0.40330302715301514,0.9828231334686279,0.9992724061012268
140,2.334,29,LEFT_HEEL,0.5531265735626221,0.754599392414093,0.05439319834113121,0.8891218900680542,0.9968691468238831
140,2.334,30,RIGHT_HEEL,0.5056585073471069,0.7313728928565979,0.42144760489463806,0.8883751630783081,0.9984415173530579
140,2.334,31,LEFT_FOOT_INDEX,0.5821470022201538,0.7540811896324158,-0.1195746660232544,0.9745739102363586,0.9800804853439331
140,2.334,32,RIGHT_FOOT_INDEX,0.4738999307155609,0.7433770895004272,0.28805506229400635,0.9763445854187012,0.993582546710968
141,2.35,0,NOSE,0.5308023691177368,0.4029998779296875,-0.322135329246521,0.9999801516532898,0.9998711347579956
141,2.35,1,LEFT_EYE_INNER,0.5369296669960022,0.3954983651638031,-0.29556480050086975,0.9999107718467712,0.9996238946914673
141,2.35,2,LEFT_EYE,0.5415545105934143,0.39559295773506165,-0.29560327529907227,0.9999086856842041,0.9996362924575806
141,2.35,3,LEFT_EYE_OUTER,0.5451378226280212,0.3957330286502838,-0.2955685555934906,0.9998893737792969,0.9996324777603149
141,2.35,4,RIGHT_EYE_INNER,0.5231048464775085,0.3952816128730774,-0.30153682827949524,0.999915361404419,0.9995946288108826
141,2.35,5,RIGHT_EYE,0.5170766711235046,0.3953505754470825,-0.30150461196899414,0.9999072551727295,0.9995446801185608
141,2.35,6,RIGHT_EYE_OUTER,0.5102534294128418,0.3955315947532654,-0.3015066683292389,0.9998912811279297,0.999492883682251
141,2.35,7,LEFT_EAR,0.5468940138816833,0.39961501955986023,-0.14713364839553833,0.999786376953125,0.9997192025184631
141,2.35,8,RIGHT_EAR,0.4977373480796814,0.39953985810279846,-0.17505596578121185,0.999788761138916,0.9995005130767822
141,2.35,9,MOUTH_LEFT,0.5361165404319763,0.41252726316452026,-0.26519834995269775,0.9999606609344482,0.9999309778213501
141,2.35,10,MOUTH_RIGHT,0.5207826495170593,0.4125942885875702,-0.27511319518089294,0.9999648928642273,0.9999109506607056
141,2.35,11,LEFT_SHOULDER,0.5866867899894714,0.45506954193115234,-0.06945239752531052,0.9999756217002869,0.9999791383743286
141,2.35,12,RIGHT_SHOULDER,0.44432011246681213,0.450154572725296,-0.10282760858535767,0.9999452233314514,0.9998631477355957
141,2.35,13,LEFT_ELBOW,0.6089635491371155,0.5113942623138428,-0.04679996520280838,0.9890576601028442,0.9998574256896973
141,2.35,14,RIGHT_ELBOW,0.41699960827827454,0.5052317976951599,-0.12404991686344147,0.9707829356193542,0.9989701509475708
141,2.35,15,LEFT_WRIST,0.6326569318771362,0.5624220967292786,-0.22583425045013428,0.9905847311019897,0.9998631477355957
141,2.35,16,RIGHT_WRIST,0.43362662196159363,0.553949236869812,-0.2973781228065491,0.9627809524536133,0.9991631507873535
141,2.35,17,LEFT_PINKY,0.6427684426307678,0.5792925357818604,-0.2732824981212616,0.9821571111679077,0.9995719790458679
141,2.35,18,RIGHT_PINKY,0.43503493070602417,0.5743386149406433,-0.3435613512992859,0.9400758743286133,0.9987714886665344
141,2.35,19,LEFT_INDEX,0.6381871104240417,0.5789433717727661,-0.31986698508262634,0.9833827018737793,0.9996570348739624
141,2.35,20,RIGHT_INDEX,0.4462083876132965,0.5717423558235168,-0.38505277037620544,0.9426036477088928,0.9989591836929321
141,2.35,21,LEFT_THUMB,0.633158266544342,0.5738992094993591,-0.24775509536266327,0.9791314005851746,0.9998003840446472
141,2.35,22,RIGHT_THUMB,0.44957247376441956,0.565188467502594,-0.3171570599079132,0.9335467219352722,0.9992725253105164
141,2.35,23,LEFT_HIP,0.5510531663894653,0.5732728242874146,-0.003827495966106653,0.9997974634170532,0.9998730421066284
141,2.35,24,RIGHT_HIP,0.47153475880622864,0.5727630257606506,0.003915389068424702,0.999849259853363,0.9998453855514526
141,2.35,25,LEFT_KNEE,0.5592799782752991,0.655630350112915,-0.02660118229687214,0.988099992275238,0.9999332427978516
141,2.35,26,RIGHT_KNEE,0.4789026379585266,0.654623806476593,0.1219254806637764,0.985367476940155,0.9998718500137329
141,2.35,27,LEFT_ANKLE,0.5633339285850525,0.7371546030044556,0.08398901671171188,0.9783835411071777,0.9993046522140503
141,2.35,28,RIGHT_ANKLE,0.4943529963493347,0.7203300595283508,0.41102731227874756,0.9803963303565979,0.999552309513092
141,2.35,29,LEFT_HEEL,0.5530111789703369,0.7540088891983032,0.08320588618516922,0.8909428119659424,0.998467743396759
141,2.35,30,RIGHT_HEEL,0.5055493116378784,0.7319814562797546,0.4301517903804779,0.8835180401802063,0.9990949630737305
141,2.35,31,LEFT_FOOT_INDEX,0.5877460241317749,0.7611504197120667,-0.08762682229280472,0.9744135737419128,0.9909231066703796
141,2.35,32,RIGHT_FOOT_INDEX,0.4735247492790222,0.7433894276618958,0.29128310084342957,0.973811149597168,0.9965776801109314
142,2.367,0,NOSE,0.532012403011322,0.40387213230133057,-0.34559693932533264,0.9999807476997375,0.9998883008956909
142,2.367,1,LEFT_EYE_INNER,0.5381859540939331,0.39630404114723206,-0.3198227882385254,0.9999145269393921,0.9996596574783325
142,2.367,2,LEFT_EYE,0.5428966879844666,0.3964100480079651,-0.31988248229026794,0.999912440776825,0.9996689558029175
142,2.367,3,LEFT_EYE_OUTER,0.546679675579071,0.3965718448162079,-0.3198692798614502,0.9998940229415894,0.9996609687805176
142,2.367,4,RIGHT_EYE_INNER,0.5242324471473694,0.39608463644981384,-0.32551446557044983,0.9999188780784607,0.9996335506439209
142,2.367,5,RIGHT_EYE,0.518086314201355,0.3961666226387024,-0.3255043923854828,0.9999106526374817,0.9995918869972229
142,2.367,6,RIGHT_EYE_OUTER,0.5112476348876953,0.39637675881385803,-0.3255159258842468,0.9998944401741028,0.9995493292808533
142,2.367,7,LEFT_EAR,0.5487958192825317,0.4006621241569519,-0.1685507595539093,0.9997926950454712,0.9997223019599915
142,2.367,8,RIGHT_EAR,0.49910441040992737,0.4006615877151489,-0.19694723188877106,0.9998000264167786,0.9995452761650085
142,2.367,9,MOUTH_LEFT,0.5373439192771912,0.41348135471343994,-0.2880234718322754,0.9999622702598572,0.9999326467514038
142,2.367,10,MOUTH_RIGHT,0.5219398736953735,0.4136408865451813,-0.29695484042167664,0.9999661445617676,0.9999127388000488
142,2.367,11,LEFT_SHOULDER,0.5883148312568665,0.456543892621994,-0.08654726296663284,0.9999764561653137,0.9999805688858032
142,2.367,12,RIGHT_SHOULDER,0.4452853202819824,0.4509061574935913,-0.11942190676927567,0.9999455809593201,0.9998718500137329
142,2.367,13,LEFT_ELBOW,0.6091637015342712,0.5136280655860901,-0.05970403924584389,0.9889675974845886,0.9998916387557983
142,2.367,14,RIGHT_ELBOW,0.41712331771850586,0.5062906742095947,-0.13656532764434814,0.9712128043174744,0.999188244342804
142,2.367,15,LEFT_WRIST,0.6326434016227722,0.5652232766151428,-0.23627996444702148,0.9905701279640198,0.9998902082443237
142,2.367,16,RIGHT_WRIST,0.4337705969810486,0.5563222765922546,-0.30609744787216187,0.9628848433494568,0.9993168115615845
142,2.367,17,LEFT_PINKY,0.6426233649253845,0.5824342370033264,-0.28306570649147034,0.9821950793266296,0.9996417760848999
142,2.367,18,RIGHT_PINKY,0.43498334288597107,0.5767738819122314,-0.35173580050468445,0.9402287602424622,0.9989663362503052
142,2.367,19,LEFT_INDEX,0.6379067897796631,0.5818662047386169,-0.3298071324825287,0.9834248423576355,0.9997069239616394
142,2.367,20,RIGHT_INDEX,0.44640257954597473,0.5742005109786987,-0.39292171597480774,0.9425469040870667,0.9991125464439392
142,2.367,21,LEFT_THUMB,0.6328699588775635,0.5768759250640869,-0.2580101490020752,0.9791524410247803,0.9998335838317871
142,2.367,22,RIGHT_THUMB,0.4499507248401642,0.5677872896194458,-0.3255032002925873,0.9333244562149048,0.9993863105773926
142,2.367,23,LEFT_HIP,0.5511461496353149,0.5745678544044495,-0.0037997523322701454,0.9998102784156799,0.9999250173568726
142,2.367,24,RIGHT_HIP,0.4715493321418762,0.5740557909011841,0.0038941078819334507,0.9998466372489929,0.999901294708252
142,2.367,25,LEFT_KNEE,0.558987021446228,0.6562909483909607,-0.04226507619023323,0.9876918196678162,0.99994957447052
142,2.367,26,RIGHT_KNEE,0.4788564145565033,0.6554113030433655,0.13889330625534058,0.9836289286613464,0.9999042749404907
142,2.367,27,LEFT_ANKLE,0.5631312727928162,0.7404615879058838,0.04714323207736015,0.9787628650665283,0.9995096921920776
142,2.367,28,RIGHT_ANKLE,0.4941626191139221,0.7205886244773865,0.44879961013793945,0.9781946539878845,0.9996942281723022
142,2.367,29,LEFT_HEEL,0.5527967214584351,0.7586357593536377,0.04419993981719017,0.8942872881889343,0.9988970756530762
142,2.367,30,RIGHT_HEEL,0.5044646263122559,0.7327044606208801,0.4700133800506592,0.8798170685768127,0.9994120597839355
142,2.367,31,LEFT_FOOT_INDEX,0.5854628086090088,0.7572119832038879,-0.13121415674686432,0.9745405316352844,0.9931374788284302
142,2.367,32,RIGHT_FOOT_INDEX,0.47332409024238586,0.743308424949646,0.3325207233428955,0.9716418981552124,0.9978482723236084
143,2.384,0,NOSE,0.5343438982963562,0.4044778645038605,-0.3454418480396271,0.9999805688858032,0.9998039603233337
143,2.384,1,LEFT_EYE_INNER,0.5405752062797546,0.3969382345676422,-0.3197301924228668,0.999914824962616,0.9994331002235413
143,2.384,2,LEFT_EYE,0.5453271865844727,0.39704370498657227,-0.31978967785835266,0.999912679195404,0.9994484782218933
143,2.384,3,LEFT_EYE_OUTER,0.5491195321083069,0.3972037434577942,-0.31977665424346924,0.999894380569458,0.9994348883628845
143,2.384,4,RIGHT_EYE_INNER,0.5263271927833557,0.39669886231422424,-0.3254629671573639,0.9999193549156189,0.9994093179702759
143,2.384,5,RIGHT_EYE,0.5200015306472778,0.3967873454093933,-0.32545217871665955,0.999910831451416,0.9993590712547302
143,2.384,6,RIGHT_EYE_OUTER,0.513015866279602,0.3969767391681671,-0.32546743750572205,0.9998937249183655,0.999305248260498
143,2.384,7,LEFT_EAR,0.5512319803237915,0.4012387692928314,-0.1685626357793808,0.9997902512550354,0.9995416402816772
143,2.384,8,RIGHT_EAR,0.5008053183555603,0.4013102352619171,-0.19837850332260132,0.9998066425323486,0.999305248260498
143,2.384,9,MOUTH_LEFT,0.5397173166275024,0.41417014598846436,-0.2879643440246582,0.9999627470970154,0.9998935461044312
143,2.384,10,MOUTH_RIGHT,0.524199366569519,0.4144291579723358,-0.2968710660934448,0.9999663829803467,0.9998694658279419
143,2.384,11,LEFT_SHOULDER,0.5904425382614136,0.4576856791973114,-0.08638297766447067,0.9999768137931824,0.9999723434448242
143,2.384,12,RIGHT_SHOULDER,0.4461953938007355,0.4521057903766632,-0.12060535699129105,0.9999443888664246,0.9998451471328735
143,2.384,13,LEFT_ELBOW,0.6096767783164978,0.514907717704773,-0.051958583295345306,0.9882482886314392,0.9998379945755005
143,2.384,14,RIGHT_ELBOW,0.41730692982673645,0.5081920623779297,-0.13202491402626038,0.9712180495262146,0.9990003705024719
143,2.384,15,LEFT_WRIST,0.6326172351837158,0.5664193630218506,-0.21476027369499207,0.9900703430175781,0.9998183846473694
143,2.384,16,RIGHT_WRIST,0.43392401933670044,0.5590075850486755,-0.2942298650741577,0.962578296661377,0.9991214871406555
143,2.384,17,LEFT_PINKY,0.6423929929733276,0.5841614603996277,-0.25756335258483887,0.9815737009048462,0.9994423985481262
143,2.384,18,RIGHT_PINKY,0.4349128305912018,0.5796023011207581,-0.33922404050827026,0.939986526966095,0.9986666440963745
143,2.384,19,LEFT_INDEX,0.6376053690910339,0.5837623476982117,-0.30460265278816223,0.9828442335128784,0.9995375871658325
143,2.384,20,RIGHT_INDEX,0.44638723134994507,0.5773255825042725,-0.3807489573955536,0.9421189427375793,0.998840868473053
143,2.384,21,LEFT_THUMB,0.6325180530548096,0.5785589814186096,-0.23642472922801971,0.9784470796585083,0.9997335076332092
143,2.384,22,RIGHT_THUMB,0.45003265142440796,0.5711349248886108,-0.3137478828430176,0.9328117966651917,0.9992004036903381
143,2.384,23,LEFT_HIP,0.5511777400970459,0.5761545896530151,-0.0037568360567092896,0.9998220205307007,0.9999213218688965
143,2.384,24,RIGHT_HIP,0.4717494547367096,0.5756235122680664,0.0038500220980495214,0.9998433589935303,0.9998984336853027
143,2.384,25,LEFT_KNEE,0.5588299632072449,0.6579692959785461,-0.044043779373168945,0.9877572059631348,0.9999518394470215
143,2.384,26,RIGHT_KNEE,0.4789431393146515,0.657136857509613,0.16095992922782898,0.9820145964622498,0.999886155128479
143,2.384,27,LEFT_ANKLE,0.5629748702049255,0.7425536513328552,0.0468757301568985,0.9793569445610046,0.999230146408081
143,2.384,28,RIGHT_ANKLE,0.49414101243019104,0.7209740281105042,0.4937607944011688,0.97584068775177,0.9995772242546082
143,2.384,29,LEFT_HEEL,0.5521273612976074,0.7597456574440002,0.04389224946498871,0.8959869146347046,0.9981841444969177
143,2.384,30,RIGHT_HEEL,0.5041338205337524,0.7323432564735413,0.5174121260643005,0.8763160109519958,0.9991818070411682
143,2.384,31,LEFT_FOOT_INDEX,0.5813717246055603,0.7590053081512451,-0.13389824330806732,0.9747374653816223,0.9878150224685669
143,2.384,32,RIGHT_FOOT_INDEX,0.4732026159763336,0.7434421181678772,0.3834024667739868,0.9695097804069519,0.9968553781509399
144,2.4,0,NOSE,0.5354204773902893,0.4052286446094513,-0.34564390778541565,0.9999808669090271,0.9998366832733154
144,2.4,1,LEFT_EYE_INNER,0.5418813824653625,0.39778977632522583,-0.3201220631599426,0.9999168515205383,0.9995113611221313
144,2.4,2,LEFT_EYE,0.546697735786438,0.39792221784591675,-0.3201828598976135,0.9999145865440369,0.999523401260376
144,2.4,3,LEFT_EYE_OUTER,0.5506473779678345,0.39811429381370544,-0.3201722204685211,0.9998970031738281,0.999510645866394
144,2.4,4,RIGHT_EYE_INNER,0.5274593234062195,0.3974994122982025,-0.32569620013237,0.9999213814735413,0.9994950294494629
144,2.4,5,RIGHT_EYE,0.5210952162742615,0.3975835144519806,-0.325687974691391,0.9999125003814697,0.9994527697563171
144,2.4,6,RIGHT_EYE_OUTER,0.5141034126281738,0.3977569341659546,-0.32570794224739075,0.9998953938484192,0.9994111061096191
144,2.4,7,LEFT_EAR,0.5533490777015686,0.4023917019367218,-0.1700691431760788,0.999792218208313,0.9996047616004944
144,2.4,8,RIGHT_EAR,0.5024595260620117,0.4022659957408905,-0.19848725199699402,0.9998144507408142,0.9994275569915771
144,2.4,9,MOUTH_LEFT,0.5409727096557617,0.4149228036403656,-0.2885364294052124,0.9999640583992004,0.9999135732650757
144,2.4,10,MOUTH_RIGHT,0.5249961018562317,0.41518086194992065,-0.297018438577652,0.9999673366546631,0.9998937845230103
144,2.4,11,LEFT_SHOULDER,0.5926901698112488,0.45893609523773193,-0.08885704725980759,0.9999775290489197,0.999977707862854
144,2.4,12,RIGHT_SHOULDER,0.44788986444473267,0.45300164818763733,-0.11933060735464096,0.9999443888664246,0.9998717308044434
144,2.4,13,LEFT_ELBOW,0.6105558276176453,0.5165437459945679,-0.052907299250364304,0.9880332946777344,0.9998433589935303
144,2.4,14,RIGHT_ELBOW,0.41771405935287476,0.5098358392715454,-0.1280146837234497,0.971526026725769,0.9990480542182922
144,2.4,15,LEFT_WRIST,0.6329675316810608,0.5679982304573059,-0.21618814766407013,0.9898561239242554,0.9998217225074768
144,2.4,16,RIGHT_WRIST,0.43416479229927063,0.5617294311523438,-0.28824684023857117,0.9624250531196594,0.9990705847740173
144,2.4,17,LEFT_PINKY,0.6424416303634644,0.586408257484436,-0.2593570649623871,0.981357991695404,0.9994449019432068
144,2.4,18,RIGHT_PINKY,0.43487852811813354,0.5824146866798401,-0.3326304256916046,0.9398157000541687,0.9985717535018921
144,2.4,19,LEFT_INDEX,0.6374064683914185,0.5860973000526428,-0.30593979358673096,0.9826323390007019,0.9995408058166504
144,2.4,20,RIGHT_INDEX,0.44634008407592773,0.5801537036895752,-0.3746257722377777,0.9417892694473267,0.9987452030181885
144,2.4,21,LEFT_THUMB,0.6323134303092957,0.5809841752052307,-0.23762910068035126,0.9781644344329834,0.9997362494468689
144,2.4,22,RIGHT_THUMB,0.45010730624198914,0.5739980340003967,-0.30791720747947693,0.932464063167572,0.9991344809532166
144,2.4,23,LEFT_HIP,0.5514114499092102,0.5782259106636047,-0.004358355421572924,0.999833345413208,0.999937891960144
144,2.4,24,RIGHT_HIP,0.4719081223011017,0.5775814652442932,0.004465885926038027,0.9998409152030945,0.9999083280563354
144,2.4,25,LEFT_KNEE,0.5586763024330139,0.6597963571548462,-0.058143503963947296,0.9877288341522217,0.9999547004699707
144,2.4,26,RIGHT_KNEE,0.47901126742362976,0.6587148308753967,0.1813269406557083,0.9799258708953857,0.999882698059082
144,2.4,27,LEFT_ANKLE,0.5629172325134277,0.7454192638397217,0.023860150948166847,0.9798714518547058,0.9991493225097656
144,2.4,28,RIGHT_ANKLE,0.4943728446960449,0.721540093421936,0.5259276628494263,0.9726772904396057,0.9995517134666443
144,2.4,29,LEFT_HEEL,0.5520973801612854,0.7620938420295715,0.020167121663689613,0.8970332145690918,0.9979935884475708
144,2.4,30,RIGHT_HEEL,0.5042847990989685,0.732360303401947,0.5510204434394836,0.8720042705535889,0.9991341233253479
144,2.4,31,LEFT_FOOT_INDEX,0.5807747840881348,0.7628582715988159,-0.15951251983642578,0.9749745726585388,0.9867191910743713
144,2.4,32,RIGHT_FOOT_INDEX,0.4730299413204193,0.7437462210655212,0.42091700434684753,0.9668543934822083,0.9968395233154297
145,2.417,0,NOSE,0.5378707051277161,0.4056183099746704,-0.3436933159828186,0.9999806880950928,0.9997929930686951
145,2.417,1,LEFT_EYE_INNER,0.5442339181900024,0.39840030670166016,-0.3184405565261841,0.999916672706604,0.9994029998779297
145,2.417,2,LEFT_EYE,0.5491809844970703,0.3985632359981537,-0.31849977374076843,0.9999145865440369,0.9994328618049622
145,2.417,3,LEFT_EYE_OUTER,0.553230881690979,0.39876335859298706,-0.3184890151023865,0.9998974800109863,0.9994329810142517
145,2.417,4,RIGHT_EYE_INNER,0.5294560194015503,0.39809340238571167,-0.3245898187160492,0.9999207854270935,0.9993374943733215
145,2.417,5,RIGHT_EYE,0.523085355758667,0.3981918692588806,-0.32457393407821655,0.9999115467071533,0.9992625117301941
145,2.417,6,RIGHT_EYE_OUTER,0.5160486102104187,0.39835864305496216,-0.3245917856693268,0.9998937845230103,0.9991794228553772
145,2.417,7,LEFT_EAR,0.5559336543083191,0.40289056301116943,-0.1697656661272049,0.9997901320457458,0.9995555281639099
145,2.417,8,RIGHT_EAR,0.5044582486152649,0.4028492569923401,-0.19799000024795532,0.9998171925544739,0.9991519451141357
145,2.417,9,MOUTH_LEFT,0.5437008738517761,0.41536271572113037,-0.28717729449272156,0.9999646544456482,0.9998937845230103
145,2.417,10,MOUTH_RIGHT,0.5274176001548767,0.41572707891464233,-0.29616624116897583,0.9999675750732422,0.9998571872711182
145,2.417,11,LEFT_SHOULDER,0.5949243307113647,0.45998716354370117,-0.08881428092718124,0.9999783039093018,0.9999788999557495
145,2.417,12,RIGHT_SHOULDER,0.4495202600955963,0.454001784324646,-0.11755160987377167,0.9999427199363708,0.9998321533203125
145,2.417,13,LEFT_ELBOW,0.6117931008338928,0.5179108381271362,-0.04692152515053749,0.9875727891921997,0.9998611211776733
145,2.417,14,RIGHT_ELBOW,0.41832828521728516,0.5111656188964844,-0.12137589603662491,0.9713444709777832,0.9989426732063293
145,2.417,15,LEFT_WRIST,0.6331493258476257,0.5698674321174622,-0.20605051517486572,0.9895592927932739,0.9998477697372437
145,2.417,16,RIGHT_WRIST,0.43432000279426575,0.5637892484664917,-0.2826244533061981,0.9614959359169006,0.9989332556724548
145,2.417,17,LEFT_PINKY,0.642302393913269,0.5886234045028687,-0.24863657355308533,0.9810737371444702,0.9995272159576416
145,2.417,18,RIGHT_PINKY,0.4348258674144745,0.5841328501701355,-0.3253592252731323,0.9386095404624939,0.9984093308448792
145,2.417,19,LEFT_INDEX,0.6371117830276489,0.5883434414863586,-0.2952127754688263,0.9823596477508545,0.9996069073677063
145,2.417,20,RIGHT_INDEX,0.4462529420852661,0.5821459293365479,-0.36809688806533813,0.9404676556587219,0.9985950589179993
145,2.417,21,LEFT_THUMB,0.6319952011108398,0.5831817388534546,-0.2274101823568344,0.9778483510017395,0.999769389629364
145,2.417,22,RIGHT_THUMB,0.4500468671321869,0.57606440782547,-0.3021389842033386,0.9311542510986328,0.9990058541297913
145,2.417,23,LEFT_HIP,0.5520461797714233,0.5802802443504333,-0.004524733871221542,0.9998440742492676,0.9999420642852783
145,2.417,24,RIGHT_HIP,0.47193294763565063,0.5797216892242432,0.0046363756991922855,0.9998396039009094,0.9998888969421387
145,2.417,25,LEFT_KNEE,0.5586466193199158,0.6629577875137329,-0.025308333337306976,0.9881486892700195,0.9999710321426392
145,2.417,26,RIGHT_KNEE,0.4790574908256531,0.6604954600334167,0.19014987349510193,0.979080319404602,0.9998811483383179
145,2.417,27,LEFT_ANKLE,0.562778115272522,0.7479822635650635,0.09349699318408966,0.98089998960495,0.9992032647132874
145,2.417,28,RIGHT_ANKLE,0.49446892738342285,0.7219050526618958,0.5367464423179626,0.9711743593215942,0.9995012283325195
145,2.417,29,LEFT_HEEL,0.552070140838623,0.762554943561554,0.09354796260595322,0.8981876969337463,0.9980273842811584
145,2.417,30,RIGHT_HEEL,0.5045017600059509,0.7325649857521057,0.5625833868980408,0.8693655729293823,0.9990420937538147
145,2.417,31,LEFT_FOOT_INDEX,0.5754334330558777,0.7683841586112976,-0.08353780210018158,0.9758167862892151,0.9859505295753479
145,2.417,32,RIGHT_FOOT_INDEX,0.47303494811058044,0.7446898221969604,0.4335319399833679,0.9657573699951172,0.996196985244751
146,2.434,0,NOSE,0.5409210324287415,0.40590447187423706,-0.33734026551246643,0.999980628490448,0.999776303768158
146,2.434,1,LEFT_EYE_INNER,0.5470865368843079,0.39881935715675354,-0.3123292326927185,0.999917209148407,0.9993891716003418
146,2.434,2,LEFT_EYE,0.55198073387146,0.39899250864982605,-0.31239500641822815,0.9999156594276428,0.9994333386421204
146,2.434,3,LEFT_EYE_OUTER,0.5559496283531189,0.3991868793964386,-0.31239598989486694,0.9998992085456848,0.999452531337738
146,2.434,4,RIGHT_EYE_INNER,0.5323514342308044,0.3985033929347992,-0.3190034031867981,0.9999203085899353,0.9992857575416565
146,2.434,5,RIGHT_EYE,0.5259988903999329,0.39861053228378296,-0.3189704716205597,0.9999108910560608,0.9991933703422546
146,2.434,6,RIGHT_EYE_OUTER,0.5189893841743469,0.39877256751060486,-0.31898632645606995,0.9998923540115356,0.9990959167480469
146,2.434,7,LEFT_EAR,0.5581544637680054,0.4032392203807831,-0.16742196679115295,0.9997947216033936,0.9996067881584167
146,2.434,8,RIGHT_EAR,0.5070022344589233,0.4032613933086395,-0.1978548765182495,0.9998207688331604,0.9990874528884888
146,2.434,9,MOUTH_LEFT,0.5468426942825317,0.41569414734840393,-0.28245359659194946,0.9999658465385437,0.9999048709869385
146,2.434,10,MOUTH_RIGHT,0.5304137468338013,0.4160950779914856,-0.291820764541626,0.9999681711196899,0.9998613595962524
146,2.434,11,LEFT_SHOULDER,0.5971546173095703,0.4609065055847168,-0.0896662175655365,0.9999794363975525,0.9999834299087524
146,2.434,12,RIGHT_SHOULDER,0.45101726055145264,0.4550538659095764,-0.11570754647254944,0.9999411106109619,0.9998303651809692
146,2.434,13,LEFT_ELBOW,0.613076388835907,0.5194939374923706,-0.04772432893514633,0.9874945878982544,0.9998613595962524
146,2.434,14,RIGHT_ELBOW,0.41967320442199707,0.51292884349823,-0.11912868916988373,0.9706834554672241,0.9988546371459961
146,2.434,15,LEFT_WRIST,0.6333110928535461,0.5724825263023376,-0.20767463743686676,0.989587128162384,0.9998620748519897
146,2.434,16,RIGHT_WRIST,0.4345284700393677,0.5660507678985596,-0.2779712677001953,0.9607797861099243,0.9987792372703552
146,2.434,17,LEFT_PINKY,0.6421351432800293,0.5915639996528625,-0.2514338195323944,0.9812935590744019,0.9995332956314087
146,2.434,18,RIGHT_PINKY,0.4347846806049347,0.5860220193862915,-0.3220520317554474,0.937978208065033,0.9981217980384827
146,2.434,19,LEFT_INDEX,0.6370486617088318,0.5912237763404846,-0.29751455783843994,0.9825571179389954,0.9996256828308105
146,2.434,20,RIGHT_INDEX,0.4461803734302521,0.5841667056083679,-0.36488842964172363,0.9397843480110168,0.998359739780426
146,2.434,21,LEFT_THUMB,0.631828248500824,0.5864870548248291,-0.22891728579998016,0.9781236052513123,0.9997875094413757
146,2.434,22,RIGHT_THUMB,0.4500100314617157,0.5781152844429016,-0.29789069294929504,0.9306368231773376,0.9988409876823425
146,2.434,23,LEFT_HIP,0.5528314709663391,0.5822731852531433,-0.00545223243534565,0.9998533129692078,0.9999330043792725
146,2.434,24,RIGHT_HIP,0.47200024127960205,0.5815327763557434,0.005564205348491669,0.9998374581336975,0.9998725652694702
146,2.434,25,LEFT_KNEE,0.5587077140808105,0.666214644908905,-0.00918539334088564,0.9885616898536682,0.9999628067016602
146,2.434,26,RIGHT_KNEE,0.47909319400787354,0.6621947884559631,0.18540839850902557,0.9784049987792969,0.9998441934585571
146,2.434,27,LEFT_ANKLE,0.5626728534698486,0.7492877840995789,0.12802544236183167,0.9817026257514954,0.9987216591835022
146,2.434,28,RIGHT_ANKLE,0.4948444962501526,0.7227605581283569,0.5164347290992737,0.9697755575180054,0.9992796778678894
146,2.434,29,LEFT_HEEL,0.5520402789115906,0.7621908783912659,0.12979507446289062,0.8972442746162415,0.9968240261077881
146,2.434,30,RIGHT_HEEL,0.5047504901885986,0.7330865263938904,0.5407592058181763,0.8667087554931641,0.998557984828949
146,2.434,31,LEFT_FOOT_INDEX,0.5716695189476013,0.7728874683380127,-0.04308512061834335,0.9762489795684814,0.9779698848724365
146,2.434,32,RIGHT_FOOT_INDEX,0.47089406847953796,0.7463303804397583,0.4154617488384247,0.9646456241607666,0.9939371347427368
147,2.45,0,NOSE,0.5434466600418091,0.40613439679145813,-0.3340652287006378,0.9999805688858032,0.9997594952583313
147,2.45,1,LEFT_EYE_INNER,0.549608588218689,0.3991967439651489,-0.3092081844806671,0.9999172687530518,0.9993863105773926
147,2.45,2,LEFT_EYE,0.5544394850730896,0.39939096570014954,-0.30927130579948425,0.9999161958694458,0.999427318572998
147,2.45,3,LEFT_EYE_OUTER,0.5583698749542236,0.3995934724807739,-0.309273898601532,0.9999005794525146,0.9994452595710754
147,2.45,4,RIGHT_EYE_INNER,0.5349697470664978,0.39884424209594727,-0.31563353538513184,0.9999195337295532,0.9993002414703369
147,2.45,5,RIGHT_EYE,0.5287710428237915,0.3989405035972595,-0.3155986964702606,0.9999096393585205,0.9992172718048096
147,2.45,6,RIGHT_EYE_OUTER,0.5219986438751221,0.39905640482902527,-0.3156145513057709,0.9998908042907715,0.9991338849067688
147,2.45,7,LEFT_EAR,0.560424268245697,0.4036220908164978,-0.16473150253295898,0.9997967481613159,0.9995982050895691
147,2.45,8,RIGHT_EAR,0.5098702907562256,0.40342262387275696,-0.19425947964191437,0.99982088804245,0.9991371035575867
147,2.45,9,MOUTH_LEFT,0.5492689609527588,0.4158986806869507,-0.27904489636421204,0.9999668598175049,0.9999021291732788
147,2.45,10,MOUTH_RIGHT,0.5330134034156799,0.41621455550193787,-0.28777965903282166,0.9999685883522034,0.999858021736145
147,2.45,11,LEFT_SHOULDER,0.5995446443557739,0.46154969930648804,-0.08965098857879639,0.9999807476997375,0.9999867677688599
147,2.45,12,RIGHT_SHOULDER,0.4528709053993225,0.455470472574234,-0.10920772701501846,0.9999397397041321,0.9998512268066406
147,2.45,13,LEFT_ELBOW,0.6146112680435181,0.520814061164856,-0.048968587070703506,0.9873929023742676,0.9998818635940552
147,2.45,14,RIGHT_ELBOW,0.4212542772293091,0.513964831829071,-0.10819888114929199,0.9700088500976562,0.9990171194076538
147,2.45,15,LEFT_WRIST,0.6335592865943909,0.5741307735443115,-0.212908536195755,0.9894888401031494,0.9998797178268433
147,2.45,16,RIGHT_WRIST,0.434741735458374,0.5678374171257019,-0.2555539309978485,0.959808886051178,0.9989086389541626
147,2.45,17,LEFT_PINKY,0.6420246362686157,0.5935255289077759,-0.2592340111732483,0.9813279509544373,0.999614953994751
147,2.45,18,RIGHT_PINKY,0.4347449541091919,0.5876888036727905,-0.2994336485862732,0.9367372393608093,0.9983539581298828
147,2.45,19,LEFT_INDEX,0.6368770003318787,0.5930590033531189,-0.30442944169044495,0.9825742244720459,0.9996837377548218
147,2.45,20,RIGHT_INDEX,0.4461219012737274,0.5857346653938293,-0.3447874188423157,0.9385123252868652,0.998522937297821
147,2.45,21,LEFT_THUMB,0.6316227912902832,0.5882085561752319,-0.23389016091823578,0.9781054258346558,0.9998168349266052
147,2.45,22,RIGHT_THUMB,0.4499972462654114,0.5796384215354919,-0.27650612592697144,0.9293625950813293,0.9989494681358337
147,2.45,23,LEFT_HIP,0.5538533329963684,0.5833762288093567,-0.009370007552206516,0.9998638033866882,0.9999648332595825
147,2.45,24,RIGHT_HIP,0.4722084105014801,0.5828689932823181,0.009487507864832878,0.9998381733894348,0.9999138116836548
147,2.45,25,LEFT_KNEE,0.5588564276695251,0.6689482927322388,-0.03499951213598251,0.9892194867134094,0.999985933303833
147,2.45,26,RIGHT_KNEE,0.4791225790977478,0.6641854643821716,0.21544301509857178,0.9779132604598999,0.9999070167541504
147,2.45,27,LEFT_ANKLE,0.5626592636108398,0.7522547841072083,0.0745435506105423,0.9828851819038391,0.9993195533752441
147,2.45,28,RIGHT_ANKLE,0.4957689046859741,0.7236535549163818,0.5803238749504089,0.9689673781394958,0.999636173248291
147,2.45,29,LEFT_HEEL,0.5528166890144348,0.7648822069168091,0.07312674075365067,0.8969002366065979,0.9982581734657288
147,2.45,30,RIGHT_HEEL,0.5059196949005127,0.7330644726753235,0.6081110835075378,0.8648993372917175,0.9993109703063965
147,2.45,31,LEFT_FOOT_INDEX,0.56787109375,0.7791634798049927,-0.11785721778869629,0.9774417281150818,0.987572193145752
147,2.45,32,RIGHT_FOOT_INDEX,0.47040650248527527,0.7478374242782593,0.48281341791152954,0.9645931720733643,0.9972963929176331
148,2.467,0,NOSE,0.5462150573730469,0.40629813075065613,-0.3427717685699463,0.9999803900718689,0.9997777342796326
148,2.467,1,LEFT_EYE_INNER,0.5523585081100464,0.3993728458881378,-0.31730377674102783,0.9999169111251831,0.9994162321090698
148,2.467,2,LEFT_EYE,0.5571765899658203,0.39957574009895325,-0.3173590898513794,0.999916136264801,0.9994515776634216
148,2.467,3,LEFT_EYE_OUTER,0.561064600944519,0.3997918665409088,-0.3173567056655884,0.9999009966850281,0.9994626641273499
148,2.467,4,RIGHT_EYE_INNER,0.5379726886749268,0.3989841043949127,-0.32436713576316833,0.9999184608459473,0.99932861328125
148,2.467,5,RIGHT_EYE,0.5318058729171753,0.3990708887577057,-0.32434290647506714,0.9999082088470459,0.9992473125457764
148,2.467,6,RIGHT_EYE_OUTER,0.5250999927520752,0.3991936445236206,-0.32435792684555054,0.9998883605003357,0.9991612434387207
148,2.467,7,LEFT_EAR,0.5626473426818848,0.40387335419654846,-0.1697467714548111,0.9997946619987488,0.9995993971824646
148,2.467,8,RIGHT_EAR,0.5122298002243042,0.4036140739917755,-0.20155134797096252,0.9998190402984619,0.9991231560707092
148,2.467,9,MOUTH_LEFT,0.551730751991272,0.4161294400691986,-0.2864278256893158,0.9999673962593079,0.9999029636383057
148,2.467,10,MOUTH_RIGHT,0.5355639457702637,0.4163684844970703,-0.2957972288131714,0.9999685287475586,0.9998588562011719
148,2.467,11,LEFT_SHOULDER,0.6015239953994751,0.46199560165405273,-0.09693899005651474,0.9999817609786987,0.9999861717224121
148,2.467,12,RIGHT_SHOULDER,0.4543132781982422,0.45621612668037415,-0.11253907531499863,0.9999374151229858,0.9998340606689453
148,2.467,13,LEFT_ELBOW,0.6164000034332275,0.5220637917518616,-0.05472956597805023,0.987377405166626,0.9999010562896729
148,2.467,14,RIGHT_ELBOW,0.4225047528743744,0.5151172876358032,-0.10847186297178268,0.969852864742279,0.9990678429603577
148,2.467,15,LEFT_WRIST,0.6339922547340393,0.5753998160362244,-0.219606414437294,0.9895705580711365,0.9999051094055176
148,2.467,16,RIGHT_WRIST,0.43475499749183655,0.5692799091339111,-0.25518956780433655,0.9596126079559326,0.9990100860595703
148,2.467,17,LEFT_PINKY,0.6419301629066467,0.5953441858291626,-0.2667210102081299,0.9815405607223511,0.9996871948242188
148,2.467,18,RIGHT_PINKY,0.4344903230667114,0.5891351103782654,-0.29893484711647034,0.9364838600158691,0.9984847903251648
148,2.467,19,LEFT_INDEX,0.6366902589797974,0.594671368598938,-0.3122381567955017,0.9827679395675659,0.9997351765632629
148,2.467,20,RIGHT_INDEX,0.44598588347435,0.5870167016983032,-0.3447194993495941,0.9381908774375916,0.9986183643341064
148,2.467,21,LEFT_THUMB,0.6314107179641724,0.5894928574562073,-0.24065522849559784,0.9783124327659607,0.9998499155044556
148,2.467,22,RIGHT_THUMB,0.44997653365135193,0.5810080766677856,-0.2762753367424011,0.9290606379508972,0.9990296363830566
148,2.467,23,LEFT_HIP,0.5554108023643494,0.5846334099769592,-0.011778855696320534,0.9998729228973389,0.9999617338180542
148,2.467,24,RIGHT_HIP,0.47302955389022827,0.5840525031089783,0.011896663345396519,0.999836802482605,0.9999099969863892
148,2.467,25,LEFT_KNEE,0.5589754581451416,0.6701923608779907,-0.04058879613876343,0.9895524978637695,0.9999821186065674
148,2.467,26,RIGHT_KNEE,0.47916707396507263,0.6644317507743835,0.22749784588813782,0.9760009050369263,0.9998928308486938
148,2.467,27,LEFT_ANKLE,0.5625709295272827,0.7540276050567627,0.0668993890285492,0.9836521744728088,0.9993983507156372
148,2.467,28,RIGHT_ANKLE,0.49583688378334045,0.7238579988479614,0.6084797978401184,0.9666555523872375,0.999672532081604
148,2.467,29,LEFT_HEEL,0.552737832069397,0.7674380540847778,0.06532343477010727,0.8964610695838928,0.9985358715057373
148,2.467,30,RIGHT_HEEL,0.5061355829238892,0.7332658767700195,0.6376984119415283,0.8614010214805603,0.9994150400161743
148,2.467,31,LEFT_FOOT_INDEX,0.5674235820770264,0.7806571125984192,-0.12671194970607758,0.9781311750411987,0.9904386401176453
148,2.467,32,RIGHT_FOOT_INDEX,0.4689682126045227,0.7483912706375122,0.5095536708831787,0.9632669687271118,0.9979580640792847
149,2.484,0,NOSE,0.5470975041389465,0.4065397083759308,-0.34592577815055847,0.9999807476997375,0.9998517036437988
149,2.484,1,LEFT_EYE_INNER,0.5541442036628723,0.3995722532272339,-0.3206954002380371,0.9999189376831055,0.9995738863945007
149,2.484,2,LEFT_EYE,0.559141218662262,0.3997863531112671,-0.3207404911518097,0.9999183416366577,0.9996029734611511
149,2.484,3,LEFT_EYE_OUTER,0.5632445812225342,0.39999932050704956,-0.3207249343395233,0.9999039769172668,0.999607264995575
149,2.484,4,RIGHT_EYE_INNER,0.5389934778213501,0.3991887867450714,-0.32743027806282043,0.999919593334198,0.9994826316833496
149,2.484,5,RIGHT_EYE,0.5327739715576172,0.3992674648761749,-0.32741037011146545,0.9999092817306519,0.9994088411331177
149,2.484,6,RIGHT_EYE_OUTER,0.5261964201927185,0.3993752896785736,-0.327422559261322,0.9998891949653625,0.999322772026062
149,2.484,7,LEFT_EAR,0.5663027763366699,0.4041084945201874,-0.1735725849866867,0.9997972846031189,0.999687671661377
149,2.484,8,RIGHT_EAR,0.5144332647323608,0.40374675393104553,-0.20479679107666016,0.9998217225074768,0.9992356300354004
149,2.484,9,MOUTH_LEFT,0.5533041954040527,0.4165344536304474,-0.28980743885040283,0.9999683499336243,0.9999245405197144
149,2.484,10,MOUTH_RIGHT,0.5363091826438904,0.41665297746658325,-0.29889073967933655,0.9999690651893616,0.9998831748962402
149,2.484,11,LEFT_SHOULDER,0.604445219039917,0.4628775417804718,-0.10022946447134018,0.9999826550483704,0.9999874830245972
149,2.484,12,RIGHT_SHOULDER,0.4565545916557312,0.4566267132759094,-0.11711116880178452,0.9999366402626038,0.9998337030410767
149,2.484,13,LEFT_ELBOW,0.6184121966362,0.5236048102378845,-0.0575149729847908,0.9875633120536804,0.999921441078186
149,2.484,14,RIGHT_ELBOW,0.424150675535202,0.5158268213272095,-0.1126677617430687,0.9702940583229065,0.9992222785949707
149,2.484,15,LEFT_WRIST,0.6345950365066528,0.576519787311554,-0.22185304760932922,0.9898924827575684,0.9999314546585083
149,2.484,16,RIGHT_WRIST,0.43474841117858887,0.5697616338729858,-0.2597929537296295,0.9602693915367126,0.9991710186004639
149,2.484,17,LEFT_PINKY,0.6419863700866699,0.5966659188270569,-0.2684968411922455,0.9820921421051025,0.9997555613517761
149,2.484,18,RIGHT_PINKY,0.4340006113052368,0.5899629592895508,-0.30398914217948914,0.9375000596046448,0.998672366142273
149,2.484,19,LEFT_INDEX,0.6365330219268799,0.5959365367889404,-0.31408435106277466,0.9832760691642761,0.9998001456260681
149,2.484,20,RIGHT_INDEX,0.4457884430885315,0.5876842141151428,-0.34982189536094666,0.9391297101974487,0.9988178610801697
149,2.484,21,LEFT_THUMB,0.6312431693077087,0.5910570025444031,-0.2427583783864975,0.9789285659790039,0.9998890161514282
149,2.484,22,RIGHT_THUMB,0.4499129056930542,0.5815562605857849,-0.28100717067718506,0.9302162528038025,0.9991912245750427
149,2.484,23,LEFT_HIP,0.5571346282958984,0.5854576826095581,-0.011612883768975735,0.9998816251754761,0.999966025352478
149,2.484,24,RIGHT_HIP,0.4738962650299072,0.5844663381576538,0.011727217584848404,0.99983811378479,0.9999127388000488
149,2.484,25,LEFT_KNEE,0.5590651035308838,0.6721343398094177,-0.03157544136047363,0.9896166920661926,0.9999794960021973
149,2.484,26,RIGHT_KNEE,0.4791807532310486,0.6635891795158386,0.21417897939682007,0.9740937948226929,0.9998773336410522
149,2.484,27,LEFT_ANKLE,0.5625007748603821,0.7566725611686707,0.07688494026660919,0.9841126203536987,0.999286949634552
149,2.484,28,RIGHT_ANKLE,0.4961532652378082,0.7235972881317139,0.5886651277542114,0.9637054204940796,0.9995458722114563
149,2.484,29,LEFT_HEEL,0.5524730682373047,0.7682384848594666,0.07569859176874161,0.8964152932167053,0.9982306361198425
149,2.484,30,RIGHT_HEEL,0.5063546299934387,0.7330588102340698,0.6172304153442383,0.8548981547355652,0.9991936087608337
149,2.484,31,LEFT_FOOT_INDEX,0.5674497485160828,0.7807685136795044,-0.11002711951732635,0.9783766269683838,0.9881129860877991
149,2.484,32,RIGHT_FOOT_INDEX,0.46901094913482666,0.7488899230957031,0.4886801242828369,0.9609465599060059,0.9972779154777527
150,2.501,0,NOSE,0.5505518913269043,0.40657907724380493,-0.373759925365448,0.9999809265136719,0.9997878670692444
150,2.501,1,LEFT_EYE_INNER,0.5576184988021851,0.3996082544326782,-0.3473087251186371,0.9999202489852905,0.999441921710968
150,2.501,2,LEFT_EYE,0.5625699162483215,0.39982715249061584,-0.34735268354415894,0.9999197721481323,0.9994795918464661
150,2.501,3,LEFT_EYE_OUTER,0.566585898399353,0.4000461995601654,-0.34733057022094727,0.9999061822891235,0.99949049949646
150,2.501,4,RIGHT_EYE_INNER,0.5425909757614136,0.3992086350917816,-0.35454311966896057,0.9999200701713562,0.9993258714675903
150,2.501,5,RIGHT_EYE,0.5364623665809631,0.39928069710731506,-0.35453420877456665,0.9999092221260071,0.9992290735244751
150,2.501,6,RIGHT_EYE_OUTER,0.529922604560852,0.3993791937828064,-0.35455742478370667,0.99988853931427,0.9991254210472107
150,2.501,7,LEFT_EAR,0.5690755248069763,0.4041348397731781,-0.19021303951740265,0.9997981190681458,0.9996127486228943
150,2.501,8,RIGHT_EAR,0.5174634456634521,0.40372955799102783,-0.22435405850410461,0.999819815158844,0.9990139007568359
150,2.501,9,MOUTH_LEFT,0.5563874244689941,0.41660162806510925,-0.3136822283267975,0.9999691843986511,0.9999016523361206
150,2.501,10,MOUTH_RIGHT,0.5396648645401001,0.4166683554649353,-0.32353106141090393,0.9999692440032959,0.9998434782028198
150,2.501,11,LEFT_SHOULDER,0.6064624786376953,0.46298566460609436,-0.10966203361749649,0.999983549118042,0.9999871253967285
150,2.501,12,RIGHT_SHOULDER,0.4588119387626648,0.45676252245903015,-0.12634044885635376,0.9999337196350098,0.9997789263725281
150,2.501,13,LEFT_ELBOW,0.6209742426872253,0.5244375467300415,-0.06284450739622116,0.9876909852027893,0.9999229907989502
150,2.501,14,RIGHT_ELBOW,0.4264686405658722,0.5161257386207581,-0.11464868485927582,0.970227837562561,0.9989839196205139
150,2.501,15,LEFT_WRIST,0.6348769664764404,0.5774145722389221,-0.2338400036096573,0.9901176691055298,0.9999388456344604
150,2.501,16,RIGHT_WRIST,0.4347456395626068,0.569671094417572,-0.2629558742046356,0.960446298122406,0.9989904761314392
150,2.501,17,LEFT_PINKY,0.6420084834098816,0.5981859564781189,-0.2819136679172516,0.9824687838554382,0.999795138835907
150,2.501,18,RIGHT_PINKY,0.43358343839645386,0.589866042137146,-0.3074899911880493,0.937811553478241,0.9985215067863464
150,2.501,19,LEFT_INDEX,0.6364946365356445,0.5974715948104858,-0.3291618525981903,0.9836203455924988,0.9998254179954529
150,2.501,20,RIGHT_INDEX,0.4454557001590729,0.5876107811927795,-0.3555489182472229,0.939399242401123,0.9986318945884705
150,2.501,21,LEFT_THUMB,0.6311607360839844,0.5927879810333252,-0.25518089532852173,0.9792754650115967,0.9999022483825684
150,2.501,22,RIGHT_THUMB,0.44975370168685913,0.5814177989959717,-0.28484970331192017,0.9304216504096985,0.9990432858467102
150,2.501,23,LEFT_HIP,0.559758186340332,0.5856291055679321,-0.01162767969071865,0.9998897314071655,0.9999710321426392
150,2.501,24,RIGHT_HIP,0.4758513271808624,0.5845687389373779,0.011739198118448257,0.9998372793197632,0.9999116659164429
150,2.501,25,LEFT_KNEE,0.5592353343963623,0.6712194085121155,-0.048682644963264465,0.9897642135620117,0.9999845027923584
150,2.501,26,RIGHT_KNEE,0.47921550273895264,0.6627882719039917,0.24234957993030548,0.9708457589149475,0.9998782873153687
150,2.501,27,LEFT_ANKLE,0.5624619722366333,0.757673442363739,0.04921984672546387,0.9845573902130127,0.9994933605194092
150,2.501,28,RIGHT_ANKLE,0.49658554792404175,0.723548173904419,0.6541793942451477,0.9593971371650696,0.9996792078018188
150,2.501,29,LEFT_HEEL,0.5524486899375916,0.7708855271339417,0.04666637256741524,0.8949161767959595,0.9987888932228088
150,2.501,30,RIGHT_HEEL,0.5068979263305664,0.7328922748565674,0.6862314343452454,0.846474289894104,0.9994656443595886
150,2.501,31,LEFT_FOOT_INDEX,0.5671685338020325,0.7845094799995422,-0.15622566640377045,0.9788318872451782,0.992676317691803
150,2.501,32,RIGHT_FOOT_INDEX,0.46913427114486694,0.7490019202232361,0.5500275492668152,0.9583010673522949,0.9984405636787415
151,2.517,0,NOSE,0.5526256561279297,0.40651974081993103,-0.3811621069908142,0.9999807476997375,0.9997201561927795
151,2.517,1,LEFT_EYE_INNER,0.5601150393486023,0.39959028363227844,-0.3550197184085846,0.9999197125434875,0.9992634654045105
151,2.517,2,LEFT_EYE,0.5651581883430481,0.39982202649116516,-0.35506173968315125,0.999919593334198,0.9993189573287964
151,2.517,3,LEFT_EYE_OUTER,0.5693122148513794,0.4000365436077118,-0.3550355136394501,0.9999067783355713,0.999344527721405
151,2.517,4,RIGHT_EYE_INNER,0.5449150204658508,0.39916276931762695,-0.36132150888442993,0.9999179244041443,0.9990952014923096
151,2.517,5,RIGHT_EYE,0.5388785004615784,0.3992277681827545,-0.36130958795547485,0.9999064803123474,0.9989585876464844
151,2.517,6,RIGHT_EYE_OUTER,0.5325961709022522,0.3993261456489563,-0.3613409996032715,0.999885082244873,0.9988137483596802
151,2.517,7,LEFT_EAR,0.5723958611488342,0.40413159132003784,-0.19910891354084015,0.9997952580451965,0.9995149374008179
151,2.517,8,RIGHT_EAR,0.5204271674156189,0.40371623635292053,-0.22950543463230133,0.9998124241828918,0.9987232089042664
151,2.517,9,MOUTH_LEFT,0.5588507056236267,0.4165920913219452,-0.3217334449291229,0.9999697208404541,0.9998890161514282
151,2.517,10,MOUTH_RIGHT,0.5419886708259583,0.4165620803833008,-0.3304221034049988,0.9999690651893616,0.9998189806938171
151,2.517,11,LEFT_SHOULDER,0.6096827387809753,0.4630727469921112,-0.11940650641918182,0.9999844431877136,0.9999871253967285
151,2.517,12,RIGHT_SHOULDER,0.4614008367061615,0.4566524624824524,-0.12886710464954376,0.9999314546585083,0.9997863173484802
151,2.517,13,LEFT_ELBOW,0.6238664388656616,0.525321364402771,-0.07183615118265152,0.9879065155982971,0.9999094009399414
151,2.517,14,RIGHT_ELBOW,0.42806604504585266,0.5158066749572754,-0.11352506279945374,0.9700469374656677,0.9989625215530396
151,2.517,15,LEFT_WRIST,0.6354569792747498,0.5789839029312134,-0.24841295182704926,0.9903839230537415,0.9999333620071411
151,2.517,16,RIGHT_WRIST,0.4347400665283203,0.5697843432426453,-0.26249945163726807,0.9605228304862976,0.9988580942153931
151,2.517,17,LEFT_PINKY,0.642187774181366,0.5996428728103638,-0.2981221377849579,0.9829332232475281,0.9997783303260803
151,2.517,18,RIGHT_PINKY,0.43299227952957153,0.5897809267044067,-0.3074467182159424,0.9379714131355286,0.9983081817626953
151,2.517,19,LEFT_INDEX,0.63646000623703,0.5987589955329895,-0.345811665058136,0.9840420484542847,0.9998136162757874
151,2.517,20,RIGHT_INDEX,0.4445846974849701,0.5876439213752747,-0.354768842458725,0.9395558834075928,0.9984322190284729
151,2.517,21,LEFT_THUMB,0.6311419606208801,0.5942398905754089,-0.26997724175453186,0.9797353148460388,0.9998941421508789
151,2.517,22,RIGHT_THUMB,0.4493863582611084,0.5814492702484131,-0.28464120626449585,0.9306227564811707,0.9988858103752136
151,2.517,23,LEFT_HIP,0.5619581341743469,0.586177408695221,-0.012197762727737427,0.999896764755249,0.9999611377716064
151,2.517,24,RIGHT_HIP,0.47752538323402405,0.5848801136016846,0.012283925898373127,0.9998356699943542,0.9998695850372314
151,2.517,25,LEFT_KNEE,0.5594330430030823,0.6712287664413452,-0.032780613750219345,0.9900375604629517,0.9999829530715942
151,2.517,26,RIGHT_KNEE,0.4792387783527374,0.6627155542373657,0.24913081526756287,0.9688171744346619,0.9998260140419006
151,2.517,27,LEFT_ANKLE,0.5628405809402466,0.7579732537269592,0.09246151894330978,0.9850863814353943,0.9991143345832825
151,2.517,28,RIGHT_ANKLE,0.49668753147125244,0.7225643396377563,0.6599215269088745,0.9556198120117188,0.999477207660675
151,2.517,29,LEFT_HEEL,0.5537957549095154,0.7699413299560547,0.09321922808885574,0.8906540870666504,0.9978480339050293
151,2.517,30,RIGHT_HEEL,0.5071156024932861,0.7306777238845825,0.6923813819885254,0.8371847867965698,0.9991205334663391
151,2.517,31,LEFT_FOOT_INDEX,0.5664776563644409,0.785277247428894,-0.1030484288930893,0.979273796081543,0.9877211451530457
151,2.517,32,RIGHT_FOOT_INDEX,0.4699556231498718,0.7495248317718506,0.5570236444473267,0.9561225175857544,0.9974257349967957
152,2.534,0,NOSE,0.5565568804740906,0.4063737690448761,-0.4131355285644531,0.9999799728393555,0.9996742010116577
152,2.534,1,LEFT_EYE_INNER,0.5634774565696716,0.3995138704776764,-0.3869963586330414,0.9999170899391174,0.9991675615310669
152,2.534,2,LEFT_EYE,0.5684155225753784,0.3997645378112793,-0.3870346248149872,0.9999167323112488,0.9992241859436035
152,2.534,3,LEFT_EYE_OUTER,0.5723989009857178,0.39998960494995117,-0.3870091736316681,0.9999045133590698,0.9992433786392212
152,2.534,4,RIGHT_EYE_INNER,0.5485678911209106,0.39905449748039246,-0.39391854405403137,0.9999139308929443,0.9990065693855286
152,2.534,5,RIGHT_EYE,0.5425613522529602,0.3991049528121948,-0.3939126431941986,0.9999009370803833,0.9988716244697571
152,2.534,6,RIGHT_EYE_OUTER,0.5362664461135864,0.3991880416870117,-0.3939562737941742,0.9998780488967896,0.9987303614616394
152,2.534,7,LEFT_EAR,0.5747017860412598,0.4041232764720917,-0.22331112623214722,0.9997832179069519,0.9994114637374878
152,2.534,8,RIGHT_EAR,0.5233312845230103,0.4035830497741699,-0.25680044293403625,0.9997988343238831,0.9985780715942383
152,2.534,9,MOUTH_LEFT,0.5626335144042969,0.41653794050216675,-0.35026171803474426,0.9999695420265198,0.999860405921936
152,2.534,10,MOUTH_RIGHT,0.5457928776741028,0.41637834906578064,-0.35985568165779114,0.9999682307243347,0.9997803568840027
152,2.534,11,LEFT_SHOULDER,0.612778902053833,0.46297234296798706,-0.1325044184923172,0.9999849796295166,0.9999849796295166
152,2.534,12,RIGHT_SHOULDER,0.46370235085487366,0.456621378660202,-0.15034227073192596,0.99992835521698,0.999760091304779
152,2.534,13,LEFT_ELBOW,0.6269765496253967,0.5257489085197449,-0.07825062423944473,0.987827718257904,0.9999206066131592
152,2.534,14,RIGHT_ELBOW,0.4292927384376526,0.5154857039451599,-0.12831246852874756,0.9699217677116394,0.9990146160125732
152,2.534,15,LEFT_WRIST,0.6356101632118225,0.580422580242157,-0.25634509325027466,0.9904391765594482,0.9999388456344604
152,2.534,16,RIGHT_WRIST,0.4347359538078308,0.5698649287223816,-0.27686405181884766,0.9603565335273743,0.9989414811134338
152,2.534,17,LEFT_PINKY,0.6421493887901306,0.6009201407432556,-0.3061688244342804,0.9830163717269897,0.9998089671134949
152,2.534,18,RIGHT_PINKY,0.43235868215560913,0.5899316072463989,-0.3236319124698639,0.9377743005752563,0.9985085129737854
152,2.534,19,LEFT_INDEX,0.6363177299499512,0.5998817682266235,-0.35570117831230164,0.9841084480285645,0.9998329877853394
152,2.534,20,RIGHT_INDEX,0.44382965564727783,0.5879430174827576,-0.3739500641822815,0.9393481612205505,0.9985901713371277
152,2.534,21,LEFT_THUMB,0.6310226917266846,0.5954173803329468,-0.27851632237434387,0.9797333478927612,0.9999035596847534
152,2.534,22,RIGHT_THUMB,0.44908082485198975,0.581654965877533,-0.29991415143013,0.9302504062652588,0.9990023970603943
152,2.534,23,LEFT_HIP,0.5644862651824951,0.5868801474571228,-0.012035628780722618,0.9999037981033325,0.9999744892120361
152,2.534,24,RIGHT_HIP,0.4792068898677826,0.5854777097702026,0.012131164781749249,0.9998372197151184,0.9999176263809204
152,2.534,25,LEFT_KNEE,0.5601994395256042,0.672306478023529,-0.026794349774718285,0.9902754426002502,0.9999866485595703
152,2.534,26,RIGHT_KNEE,0.47915616631507874,0.6627616286277771,0.26403868198394775,0.9670572876930237,0.9998860359191895
152,2.534,27,LEFT_ANKLE,0.5629396438598633,0.7590714693069458,0.10934869199991226,0.9855904579162598,0.9995488524436951
152,2.534,28,RIGHT_ANKLE,0.4968150854110718,0.7214954495429993,0.7133380174636841,0.9528848528862,0.9997233748435974
152,2.534,29,LEFT_HEEL,0.5539525747299194,0.7710930109024048,0.11130543798208237,0.8906540870666504,0.9989473223686218
152,2.534,30,RIGHT_HEEL,0.5075114369392395,0.729192852973938,0.749787449836731,0.830710232257843,0.9995636343955994
152,2.534,31,LEFT_FOOT_INDEX,0.5665241479873657,0.7866063714027405,-0.09099510312080383,0.9798829555511475,0.9936829805374146
152,2.534,32,RIGHT_FOOT_INDEX,0.47009655833244324,0.7500232458114624,0.6088902950286865,0.9547916054725647,0.9987177848815918
153,2.551,0,NOSE,0.5585319995880127,0.40619054436683655,-0.4268902540206909,0.999980092048645,0.9996896982192993
153,2.551,1,LEFT_EYE_INNER,0.5655045509338379,0.39930441975593567,-0.40010306239128113,0.9999181032180786,0.9991661310195923
153,2.551,2,LEFT_EYE,0.5706264972686768,0.3995819389820099,-0.40013501048088074,0.9999176263809204,0.999214768409729
153,2.551,3,LEFT_EYE_OUTER,0.5747636556625366,0.39982786774635315,-0.4000927209854126,0.9999062418937683,0.9992320537567139
153,2.551,4,RIGHT_EYE_INNER,0.5504469275474548,0.3988044857978821,-0.4070393741130829,0.99991375207901,0.998993456363678
153,2.551,5,RIGHT_EYE,0.5442880392074585,0.3988327085971832,-0.40703627467155457,0.9998999238014221,0.9988448619842529
153,2.551,6,RIGHT_EYE_OUTER,0.5377817749977112,0.3989029824733734,-0.40708133578300476,0.9998770952224731,0.9986888766288757
153,2.551,7,LEFT_EAR,0.5772724151611328,0.4040742814540863,-0.23508040606975555,0.9997799396514893,0.999408483505249
153,2.551,8,RIGHT_EAR,0.5247029662132263,0.4033975303173065,-0.26845917105674744,0.9997934699058533,0.9985478520393372
153,2.551,9,MOUTH_LEFT,0.5646463632583618,0.4165138900279999,-0.3638545572757721,0.9999704360961914,0.9998693466186523
153,2.551,10,MOUTH_RIGHT,0.5474799871444702,0.41628777980804443,-0.3733433485031128,0.9999687075614929,0.999790370464325
153,2.551,11,LEFT_SHOULDER,0.6153773665428162,0.46305033564567566,-0.14361722767353058,0.9999856948852539,0.999984622001648
153,2.551,12,RIGHT_SHOULDER,0.4647849202156067,0.4566008746623993,-0.1619294434785843,0.9999273419380188,0.9997534155845642
153,2.551,13,LEFT_ELBOW,0.6297271847724915,0.5261549353599548,-0.10340727865695953,0.9879229664802551,0.9999068975448608
153,2.551,14,RIGHT_ELBOW,0.4300892949104309,0.515350878238678,-0.13691435754299164,0.9708528518676758,0.9989351630210876
153,2.551,15,LEFT_WRIST,0.6359115839004517,0.5811229348182678,-0.30993250012397766,0.9906553626060486,0.9999401569366455
153,2.551,16,RIGHT_WRIST,0.43473073840141296,0.570189356803894,-0.28491464257240295,0.9613234400749207,0.9989063739776611
153,2.551,17,LEFT_PINKY,0.6422069072723389,0.6013458967208862,-0.3657950162887573,0.9833792448043823,0.9998072981834412
153,2.551,18,RIGHT_PINKY,0.43140965700149536,0.5899479389190674,-0.3344053030014038,0.938948392868042,0.9983516931533813
153,2.551,19,LEFT_INDEX,0.6362643837928772,0.6002071499824524,-0.41582146286964417,0.9844394326210022,0.9998373985290527
153,2.551,20,RIGHT_INDEX,0.44256556034088135,0.5880043506622314,-0.3848688006401062,0.9405049681663513,0.9984893798828125
153,2.551,21,LEFT_THUMB,0.6309781670570374,0.5955926775932312,-0.3331400752067566,0.9800623655319214,0.9999067783355713
153,2.551,22,RIGHT_THUMB,0.4481368064880371,0.5816962718963623,-0.30787697434425354,0.9314373135566711,0.9989431500434875
153,2.551,23,LEFT_HIP,0.5668908357620239,0.5873298048973083,-0.011875924654304981,0.9999105930328369,0.9999788999557495
153,2.551,24,RIGHT_HIP,0.4806325137615204,0.5859079957008362,0.01197274960577488,0.9998388886451721,0.9999186992645264
153,2.551,25,LEFT_KNEE,0.5612379312515259,0.6708459854125977,-0.042394887655973434,0.9906521439552307,0.9999885559082031
153,2.551,26,RIGHT_KNEE,0.4787672162055969,0.6625573635101318,0.27898651361465454,0.9660401940345764,0.9998681545257568
153,2.551,27,LEFT_ANKLE,0.5636719465255737,0.7580204606056213,0.09499597549438477,0.9862099885940552,0.9994599223136902
153,2.551,28,RIGHT_ANKLE,0.4966096580028534,0.7196332812309265,0.7531458139419556,0.9503213167190552,0.9996554851531982
153,2.551,29,LEFT_HEEL,0.555022656917572,0.769572913646698,0.09686389565467834,0.8897767066955566,0.9987248778343201
153,2.551,30,RIGHT_HEEL,0.5068168044090271,0.7250075936317444,0.7918357849121094,0.8231423497200012,0.9994729161262512
153,2.551,31,LEFT_FOOT_INDEX,0.566476047039032,0.7863729596138,-0.11860717833042145,0.9806494116783142,0.9928503036499023
153,2.551,32,RIGHT_FOOT_INDEX,0.47108128666877747,0.7497102618217468,0.6497130990028381,0.9535865187644958,0.9985705614089966
154,2.567,0,NOSE,0.5594085454940796,0.4058679938316345,-0.45142555236816406,0.999980628490448,0.9997356534004211
154,2.567,1,LEFT_EYE_INNER,0.5669110417366028,0.39900293946266174,-0.42423275113105774,0.9999209642410278,0.9992644190788269
154,2.567,2,LEFT_EYE,0.5721769332885742,0.39930638670921326,-0.4242578148841858,0.999920129776001,0.9993011951446533
154,2.567,3,LEFT_EYE_OUTER,0.5765511989593506,0.3995687663555145,-0.42419758439064026,0.9999095797538757,0.9993138313293457
154,2.567,4,RIGHT_EYE_INNER,0.551421582698822,0.398429274559021,-0.4311857521533966,0.9999155402183533,0.9990955591201782
154,2.567,5,RIGHT_EYE,0.5452754497528076,0.3984333872795105,-0.43117648363113403,0.9999011158943176,0.9989402890205383
154,2.567,6,RIGHT_EYE_OUTER,0.5388656258583069,0.39843735098838806,-0.4312095642089844,0.9998787045478821,0.9987769722938538
154,2.567,7,LEFT_EAR,0.5798130035400391,0.403838574886322,-0.2545572817325592,0.9997825622558594,0.9994743466377258
154,2.567,8,RIGHT_EAR,0.5264268517494202,0.4027162790298462,-0.2882660925388336,0.9997931122779846,0.9986218214035034
154,2.567,9,MOUTH_LEFT,0.5656639337539673,0.4163128435611725,-0.38659465312957764,0.9999719858169556,0.9998830556869507
154,2.567,10,MOUTH_RIGHT,0.5482864379882812,0.4159378707408905,-0.39605942368507385,0.9999698996543884,0.9998058676719666
154,2.567,11,LEFT_SHOULDER,0.6179800629615784,0.46292608976364136,-0.15906871855258942,0.9999865889549255,0.9999885559082031
154,2.567,12,RIGHT_SHOULDER,0.4655039608478546,0.4561845660209656,-0.1740565001964569,0.9999275207519531,0.9997623562812805
154,2.567,13,LEFT_ELBOW,0.6315312385559082,0.5261938571929932,-0.12622801959514618,0.9882214069366455,0.9999215602874756
154,2.567,14,RIGHT_ELBOW,0.4305437207221985,0.5151060819625854,-0.14808247983455658,0.9720887541770935,0.9989533424377441
154,2.567,15,LEFT_WRIST,0.6362767815589905,0.58181232213974,-0.35486847162246704,0.9910619258880615,0.9999511241912842
154,2.567,16,RIGHT_WRIST,0.4347192943096161,0.5700674057006836,-0.3088999390602112,0.9629904627799988,0.9989442229270935
154,2.567,17,LEFT_PINKY,0.6423018574714661,0.6019961833953857,-0.41494816541671753,0.9840666055679321,0.9998300075531006
154,2.567,18,RIGHT_PINKY,0.4304061532020569,0.5895780324935913,-0.3626856803894043,0.9412179589271545,0.9983425140380859
154,2.567,19,LEFT_INDEX,0.636150598526001,0.6008495688438416,-0.46586716175079346,0.9850731492042542,0.9998595714569092
154,2.567,20,RIGHT_INDEX,0.4413350224494934,0.5876471996307373,-0.41393813490867615,0.9427385926246643,0.9985062479972839
154,2.567,21,LEFT_THUMB,0.6308638453483582,0.5962226986885071,-0.3788124918937683,0.9808009266853333,0.9999220371246338
154,2.567,22,RIGHT_THUMB,0.44712314009666443,0.5813426971435547,-0.33232930302619934,0.933896005153656,0.9989719390869141
154,2.567,23,LEFT_HIP,0.569266676902771,0.5874204039573669,-0.011612547561526299,0.9999176263809204,0.9999861717224121
154,2.567,24,RIGHT_HIP,0.48237666487693787,0.5858387351036072,0.011705202981829643,0.9998435974121094,0.9999359846115112
154,2.567,25,LEFT_KNEE,0.5617918968200684,0.6712841391563416,-0.05841326713562012,0.9910987019538879,0.9999903440475464
154,2.567,26,RIGHT_KNEE,0.47804734110832214,0.6626230478286743,0.2848609685897827,0.9653803706169128,0.9998651742935181
154,2.567,27,LEFT_ANKLE,0.5639203190803528,0.7587162852287292,0.09666021913290024,0.9868748784065247,0.9994879961013794
154,2.567,28,RIGHT_ANKLE,0.49623966217041016,0.7152356505393982,0.8044738173484802,0.9470251202583313,0.9996880292892456
154,2.567,29,LEFT_HEEL,0.5553377866744995,0.7692733407020569,0.10022608190774918,0.8890438079833984,0.9987658262252808
154,2.567,30,RIGHT_HEEL,0.5060854554176331,0.7189722657203674,0.8482953310012817,0.815322756767273,0.9995383024215698
154,2.567,31,LEFT_FOOT_INDEX,0.565726101398468,0.7875996828079224,-0.114769846200943,0.9814881682395935,0.9930906295776367
154,2.567,32,RIGHT_FOOT_INDEX,0.47194063663482666,0.7494826912879944,0.7136961221694946,0.952181875705719,0.998735249042511
155,2.584,0,NOSE,0.5599490404129028,0.40535488724708557,-0.4493769407272339,0.9999801516532898,0.9995703101158142
155,2.584,1,LEFT_EYE_INNER,0.5679216384887695,0.3985166847705841,-0.4223106801509857,0.999920129776001,0.9988734126091003
155,2.584,2,LEFT_EYE,0.5733379125595093,0.3988569378852844,-0.42233628034591675,0.9999188780784607,0.9989325404167175
155,2.584,3,LEFT_EYE_OUTER,0.5777727961540222,0.39914676547050476,-0.42228421568870544,0.9999090433120728,0.99895179271698
155,2.584,4,RIGHT_EYE_INNER,0.5520379543304443,0.3978518545627594,-0.42886725068092346,0.9999130368232727,0.9986577033996582
155,2.584,5,RIGHT_EYE,0.5457978844642639,0.39782077074050903,-0.42885637283325195,0.999897301197052,0.9984655380249023
155,2.584,6,RIGHT_EYE_OUTER,0.5393102765083313,0.3977789580821991,-0.42890575528144836,0.9998746514320374,0.9982763528823853
155,2.584,7,LEFT_EAR,0.5817244648933411,0.40359193086624146,-0.2515190541744232,0.9997732639312744,0.9991705417633057
155,2.584,8,RIGHT_EAR,0.5276508331298828,0.4019925892353058,-0.28354692459106445,0.9997802972793579,0.9980790615081787
155,2.584,9,MOUTH_LEFT,0.5664815306663513,0.4159970283508301,-0.3840477168560028,0.999972403049469,0.9998210072517395
155,2.584,10,MOUTH_RIGHT,0.548387885093689,0.415475457906723,-0.3930618464946747,0.9999697804450989,0.9997138381004333
155,2.584,11,LEFT_SHOULDER,0.6201866269111633,0.4626975655555725,-0.15576937794685364,0.9999870657920837,0.9999799728393555
155,2.584,12,RIGHT_SHOULDER,0.4666149914264679,0.4559798240661621,-0.17024388909339905,0.9999247789382935,0.9996871948242188
155,2.584,13,LEFT_ELBOW,0.6326807737350464,0.5261161923408508,-0.12369584292173386,0.9879090189933777,0.999897837638855
155,2.584,14,RIGHT_ELBOW,0.43128731846809387,0.5150192975997925,-0.1486409306526184,0.972370982170105,0.9988915324211121
155,2.584,15,LEFT_WRIST,0.636701226234436,0.5817277431488037,-0.3506482243537903,0.9910538792610168,0.9999431371688843
155,2.584,16,RIGHT_WRIST,0.4346339702606201,0.5699858069419861,-0.31394705176353455,0.9634494185447693,0.9990106821060181
155,2.584,17,LEFT_PINKY,0.6426161527633667,0.6021444201469421,-0.40999117493629456,0.9841071963310242,0.9998362064361572
155,2.584,18,RIGHT_PINKY,0.42938709259033203,0.5894771814346313,-0.3676043152809143,0.9418178200721741,0.998635470867157
155,2.584,19,LEFT_INDEX,0.6360201239585876,0.6010753512382507,-0.4601783752441406,0.9850949645042419,0.9998584985733032
155,2.584,20,RIGHT_INDEX,0.4401584267616272,0.5875274538993835,-0.41759350895881653,0.9433408379554749,0.9987213015556335
155,2.584,21,LEFT_THUMB,0.6307471990585327,0.5964761972427368,-0.3741770386695862,0.9807219505310059,0.999915599822998
155,2.584,22,RIGHT_THUMB,0.44611790776252747,0.5811358094215393,-0.33700647950172424,0.9344202280044556,0.9990804195404053
155,2.584,23,LEFT_HIP,0.5716370344161987,0.5880907773971558,-0.011545232497155666,0.9999236464500427,0.9999847412109375
155,2.584,24,RIGHT_HIP,0.4843326210975647,0.5866109728813171,0.011615350842475891,0.9998476505279541,0.9999376535415649
155,2.584,25,LEFT_KNEE,0.5629451274871826,0.6715709567070007,-0.044524505734443665,0.9914233088493347,0.9999916553497314
155,2.584,26,RIGHT_KNEE,0.47763779759407043,0.6625795960426331,0.29306918382644653,0.9642501473426819,0.9998985528945923
155,2.584,27,LEFT_ANKLE,0.5643433928489685,0.7590234875679016,0.12305707484483719,0.9874346256256104,0.9997022747993469
155,2.584,28,RIGHT_ANKLE,0.49596574902534485,0.7134305834770203,0.8153761029243469,0.9447828531265259,0.9997969269752502
155,2.584,29,LEFT_HEEL,0.5555099248886108,0.7692309021949768,0.13207101821899414,0.8900051116943359,0.9993332028388977
155,2.584,30,RIGHT_HEEL,0.5050695538520813,0.7167767286300659,0.859712541103363,0.8089223504066467,0.9997183680534363
155,2.584,31,LEFT_FOOT_INDEX,0.5657821297645569,0.7884237766265869,-0.09117461740970612,0.9822697043418884,0.9963035583496094
155,2.584,32,RIGHT_FOOT_INDEX,0.4733235538005829,0.7492373585700989,0.7184743881225586,0.9514617919921875,0.999247670173645
156,2.601,0,NOSE,0.5611879229545593,0.4047747850418091,-0.4709356427192688,0.9999788999557495,0.999519944190979
156,2.601,1,LEFT_EYE_INNER,0.569416880607605,0.3979591727256775,-0.4427391588687897,0.9999167919158936,0.998788058757782
156,2.601,2,LEFT_EYE,0.5748574733734131,0.39832451939582825,-0.44276928901672363,0.9999150037765503,0.9988647699356079
156,2.601,3,LEFT_EYE_OUTER,0.5793200731277466,0.39864227175712585,-0.44271114468574524,0.999905526638031,0.9988941550254822
156,2.601,4,RIGHT_EYE_INNER,0.5533562302589417,0.3972173035144806,-0.4513525366783142,0.9999072551727295,0.998482882976532
156,2.601,5,RIGHT_EYE,0.547052800655365,0.3971515893936157,-0.45134755969047546,0.9998886585235596,0.9982265830039978
156,2.601,6,RIGHT_EYE_OUTER,0.5405457019805908,0.3970459997653961,-0.4514067471027374,0.999863862991333,0.9979695677757263
156,2.601,7,LEFT_EAR,0.5833331346511841,0.40323105454444885,-0.2641584277153015,0.9997547268867493,0.999163031578064
156,2.601,8,RIGHT_EAR,0.5288708209991455,0.4012097716331482,-0.30517712235450745,0.9997581839561462,0.9976303577423096
156,2.601,9,MOUTH_LEFT,0.5675703883171082,0.41563740372657776,-0.40243279933929443,0.9999726414680481,0.9998140931129456
156,2.601,10,MOUTH_RIGHT,0.549249529838562,0.4149218797683716,-0.4140195846557617,0.9999690651893616,0.999669075012207
156,2.601,11,LEFT_SHOULDER,0.6217012405395508,0.46254557371139526,-0.15984287858009338,0.9999876022338867,0.9999828338623047
156,2.601,12,RIGHT_SHOULDER,0.4675464332103729,0.4552747309207916,-0.18859468400478363,0.9999204277992249,0.9995869994163513
156,2.601,13,LEFT_ELBOW,0.6346713304519653,0.5253953337669373,-0.1330186426639557,0.9878785014152527,0.9999161958694458
156,2.601,14,RIGHT_ELBOW,0.4312886595726013,0.5148766040802002,-0.16629117727279663,0.9736853837966919,0.9988182187080383
156,2.601,15,LEFT_WRIST,0.6372751593589783,0.5810377597808838,-0.38147982954978943,0.9912979006767273,0.9999498128890991
156,2.601,16,RIGHT_WRIST,0.43423163890838623,0.5697296261787415,-0.3349694013595581,0.9650049805641174,0.9988771080970764
156,2.601,17,LEFT_PINKY,0.6430757641792297,0.6011835336685181,-0.4435344934463501,0.98454749584198,0.9998388290405273
156,2.601,18,RIGHT_PINKY,0.4279138743877411,0.5893059968948364,-0.3904498815536499,0.9438281655311584,0.9983454942703247
156,2.601,19,LEFT_INDEX,0.6359643936157227,0.6001440286636353,-0.4945855140686035,0.9854947924613953,0.9998633861541748
156,2.601,20,RIGHT_INDEX,0.4388890266418457,0.5872905850410461,-0.44006919860839844,0.9453228116035461,0.9984664916992188
156,2.601,21,LEFT_THUMB,0.630669891834259,0.5952641367912292,-0.40570202469825745,0.9811546206474304,0.9999212026596069
156,2.601,22,RIGHT_THUMB,0.4449268579483032,0.5809397101402283,-0.3575819730758667,0.9365419149398804,0.9989169836044312
156,2.601,23,LEFT_HIP,0.5739571452140808,0.588213324546814,-0.00958624854683876,0.9999295473098755,0.9999887943267822
156,2.601,24,RIGHT_HIP,0.485411137342453,0.5868319869041443,0.009624267928302288,0.9998511672019958,0.9999383687973022
156,2.601,25,LEFT_KNEE,0.5634269714355469,0.6727527379989624,-0.07240460813045502,0.9917801022529602,0.9999895095825195
156,2.601,26,RIGHT_KNEE,0.4772409498691559,0.6635023951530457,0.2813303470611572,0.962943971157074,0.9998366832733154
156,2.601,27,LEFT_ANKLE,0.5643370747566223,0.7604735493659973,0.11433154344558716,0.987901508808136,0.9995180368423462
156,2.601,28,RIGHT_ANKLE,0.49511876702308655,0.7108603119850159,0.8646758198738098,0.9373016953468323,0.999677300453186
156,2.601,29,LEFT_HEEL,0.5555238723754883,0.7714599967002869,0.12288230657577515,0.8891682624816895,0.9988987445831299
156,2.601,30,RIGHT_HEEL,0.5026199221611023,0.71209716796875,0.9158254265785217,0.7938519716262817,0.9995837807655334
156,2.601,31,LEFT_FOOT_INDEX,0.564945638179779,0.7877870798110962,-0.10240995138883591,0.98285973072052,0.9941351413726807
156,2.601,32,RIGHT_FOOT_INDEX,0.47453370690345764,0.7491607666015625,0.7808401584625244,0.9475734233856201,0.9989915490150452
157,2.617,0,NOSE,0.5615219473838806,0.40400761365890503,-0.44926223158836365,0.9999779462814331,0.9995816349983215
157,2.617,1,LEFT_EYE_INNER,0.5700653195381165,0.3971405327320099,-0.42204779386520386,0.9999144673347473,0.9988825917243958
157,2.617,2,LEFT_EYE,0.575567901134491,0.39751672744750977,-0.42207154631614685,0.9999123811721802,0.9989540576934814
157,2.617,3,LEFT_EYE_OUTER,0.5801295638084412,0.3978433609008789,-0.4220120906829834,0.9999033808708191,0.9989748001098633
157,2.617,4,RIGHT_EYE_INNER,0.5537896752357483,0.396364688873291,-0.429932564496994,0.9999030232429504,0.9986100196838379
157,2.617,5,RIGHT_EYE,0.5474278926849365,0.39628350734710693,-0.42992156744003296,0.9998829364776611,0.998392641544342
157,2.617,6,RIGHT_EYE_OUTER,0.5408974885940552,0.3961629867553711,-0.4299754202365875,0.9998568296432495,0.9981628060340881
157,2.617,7,LEFT_EAR,0.5844829678535461,0.40267086029052734,-0.2504166066646576,0.9997416138648987,0.9991686344146729
157,2.617,8,RIGHT_EAR,0.5298187136650085,0.40028780698776245,-0.28898781538009644,0.9997443556785583,0.9978452920913696
157,2.617,9,MOUTH_LEFT,0.5680810213088989,0.41505375504493713,-0.38367941975593567,0.9999725222587585,0.9998133778572083
157,2.617,10,MOUTH_RIGHT,0.5496017336845398,0.4141925573348999,-0.39447641372680664,0.9999683499336243,0.9996891021728516
157,2.617,11,LEFT_SHOULDER,0.6232583522796631,0.4623999297618866,-0.15168333053588867,0.9999878406524658,0.9999791383743286
157,2.617,12,RIGHT_SHOULDER,0.468643456697464,0.45468899607658386,-0.17906072735786438,0.9999176263809204,0.9996637105941772
157,2.617,13,LEFT_ELBOW,0.6361739635467529,0.5251016020774841,-0.11896209418773651,0.9876928925514221,0.9999117851257324
157,2.617,14,RIGHT_ELBOW,0.4313434064388275,0.5148540139198303,-0.157401442527771,0.9742448329925537,0.9990457892417908
157,2.617,15,LEFT_WRIST,0.6381832957267761,0.5807713270187378,-0.34505000710487366,0.9913977384567261,0.9999511241912842
157,2.617,16,RIGHT_WRIST,0.4334242641925812,0.5692983269691467,-0.32038643956184387,0.9657629132270813,0.9989861845970154
157,2.617,17,LEFT_PINKY,0.6439563632011414,0.6008585095405579,-0.4027774930000305,0.9847705960273743,0.9998480081558228
157,2.617,18,RIGHT_PINKY,0.42628470063209534,0.5889480710029602,-0.3733278810977936,0.9448525309562683,0.9984915256500244
157,2.617,19,LEFT_INDEX,0.6360965967178345,0.5997453927993774,-0.453213095664978,0.9856843948364258,0.9998711347579956
157,2.617,20,RIGHT_INDEX,0.43719032406806946,0.5869443416595459,-0.4224526286125183,0.9463744759559631,0.9986085295677185
157,2.617,21,LEFT_THUMB,0.6307253837585449,0.5947496294975281,-0.3686011731624603,0.981343686580658,0.9999251365661621
157,2.617,22,RIGHT_THUMB,0.4434664249420166,0.5806106925010681,-0.3429763615131378,0.937792181968689,0.9990170001983643
157,2.617,23,LEFT_HIP,0.5765005350112915,0.5890979170799255,-0.006169435568153858,0.9999344944953918,0.9999865293502808
157,2.617,24,RIGHT_HIP,0.4870745539665222,0.5878223180770874,0.0061583137139678,0.9998560547828674,0.9999464750289917
157,2.617,25,LEFT_KNEE,0.5654751062393188,0.6740065813064575,-0.06028173118829727,0.9920856356620789,0.9999887943267822
157,2.617,26,RIGHT_KNEE,0.4770824909210205,0.6650012731552124,0.2668918967247009,0.962431788444519,0.9998804330825806
157,2.617,27,LEFT_ANKLE,0.5643625259399414,0.7620918154716492,0.17082332074642181,0.9883374571800232,0.9995953440666199
157,2.617,28,RIGHT_ANKLE,0.4943552017211914,0.7103751301765442,0.807656466960907,0.9346904754638672,0.9997076392173767
157,2.617,29,LEFT_HEEL,0.5554559826850891,0.773995578289032,0.18183286488056183,0.8916313052177429,0.9990856647491455
157,2.617,30,RIGHT_HEEL,0.5010152459144592,0.7123470306396484,0.8541186451911926,0.7858706712722778,0.9995965361595154
157,2.617,31,LEFT_FOOT_INDEX,0.5651392340660095,0.7912659049034119,-0.03260888531804085,0.9834234714508057,0.994652271270752
157,2.617,32,RIGHT_FOOT_INDEX,0.47481676936149597,0.74898761510849,0.723241925239563,0.9461492300033569,0.9988792538642883
158,2.634,0,NOSE,0.563141405582428,0.403323769569397,-0.4365324378013611,0.999976634979248,0.9994633793830872
158,2.634,1,LEFT_EYE_INNER,0.5717432498931885,0.39651602506637573,-0.4094323217868805,0.9999115467071533,0.9986703395843506
158,2.634,2,LEFT_EYE,0.5771023035049438,0.39691218733787537,-0.40945717692375183,0.9999093413352966,0.9987724423408508
158,2.634,3,LEFT_EYE_OUTER,0.5816479325294495,0.39723730087280273,-0.4094063937664032,0.9999009966850281,0.998813271522522
158,2.634,4,RIGHT_EYE_INNER,0.5553528666496277,0.39567771553993225,-0.41752538084983826,0.9998984932899475,0.9983927607536316
158,2.634,5,RIGHT_EYE,0.5489158630371094,0.39558205008506775,-0.41751548647880554,0.999877393245697,0.9981963038444519
158,2.634,6,RIGHT_EYE_OUTER,0.5423681139945984,0.39542534947395325,-0.4175698459148407,0.9998506307601929,0.9979959726333618
158,2.634,7,LEFT_EAR,0.5854688286781311,0.4021398425102234,-0.23953448235988617,0.9997314214706421,0.9990758895874023
158,2.634,8,RIGHT_EAR,0.5308016538619995,0.39934203028678894,-0.2781626880168915,0.9997349381446838,0.9977688789367676
158,2.634,9,MOUTH_LEFT,0.569510281085968,0.4145122468471527,-0.37154319882392883,0.9999725222587585,0.999792754650116
158,2.634,10,MOUTH_RIGHT,0.550778329372406,0.41349753737449646,-0.38257110118865967,0.9999679923057556,0.9996702671051025
158,2.634,11,LEFT_SHOULDER,0.6239393949508667,0.46231305599212646,-0.14455151557922363,0.9999879002571106,0.9999747276306152
158,2.634,12,RIGHT_SHOULDER,0.46890386939048767,0.45433202385902405,-0.17071963846683502,0.9999147653579712,0.9996551275253296
158,2.634,13,LEFT_ELBOW,0.6373280882835388,0.5246323347091675,-0.10954102128744125,0.9871586561203003,0.9999016523361206
158,2.634,14,RIGHT_ELBOW,0.43119075894355774,0.5146381258964539,-0.14984698593616486,0.9745851159095764,0.9990041851997375
158,2.634,15,LEFT_WRIST,0.6388016939163208,0.580485999584198,-0.3221040368080139,0.9912802577018738,0.9999463558197021
158,2.634,16,RIGHT_WRIST,0.43171554803848267,0.5689428448677063,-0.3103574514389038,0.9662632942199707,0.9989629983901978
158,2.634,17,LEFT_PINKY,0.6454091668128967,0.6005704998970032,-0.37747055292129517,0.9846360683441162,0.999842643737793
158,2.634,18,RIGHT_PINKY,0.42330363392829895,0.5886141657829285,-0.36122530698776245,0.9456839561462402,0.998505711555481
158,2.634,19,LEFT_INDEX,0.636203944683075,0.5994548797607422,-0.4287998080253601,0.9855313897132874,0.9998643398284912
158,2.634,20,RIGHT_INDEX,0.4337950050830841,0.5867722034454346,-0.40997323393821716,0.9472239017486572,0.9985989928245544
158,2.634,21,LEFT_THUMB,0.6306595802307129,0.5942943096160889,-0.34574663639068604,0.9811186194419861,0.9999195337295532
158,2.634,22,RIGHT_THUMB,0.44059470295906067,0.5804687142372131,-0.33249109983444214,0.9387343525886536,0.999000608921051
158,2.634,23,LEFT_HIP,0.577944815158844,0.5907453894615173,-0.0013946453109383583,0.9999386072158813,0.9999861717224121
158,2.634,24,RIGHT_HIP,0.4880251884460449,0.5891595482826233,0.0013410873943939805,0.9998600482940674,0.9999474287033081
158,2.634,25,LEFT_KNEE,0.5667166709899902,0.6778854727745056,-0.030948083847761154,0.9925076961517334,0.9999878406524658
158,2.634,26,RIGHT_KNEE,0.47602352499961853,0.6660653948783875,0.2471194863319397,0.9638317823410034,0.9998800754547119
158,2.634,27,LEFT_ANKLE,0.5644099712371826,0.7640180587768555,0.19527362287044525,0.9888709783554077,0.9995274543762207
158,2.634,28,RIGHT_ANKLE,0.49310940504074097,0.7099683284759521,0.762572705745697,0.9336987137794495,0.9996685981750488
158,2.634,29,LEFT_HEEL,0.5554608702659607,0.776455283164978,0.2054307609796524,0.8949291706085205,0.9989299178123474
158,2.634,30,RIGHT_HEEL,0.49993303418159485,0.7119666337966919,0.8076644539833069,0.7765481472015381,0.9995571970939636
158,2.634,31,LEFT_FOOT_INDEX,0.56586092710495,0.7919036746025085,-0.003515908494591713,0.9840707182884216,0.9935006499290466
158,2.634,32,RIGHT_FOOT_INDEX,0.4750365614891052,0.748836874961853,0.6800217032432556,0.9454906582832336,0.9986728429794312
159,2.651,0,NOSE,0.5641452670097351,0.40270480513572693,-0.4268922209739685,0.9999759197235107,0.9996470212936401
159,2.651,1,LEFT_EYE_INNER,0.5729430913925171,0.39591869711875916,-0.4003952145576477,0.9999099969863892,0.9990860223770142
159,2.651,2,LEFT_EYE,0.5783054232597351,0.3963436186313629,-0.4004209339618683,0.9999079704284668,0.9991546869277954
159,2.651,3,LEFT_EYE_OUTER,0.5831258893013,0.3966738283634186,-0.400371253490448,0.9999002814292908,0.9991804957389832
159,2.651,4,RIGHT_EYE_INNER,0.556322455406189,0.3949681222438812,-0.4077364206314087,0.9998958110809326,0.9988812804222107
159,2.651,5,RIGHT_EYE,0.549911379814148,0.39482250809669495,-0.40772390365600586,0.9998745918273926,0.9987331032752991
159,2.651,6,RIGHT_EYE_OUTER,0.543314516544342,0.3946547508239746,-0.40777215361595154,0.9998478889465332,0.9985664486885071
159,2.651,7,LEFT_EAR,0.5867428779602051,0.40155306458473206,-0.2341877818107605,0.9997285604476929,0.9993407130241394
159,2.651,8,RIGHT_EAR,0.5319017767906189,0.39830225706100464,-0.27035781741142273,0.9997333884239197,0.9983757734298706
159,2.651,9,MOUTH_LEFT,0.5704397559165955,0.4139954447746277,-0.36345571279525757,0.9999724626541138,0.999848484992981
159,2.651,10,MOUTH_RIGHT,0.5518093109130859,0.41278377175331116,-0.37365037202835083,0.9999678134918213,0.999765932559967
159,2.651,11,LEFT_SHOULDER,0.6248466372489929,0.46224308013916016,-0.14180423319339752,0.9999881982803345,0.9999810457229614
159,2.651,12,RIGHT_SHOULDER,0.4701966345310211,0.45377570390701294,-0.16402597725391388,0.9999150037765503,0.9997751116752625
159,2.651,13,LEFT_ELBOW,0.639170229434967,0.5243359208106995,-0.10574857145547867,0.9870818257331848,0.999919056892395
159,2.651,14,RIGHT_ELBOW,0.4310866892337799,0.5140315294265747,-0.13232441246509552,0.9749944806098938,0.9993033409118652
159,2.651,15,LEFT_WRIST,0.6396793127059937,0.5804070830345154,-0.3108687102794647,0.9913620948791504,0.9999521970748901
159,2.651,16,RIGHT_WRIST,0.4297542870044708,0.5686620473861694,-0.278156042098999,0.9668800830841064,0.9991521835327148
159,2.651,17,LEFT_PINKY,0.6461711525917053,0.6004266738891602,-0.3637028932571411,0.9848197102546692,0.9998461008071899
159,2.651,18,RIGHT_PINKY,0.42088547348976135,0.5883620977401733,-0.32728955149650574,0.946671724319458,0.998649537563324
159,2.651,19,LEFT_INDEX,0.6362879872322083,0.5992618799209595,-0.4130167067050934,0.9856727123260498,0.999872088432312
159,2.651,20,RIGHT_INDEX,0.4314950406551361,0.5867165327072144,-0.3816666007041931,0.9481979012489319,0.9987772107124329
159,2.651,21,LEFT_THUMB,0.6306445002555847,0.59386146068573,-0.333849161863327,0.9812874794006348,0.9999264478683472
159,2.651,22,RIGHT_THUMB,0.4383872151374817,0.5803861021995544,-0.30276843905448914,0.9399364590644836,0.9991587400436401
159,2.651,23,LEFT_HIP,0.5794798731803894,0.5917767882347107,-0.0004109587462153286,0.9999420046806335,0.9999817609786987
159,2.651,24,RIGHT_HIP,0.4887687861919403,0.5896173715591431,0.0003545931540429592,0.9998633861541748,0.9999415874481201
159,2.651,25,LEFT_KNEE,0.5684720873832703,0.6796498894691467,-0.0005092023056931794,0.9927972555160522,0.9999850988388062
159,2.651,26,RIGHT_KNEE,0.4754219353199005,0.665934145450592,0.23805798590183258,0.964989423751831,0.9998732805252075
159,2.651,27,LEFT_ANKLE,0.5646433234214783,0.766719400882721,0.21165601909160614,0.9892932772636414,0.9993392825126648
159,2.651,28,RIGHT_ANKLE,0.4921250641345978,0.7100024819374084,0.7133358716964722,0.9342643618583679,0.999539852142334
159,2.651,29,LEFT_HEEL,0.5554070472717285,0.7793427109718323,0.22087661921977997,0.8975576758384705,0.9984245300292969
159,2.651,30,RIGHT_HEEL,0.49926114082336426,0.7128931283950806,0.7531342506408691,0.7732824087142944,0.9993138313293457
159,2.651,31,LEFT_FOOT_INDEX,0.5658816695213318,0.7935734391212463,0.02358095347881317,0.9844796061515808,0.9894511103630066
159,2.651,32,RIGHT_FOOT_INDEX,0.4749585688114166,0.7493278980255127,0.6260353326797485,0.9456567168235779,0.9976353645324707
160,2.667,0,NOSE,0.5651363730430603,0.4022524654865265,-0.44407176971435547,0.999975323677063,0.999626874923706
160,2.667,1,LEFT_EYE_INNER,0.5736546516418457,0.39538758993148804,-0.41776520013809204,0.9999081492424011,0.999032735824585
160,2.667,2,LEFT_EYE,0.579054057598114,0.3957836925983429,-0.41778188943862915,0.9999063611030579,0.9990940093994141
160,2.667,3,LEFT_EYE_OUTER,0.5837042331695557,0.3961096704006195,-0.4177316725254059,0.9998990893363953,0.9991149306297302
160,2.667,4,RIGHT_EYE_INNER,0.5570699572563171,0.39450886845588684,-0.42501476407051086,0.9998928904533386,0.9988415837287903
160,2.667,5,RIGHT_EYE,0.5504688620567322,0.39439520239830017,-0.42500877380371094,0.9998720288276672,0.9986969828605652
160,2.667,6,RIGHT_EYE_OUTER,0.5436328053474426,0.3942579925060272,-0.4250595271587372,0.9998452663421631,0.9985271692276001
160,2.667,7,LEFT_EAR,0.5874919295310974,0.401050865650177,-0.24892611801624298,0.9997250437736511,0.9992677569389343
160,2.667,8,RIGHT_EAR,0.5318315625190735,0.3979754149913788,-0.2852824628353119,0.9997294545173645,0.9983348250389099
160,2.667,9,MOUTH_LEFT,0.5714598298072815,0.4135715365409851,-0.3792913556098938,0.9999721050262451,0.9998300075531006
160,2.667,10,MOUTH_RIGHT,0.5524962544441223,0.41253942251205444,-0.3895275592803955,0.9999671578407288,0.9997422099113464
160,2.667,11,LEFT_SHOULDER,0.6264730095863342,0.46221500635147095,-0.15168510377407074,0.9999883770942688,0.9999786615371704
160,2.667,12,RIGHT_SHOULDER,0.470610648393631,0.4534492790699005,-0.17120875418186188,0.9999144077301025,0.99977046251297
160,2.667,13,LEFT_ELBOW,0.6412519812583923,0.5240991711616516,-0.10158815234899521,0.9868924617767334,0.9999071359634399
160,2.667,14,RIGHT_ELBOW,0.43098706007003784,0.5139167308807373,-0.1317649781703949,0.9748110175132751,0.9992758631706238
160,2.667,15,LEFT_WRIST,0.6412822604179382,0.5805835127830505,-0.306031733751297,0.9912536144256592,0.9999411106109619
160,2.667,16,RIGHT_WRIST,0.428101122379303,0.568706750869751,-0.27296867966651917,0.9667209386825562,0.9990467429161072
160,2.667,17,LEFT_PINKY,0.6475420594215393,0.6005441546440125,-0.3579849898815155,0.9846648573875427,0.999822199344635
160,2.667,18,RIGHT_PINKY,0.4181404411792755,0.5884469151496887,-0.3226143419742584,0.9465440511703491,0.9985374212265015
160,2.667,19,LEFT_INDEX,0.6369622349739075,0.5992851853370667,-0.40467768907546997,0.9855033159255981,0.9998469352722168
160,2.667,20,RIGHT_INDEX,0.4290946125984192,0.5871574878692627,-0.37879830598831177,0.94810551404953,0.9986322522163391
160,2.667,21,LEFT_THUMB,0.6311538815498352,0.5938167572021484,-0.3277955651283264,0.9810998439788818,0.9999105930328369
160,2.667,22,RIGHT_THUMB,0.43614497780799866,0.5808936953544617,-0.29844123125076294,0.9399527907371521,0.9990401864051819
160,2.667,23,LEFT_HIP,0.5811366438865662,0.5923408269882202,-0.00030080522992648184,0.9999447464942932,0.9999785423278809
160,2.667,24,RIGHT_HIP,0.4893619120121002,0.5899797677993774,0.0002450939791742712,0.999865710735321,0.9999405145645142
160,2.667,25,LEFT_KNEE,0.5698864459991455,0.6800116896629333,0.027924196794629097,0.9930121898651123,0.999984622001648
160,2.667,26,RIGHT_KNEE,0.47514185309410095,0.6656593084335327,0.24383217096328735,0.9659642577171326,0.9998794794082642
160,2.667,27,LEFT_ANKLE,0.5646770596504211,0.7654678821563721,0.2622576951980591,0.9895655512809753,0.9994307160377502
160,2.667,28,RIGHT_ANKLE,0.4918525516986847,0.7104120254516602,0.7234431505203247,0.9356490969657898,0.9996167421340942
160,2.667,29,LEFT_HEEL,0.5553626418113708,0.7774087190628052,0.2744882106781006,0.8992291688919067,0.9987133741378784
160,2.667,30,RIGHT_HEEL,0.4991838335990906,0.7140728831291199,0.7637830376625061,0.7728983759880066,0.9994352459907532
160,2.667,31,LEFT_FOOT_INDEX,0.565895676612854,0.7924665808677673,0.07958003878593445,0.9847842454910278,0.9919015765190125
160,2.667,32,RIGHT_FOOT_INDEX,0.4729997217655182,0.7500702142715454,0.633179247379303,0.9465531706809998,0.9980688691139221
161,2.684,0,NOSE,0.5653267502784729,0.401660293340683,-0.43933963775634766,0.9999738335609436,0.9995131492614746
161,2.684,1,LEFT_EYE_INNER,0.5735692381858826,0.3947403132915497,-0.4127845764160156,0.9999029040336609,0.9987749457359314
161,2.684,2,LEFT_EYE,0.5790557265281677,0.39511042833328247,-0.4128097593784332,0.999901533126831,0.9988608360290527
161,2.684,3,LEFT_EYE_OUTER,0.5836886167526245,0.3954383134841919,-0.41276392340660095,0.9998945593833923,0.998897910118103
161,2.684,4,RIGHT_EYE_INNER,0.5571815967559814,0.3939269185066223,-0.41986924409866333,0.9998855590820312,0.9985069632530212
161,2.684,5,RIGHT_EYE,0.5506325960159302,0.3938361406326294,-0.4198596179485321,0.9998648166656494,0.9983168840408325
161,2.684,6,RIGHT_EYE_OUTER,0.5437971353530884,0.3937288224697113,-0.419906884431839,0.9998369216918945,0.9980930685997009
161,2.684,7,LEFT_EAR,0.5874897241592407,0.4004531800746918,-0.2458203285932541,0.9997132420539856,0.9990997314453125
161,2.684,8,RIGHT_EAR,0.5320127010345459,0.397518515586853,-0.28149232268333435,0.9997140765190125,0.9977802634239197
161,2.684,9,MOUTH_LEFT,0.5715879797935486,0.4130168855190277,-0.3756996989250183,0.9999704957008362,0.9997749924659729
161,2.684,10,MOUTH_RIGHT,0.5525756478309631,0.412031352519989,-0.38569438457489014,0.9999646544456482,0.9996459484100342
161,2.684,11,LEFT_SHOULDER,0.6265687942504883,0.46203580498695374,-0.15141430497169495,0.9999880790710449,0.9999709129333496
161,2.684,12,RIGHT_SHOULDER,0.4707668423652649,0.4532565474510193,-0.1703658252954483,0.9999105334281921,0.9996901750564575
161,2.684,13,LEFT_ELBOW,0.6435505151748657,0.5239765644073486,-0.10086719691753387,0.9865392446517944,0.99988853931427
161,2.684,14,RIGHT_ELBOW,0.43091389536857605,0.5138517618179321,-0.12902070581912994,0.9741960763931274,0.9991247057914734
161,2.684,15,LEFT_WRIST,0.6435956358909607,0.5804979801177979,-0.29266950488090515,0.9910740852355957,0.9999297857284546
161,2.684,16,RIGHT_WRIST,0.4264339506626129,0.568812370300293,-0.25878894329071045,0.9661092758178711,0.9988094568252563
161,2.684,17,LEFT_PINKY,0.6496020555496216,0.6005221605300903,-0.3431107699871063,0.9843577146530151,0.9997909665107727
161,2.684,18,RIGHT_PINKY,0.41515102982521057,0.5884738564491272,-0.3082020580768585,0.9458247423171997,0.9981902241706848
161,2.684,19,LEFT_INDEX,0.6384922862052917,0.5992134213447571,-0.39674627780914307,0.9851916432380676,0.999818742275238
161,2.684,20,RIGHT_INDEX,0.42637670040130615,0.5874960422515869,-0.3653785288333893,0.9474633932113647,0.9982690811157227
161,2.684,21,LEFT_THUMB,0.6324801445007324,0.5935844779014587,-0.3169345557689667,0.9807814359664917,0.9998927116394043
161,2.684,22,RIGHT_THUMB,0.4336909055709839,0.5813696980476379,-0.28522130846977234,0.9394744038581848,0.9987945556640625
161,2.684,23,LEFT_HIP,0.5817729830741882,0.5931825041770935,0.00024100263544823974,0.9999464154243469,0.9999722242355347
161,2.684,24,RIGHT_HIP,0.48976388573646545,0.5908327102661133,-0.00029870434082113206,0.9998668432235718,0.9999322891235352
161,2.684,25,LEFT_KNEE,0.5712364912033081,0.6806820631027222,0.050890274345874786,0.9931599497795105,0.9999803304672241
161,2.684,26,RIGHT_KNEE,0.4744094908237457,0.6659144163131714,0.237144336104393,0.9673194885253906,0.9998743534088135
161,2.684,27,LEFT_ANKLE,0.5646520256996155,0.7645413875579834,0.2970679998397827,0.9897741675376892,0.9994799494743347
161,2.684,28,RIGHT_ANKLE,0.4912678897380829,0.7109420299530029,0.6942429542541504,0.9380196332931519,0.999617338180542
161,2.684,29,LEFT_HEEL,0.5552833080291748,0.7762614488601685,0.31097814440727234,0.9018908739089966,0.9988548755645752
161,2.684,30,RIGHT_HEEL,0.49873611330986023,0.7145744562149048,0.7317745089530945,0.774937093257904,0.9994250535964966
161,2.684,31,LEFT_FOOT_INDEX,0.5661528706550598,0.7915880680084229,0.12341267615556717,0.985059916973114,0.9929360747337341
161,2.684,32,RIGHT_FOOT_INDEX,0.47235170006752014,0.7517778277397156,0.5984357595443726,0.947989821434021,0.997868537902832
162,2.701,0,NOSE,0.5651209354400635,0.40113404393196106,-0.4527773857116699,0.9999734163284302,0.9996832609176636
162,2.701,1,LEFT_EYE_INNER,0.5733669996261597,0.3941172957420349,-0.4260996878147125,0.9999017715454102,0.9992169141769409
162,2.701,2,LEFT_EYE,0.578907310962677,0.3944680392742157,-0.4261339008808136,0.9999008178710938,0.9992675185203552
162,2.701,3,LEFT_EYE_OUTER,0.5835533142089844,0.39479130506515503,-0.42609837651252747,0.9998942613601685,0.9992857575416565
162,2.701,4,RIGHT_EYE_INNER,0.5569090843200684,0.39335310459136963,-0.4321357309818268,0.9998825788497925,0.9990233182907104
162,2.701,5,RIGHT_EYE,0.5503708124160767,0.3932889401912689,-0.4321189522743225,0.999862015247345,0.9988662004470825
162,2.701,6,RIGHT_EYE_OUTER,0.5435537099838257,0.39317160844802856,-0.4321550130844116,0.9998337030410767,0.99868243932724
162,2.701,7,LEFT_EAR,0.5874649882316589,0.39962148666381836,-0.2551712989807129,0.999716579914093,0.9994137287139893
162,2.701,8,RIGHT_EAR,0.5319068431854248,0.39686793088912964,-0.28616300225257874,0.9997080564498901,0.9984188079833984
162,2.701,9,MOUTH_LEFT,0.5714362859725952,0.41248422861099243,-0.38696277141571045,0.9999701976776123,0.999839186668396
162,2.701,10,MOUTH_RIGHT,0.5524207949638367,0.4115622341632843,-0.3956409990787506,0.999963641166687,0.9997381567955017
162,2.701,11,LEFT_SHOULDER,0.6274363398551941,0.46170172095298767,-0.16058765351772308,0.9999884366989136,0.9999818801879883
162,2.701,12,RIGHT_SHOULDER,0.4715089797973633,0.45271387696266174,-0.16643697023391724,0.9999079704284668,0.9997370839118958
162,2.701,13,LEFT_ELBOW,0.6448044180870056,0.5237767696380615,-0.09931665658950806,0.9866086840629578,0.9999080896377563
162,2.701,14,RIGHT_ELBOW,0.4308401048183441,0.5137634873390198,-0.12074262648820877,0.9733387231826782,0.9992002844810486
162,2.701,15,LEFT_WRIST,0.6448811292648315,0.5805596709251404,-0.29040202498435974,0.991117537021637,0.9999430179595947
162,2.701,16,RIGHT_WRIST,0.42417261004447937,0.5688193440437317,-0.26083001494407654,0.9659206867218018,0.9989297986030579
162,2.701,17,LEFT_PINKY,0.6505756974220276,0.6002765893936157,-0.3421740233898163,0.9844427704811096,0.999821126461029
162,2.701,18,RIGHT_PINKY,0.41132327914237976,0.5883471369743347,-0.31046727299690247,0.945803701877594,0.99832683801651
162,2.701,19,LEFT_INDEX,0.6393794417381287,0.598996102809906,-0.39592406153678894,0.985258162021637,0.9998465776443481
162,2.701,20,RIGHT_INDEX,0.42313286662101746,0.5876003503799438,-0.3658015727996826,0.9475092887878418,0.9984250068664551
162,2.701,21,LEFT_THUMB,0.6333732604980469,0.5933656692504883,-0.31451117992401123,0.9808999300003052,0.9999121427536011
162,2.701,22,RIGHT_THUMB,0.4307065010070801,0.5815495252609253,-0.28677937388420105,0.9396997690200806,0.9988941550254822
162,2.701,23,LEFT_HIP,0.5829426050186157,0.5933308005332947,-0.0029921724926680326,0.9999486207962036,0.9999692440032959
162,2.701,24,RIGHT_HIP,0.49015334248542786,0.5910226702690125,0.002938841236755252,0.9998676776885986,0.9999145269393921
162,2.701,25,LEFT_KNEE,0.571774423122406,0.6813342571258545,0.04512258619070053,0.993142306804657,0.9999774694442749
162,2.701,26,RIGHT_KNEE,0.4744870364665985,0.6676628589630127,0.24913251399993896,0.9671889543533325,0.9998195767402649
162,2.701,27,LEFT_ANKLE,0.5652238130569458,0.7647841572761536,0.3066091537475586,0.9895465970039368,0.9992585778236389
162,2.701,28,RIGHT_ANKLE,0.49148356914520264,0.714617908000946,0.7128757834434509,0.9388538599014282,0.9995357990264893
162,2.701,29,LEFT_HEEL,0.5560715198516846,0.7761151194572449,0.32207515835762024,0.899488627910614,0.9983702301979065
162,2.701,30,RIGHT_HEEL,0.4994172155857086,0.7185481786727905,0.7513698935508728,0.7760723829269409,0.9992959499359131
162,2.701,31,LEFT_FOOT_INDEX,0.5660030841827393,0.7911480069160461,0.12780267000198364,0.9847458004951477,0.9909249544143677
162,2.701,32,RIGHT_FOOT_INDEX,0.47208014130592346,0.7562022805213928,0.6122695207595825,0.948438823223114,0.9975274205207825
163,2.717,0,NOSE,0.5646780729293823,0.40048959851264954,-0.44548726081848145,0.9999725222587585,0.999672532081604
163,2.717,1,LEFT_EYE_INNER,0.5729163289070129,0.3934013247489929,-0.4187180995941162,0.9998981356620789,0.9991559982299805
163,2.717,2,LEFT_EYE,0.5784563422203064,0.39376798272132874,-0.41875261068344116,0.9998977184295654,0.999207079410553
163,2.717,3,LEFT_EYE_OUTER,0.5832623243331909,0.3941485583782196,-0.41871070861816406,0.9998911619186401,0.9992183446884155
163,2.717,4,RIGHT_EYE_INNER,0.5564687848091125,0.39259129762649536,-0.42423734068870544,0.9998763203620911,0.9989683628082275
163,2.717,5,RIGHT_EYE,0.549924373626709,0.39251580834388733,-0.4242168068885803,0.9998562932014465,0.9988184571266174
163,2.717,6,RIGHT_EYE_OUTER,0.5430374145507812,0.392386257648468,-0.42424604296684265,0.9998270273208618,0.9986311793327332
163,2.717,7,LEFT_EAR,0.5873363614082336,0.3991508185863495,-0.24972133338451385,0.9997132420539856,0.9993219375610352
163,2.717,8,RIGHT_EAR,0.5318648815155029,0.3961411714553833,-0.27913543581962585,0.9996914267539978,0.9983282685279846
163,2.717,9,MOUTH_LEFT,0.5710031986236572,0.41186216473579407,-0.38070404529571533,0.9999681711196899,0.9998027682304382
163,2.717,10,MOUTH_RIGHT,0.5518687963485718,0.41102802753448486,-0.38868623971939087,0.9999603033065796,0.9996927976608276
163,2.717,11,LEFT_SHOULDER,0.6280373930931091,0.4613337218761444,-0.15827594697475433,0.9999881982803345,0.9999693632125854
163,2.717,12,RIGHT_SHOULDER,0.47161704301834106,0.4525046944618225,-0.16515304148197174,0.9999037384986877,0.9997121691703796
163,2.717,13,LEFT_ELBOW,0.6455722451210022,0.5237095952033997,-0.0974305123090744,0.9865503311157227,0.9998782873153687
163,2.717,14,RIGHT_ELBOW,0.43079033493995667,0.513677716255188,-0.10852910578250885,0.972017765045166,0.9992179870605469
163,2.717,15,LEFT_WRIST,0.6464157104492188,0.5804170966148376,-0.28659921884536743,0.9911001324653625,0.9999262094497681
163,2.717,16,RIGHT_WRIST,0.42195743322372437,0.5688473582267761,-0.25168895721435547,0.9651584029197693,0.9988572597503662
163,2.717,17,LEFT_PINKY,0.6524133086204529,0.6000211238861084,-0.3387388586997986,0.9843732714653015,0.9997848868370056
163,2.717,18,RIGHT_PINKY,0.4074225127696991,0.5882359743118286,-0.3034113645553589,0.944908082485199,0.9982523322105408
163,2.717,19,LEFT_INDEX,0.6412505507469177,0.598732054233551,-0.3957529067993164,0.9851812124252319,0.9998142123222351
163,2.717,20,RIGHT_INDEX,0.41853874921798706,0.5876258611679077,-0.36021944880485535,0.9467450976371765,0.9983533620834351
163,2.717,21,LEFT_THUMB,0.6349879503250122,0.5930752158164978,-0.3120642900466919,0.9808905720710754,0.9998888969421387
163,2.717,22,RIGHT_THUMB,0.42748603224754333,0.5816585421562195,-0.27913039922714233,0.9392109513282776,0.9988456964492798
163,2.717,23,LEFT_HIP,0.5830057859420776,0.5937049984931946,-0.003786531975492835,0.9999490976333618,0.9999450445175171
163,2.717,24,RIGHT_HIP,0.49042755365371704,0.5911596417427063,0.003716422477737069,0.9998689889907837,0.9998974800109863
163,2.717,25,LEFT_KNEE,0.5721516609191895,0.6812013983726501,0.07494699209928513,0.9931484460830688,0.9999743700027466
163,2.717,26,RIGHT_KNEE,0.4745500981807709,0.667828381061554,0.2481507509946823,0.9686414003372192,0.9998747110366821
163,2.717,27,LEFT_ANKLE,0.5653931498527527,0.7631701231002808,0.3738877475261688,0.989550769329071,0.9994812607765198
163,2.717,28,RIGHT_ANKLE,0.4923451244831085,0.7209092378616333,0.7000455260276794,0.942307710647583,0.9996678829193115
163,2.717,29,LEFT_HEEL,0.5562286376953125,0.775386393070221,0.3931356370449066,0.8996543884277344,0.9989118576049805
163,2.717,30,RIGHT_HEEL,0.5008692741394043,0.7261150479316711,0.7364925742149353,0.7842631340026855,0.9994592070579529
163,2.717,31,LEFT_FOOT_INDEX,0.566084086894989,0.7898008227348328,0.20832252502441406,0.9847798943519592,0.9938275218009949
163,2.717,32,RIGHT_FOOT_INDEX,0.47208720445632935,0.7616885304450989,0.5824732780456543,0.9508346319198608,0.9975764155387878
164,2.734,0,NOSE,0.5655872821807861,0.39990881085395813,-0.47817525267601013,0.9999722838401794,0.9997286200523376
164,2.734,1,LEFT_EYE_INNER,0.5735081434249878,0.392755389213562,-0.4512597322463989,0.9998971819877625,0.9993163347244263
164,2.734,2,LEFT_EYE,0.5789854526519775,0.393121600151062,-0.451285183429718,0.9998971819877625,0.9993601441383362
164,2.734,3,LEFT_EYE_OUTER,0.5837516784667969,0.3935145437717438,-0.4512512683868408,0.9998906254768372,0.9993700385093689
164,2.734,4,RIGHT_EYE_INNER,0.5570462942123413,0.3919353783130646,-0.45821571350097656,0.9998746514320374,0.9991512298583984
164,2.734,5,RIGHT_EYE,0.5504308342933655,0.3918472230434418,-0.45818832516670227,0.9998550415039062,0.9990193843841553
164,2.734,6,RIGHT_EYE_OUTER,0.5433573126792908,0.39171770215034485,-0.458210825920105,0.9998248815536499,0.9988526105880737
164,2.734,7,LEFT_EAR,0.58730149269104,0.3984138071537018,-0.2770852744579315,0.9997158050537109,0.9994574189186096
164,2.734,8,RIGHT_EAR,0.5319091081619263,0.39552581310272217,-0.3125586211681366,0.9996894598007202,0.9985328912734985
164,2.734,9,MOUTH_LEFT,0.5715088248252869,0.41120341420173645,-0.4109318256378174,0.9999674558639526,0.9998329877853394
164,2.734,10,MOUTH_RIGHT,0.5523993372917175,0.41043657064437866,-0.42087408900260925,0.9999589920043945,0.9997308850288391
164,2.734,11,LEFT_SHOULDER,0.628778874874115,0.4607989490032196,-0.17538070678710938,0.9999883770942688,0.9999793767929077
164,2.734,12,RIGHT_SHOULDER,0.47199180722236633,0.45220136642456055,-0.1863946169614792,0.9999028444290161,0.9997492432594299
164,2.734,13,LEFT_ELBOW,0.6467406749725342,0.5231295824050903,-0.09587960690259933,0.9867657423019409,0.9999160766601562
164,2.734,14,RIGHT_ELBOW,0.4307502210140228,0.5136454105377197,-0.10929559171199799,0.9721630215644836,0.9992972612380981
164,2.734,15,LEFT_WRIST,0.6475950479507446,0.5801191926002502,-0.2743719816207886,0.991277277469635,0.9999490976333618
164,2.734,16,RIGHT_WRIST,0.41958001255989075,0.5692365169525146,-0.24543648958206177,0.96556556224823,0.9989739656448364
164,2.734,17,LEFT_PINKY,0.6537535786628723,0.5996963381767273,-0.32523584365844727,0.9845626950263977,0.9998438358306885
164,2.734,18,RIGHT_PINKY,0.40364640951156616,0.5884314179420471,-0.29545480012893677,0.9454255104064941,0.9983781576156616
164,2.734,19,LEFT_INDEX,0.6428622603416443,0.5984503626823425,-0.384213924407959,0.9853618741035461,0.999864935874939
164,2.734,20,RIGHT_INDEX,0.4144202768802643,0.5881767868995667,-0.3546317219734192,0.9472990036010742,0.9984696507453918
164,2.734,21,LEFT_THUMB,0.6364977359771729,0.5928915143013,-0.3002818524837494,0.9811684489250183,0.999921441078186
164,2.734,22,RIGHT_THUMB,0.4243628978729248,0.5824733972549438,-0.27331623435020447,0.9399946928024292,0.9989579916000366
164,2.734,23,LEFT_HIP,0.5838860273361206,0.5931357741355896,-0.0036641659680753946,0.9999498724937439,0.9999443292617798
164,2.734,24,RIGHT_HIP,0.4909009039402008,0.5908278226852417,0.0036016665399074554,0.9998695850372314,0.9998863935470581
164,2.734,25,LEFT_KNEE,0.5731213092803955,0.6806715130805969,0.0806998461484909,0.9930432438850403,0.9999676942825317
164,2.734,26,RIGHT_KNEE,0.47456297278404236,0.6676988005638123,0.24190698564052582,0.969460129737854,0.9998272061347961
164,2.734,27,LEFT_ANKLE,0.5654456615447998,0.7631795406341553,0.3649955093860626,0.9891870021820068,0.9992885589599609
164,2.734,28,RIGHT_ANKLE,0.4924919307231903,0.7247685194015503,0.6886518597602844,0.9439979791641235,0.9995023012161255
164,2.734,29,LEFT_HEEL,0.5561832189559937,0.7755500674247742,0.3826708197593689,0.8998271822929382,0.9984742999076843
164,2.734,30,RIGHT_HEEL,0.5009101033210754,0.7301583886146545,0.7249578237533569,0.787563681602478,0.9992017149925232
164,2.734,31,LEFT_FOOT_INDEX,0.5665571689605713,0.7887132167816162,0.19443796575069427,0.9842928647994995,0.9913622736930847
164,2.734,32,RIGHT_FOOT_INDEX,0.4721001386642456,0.7657026052474976,0.5754161477088928,0.9514185190200806,0.9968528151512146
165,2.751,0,NOSE,0.5649352073669434,0.39940646290779114,-0.4609465003013611,0.9999712109565735,0.9996539354324341
165,2.751,1,LEFT_EYE_INNER,0.5728392601013184,0.3921154737472534,-0.4344659447669983,0.9998921751976013,0.9991145730018616
165,2.751,2,LEFT_EYE,0.5782806873321533,0.3924734890460968,-0.4344943165779114,0.9998925924301147,0.9991662502288818
165,2.751,3,LEFT_EYE_OUTER,0.5832421779632568,0.39294424653053284,-0.43445831537246704,0.9998855590820312,0.999177873134613
165,2.751,4,RIGHT_EYE_INNER,0.5564051866531372,0.39128053188323975,-0.44190001487731934,0.9998684525489807,0.9989774227142334
165,2.751,5,RIGHT_EYE,0.549800455570221,0.39121124148368835,-0.44187629222869873,0.9998499155044556,0.9988719820976257
165,2.751,6,RIGHT_EYE_OUTER,0.5427266955375671,0.39112189412117004,-0.44190478324890137,0.9998195171356201,0.9987320303916931
165,2.751,7,LEFT_EAR,0.587237536907196,0.3981283903121948,-0.2669692635536194,0.9997079372406006,0.9992972612380981
165,2.751,8,RIGHT_EAR,0.5314552783966064,0.3953620195388794,-0.30871906876564026,0.9996799230575562,0.9985502362251282
165,2.751,9,MOUTH_LEFT,0.5710425972938538,0.41078636050224304,-0.3963148295879364,0.9999653100967407,0.9998133778572083
165,2.751,10,MOUTH_RIGHT,0.5518051981925964,0.4101225733757019,-0.40690454840660095,0.9999563694000244,0.9997323155403137
165,2.751,11,LEFT_SHOULDER,0.6296654939651489,0.46011584997177124,-0.17455369234085083,0.9999876022338867,0.9999616146087646
165,2.751,12,RIGHT_SHOULDER,0.47220537066459656,0.45209071040153503,-0.18539221584796906,0.9999023079872131,0.9997774958610535
165,2.751,13,LEFT_ELBOW,0.6467281579971313,0.5230929851531982,-0.07363250851631165,0.9861411452293396,0.9998548030853271
165,2.751,14,RIGHT_ELBOW,0.4307481646537781,0.5137201547622681,-0.0985601469874382,0.9717690944671631,0.9993056058883667
165,2.751,15,LEFT_WRIST,0.6487404704093933,0.5799003839492798,-0.23925453424453735,0.9907385110855103,0.9998953342437744
165,2.751,16,RIGHT_WRIST,0.4175643026828766,0.5697810053825378,-0.22388800978660583,0.9642831087112427,0.9988151788711548
165,2.751,17,LEFT_PINKY,0.654699981212616,0.5994355082511902,-0.28636234998703003,0.9836335778236389,0.9997289776802063
165,2.751,18,RIGHT_PINKY,0.4014744460582733,0.588714599609375,-0.2717509865760803,0.943534791469574,0.9982331991195679
165,2.751,19,LEFT_INDEX,0.6441296339035034,0.598196268081665,-0.34388992190361023,0.9844793081283569,0.9997561573982239
165,2.751,20,RIGHT_INDEX,0.41152533888816833,0.5887321829795837,-0.32964348793029785,0.9455847144126892,0.9982873797416687
165,2.751,21,LEFT_THUMB,0.637825071811676,0.5926748514175415,-0.26493576169013977,0.9801974892616272,0.9998464584350586
165,2.751,22,RIGHT_THUMB,0.42190220952033997,0.5832002758979797,-0.2514357566833496,0.9384774565696716,0.9987971782684326
165,2.751,23,LEFT_HIP,0.5842394828796387,0.5935450196266174,-0.0022785391192883253,0.9999481439590454,0.9999306201934814
165,2.751,24,RIGHT_HIP,0.4911699593067169,0.591111958026886,0.0022025764919817448,0.9998688101768494,0.9998934268951416
165,2.751,25,LEFT_KNEE,0.5738936066627502,0.681616485118866,0.0758424773812294,0.9930508136749268,0.9999666213989258
165,2.751,26,RIGHT_KNEE,0.4754401743412018,0.6691703200340271,0.18727020919322968,0.9712717533111572,0.9998784065246582
165,2.751,27,LEFT_ANKLE,0.5657564997673035,0.7637689113616943,0.36801764369010925,0.9892443418502808,0.99950110912323
165,2.751,28,RIGHT_ANKLE,0.4929966628551483,0.7326661944389343,0.5867375731468201,0.9474682807922363,0.9996032118797302
165,2.751,29,LEFT_HEEL,0.5561439990997314,0.7746933698654175,0.386886864900589,0.9014952182769775,0.9989897608757019
165,2.751,30,RIGHT_HEEL,0.5011505484580994,0.7386304140090942,0.6178191900253296,0.7945569753646851,0.999354898929596
165,2.751,31,LEFT_FOOT_INDEX,0.5671403408050537,0.7909533977508545,0.20300258696079254,0.9844038486480713,0.9939451813697815
165,2.751,32,RIGHT_FOOT_INDEX,0.4727983772754669,0.7723785638809204,0.45968401432037354,0.953807532787323,0.9969346523284912
166,2.767,0,NOSE,0.5643747448921204,0.3991643488407135,-0.44946494698524475,0.9999709725379944,0.9997316002845764
166,2.767,1,LEFT_EYE_INNER,0.5723699331283569,0.39185836911201477,-0.42262211441993713,0.9998903274536133,0.9992677569389343
166,2.767,2,LEFT_EYE,0.5777294039726257,0.39218634366989136,-0.4226709008216858,0.9998912811279297,0.9993188381195068
166,2.767,3,LEFT_EYE_OUTER,0.5827910900115967,0.3926313519477844,-0.4226439297199249,0.9998841881752014,0.9993329644203186
166,2.767,4,RIGHT_EYE_INNER,0.5558888912200928,0.39103028178215027,-0.4255019724369049,0.999864935874939,0.9991005659103394
166,2.767,5,RIGHT_EYE,0.5492846369743347,0.390930712223053,-0.4254637360572815,0.999847412109375,0.9989750385284424
166,2.767,6,RIGHT_EYE_OUTER,0.5422483086585999,0.39083704352378845,-0.42547526955604553,0.9998168349266052,0.9988147020339966
166,2.767,7,LEFT_EAR,0.5871232748031616,0.39770904183387756,-0.25312143564224243,0.9997100830078125,0.999432384967804
166,2.767,8,RIGHT_EAR,0.5311317443847656,0.39504268765449524,-0.27374306321144104,0.9996734857559204,0.9985598921775818
166,2.767,9,MOUTH_LEFT,0.570680558681488,0.41051948070526123,-0.3841654062271118,0.9999641180038452,0.9998477697372437
166,2.767,10,MOUTH_RIGHT,0.5513657331466675,0.4099532663822174,-0.3891601860523224,0.9999542832374573,0.999761164188385
166,2.767,11,LEFT_SHOULDER,0.6304838061332703,0.45982563495635986,-0.16372212767601013,0.9999875426292419,0.9999719858169556
166,2.767,12,RIGHT_SHOULDER,0.4727660119533539,0.4518781006336212,-0.15316659212112427,0.9999030232429504,0.9997977614402771
166,2.767,13,LEFT_ELBOW,0.6474543809890747,0.5230638980865479,-0.06244881823658943,0.9862269759178162,0.999896764755249
166,2.767,14,RIGHT_ELBOW,0.43074434995651245,0.5137310028076172,-0.06622640043497086,0.9715176820755005,0.9994702935218811
166,2.767,15,LEFT_WRIST,0.6498907208442688,0.5797759294509888,-0.22743934392929077,0.9908323884010315,0.9999345541000366
166,2.767,16,RIGHT_WRIST,0.4158496856689453,0.5701525211334229,-0.18808932602405548,0.964073121547699,0.999115526676178
166,2.767,17,LEFT_PINKY,0.6560366153717041,0.5992450714111328,-0.2758314609527588,0.9837137460708618,0.9998106360435486
166,2.767,18,RIGHT_PINKY,0.3996121287345886,0.5888915657997131,-0.23538127541542053,0.9432198405265808,0.9985826015472412
166,2.767,19,LEFT_INDEX,0.6456802487373352,0.5980720520019531,-0.33224090933799744,0.9845577478408813,0.9998348951339722
166,2.767,20,RIGHT_INDEX,0.4091155529022217,0.5892095565795898,-0.2939716875553131,0.9453845620155334,0.9986482262611389
166,2.767,21,LEFT_THUMB,0.6392716765403748,0.5926066040992737,-0.25273820757865906,0.9803572297096252,0.9999003410339355
166,2.767,22,RIGHT_THUMB,0.419699490070343,0.5838606953620911,-0.21618187427520752,0.9386017918586731,0.9990782737731934
166,2.767,23,LEFT_HIP,0.5842489004135132,0.5932245254516602,-0.0022965397220104933,0.9999467134475708,0.9999022483825684
166,2.767,24,RIGHT_HIP,0.49114713072776794,0.5909178853034973,0.002223189454525709,0.9998701810836792,0.9998589754104614
166,2.767,25,LEFT_KNEE,0.5740326046943665,0.6817452311515808,0.08382151275873184,0.9928863644599915,0.9999586343765259
166,2.767,26,RIGHT_KNEE,0.4767741560935974,0.672001302242279,0.151463121175766,0.9728718400001526,0.9998674392700195
166,2.767,27,LEFT_ANKLE,0.5657494068145752,0.7638835310935974,0.4101230800151825,0.9890119433403015,0.9995250701904297
166,2.767,28,RIGHT_ANKLE,0.4936373233795166,0.7427037954330444,0.525104284286499,0.9507661461830139,0.9995844960212708
166,2.767,29,LEFT_HEEL,0.5560069680213928,0.7742525935173035,0.4329829812049866,0.901298999786377,0.9990535378456116
166,2.767,30,RIGHT_HEEL,0.5015419721603394,0.7496930956840515,0.5537591576576233,0.8019493818283081,0.9992836117744446
166,2.767,31,LEFT_FOOT_INDEX,0.5670450925827026,0.7916924953460693,0.2580244243144989,0.9841450452804565,0.9945648908615112
166,2.767,32,RIGHT_FOOT_INDEX,0.47366949915885925,0.781424343585968,0.3932310938835144,0.9560369253158569,0.9962288737297058
167,2.784,0,NOSE,0.5640464425086975,0.39918261766433716,-0.4278176426887512,0.9999703764915466,0.9996986389160156
167,2.784,1,LEFT_EYE_INNER,0.5721816420555115,0.39167726039886475,-0.40085554122924805,0.999886691570282,0.9991798996925354
167,2.784,2,LEFT_EYE,0.577329695224762,0.3919948935508728,-0.40091538429260254,0.9998882412910461,0.9992178678512573
167,2.784,3,LEFT_EYE_OUTER,0.5824764966964722,0.39241287112236023,-0.4008976221084595,0.9998806118965149,0.9992192983627319
167,2.784,4,RIGHT_EYE_INNER,0.5555238127708435,0.390866219997406,-0.40295159816741943,0.9998608231544495,0.9990826845169067
167,2.784,5,RIGHT_EYE,0.5488550066947937,0.39077773690223694,-0.4029175341129303,0.9998442530632019,0.998984158039093
167,2.784,6,RIGHT_EYE_OUTER,0.5418512225151062,0.39072635769844055,-0.4029354751110077,0.9998136162757874,0.998863935470581
167,2.784,7,LEFT_EAR,0.587039589881897,0.39755356311798096,-0.23300303518772125,0.9997103214263916,0.9993354678153992
167,2.784,8,RIGHT_EAR,0.5308205485343933,0.3951234221458435,-0.2484179139137268,0.9996684193611145,0.9987205266952515
167,2.784,9,MOUTH_LEFT,0.570586621761322,0.41055017709732056,-0.36301761865615845,0.9999624490737915,0.9998375177383423
167,2.784,10,MOUTH_RIGHT,0.551005482673645,0.41002359986305237,-0.36668869853019714,0.999951958656311,0.9997770190238953
167,2.784,11,LEFT_SHOULDER,0.6307356953620911,0.45960602164268494,-0.14880555868148804,0.9999871850013733,0.9999622106552124
167,2.784,12,RIGHT_SHOULDER,0.4725152254104614,0.4518742561340332,-0.12988311052322388,0.9999043345451355,0.999843955039978
167,2.784,13,LEFT_ELBOW,0.647666335105896,0.5229834318161011,-0.05677797272801399,0.986215353012085,0.9998565912246704
167,2.784,14,RIGHT_ELBOW,0.4307125210762024,0.5139033794403076,-0.05139927566051483,0.971051037311554,0.999530553817749
167,2.784,15,LEFT_WRIST,0.6502068638801575,0.5796242952346802,-0.2203056663274765,0.9907662868499756,0.9999089241027832
167,2.784,16,RIGHT_WRIST,0.4136534333229065,0.5706927180290222,-0.17305484414100647,0.9638451337814331,0.9991613626480103
167,2.784,17,LEFT_PINKY,0.6568921208381653,0.5992016196250916,-0.268190860748291,0.9835591316223145,0.9997568726539612
167,2.784,18,RIGHT_PINKY,0.3974149525165558,0.5893884301185608,-0.21808333694934845,0.9428277015686035,0.9986335635185242
167,2.784,19,LEFT_INDEX,0.6464855670928955,0.598027229309082,-0.3234618008136749,0.9844138026237488,0.9997881054878235
167,2.784,20,RIGHT_INDEX,0.4066678285598755,0.5897925496101379,-0.27677345275878906,0.945121705532074,0.9987069368362427
167,2.784,21,LEFT_THUMB,0.6399116516113281,0.5924876928329468,-0.24523335695266724,0.9802384376525879,0.9998695850372314
167,2.784,22,RIGHT_THUMB,0.41725969314575195,0.5845008492469788,-0.20096643269062042,0.9386643171310425,0.9991115927696228
167,2.784,23,LEFT_HIP,0.5838443040847778,0.5929855108261108,-0.004392845556139946,0.9999420046806335,0.9998302459716797
167,2.784,24,RIGHT_HIP,0.49104398488998413,0.5908058285713196,0.004297191742807627,0.999869167804718,0.9998360872268677
167,2.784,25,LEFT_KNEE,0.5740357637405396,0.682192862033844,0.08316949009895325,0.9928452372550964,0.9999510049819946
167,2.784,26,RIGHT_KNEE,0.47814568877220154,0.6735929846763611,0.13692326843738556,0.9743369221687317,0.9998886585235596
167,2.784,27,LEFT_ANKLE,0.5655137300491333,0.7640050053596497,0.39318424463272095,0.9889400005340576,0.9995061159133911
167,2.784,28,RIGHT_ANKLE,0.49408355355262756,0.751814603805542,0.4793492555618286,0.9540451765060425,0.9996670484542847
167,2.784,29,LEFT_HEEL,0.5553904175758362,0.7739735841751099,0.4135129749774933,0.8999150395393372,0.9990366697311401
167,2.784,30,RIGHT_HEEL,0.5020071864128113,0.7592259049415588,0.5040746927261353,0.8107818961143494,0.9993682503700256
167,2.784,31,LEFT_FOOT_INDEX,0.5670533776283264,0.7927347421646118,0.2372140884399414,0.9840484857559204,0.9946349859237671
167,2.784,32,RIGHT_FOOT_INDEX,0.473587304353714,0.7892242074012756,0.34268859028816223,0.9584082365036011,0.9964542388916016
168,2.801,0,NOSE,0.5636664032936096,0.3992147445678711,-0.411501407623291,0.9999693632125854,0.9995872378349304
168,2.801,1,LEFT_EYE_INNER,0.5718225836753845,0.3916705846786499,-0.38503363728523254,0.9998805522918701,0.9988250136375427
168,2.801,2,LEFT_EYE,0.5769244432449341,0.39199286699295044,-0.38509830832481384,0.9998829364776611,0.9988722205162048
168,2.801,3,LEFT_EYE_OUTER,0.5820841789245605,0.3924165666103363,-0.3850789964199066,0.9998752474784851,0.9988662004470825
168,2.801,4,RIGHT_EYE_INNER,0.5551697611808777,0.39082032442092896,-0.3865600526332855,0.9998553395271301,0.9987291693687439
168,2.801,5,RIGHT_EYE,0.5485228300094604,0.390716016292572,-0.38653936982154846,0.9998390078544617,0.9986063838005066
168,2.801,6,RIGHT_EYE_OUTER,0.5415389537811279,0.3906589448451996,-0.38657984137535095,0.9998087286949158,0.9984788298606873
168,2.801,7,LEFT_EAR,0.5867187976837158,0.39758384227752686,-0.21899935603141785,0.9997046589851379,0.9989863038063049
168,2.801,8,RIGHT_EAR,0.5305758118629456,0.39517271518707275,-0.23058511316776276,0.9996541738510132,0.9982934594154358
168,2.801,9,MOUTH_LEFT,0.570240318775177,0.41055721044540405,-0.34741032123565674,0.9999591112136841,0.9997726082801819
168,2.801,10,MOUTH_RIGHT,0.550795316696167,0.41005939245224,-0.350228875875473,0.999947726726532,0.9997033476829529
168,2.801,11,LEFT_SHOULDER,0.6310402750968933,0.4593769609928131,-0.1385767012834549,0.9999859929084778,0.9999371767044067
168,2.801,12,RIGHT_SHOULDER,0.47230783104896545,0.45187798142433167,-0.1127738356590271,0.9999045133590698,0.999819815158844
168,2.801,13,LEFT_ELBOW,0.64775550365448,0.5227517485618591,-0.05882102996110916,0.9861854314804077,0.9998162388801575
168,2.801,14,RIGHT_ELBOW,0.43068572878837585,0.5140951871871948,-0.03493395447731018,0.9703476428985596,0.9995624423027039
168,2.801,15,LEFT_WRIST,0.6504824161529541,0.5795047283172607,-0.22451336681842804,0.9906125068664551,0.999894380569458
168,2.801,16,RIGHT_WRIST,0.4123130142688751,0.5712001919746399,-0.15317519009113312,0.9632598161697388,0.9991720914840698
168,2.801,17,LEFT_PINKY,0.6570541262626648,0.598680853843689,-0.2720448672771454,0.9832350015640259,0.9997355341911316
168,2.801,18,RIGHT_PINKY,0.3965900242328644,0.5899036526679993,-0.1965591311454773,0.9418805241584778,0.9986497759819031
168,2.801,19,LEFT_INDEX,0.6471356153488159,0.5973747968673706,-0.32700321078300476,0.9841060638427734,0.9997707009315491
168,2.801,20,RIGHT_INDEX,0.4050493836402893,0.5904445648193359,-0.25479578971862793,0.9443802833557129,0.9986982345581055
168,2.801,21,LEFT_THUMB,0.6406669020652771,0.5918055772781372,-0.24913343787193298,0.9798781871795654,0.9998546838760376
168,2.801,22,RIGHT_THUMB,0.41540202498435974,0.5852463245391846,-0.180716872215271,0.9381702542304993,0.9991044402122498
168,2.801,23,LEFT_HIP,0.5838050842285156,0.5928090214729309,-0.006108177360147238,0.9999266266822815,0.9997072815895081
168,2.801,24,RIGHT_HIP,0.4909931421279907,0.5907754302024841,0.005992697086185217,0.9998619556427002,0.9997766613960266
168,2.801,25,LEFT_KNEE,0.5739480257034302,0.6830397248268127,0.09842444956302643,0.9927176237106323,0.9999281167984009
168,2.801,26,RIGHT_KNEE,0.48024609684944153,0.6758769750595093,0.11667607724666595,0.9757946133613586,0.9998842477798462
168,2.801,27,LEFT_ANKLE,0.5654574632644653,0.7643473148345947,0.3871494233608246,0.9887712597846985,0.9994903802871704
168,2.801,28,RIGHT_ANKLE,0.4944588541984558,0.7613903880119324,0.41299551725387573,0.9572271108627319,0.9996496438980103
168,2.801,29,LEFT_HEEL,0.5551260709762573,0.7741313576698303,0.40508952736854553,0.8973314166069031,0.9990372657775879
168,2.801,30,RIGHT_HEEL,0.5027526021003723,0.770289421081543,0.4322988986968994,0.8185268640518188,0.9992840886116028
168,2.801,31,LEFT_FOOT_INDEX,0.5670585036277771,0.792497992515564,0.22703196108341217,0.9838919043540955,0.9952853322029114
168,2.801,32,RIGHT_FOOT_INDEX,0.473809152841568,0.796659529209137,0.26203128695487976,0.9606867432594299,0.9961451292037964
169,2.817,0,NOSE,0.5633752942085266,0.39919957518577576,-0.3901670277118683,0.9999678730964661,0.9993717074394226
169,2.817,1,LEFT_EYE_INNER,0.5715226531028748,0.3916098475456238,-0.36330646276474,0.999872624874115,0.9981702566146851
169,2.817,2,LEFT_EYE,0.5766116976737976,0.39192312955856323,-0.3633735477924347,0.9998757839202881,0.9982142448425293
169,2.817,3,LEFT_EYE_OUTER,0.5817481279373169,0.3923349678516388,-0.3633435070514679,0.9998677968978882,0.9981790781021118
169,2.817,4,RIGHT_EYE_INNER,0.5549144148826599,0.3907809257507324,-0.36550337076187134,0.9998502731323242,0.9981365203857422
169,2.817,5,RIGHT_EYE,0.5483515858650208,0.39068499207496643,-0.36550313234329224,0.9998339414596558,0.9980113506317139
169,2.817,6,RIGHT_EYE_OUTER,0.5413804054260254,0.3906460404396057,-0.36556482315063477,0.999804675579071,0.9979006052017212
169,2.817,7,LEFT_EAR,0.5864045023918152,0.3975563645362854,-0.19866205751895905,0.9996976256370544,0.9983633160591125
169,2.817,8,RIGHT_EAR,0.5303446054458618,0.3952421545982361,-0.21155081689357758,0.9996415376663208,0.9978018403053284
169,2.817,9,MOUTH_LEFT,0.5699775218963623,0.41054651141166687,-0.32705947756767273,0.9999547600746155,0.9996542930603027
169,2.817,10,MOUTH_RIGHT,0.5506638288497925,0.41009706258773804,-0.33051127195358276,0.999943196773529,0.9995898604393005
169,2.817,11,LEFT_SHOULDER,0.6311527490615845,0.4591851532459259,-0.12262865900993347,0.999983549118042,0.9998787641525269
169,2.817,12,RIGHT_SHOULDER,0.47220760583877563,0.4520009160041809,-0.09413758665323257,0.9999038577079773,0.9997969269752502
169,2.817,13,LEFT_ELBOW,0.6478977203369141,0.5225993990898132,-0.058290012180805206,0.9862242341041565,0.9996664524078369
169,2.817,14,RIGHT_ELBOW,0.43059584498405457,0.5145640969276428,-0.018658030778169632,0.9694554805755615,0.999450147151947
169,2.817,15,LEFT_WRIST,0.6509602069854736,0.5793658494949341,-0.22702458500862122,0.9903797507286072,0.999799907207489
169,2.817,16,RIGHT_WRIST,0.4109823703765869,0.57192462682724,-0.13995593786239624,0.9623823165893555,0.9987504482269287
169,2.817,17,LEFT_PINKY,0.6573501825332642,0.5984057188034058,-0.2744213044643402,0.9827776551246643,0.9995255470275879
169,2.817,18,RIGHT_PINKY,0.3953382968902588,0.5907657146453857,-0.18188054859638214,0.9404336214065552,0.997933030128479
169,2.817,19,LEFT_INDEX,0.6477230787277222,0.596972644329071,-0.3290642201900482,0.9836714863777161,0.99959796667099
169,2.817,20,RIGHT_INDEX,0.4032996892929077,0.5914361476898193,-0.24057035148143768,0.94319748878479,0.9980216026306152
169,2.817,21,LEFT_THUMB,0.6413048505783081,0.5913311243057251,-0.2515079081058502,0.9793329834938049,0.9997414946556091
169,2.817,22,RIGHT_THUMB,0.4133637249469757,0.5864037275314331,-0.1675470918416977,0.9372317790985107,0.9986434578895569
169,2.817,23,LEFT_HIP,0.5842421650886536,0.592637836933136,-0.00830365251749754,0.9998879432678223,0.9992745518684387
169,2.817,24,RIGHT_HIP,0.49112018942832947,0.591113805770874,0.00821642391383648,0.9998454451560974,0.9996315240859985
169,2.817,25,LEFT_KNEE,0.5740596055984497,0.6834543347358704,0.08987677842378616,0.9925693273544312,0.9998364448547363
169,2.817,26,RIGHT_KNEE,0.48174089193344116,0.6786611676216125,0.07727370411157608,0.9770761132240295,0.999825656414032
169,2.817,27,LEFT_ANKLE,0.5654979348182678,0.7650745511054993,0.35025519132614136,0.9884742498397827,0.9990530610084534
169,2.817,28,RIGHT_ANKLE,0.49518725275993347,0.7681760191917419,0.32329297065734863,0.9601163864135742,0.9993708729743958
169,2.817,29,LEFT_HEEL,0.5551115274429321,0.7756093740463257,0.3647591471672058,0.8932560086250305,0.9982706308364868
169,2.817,30,RIGHT_HEEL,0.5040605068206787,0.7794521450996399,0.33599206805229187,0.8253437876701355,0.9985920786857605
169,2.817,31,LEFT_FOOT_INDEX,0.5670703053474426,0.7921731472015381,0.18338602781295776,0.9834999442100525,0.9925703406333923
169,2.817,32,RIGHT_FOOT_INDEX,0.47326821088790894,0.8018238544464111,0.15546976029872894,0.9626203775405884,0.9929115176200867
170,2.834,0,NOSE,0.5631154179573059,0.39898958802223206,-0.36277711391448975,0.9999656677246094,0.9992949962615967
170,2.834,1,LEFT_EYE_INNER,0.5712862610816956,0.39141449332237244,-0.3342320919036865,0.9998605847358704,0.997895359992981
170,2.834,2,LEFT_EYE,0.5763751864433289,0.3917168378829956,-0.3343069851398468,0.999864399433136,0.9979262351989746
170,2.834,3,LEFT_EYE_OUTER,0.5814623236656189,0.39212921261787415,-0.33427414298057556,0.9998554587364197,0.99787437915802
170,2.834,4,RIGHT_EYE_INNER,0.5547129511833191,0.390607625246048,-0.3375172019004822,0.9998422861099243,0.997957706451416
170,2.834,5,RIGHT_EYE,0.5481630563735962,0.39053261280059814,-0.3375227749347687,0.9998252391815186,0.9978682994842529
170,2.834,6,RIGHT_EYE_OUTER,0.5412460565567017,0.39050161838531494,-0.3376045823097229,0.9997974038124084,0.9978153705596924
170,2.834,7,LEFT_EAR,0.5860758423805237,0.3974124789237976,-0.16901977360248566,0.9996803998947144,0.9980981945991516
170,2.834,8,RIGHT_EAR,0.5302016735076904,0.39518144726753235,-0.18593229353427887,0.9996191263198853,0.9978499412536621
170,2.834,9,MOUTH_LEFT,0.5697326064109802,0.4103313088417053,-0.30029577016830444,0.9999477863311768,0.9996247291564941
170,2.834,10,MOUTH_RIGHT,0.5504701733589172,0.40994179248809814,-0.30505725741386414,0.999936580657959,0.9995830655097961
170,2.834,11,LEFT_SHOULDER,0.6308495998382568,0.4590049982070923,-0.09886228293180466,0.9999797344207764,0.999826967716217
170,2.834,12,RIGHT_SHOULDER,0.47208017110824585,0.4522791802883148,-0.07544772326946259,0.9999035000801086,0.9998362064361572
170,2.834,13,LEFT_ELBOW,0.64813232421875,0.5225133895874023,-0.05587025359272957,0.9858019351959229,0.999528169631958
170,2.834,14,RIGHT_ELBOW,0.4305773079395294,0.515252411365509,-0.010085471905767918,0.9685066342353821,0.9995054006576538
170,2.834,15,LEFT_WRIST,0.6513993144035339,0.5792158842086792,-0.2320956587791443,0.9900082945823669,0.999778687953949
170,2.834,16,RIGHT_WRIST,0.41002902388572693,0.5725708603858948,-0.13779883086681366,0.9615871906280518,0.998759388923645
170,2.834,17,LEFT_PINKY,0.6581466794013977,0.5980275869369507,-0.28040263056755066,0.982170820236206,0.999509334564209
170,2.834,18,RIGHT_PINKY,0.39496707916259766,0.5914512872695923,-0.18112866580486298,0.9391817450523376,0.9979379773139954
170,2.834,19,LEFT_INDEX,0.6481696367263794,0.596354067325592,-0.3344258964061737,0.9830716252326965,0.9995900988578796
170,2.834,20,RIGHT_INDEX,0.4028480648994446,0.5920987725257874,-0.23998427391052246,0.9422102570533752,0.9980189800262451
170,2.834,21,LEFT_THUMB,0.6416722536087036,0.590637743473053,-0.2564585506916046,0.978548526763916,0.9997294545173645
170,2.834,22,RIGHT_THUMB,0.41263502836227417,0.5869938135147095,-0.16562922298908234,0.9364503026008606,0.9986482262611389
170,2.834,23,LEFT_HIP,0.5844650268554688,0.5929232239723206,-0.009580555371940136,0.9998497366905212,0.9992896318435669
170,2.834,24,RIGHT_HIP,0.49152418971061707,0.5920094847679138,0.009522992186248302,0.9998416900634766,0.9997872710227966
170,2.834,25,LEFT_KNEE,0.5739983320236206,0.6846879720687866,0.10193130373954773,0.9921768307685852,0.9998100399971008
170,2.834,26,RIGHT_KNEE,0.48474475741386414,0.6810265779495239,0.029875854030251503,0.9781222343444824,0.999889612197876
170,2.834,27,LEFT_ANKLE,0.5655051469802856,0.765705406665802,0.3767021894454956,0.9876915812492371,0.9991348385810852
170,2.834,28,RIGHT_ANKLE,0.4962926208972931,0.7725335955619812,0.2527378499507904,0.9627227187156677,0.9994933605194092
170,2.834,29,LEFT_HEEL,0.5551484227180481,0.7766886949539185,0.3925108313560486,0.8863264322280884,0.9984903335571289
170,2.834,30,RIGHT_HEEL,0.5068486928939819,0.7853706479072571,0.2623233497142792,0.8312896490097046,0.9987421631813049
170,2.834,31,LEFT_FOOT_INDEX,0.5675709843635559,0.7924429178237915,0.21540522575378418,0.982625424861908,0.9944447875022888
170,2.834,32,RIGHT_FOOT_INDEX,0.4717477262020111,0.8081798553466797,0.07150691002607346,0.9644414782524109,0.9936118721961975
171,2.851,0,NOSE,0.5630888342857361,0.39899322390556335,-0.3522396385669708,0.9999642968177795,0.9993595480918884
171,2.851,1,LEFT_EYE_INNER,0.5712209939956665,0.3913632929325104,-0.3242952525615692,0.9998508095741272,0.9978792667388916
171,2.851,2,LEFT_EYE,0.5763391256332397,0.39164429903030396,-0.3243753910064697,0.9998546242713928,0.9979269504547119
171,2.851,3,LEFT_EYE_OUTER,0.5813037157058716,0.3920401334762573,-0.32434937357902527,0.9998441338539124,0.9978686571121216
171,2.851,4,RIGHT_EYE_INNER,0.5544796586036682,0.39059701561927795,-0.32663968205451965,0.9998365640640259,0.997940719127655
171,2.851,5,RIGHT_EYE,0.5477660298347473,0.3905392289161682,-0.3266461491584778,0.9998182654380798,0.9978485107421875
171,2.851,6,RIGHT_EYE_OUTER,0.5408007502555847,0.3905232846736908,-0.32674869894981384,0.9997919201850891,0.9978085160255432
171,2.851,7,LEFT_EAR,0.5858170986175537,0.3973289132118225,-0.15936419367790222,0.999665379524231,0.9980625510215759
171,2.851,8,RIGHT_EAR,0.5299790501594543,0.39521855115890503,-0.17240862548351288,0.9995948672294617,0.9978926777839661
171,2.851,9,MOUTH_LEFT,0.5695677995681763,0.41031891107559204,-0.2895684540271759,0.999940812587738,0.9996386766433716
171,2.851,10,MOUTH_RIGHT,0.5502106547355652,0.40997299551963806,-0.2932969331741333,0.9999303817749023,0.9996023774147034
171,2.851,11,LEFT_SHOULDER,0.6308571696281433,0.4588780701160431,-0.08647818863391876,0.9999763369560242,0.9998151659965515
171,2.851,12,RIGHT_SHOULDER,0.4719398319721222,0.4525517225265503,-0.05975426733493805,0.9999051094055176,0.9998607635498047
171,2.851,13,LEFT_ELBOW,0.6487998962402344,0.5225020051002502,-0.0494866669178009,0.9857607483863831,0.9995285272598267
171,2.851,14,RIGHT_ELBOW,0.4305613040924072,0.5163384675979614,0.0069629130885005,0.9675232768058777,0.999502420425415
171,2.851,15,LEFT_WRIST,0.652072548866272,0.5791226029396057,-0.23405314981937408,0.989951491355896,0.9997866749763489
171,2.851,16,RIGHT_WRIST,0.4091067314147949,0.5733994841575623,-0.12747353315353394,0.9608064293861389,0.9986081719398499
171,2.851,17,LEFT_PINKY,0.658622145652771,0.5980066061019897,-0.2830573320388794,0.9820458889007568,0.9995033740997314
171,2.851,18,RIGHT_PINKY,0.3945066034793854,0.5923150181770325,-0.1692090481519699,0.9382079243659973,0.997670590877533
171,2.851,19,LEFT_INDEX,0.6483340263366699,0.5962698459625244,-0.33710283041000366,0.9829367995262146,0.9995911717414856
171,2.851,20,RIGHT_INDEX,0.4021584987640381,0.5931028723716736,-0.2292233407497406,0.9415035247802734,0.9977633953094482
171,2.851,21,LEFT_THUMB,0.6419323682785034,0.5906035900115967,-0.25835224986076355,0.9783456325531006,0.9997332692146301
171,2.851,22,RIGHT_THUMB,0.4116702675819397,0.5879746675491333,-0.15516385436058044,0.9358271360397339,0.9984773993492126
171,2.851,23,LEFT_HIP,0.5847558975219727,0.5934285521507263,-0.010773095302283764,0.9997894763946533,0.9991441965103149
171,2.851,24,RIGHT_HIP,0.4917234182357788,0.593066394329071,0.010762723162770271,0.999839723110199,0.9998223185539246
171,2.851,25,LEFT_KNEE,0.5739434957504272,0.6856858134269714,0.09815514832735062,0.9904660582542419,0.999524712562561
171,2.851,26,RIGHT_KNEE,0.48649081587791443,0.6846185922622681,-0.024600740522146225,0.9780594110488892,0.9998304843902588
171,2.851,27,LEFT_ANKLE,0.5655597448348999,0.7653835415840149,0.3991544246673584,0.9837891459465027,0.9978698492050171
171,2.851,28,RIGHT_ANKLE,0.49679988622665405,0.7802252173423767,0.15826964378356934,0.96379554271698,0.9987686276435852
171,2.851,29,LEFT_HEEL,0.5553163886070251,0.7764573693275452,0.4186490774154663,0.870615541934967,0.99665367603302
171,2.851,30,RIGHT_HEEL,0.5082760453224182,0.7935642600059509,0.16312596201896667,0.8317989110946655,0.9967468976974487
171,2.851,31,LEFT_FOOT_INDEX,0.5683873891830444,0.7922953367233276,0.25149300694465637,0.978401243686676,0.9903876185417175
171,2.851,32,RIGHT_FOOT_INDEX,0.4692865014076233,0.8156688213348389,-0.03805181011557579,0.9640541076660156,0.9838480353355408
172,2.867,0,NOSE,0.5629544854164124,0.39903751015663147,-0.3354588747024536,0.9999631643295288,0.9995290040969849
172,2.867,1,LEFT_EYE_INNER,0.5710815191268921,0.391394704580307,-0.30746981501579285,0.9998417496681213,0.9982739686965942
172,2.867,2,LEFT_EYE,0.5761100649833679,0.39167675375938416,-0.30753567814826965,0.999844491481781,0.9982538819313049
172,2.867,3,LEFT_EYE_OUTER,0.5812646150588989,0.3920753598213196,-0.3074948191642761,0.9998325705528259,0.9981379508972168
172,2.867,4,RIGHT_EYE_INNER,0.5541388392448425,0.3906455934047699,-0.3098420202732086,0.9998343586921692,0.9984732270240784
172,2.867,5,RIGHT_EYE,0.5472767949104309,0.39059776067733765,-0.3098403215408325,0.9998145699501038,0.9984493255615234
172,2.867,6,RIGHT_EYE_OUTER,0.5402035713195801,0.39059093594551086,-0.30994734168052673,0.9997910261154175,0.9984679818153381
172,2.867,7,LEFT_EAR,0.5856625437736511,0.39735957980155945,-0.14358024299144745,0.9996445775032043,0.9982193112373352
172,2.867,8,RIGHT_EAR,0.5295426249504089,0.39525699615478516,-0.15791885554790497,0.9995761513710022,0.9986170530319214
172,2.867,9,MOUTH_LEFT,0.5694679617881775,0.4103444218635559,-0.2732923626899719,0.999930202960968,0.999686598777771
172,2.867,10,MOUTH_RIGHT,0.5497499704360962,0.4099956750869751,-0.27729612588882446,0.9999231100082397,0.9997034668922424
172,2.867,11,LEFT_SHOULDER,0.6307111978530884,0.4588690400123596,-0.07261612266302109,0.9999711513519287,0.999762237071991
172,2.867,12,RIGHT_SHOULDER,0.4717675447463989,0.4527614414691925,-0.047970179468393326,0.999908447265625,0.9999175071716309
172,2.867,13,LEFT_ELBOW,0.6491758227348328,0.5224385857582092,-0.039748676121234894,0.9854839444160461,0.9994924068450928
172,2.867,14,RIGHT_ELBOW,0.43032702803611755,0.516930341720581,0.013345456682145596,0.966271698474884,0.9996360540390015
172,2.867,15,LEFT_WRIST,0.6524367332458496,0.5790421366691589,-0.2214040756225586,0.9898106455802917,0.999784529209137
172,2.867,16,RIGHT_WRIST,0.4077845811843872,0.5745579600334167,-0.12061747908592224,0.9597295522689819,0.9987930059432983
172,2.867,17,LEFT_PINKY,0.6590357422828674,0.5979211330413818,-0.26858994364738464,0.9817315340042114,0.9995094537734985
172,2.867,18,RIGHT_PINKY,0.39347952604293823,0.5937955379486084,-0.16007982194423676,0.9366198182106018,0.9979206919670105
172,2.867,19,LEFT_INDEX,0.6486473083496094,0.5962060689926147,-0.3227970004081726,0.9826274514198303,0.9996160268783569
172,2.867,20,RIGHT_INDEX,0.4012296497821808,0.5946968793869019,-0.21914811432361603,0.9402243494987488,0.9980656504631042
172,2.867,21,LEFT_THUMB,0.6422953009605408,0.5905506610870361,-0.2453063726425171,0.9778693914413452,0.9997441172599792
172,2.867,22,RIGHT_THUMB,0.4106180667877197,0.5895494818687439,-0.14744174480438232,0.9345568418502808,0.9987051486968994
172,2.867,23,LEFT_HIP,0.5852769613265991,0.5934764742851257,-0.01103761326521635,0.9997105002403259,0.9991188645362854
172,2.867,24,RIGHT_HIP,0.4920237362384796,0.5934470295906067,0.0110498471185565,0.9998423457145691,0.9998979568481445
172,2.867,25,LEFT_KNEE,0.5734896659851074,0.6858628988265991,0.1050451397895813,0.9874192476272583,0.9994483590126038
172,2.867,26,RIGHT_KNEE,0.48771825432777405,0.6876465082168579,-0.07482049614191055,0.9771142601966858,0.999891996383667
172,2.867,27,LEFT_ANKLE,0.5638731718063354,0.7652429342269897,0.39377152919769287,0.9759430885314941,0.9980216026306152
172,2.867,28,RIGHT_ANKLE,0.49678993225097656,0.7873057723045349,0.0471445769071579,0.9638959765434265,0.9989424347877502
172,2.867,29,LEFT_HEEL,0.5543391704559326,0.7762295603752136,0.4118291437625885,0.8464944362640381,0.9969678521156311
172,2.867,30,RIGHT_HEEL,0.5091938376426697,0.8016212582588196,0.04457072913646698,0.8270861506462097,0.9969235062599182
172,2.867,31,LEFT_FOOT_INDEX,0.5683877468109131,0.7919987440109253,0.2506498694419861,0.9711795449256897,0.9923635721206665
172,2.867,32,RIGHT_FOOT_INDEX,0.46441885828971863,0.8223617076873779,-0.16333496570587158,0.962522566318512,0.9852479696273804
173,2.884,0,NOSE,0.5620205998420715,0.3990592360496521,-0.3393208086490631,0.9999628067016602,0.9996398687362671
173,2.884,1,LEFT_EYE_INNER,0.5703161358833313,0.3914276957511902,-0.3118025064468384,0.9998379945755005,0.998584508895874
173,2.884,2,LEFT_EYE,0.5749754309654236,0.39170077443122864,-0.31184881925582886,0.999839186668396,0.9985767602920532
173,2.884,3,LEFT_EYE_OUTER,0.5804433226585388,0.39209064841270447,-0.31178614497184753,0.9998250603675842,0.9984850287437439
173,2.884,4,RIGHT_EYE_INNER,0.5528891086578369,0.39067965745925903,-0.3142012357711792,0.999836802482605,0.9987760186195374
173,2.884,5,RIGHT_EYE,0.5456774234771729,0.39062467217445374,-0.3141898512840271,0.9998169541358948,0.9987959861755371
173,2.884,6,RIGHT_EYE_OUTER,0.538702130317688,0.39060649275779724,-0.3142913281917572,0.9997960329055786,0.9988476037979126
173,2.884,7,LEFT_EAR,0.5855307579040527,0.3973766565322876,-0.1457805037498474,0.9996212720870972,0.9985703229904175
173,2.884,8,RIGHT_EAR,0.5285117030143738,0.3955504596233368,-0.16142508387565613,0.9995763897895813,0.9990817308425903
173,2.884,9,MOUTH_LEFT,0.569241464138031,0.41039979457855225,-0.27643686532974243,0.9999228715896606,0.9997805953025818
173,2.884,10,MOUTH_RIGHT,0.5487332344055176,0.41012316942214966,-0.28073200583457947,0.999920666217804,0.9998070597648621
173,2.884,11,LEFT_SHOULDER,0.6310153603553772,0.45898211002349854,-0.06295609474182129,0.9999651312828064,0.9997816681861877
173,2.884,12,RIGHT_SHOULDER,0.4712718427181244,0.45339784026145935,-0.05752106010913849,0.999914288520813,0.9999624490737915
173,2.884,13,LEFT_ELBOW,0.6492720246315002,0.5224008560180664,-0.028453268110752106,0.9843076467514038,0.9995342493057251
173,2.884,14,RIGHT_ELBOW,0.429962694644928,0.5180957317352295,-0.003658965928480029,0.9661204218864441,0.999744713306427
173,2.884,15,LEFT_WRIST,0.6528183221817017,0.5789674520492554,-0.21154823899269104,0.989077627658844,0.999782145023346
173,2.884,16,RIGHT_WRIST,0.4062366485595703,0.5762962698936462,-0.13844187557697296,0.9587365984916687,0.9990838766098022
173,2.884,17,LEFT_PINKY,0.6593948006629944,0.5978406071662903,-0.2578973174095154,0.9803839921951294,0.9995825886726379
173,2.884,18,RIGHT_PINKY,0.3925603926181793,0.5957958102226257,-0.1788015216588974,0.9351037740707397,0.9985709190368652
173,2.884,19,LEFT_INDEX,0.6492551565170288,0.5961498618125916,-0.31223952770233154,0.9813544750213623,0.9996626377105713
173,2.884,20,RIGHT_INDEX,0.3995097875595093,0.5966804027557373,-0.23720531165599823,0.9389911890029907,0.9986491799354553
173,2.884,21,LEFT_THUMB,0.6429912447929382,0.5905054807662964,-0.23563241958618164,0.9761702418327332,0.9997583031654358
173,2.884,22,RIGHT_THUMB,0.40885117650032043,0.5917665362358093,-0.16493885219097137,0.9330341815948486,0.9990899562835693
173,2.884,23,LEFT_HIP,0.5859018564224243,0.5944483876228333,-0.0072950744070112705,0.9996680021286011,0.9995458722114563
173,2.884,24,RIGHT_HIP,0.49249663949012756,0.5948469042778015,0.007326511200517416,0.999852180480957,0.9999608993530273
173,2.884,25,LEFT_KNEE,0.5734068155288696,0.6865753531455994,0.16520442068576813,0.985595166683197,0.9997448325157166
173,2.884,26,RIGHT_KNEE,0.48910945653915405,0.6904578804969788,-0.1267894059419632,0.9779820442199707,0.9999618530273438
173,2.884,27,LEFT_ANKLE,0.5620118379592896,0.7653526663780212,0.4781453013420105,0.9718191623687744,0.9991025924682617
173,2.884,28,RIGHT_ANKLE,0.49566248059272766,0.7936384081840515,-0.04455086216330528,0.9655062556266785,0.9994269609451294
173,2.884,29,LEFT_HEEL,0.5516557693481445,0.7768791317939758,0.4991203546524048,0.8369117975234985,0.9985920786857605
173,2.884,30,RIGHT_HEEL,0.5091210603713989,0.8088070154190063,-0.051026757806539536,0.8226666450500488,0.9982995390892029
173,2.884,31,LEFT_FOOT_INDEX,0.5699608325958252,0.7920171618461609,0.3413276970386505,0.9676613211631775,0.996212363243103
173,2.884,32,RIGHT_FOOT_INDEX,0.462325781583786,0.8281306624412537,-0.2762630581855774,0.9630566835403442,0.9904666543006897
174,2.901,0,NOSE,0.5611612200737,0.3991103172302246,-0.32708919048309326,0.9999631643295288,0.9997715353965759
174,2.901,1,LEFT_EYE_INNER,0.5697080492973328,0.3914623260498047,-0.29850754141807556,0.9998373985290527,0.9990792274475098
174,2.901,2,LEFT_EYE,0.5742927193641663,0.3917329013347626,-0.2985594570636749,0.9998378157615662,0.99907386302948
174,2.901,3,LEFT_EYE_OUTER,0.5799270868301392,0.3921166956424713,-0.2984865605831146,0.9998217821121216,0.9990059733390808
174,2.901,4,RIGHT_EYE_INNER,0.5517783164978027,0.390694260597229,-0.30174973607063293,0.999841034412384,0.9991655349731445
174,2.901,5,RIGHT_EYE,0.5442872047424316,0.3906440734863281,-0.3017262816429138,0.9998215436935425,0.9991530179977417
174,2.901,6,RIGHT_EYE_OUTER,0.5373119711875916,0.3906446695327759,-0.3018416166305542,0.9998026490211487,0.999175488948822
174,2.901,7,LEFT_EAR,0.5853479504585266,0.39740294218063354,-0.13098829984664917,0.9996082186698914,0.9990623593330383
174,2.901,8,RIGHT_EAR,0.5273963212966919,0.39566105604171753,-0.15158461034297943,0.9995794892311096,0.9993163347244263
174,2.901,9,MOUTH_LEFT,0.5689438581466675,0.41048064827919006,-0.263814240694046,0.9999167323112488,0.9998393058776855
174,2.901,10,MOUTH_RIGHT,0.5477454662322998,0.41028326749801636,-0.2694961726665497,0.9999189972877502,0.999855637550354
174,2.901,11,LEFT_SHOULDER,0.6310585737228394,0.45915356278419495,-0.050604455173015594,0.9999605417251587,0.9998205304145813
174,2.901,12,RIGHT_SHOULDER,0.470636785030365,0.45393526554107666,-0.050853412598371506,0.9999196529388428,0.9999666213989258
174,2.901,13,LEFT_ELBOW,0.6499894261360168,0.5223827958106995,-0.016985958442091942,0.9833420515060425,0.9995819926261902
174,2.901,14,RIGHT_ELBOW,0.4292333126068115,0.519166886806488,-0.00105898710899055,0.9649839997291565,0.9997273087501526
174,2.901,15,LEFT_WRIST,0.6536478400230408,0.5793026089668274,-0.19241105020046234,0.9885826706886292,0.9998249411582947
174,2.901,16,RIGHT_WRIST,0.4055148959159851,0.577803909778595,-0.1395627111196518,0.9576948285102844,0.9990783929824829
174,2.901,17,LEFT_PINKY,0.659956693649292,0.5981295108795166,-0.23702123761177063,0.9795194268226624,0.9996455907821655
174,2.901,18,RIGHT_PINKY,0.3918839395046234,0.5979346632957458,-0.17987564206123352,0.9336715936660767,0.9985733032226562
174,2.901,19,LEFT_INDEX,0.649791955947876,0.5962648391723633,-0.28948020935058594,0.9805862903594971,0.9997223019599915
174,2.901,20,RIGHT_INDEX,0.39864665269851685,0.5988392233848572,-0.2375262826681137,0.9378001093864441,0.9986833930015564
174,2.901,21,LEFT_THUMB,0.6436991095542908,0.5906257033348083,-0.21542955935001373,0.97493976354599,0.9998063445091248
174,2.901,22,RIGHT_THUMB,0.40824440121650696,0.5936205387115479,-0.16572672128677368,0.9314916133880615,0.9991231560707092
174,2.901,23,LEFT_HIP,0.5865329504013062,0.5961815118789673,-0.005605812184512615,0.9996280074119568,0.999548614025116
174,2.901,24,RIGHT_HIP,0.493144690990448,0.59703129529953,0.005650626961141825,0.9998616576194763,0.9999654293060303
174,2.901,25,LEFT_KNEE,0.5735950469970703,0.6880549788475037,0.1858043670654297,0.9830140471458435,0.9997090697288513
174,2.901,26,RIGHT_KNEE,0.48967376351356506,0.6939046382904053,-0.17624646425247192,0.9781925678253174,0.9999682903289795
174,2.901,27,LEFT_ANKLE,0.5615021586418152,0.7661960124969482,0.5011075735092163,0.9643596410751343,0.9991486072540283
174,2.901,28,RIGHT_ANKLE,0.49329105019569397,0.7983773946762085,-0.11108667403459549,0.9667163491249084,0.9995219707489014
174,2.901,29,LEFT_HEEL,0.5508587956428528,0.7771391272544861,0.5225688219070435,0.8232384920120239,0.9987234473228455
174,2.901,30,RIGHT_HEEL,0.5090234875679016,0.8151566386222839,-0.1197323128581047,0.8141753077507019,0.9985430240631104
174,2.901,31,LEFT_FOOT_INDEX,0.5699697136878967,0.7921745181083679,0.36866235733032227,0.9622917771339417,0.9968048334121704
174,2.901,32,RIGHT_FOOT_INDEX,0.4598568081855774,0.8290030360221863,-0.35158130526542664,0.963236391544342,0.9923362135887146
175,2.917,0,NOSE,0.55821293592453,0.3995353579521179,-0.32229188084602356,0.9999635815620422,0.9997149109840393
175,2.917,1,LEFT_EYE_INNER,0.5680843591690063,0.3916199803352356,-0.2948347330093384,0.9998376965522766,0.9988576173782349
175,2.917,2,LEFT_EYE,0.5724629163742065,0.39192384481430054,-0.2948738932609558,0.9998370409011841,0.9988719820976257
175,2.917,3,LEFT_EYE_OUTER,0.5778481364250183,0.39231982827186584,-0.2947978377342224,0.9998205304145813,0.9988093376159668
175,2.917,4,RIGHT_EYE_INNER,0.5491909980773926,0.39091765880584717,-0.2967013418674469,0.9998449683189392,0.9989342093467712
175,2.917,5,RIGHT_EYE,0.5414020419120789,0.3909038007259369,-0.29668182134628296,0.9998257756233215,0.998931348323822
175,2.917,6,RIGHT_EYE_OUTER,0.5350359082221985,0.3909457325935364,-0.29677289724349976,0.999808669090271,0.9989367127418518
175,2.917,7,LEFT_EAR,0.584601879119873,0.39774131774902344,-0.13170768320560455,0.9996014833450317,0.9988608360290527
175,2.917,8,RIGHT_EAR,0.525662362575531,0.39617910981178284,-0.14619013667106628,0.9995834231376648,0.9990770816802979
175,2.917,9,MOUTH_LEFT,0.5674675703048706,0.4111083745956421,-0.26093190908432007,0.9999133348464966,0.9998179078102112
175,2.917,10,MOUTH_RIGHT,0.5448419451713562,0.4110279083251953,-0.2648250460624695,0.9999182224273682,0.9998236298561096
175,2.917,11,LEFT_SHOULDER,0.6308497190475464,0.45942527055740356,-0.05249189957976341,0.9999570846557617,0.999835729598999
175,2.917,12,RIGHT_SHOULDER,0.46983182430267334,0.4548349678516388,-0.04864219203591347,0.9999236464500427,0.9999518394470215
175,2.917,13,LEFT_ELBOW,0.6508145928382874,0.5227347612380981,-0.014294307678937912,0.9830979108810425,0.9996681213378906
175,2.917,14,RIGHT_ELBOW,0.4286041259765625,0.5205694437026978,0.0019096290925517678,0.9647334218025208,0.9997490048408508
175,2.917,15,LEFT_WRIST,0.6540438532829285,0.5796543955802917,-0.1853780895471573,0.9884356260299683,0.9998527765274048
175,2.917,16,RIGHT_WRIST,0.4045678675174713,0.5796862840652466,-0.12966376543045044,0.9561802744865417,0.999122679233551
175,2.917,17,LEFT_PINKY,0.6603658199310303,0.5984166264533997,-0.2305096536874771,0.9791209697723389,0.9996798038482666
175,2.917,18,RIGHT_PINKY,0.39102575182914734,0.600182294845581,-0.1689738631248474,0.9315664768218994,0.9985566735267639
175,2.917,19,LEFT_INDEX,0.6500049233436584,0.5965569615364075,-0.28328830003738403,0.9801934957504272,0.9997478127479553
175,2.917,20,RIGHT_INDEX,0.3979417383670807,0.6009126901626587,-0.22760190069675446,0.9359608292579651,0.9986552000045776
175,2.917,21,LEFT_THUMB,0.643812894821167,0.5909633040428162,-0.20842218399047852,0.9744330644607544,0.9998252987861633
175,2.917,22,RIGHT_THUMB,0.40764254331588745,0.5953279137611389,-0.15620572865009308,0.9295739531517029,0.9991002082824707
175,2.917,23,LEFT_HIP,0.5872844457626343,0.5974802374839783,-0.004144740756601095,0.999606728553772,0.999599039554596
175,2.917,24,RIGHT_HIP,0.49352338910102844,0.5985967516899109,0.004215822089463472,0.9998689889907837,0.9999563694000244
175,2.917,25,LEFT_KNEE,0.5744155049324036,0.6883642673492432,0.1698051393032074,0.9819062352180481,0.9997962117195129
175,2.917,26,RIGHT_KNEE,0.48970770835876465,0.694790780544281,-0.12103819847106934,0.9790764451026917,0.9999598264694214
175,2.917,27,LEFT_ANKLE,0.5615254044532776,0.7668487429618835,0.46367454528808594,0.9629882574081421,0.999138593673706
175,2.917,28,RIGHT_ANKLE,0.4908048212528229,0.798953652381897,-0.027246421203017235,0.9681907296180725,0.9993473887443542
175,2.917,29,LEFT_HEEL,0.5507458448410034,0.7784478068351746,0.48249733448028564,0.8203455209732056,0.9985681772232056
175,2.917,30,RIGHT_HEEL,0.5075231790542603,0.8133485913276672,-0.03231026232242584,0.8161637187004089,0.9980837106704712
175,2.917,31,LEFT_FOOT_INDEX,0.5723758339881897,0.7951128482818604,0.32294654846191406,0.9603949785232544,0.9956931471824646
175,2.917,32,RIGHT_FOOT_INDEX,0.4532134234905243,0.8315730690956116,-0.2499992400407791,0.9637386798858643,0.9888275861740112
176,2.934,0,NOSE,0.5562024116516113,0.3998507559299469,-0.32704317569732666,0.9999630451202393,0.999690055847168
176,2.934,1,LEFT_EYE_INNER,0.5664994120597839,0.3917835056781769,-0.2994067966938019,0.9998356103897095,0.9987772107124329
176,2.934,2,LEFT_EYE,0.5707341432571411,0.3920835554599762,-0.29944372177124023,0.9998347163200378,0.9987786412239075
176,2.934,3,LEFT_EYE_OUTER,0.5763195753097534,0.39245671033859253,-0.29936549067497253,0.9998165369033813,0.9986977577209473
176,2.934,4,RIGHT_EYE_INNER,0.5470321774482727,0.391159325838089,-0.30252155661582947,0.999847412109375,0.998852014541626
176,2.934,5,RIGHT_EYE,0.5388245582580566,0.39117318391799927,-0.3025040626525879,0.999829113483429,0.9988390803337097
176,2.934,6,RIGHT_EYE_OUTER,0.5325474739074707,0.3912350833415985,-0.30261120200157166,0.9998133778572083,0.9988675117492676
176,2.934,7,LEFT_EAR,0.5835958123207092,0.3980102241039276,-0.13719484210014343,0.9995928406715393,0.9987938404083252
176,2.934,8,RIGHT_EAR,0.5235168933868408,0.39671993255615234,-0.15717895328998566,0.9995883107185364,0.999066174030304
176,2.934,9,MOUTH_LEFT,0.5662655830383301,0.4115236699581146,-0.26606330275535583,0.9999086260795593,0.9997844099998474
176,2.934,10,MOUTH_RIGHT,0.5428788065910339,0.411678671836853,-0.27150851488113403,0.9999171495437622,0.9998024106025696
176,2.934,11,LEFT_SHOULDER,0.6307083964347839,0.4599097967147827,-0.05908381566405296,0.9999511241912842,0.9997715353965759
176,2.934,12,RIGHT_SHOULDER,0.4677366018295288,0.45628607273101807,-0.06009548902511597,0.999927282333374,0.9999456405639648
176,2.934,13,LEFT_ELBOW,0.6511355638504028,0.5228707790374756,-0.02087867446243763,0.982320249080658,0.9994540810585022
176,2.934,14,RIGHT_ELBOW,0.4269704520702362,0.5228369235992432,-0.010711836628615856,0.9644433856010437,0.9996005892753601
176,2.934,15,LEFT_WRIST,0.6546194553375244,0.5800396203994751,-0.18810276687145233,0.9877904653549194,0.9997088313102722
176,2.934,16,RIGHT_WRIST,0.403158962726593,0.5813776254653931,-0.14426712691783905,0.9551827907562256,0.9985880255699158
176,2.934,17,LEFT_PINKY,0.6611976623535156,0.5988975167274475,-0.23315049707889557,0.9780269265174866,0.9993714690208435
176,2.934,18,RIGHT_PINKY,0.39044225215911865,0.602529764175415,-0.18454469740390778,0.9301919341087341,0.9976370334625244
176,2.934,19,LEFT_INDEX,0.6502326726913452,0.5970121026039124,-0.283458411693573,0.9792035222053528,0.9995096921920776
176,2.934,20,RIGHT_INDEX,0.39725467562675476,0.6031574606895447,-0.24237535893917084,0.9347919821739197,0.9978740215301514
176,2.934,21,LEFT_THUMB,0.643951952457428,0.5914057493209839,-0.21035315096378326,0.9731167554855347,0.9996604919433594
176,2.934,22,RIGHT_THUMB,0.40665000677108765,0.5973792672157288,-0.1705646961927414,0.9283989667892456,0.9985820055007935
176,2.934,23,LEFT_HIP,0.5884223580360413,0.5982725620269775,-0.001977577805519104,0.9995174407958984,0.9991217255592346
176,2.934,24,RIGHT_HIP,0.4940396249294281,0.5999428033828735,0.00208049057982862,0.9998700022697449,0.9999092817306519
176,2.934,25,LEFT_KNEE,0.575406014919281,0.6889671087265015,0.15746617317199707,0.9770804047584534,0.9993240833282471
176,2.934,26,RIGHT_KNEE,0.490011990070343,0.6955224275588989,-0.18477332592010498,0.9777933955192566,0.9998989105224609
176,2.934,27,LEFT_ANKLE,0.5609234571456909,0.7691032886505127,0.43628665804862976,0.9521231651306152,0.9975359439849854
176,2.934,28,RIGHT_ANKLE,0.4872322976589203,0.8025181889533997,-0.12326712161302567,0.9671663641929626,0.9982101917266846
176,2.934,29,LEFT_HEEL,0.5500831604003906,0.780796229839325,0.45346149802207947,0.8025347590446472,0.9960469603538513
176,2.934,30,RIGHT_HEEL,0.5049608945846558,0.8188849687576294,-0.13192136585712433,0.8031901121139526,0.994795024394989
176,2.934,31,LEFT_FOOT_INDEX,0.5723171234130859,0.7963602542877197,0.29474449157714844,0.9504588842391968,0.9905869364738464
176,2.934,32,RIGHT_FOOT_INDEX,0.4531039893627167,0.8327580690383911,-0.3610553443431854,0.9607294797897339,0.9767950177192688
177,2.951,0,NOSE,0.5549182891845703,0.40076765418052673,-0.3375593423843384,0.9999642372131348,0.999848484992981
177,2.951,1,LEFT_EYE_INNER,0.564649224281311,0.3927289545536041,-0.3074958622455597,0.9998422861099243,0.999440610408783
177,2.951,2,LEFT_EYE,0.5689330101013184,0.3930494487285614,-0.30748191475868225,0.999841034412384,0.9994621872901917
177,2.951,3,LEFT_EYE_OUTER,0.5746857523918152,0.39342448115348816,-0.30732518434524536,0.9998228549957275,0.9994423985481262
177,2.951,4,RIGHT_EYE_INNER,0.5455673336982727,0.3921070098876953,-0.31413888931274414,0.9998551607131958,0.999438464641571
177,2.951,5,RIGHT_EYE,0.5375185012817383,0.3921162784099579,-0.3141382336616516,0.9998378753662109,0.999428927898407
177,2.951,6,RIGHT_EYE_OUTER,0.5308641791343689,0.3921946883201599,-0.31421199440956116,0.9998230934143066,0.9994181394577026
177,2.951,7,LEFT_EAR,0.5816776156425476,0.3988107144832611,-0.14728233218193054,0.9996020793914795,0.9995033740997314
177,2.951,8,RIGHT_EAR,0.5216003060340881,0.3977511525154114,-0.16414374113082886,0.9996086359024048,0.999515175819397
177,2.951,9,MOUTH_LEFT,0.5648155808448792,0.41235530376434326,-0.2680986821651459,0.9999102354049683,0.9998989105224609
177,2.951,10,MOUTH_RIGHT,0.5413060188293457,0.412622332572937,-0.27963095903396606,0.9999204277992249,0.9998996257781982
177,2.951,11,LEFT_SHOULDER,0.6304457187652588,0.4601433575153351,-0.06350433081388474,0.9999514222145081,0.9999196529388428
177,2.951,12,RIGHT_SHOULDER,0.4659373462200165,0.457179456949234,-0.08162574470043182,0.9999324083328247,0.9999746084213257
177,2.951,13,LEFT_ELBOW,0.6513341069221497,0.5229231715202332,-0.019273605197668076,0.9821077585220337,0.999834418296814
177,2.951,14,RIGHT_ELBOW,0.42504215240478516,0.5245079398155212,-0.040038466453552246,0.9656716585159302,0.999826967716217
177,2.951,15,LEFT_WRIST,0.6550298929214478,0.5807121396064758,-0.19299443066120148,0.987781286239624,0.9999144077301025
177,2.951,16,RIGHT_WRIST,0.4015692174434662,0.5841436982154846,-0.16468305885791779,0.9553470611572266,0.9992979764938354
177,2.951,17,LEFT_PINKY,0.6618977785110474,0.5997145771980286,-0.23968571424484253,0.9777951240539551,0.9998087286949158
177,2.951,18,RIGHT_PINKY,0.3893759250640869,0.6056555509567261,-0.20574092864990234,0.93018639087677,0.9988798499107361
177,2.951,19,LEFT_INDEX,0.6503292322158813,0.5979345440864563,-0.29263171553611755,0.9789812564849854,0.9998435974121094
177,2.951,20,RIGHT_INDEX,0.3968639373779297,0.6059972047805786,-0.26653289794921875,0.9348602294921875,0.9989416003227234
177,2.951,21,LEFT_THUMB,0.6439945697784424,0.5922723412513733,-0.21664674580097198,0.9728874564170837,0.9998922348022461
177,2.951,22,RIGHT_THUMB,0.40584033727645874,0.6001296639442444,-0.19141170382499695,0.9282245635986328,0.9992986917495728
177,2.951,23,LEFT_HIP,0.5888447165489197,0.5987145900726318,0.016998358070850372,0.9995272159576416,0.9997262358665466
177,2.951,24,RIGHT_HIP,0.49421167373657227,0.6003806591033936,-0.01694658026099205,0.9998792409896851,0.9999682903289795
177,2.951,25,LEFT_KNEE,0.5759220719337463,0.6892451047897339,0.21843628585338593,0.9759355187416077,0.9998722076416016
177,2.951,26,RIGHT_KNEE,0.4899771809577942,0.6966434717178345,-0.1816621571779251,0.979137122631073,0.9999741315841675
177,2.951,27,LEFT_ANKLE,0.5609407424926758,0.7688395977020264,0.5370768904685974,0.9517416954040527,0.9994639754295349
177,2.951,28,RIGHT_ANKLE,0.48455488681793213,0.8013237118721008,-0.1176229789853096,0.9691272377967834,0.9995388984680176
177,2.951,29,LEFT_HEEL,0.5500910878181458,0.7801232933998108,0.5581581592559814,0.8054370284080505,0.9990918636322021
177,2.951,30,RIGHT_HEEL,0.5006212592124939,0.8167224526405334,-0.1251305490732193,0.8065882325172424,0.9986704587936401
177,2.951,31,LEFT_FOOT_INDEX,0.5795251131057739,0.7963259816169739,0.40412765741348267,0.9497166275978088,0.9975348711013794
177,2.951,32,RIGHT_FOOT_INDEX,0.4540199637413025,0.828966498374939,-0.3582576811313629,0.9624075889587402,0.992675244808197
178,2.967,0,NOSE,0.5529452562332153,0.40169402956962585,-0.3444128930568695,0.9999648928642273,0.9998348951339722
178,2.967,1,LEFT_EYE_INNER,0.5621135234832764,0.3936207592487335,-0.3160861134529114,0.9998464584350586,0.9993851184844971
178,2.967,2,LEFT_EYE,0.5662662386894226,0.39390262961387634,-0.31609097123146057,0.9998450875282288,0.9994008541107178
178,2.967,3,LEFT_EYE_OUTER,0.5719780325889587,0.394222617149353,-0.3159746825695038,0.9998262524604797,0.9993732571601868
178,2.967,4,RIGHT_EYE_INNER,0.5431022644042969,0.3931516408920288,-0.3215198516845703,0.9998608231544495,0.9994096755981445
178,2.967,5,RIGHT_EYE,0.5351519584655762,0.39321577548980713,-0.32151684165000916,0.9998443722724915,0.9994038343429565
178,2.967,6,RIGHT_EYE_OUTER,0.5284265279769897,0.3933849632740021,-0.3215774595737457,0.9998303055763245,0.9994111061096191
178,2.967,7,LEFT_EAR,0.5787795186042786,0.3993602991104126,-0.1518997848033905,0.9996032118797302,0.9994346499443054
178,2.967,8,RIGHT_EAR,0.5191607475280762,0.39900991320610046,-0.1740022748708725,0.9996219277381897,0.9995427131652832
178,2.967,9,MOUTH_LEFT,0.5629623532295227,0.4131726026535034,-0.2788448631763458,0.9999089241027832,0.9998794794082642
178,2.967,10,MOUTH_RIGHT,0.5395157337188721,0.413662850856781,-0.2881958782672882,0.9999217391014099,0.9998886585235596
178,2.967,11,LEFT_SHOULDER,0.6302652955055237,0.46087324619293213,-0.04950835928320885,0.9999508857727051,0.9998829364776611
178,2.967,12,RIGHT_SHOULDER,0.46429041028022766,0.45856761932373047,-0.08391453325748444,0.9999374151229858,0.9999815225601196
178,2.967,13,LEFT_ELBOW,0.651043176651001,0.5240320563316345,0.001194113865494728,0.9808047413825989,0.9997678399085999
178,2.967,14,RIGHT_ELBOW,0.4232127368450165,0.526199221611023,-0.04054010659456253,0.9660770893096924,0.9998323917388916
178,2.967,15,LEFT_WRIST,0.6549795866012573,0.5817304849624634,-0.17284496128559113,0.9871290326118469,0.9998772144317627
178,2.967,16,RIGHT_WRIST,0.4007181227207184,0.5865143537521362,-0.16532392799854279,0.9553083181381226,0.999279797077179
178,2.967,17,LEFT_PINKY,0.6621233820915222,0.6009706854820251,-0.21892881393432617,0.9766170978546143,0.9997511506080627
178,2.967,18,RIGHT_PINKY,0.389081746339798,0.6082577109336853,-0.20703312754631042,0.9300415515899658,0.998909592628479
178,2.967,19,LEFT_INDEX,0.6505358219146729,0.5992668867111206,-0.27476873993873596,0.9779263138771057,0.9997937083244324
178,2.967,20,RIGHT_INDEX,0.3965934216976166,0.6083819270133972,-0.2678506672382355,0.9348275065422058,0.9989562034606934
178,2.967,21,LEFT_THUMB,0.6441080570220947,0.5934772491455078,-0.19770075380802155,0.9715031981468201,0.9998539686203003
178,2.967,22,RIGHT_THUMB,0.40554919838905334,0.6027234196662903,-0.1917876899242401,0.9277312755584717,0.9993029832839966
178,2.967,23,LEFT_HIP,0.5888317823410034,0.599421501159668,0.025224657729268074,0.9995214343070984,0.9996117949485779
178,2.967,24,RIGHT_HIP,0.4942469298839569,0.600924551486969,-0.0252218060195446,0.9998879432678223,0.9999709129333496
178,2.967,25,LEFT_KNEE,0.5764002203941345,0.6896616220474243,0.24728843569755554,0.9720062613487244,0.9997346997261047
178,2.967,26,RIGHT_KNEE,0.48998594284057617,0.6970284581184387,-0.21190695464611053,0.9798207879066467,0.9999693632125854
178,2.967,27,LEFT_ANKLE,0.5609560012817383,0.768523097038269,0.601518452167511,0.9421601891517639,0.99906986951828
178,2.967,28,RIGHT_ANKLE,0.4834051728248596,0.8049805164337158,-0.1880241185426712,0.9700939655303955,0.9994041919708252
178,2.967,29,LEFT_HEEL,0.5500105023384094,0.7800396084785461,0.6270437836647034,0.7934948205947876,0.9985939860343933
178,2.967,30,RIGHT_HEEL,0.4989277720451355,0.8215714693069458,-0.19978316128253937,0.7989963293075562,0.998258650302887
178,2.967,31,LEFT_FOOT_INDEX,0.5803142189979553,0.7968716025352478,0.4829894006252289,0.9421780109405518,0.9971250891685486
178,2.967,32,RIGHT_FOOT_INDEX,0.4546131491661072,0.8386139273643494,-0.4410264492034912,0.9626854062080383,0.9913142323493958
179,2.984,0,NOSE,0.5489373803138733,0.40246015787124634,-0.35500937700271606,0.9999663829803467,0.9998551607131958
179,2.984,1,LEFT_EYE_INNER,0.5587884187698364,0.3943013846874237,-0.3223462700843811,0.9998524188995361,0.9994229078292847
179,2.984,2,LEFT_EYE,0.5628468990325928,0.39460480213165283,-0.3223745822906494,0.999850869178772,0.9994199275970459
179,2.984,3,LEFT_EYE_OUTER,0.5676507949829102,0.3949556350708008,-0.32225319743156433,0.9998315572738647,0.9993849992752075
179,2.984,4,RIGHT_EYE_INNER,0.5391170382499695,0.39387062191963196,-0.32702478766441345,0.9998677968978882,0.9994916915893555
179,2.984,5,RIGHT_EYE,0.5310616493225098,0.39400652050971985,-0.32701948285102844,0.999852180480957,0.9994953870773315
179,2.984,6,RIGHT_EYE_OUTER,0.5248585343360901,0.3943123519420624,-0.327151894569397,0.9998390078544617,0.9995216131210327
179,2.984,7,LEFT_EAR,0.5758016705513,0.4000449478626251,-0.15643098950386047,0.9996118545532227,0.9994332194328308
179,2.984,8,RIGHT_EAR,0.5160014033317566,0.400234192609787,-0.17904901504516602,0.9996377825737,0.9996616840362549
179,2.984,9,MOUTH_LEFT,0.5600199103355408,0.41419506072998047,-0.27935999631881714,0.9999109506607056,0.9998846054077148
179,2.984,10,MOUTH_RIGHT,0.5360404253005981,0.41462135314941406,-0.28850823640823364,0.9999248385429382,0.9999033212661743
179,2.984,11,LEFT_SHOULDER,0.6298303604125977,0.46159788966178894,-0.05025254189968109,0.9999511241912842,0.9998494386672974
179,2.984,12,RIGHT_SHOULDER,0.46180853247642517,0.460102379322052,-0.08026653528213501,0.9999422430992126,0.9999867677688599
179,2.984,13,LEFT_ELBOW,0.6508647799491882,0.5253347158432007,-0.001025768811814487,0.9802537560462952,0.9996547698974609
179,2.984,14,RIGHT_ELBOW,0.4209001362323761,0.5278953313827515,-0.030156230553984642,0.9658960700035095,0.9998490810394287
179,2.984,15,LEFT_WRIST,0.6548118591308594,0.5835331678390503,-0.18327753245830536,0.9864927530288696,0.9998199343681335
179,2.984,16,RIGHT_WRIST,0.3990938365459442,0.5898522138595581,-0.16442854702472687,0.95502769947052,0.999345600605011
179,2.984,17,LEFT_PINKY,0.662003755569458,0.603193461894989,-0.23039807379245758,0.9754043817520142,0.999672532081604
179,2.984,18,RIGHT_PINKY,0.38824623823165894,0.6110217571258545,-0.20771034061908722,0.9292417764663696,0.9990623593330383
179,2.984,19,LEFT_INDEX,0.6504198312759399,0.6014979481697083,-0.2862643301486969,0.9768628478050232,0.999724805355072
179,2.984,20,RIGHT_INDEX,0.395955890417099,0.6110416054725647,-0.2678520679473877,0.9342723488807678,0.9990872144699097
179,2.984,21,LEFT_THUMB,0.6440048813819885,0.5956714153289795,-0.20814149081707,0.9699294567108154,0.9998034834861755
179,2.984,22,RIGHT_THUMB,0.4046107828617096,0.6060566306114197,-0.19090452790260315,0.9265071749687195,0.9993788003921509
179,2.984,23,LEFT_HIP,0.5891187191009521,0.6023668050765991,0.022639058530330658,0.9995233416557312,0.9996663331985474
179,2.984,24,RIGHT_HIP,0.49460357427597046,0.6041063666343689,-0.02266506850719452,0.9998971819877625,0.9999847412109375
179,2.984,25,LEFT_KNEE,0.5770817995071411,0.6918773055076599,0.2590400278568268,0.9702121019363403,0.999642014503479
179,2.984,26,RIGHT_KNEE,0.48980411887168884,0.7016142010688782,-0.2486734688282013,0.9809048771858215,0.9999783039093018
179,2.984,27,LEFT_ANKLE,0.5609278082847595,0.7688366770744324,0.7070721387863159,0.9308260679244995,0.9990606904029846
179,2.984,28,RIGHT_ANKLE,0.4826178550720215,0.8136074542999268,-0.2039225846529007,0.9716439247131348,0.9996353387832642
179,2.984,29,LEFT_HEEL,0.5500072836875916,0.7792341113090515,0.742735743522644,0.7768397331237793,0.9987516403198242
179,2.984,30,RIGHT_HEEL,0.499038428068161,0.8307392597198486,-0.21385838091373444,0.7957618236541748,0.9988901019096375
179,2.984,31,LEFT_FOOT_INDEX,0.5801377296447754,0.7965303063392639,0.6005871295928955,0.9348242282867432,0.9978716373443604
179,2.984,32,RIGHT_FOOT_INDEX,0.455375999212265,0.8514436483383179,-0.4658413529396057,0.9640007615089417,0.9936885237693787
180,3.001,0,NOSE,0.5455800890922546,0.402975469827652,-0.3721805810928345,0.999966025352478,0.9997037053108215
180,3.001,1,LEFT_EYE_INNER,0.5555617809295654,0.3946974575519562,-0.3392675220966339,0.9998511672019958,0.9988749623298645
180,3.001,2,LEFT_EYE,0.5596306324005127,0.39501339197158813,-0.3392985761165619,0.999849259853363,0.9988980293273926
180,3.001,3,LEFT_EYE_OUTER,0.5639621019363403,0.39537572860717773,-0.33917301893234253,0.9998283982276917,0.9988552331924438
180,3.001,4,RIGHT_EYE_INNER,0.5356951951980591,0.39438217878341675,-0.34296509623527527,0.9998687505722046,0.9989468455314636
180,3.001,5,RIGHT_EYE,0.5276366472244263,0.39459332823753357,-0.3429598808288574,0.9998534321784973,0.9989533424377441
180,3.001,6,RIGHT_EYE_OUTER,0.5216484665870667,0.394996702671051,-0.3431101143360138,0.9998408555984497,0.9989855885505676
180,3.001,7,LEFT_EAR,0.5727250576019287,0.4004616141319275,-0.15657830238342285,0.9996014833450317,0.9989503026008606
180,3.001,8,RIGHT_EAR,0.5126045942306519,0.4011724591255188,-0.18047618865966797,0.9996355175971985,0.9992270469665527
180,3.001,9,MOUTH_LEFT,0.5573632717132568,0.41478684544563293,-0.295162558555603,0.9999086260795593,0.9997997879981995
180,3.001,10,MOUTH_RIGHT,0.5330418944358826,0.4153069257736206,-0.3028873801231384,0.9999244213104248,0.9998155236244202
180,3.001,11,LEFT_SHOULDER,0.6293272376060486,0.462627112865448,-0.05911331996321678,0.999947726726532,0.9997883439064026
180,3.001,12,RIGHT_SHOULDER,0.4586532413959503,0.4613910913467407,-0.08177546411752701,0.9999454021453857,0.9999711513519287
180,3.001,13,LEFT_ELBOW,0.6506797671318054,0.5273999571800232,-0.008968813344836235,0.979317307472229,0.9995571970939636
180,3.001,14,RIGHT_ELBOW,0.4185834228992462,0.5305457711219788,-0.03236354514956474,0.9658587574958801,0.9997606873512268
180,3.001,15,LEFT_WRIST,0.6548409461975098,0.586146354675293,-0.19055314362049103,0.9855090379714966,0.9997628331184387
180,3.001,16,RIGHT_WRIST,0.3976851999759674,0.5924056172370911,-0.16503065824508667,0.9539092183113098,0.9990400671958923
180,3.001,17,LEFT_PINKY,0.6623196005821228,0.6060029864311218,-0.23785936832427979,0.9736506938934326,0.999575674533844
180,3.001,18,RIGHT_PINKY,0.38711118698120117,0.6139333844184875,-0.20891861617565155,0.9274100065231323,0.9986371397972107
180,3.001,19,LEFT_INDEX,0.6506336331367493,0.6042315363883972,-0.2937695384025574,0.9752333164215088,0.9996370077133179
180,3.001,20,RIGHT_INDEX,0.39467141032218933,0.6140607595443726,-0.2714885175228119,0.9327387809753418,0.9986684322357178
180,3.001,21,LEFT_THUMB,0.6441621780395508,0.5983988046646118,-0.21546536684036255,0.967893123626709,0.999735414981842
180,3.001,22,RIGHT_THUMB,0.4031704366207123,0.6088430285453796,-0.19253316521644592,0.9246476292610168,0.999077320098877
180,3.001,23,LEFT_HIP,0.5895628333091736,0.6050323843955994,0.020203039050102234,0.9995076060295105,0.9995250701904297
180,3.001,24,RIGHT_HIP,0.49454939365386963,0.6069169640541077,-0.020216338336467743,0.9999032616615295,0.9999641180038452
180,3.001,25,LEFT_KNEE,0.5775512456893921,0.6946007013320923,0.24083778262138367,0.9690226316452026,0.999713122844696
180,3.001,26,RIGHT_KNEE,0.4897397756576538,0.7053225040435791,-0.19885684549808502,0.9816360473632812,0.9999649524688721
180,3.001,27,LEFT_ANKLE,0.5609742403030396,0.7717723846435547,0.6493793725967407,0.9265356063842773,0.9991909861564636
180,3.001,28,RIGHT_ANKLE,0.4827205538749695,0.8164312839508057,-0.13450172543525696,0.972593367099762,0.9994542002677917
180,3.001,29,LEFT_HEEL,0.5500302314758301,0.7822508215904236,0.6802672743797302,0.7703260779380798,0.9988382458686829
180,3.001,30,RIGHT_HEEL,0.49905478954315186,0.8323656320571899,-0.14262521266937256,0.7929041385650635,0.9984608888626099
180,3.001,31,LEFT_FOOT_INDEX,0.5800096988677979,0.8001203536987305,0.5289952754974365,0.9316155314445496,0.9976094961166382
180,3.001,32,RIGHT_FOOT_INDEX,0.45576536655426025,0.8535646796226501,-0.38930514454841614,0.9645645022392273,0.9920265078544617
181,3.017,0,NOSE,0.5438180565834045,0.403450071811676,-0.3857201933860779,0.9999644756317139,0.9995929598808289
181,3.017,1,LEFT_EYE_INNER,0.5533760190010071,0.39527615904808044,-0.35382580757141113,0.9998453259468079,0.9985305070877075
181,3.017,2,LEFT_EYE,0.5575610995292664,0.39558857679367065,-0.3538559675216675,0.9998431205749512,0.9985843896865845
181,3.017,3,LEFT_EYE_OUTER,0.562651515007019,0.39594751596450806,-0.3537260591983795,0.9998202323913574,0.998548686504364
181,3.017,4,RIGHT_EYE_INNER,0.5334662795066833,0.39505574107170105,-0.35724353790283203,0.9998648166656494,0.9985490441322327
181,3.017,5,RIGHT_EYE,0.5253382921218872,0.39531978964805603,-0.3572508692741394,0.9998490810394287,0.9985387325286865
181,3.017,6,RIGHT_EYE_OUTER,0.5188372135162354,0.39576974511146545,-0.3573896884918213,0.9998365044593811,0.9985480904579163
181,3.017,7,LEFT_EAR,0.570861279964447,0.40106287598609924,-0.16396568715572357,0.9995805621147156,0.9987066984176636
181,3.017,8,RIGHT_EAR,0.5096608400344849,0.4021075367927551,-0.18702737987041473,0.9996185898780823,0.9988375306129456
181,3.017,9,MOUTH_LEFT,0.5554251670837402,0.415435254573822,-0.3104484975337982,0.9999047517776489,0.9997610449790955
181,3.017,10,MOUTH_RIGHT,0.5308506488800049,0.4159567952156067,-0.31738823652267456,0.9999223351478577,0.999756395816803
181,3.017,11,LEFT_SHOULDER,0.6289860606193542,0.4637778401374817,-0.06292594224214554,0.999945342540741,0.9998220801353455
181,3.017,12,RIGHT_SHOULDER,0.4557499289512634,0.4627695083618164,-0.08698004484176636,0.999947726726532,0.9999607801437378
181,3.017,13,LEFT_ELBOW,0.6505817174911499,0.5290801525115967,-0.011164708994328976,0.9788087010383606,0.9996414184570312
181,3.017,14,RIGHT_ELBOW,0.417145311832428,0.5317429304122925,-0.03645504638552666,0.9663456082344055,0.9997503161430359
181,3.017,15,LEFT_WRIST,0.655234158039093,0.5882027745246887,-0.2056010514497757,0.9852630496025085,0.9998302459716797
181,3.017,16,RIGHT_WRIST,0.39683327078819275,0.5936647057533264,-0.17294324934482574,0.9534428119659424,0.9989829659461975
181,3.017,17,LEFT_PINKY,0.662859320640564,0.6084379553794861,-0.25549548864364624,0.9731958508491516,0.9996743202209473
181,3.017,18,RIGHT_PINKY,0.3861820101737976,0.6154277920722961,-0.21843251585960388,0.9265041947364807,0.9984979629516602
181,3.017,19,LEFT_INDEX,0.6508446931838989,0.6064653396606445,-0.31492263078689575,0.9747798442840576,0.9997149109840393
181,3.017,20,RIGHT_INDEX,0.39376601576805115,0.6155456900596619,-0.2814589738845825,0.9320341348648071,0.9985139966011047
181,3.017,21,LEFT_THUMB,0.6443824768066406,0.6004254221916199,-0.2323717474937439,0.967422366142273,0.9997979998588562
181,3.017,22,RIGHT_THUMB,0.4026367664337158,0.6096543669700623,-0.20121708512306213,0.9239009022712708,0.9989733695983887
181,3.017,23,LEFT_HIP,0.5900498032569885,0.6069128513336182,0.020003220066428185,0.9994974732398987,0.9995332956314087
181,3.017,24,RIGHT_HIP,0.49450382590293884,0.6089380979537964,-0.020000746473670006,0.9999079704284668,0.9999516010284424
181,3.017,25,LEFT_KNEE,0.5782836079597473,0.695703387260437,0.24597987532615662,0.9681495428085327,0.9997711777687073
181,3.017,26,RIGHT_KNEE,0.4897034168243408,0.7059498429298401,-0.1717970073223114,0.9823265671730042,0.9999593496322632
181,3.017,27,LEFT_ANKLE,0.5612340569496155,0.7726032137870789,0.6568297743797302,0.9255567193031311,0.9993088245391846
181,3.017,28,RIGHT_ANKLE,0.48287445306777954,0.8140288591384888,-0.07679757475852966,0.9733700156211853,0.9994097948074341
181,3.017,29,LEFT_HEEL,0.5501047968864441,0.7823718190193176,0.6879837512969971,0.7696361541748047,0.9989894032478333
181,3.017,30,RIGHT_HEEL,0.4987224340438843,0.8268293738365173,-0.0810396671295166,0.7935512661933899,0.9984134435653687
181,3.017,31,LEFT_FOOT_INDEX,0.5795053839683533,0.8016186356544495,0.5347776412963867,0.9305518865585327,0.9977169036865234
181,3.017,32,RIGHT_FOOT_INDEX,0.45607078075408936,0.849348247051239,-0.3222513794898987,0.9651692509651184,0.9918704032897949
182,3.034,0,NOSE,0.5412799119949341,0.4041684865951538,-0.44178760051727295,0.9999635815620422,0.9995465874671936
182,3.034,1,LEFT_EYE_INNER,0.5508858561515808,0.39604616165161133,-0.4105502665042877,0.9998425841331482,0.9983023405075073
182,3.034,2,LEFT_EYE,0.5549139380455017,0.39635807275772095,-0.41058051586151123,0.9998396039009094,0.9983589053153992
182,3.034,3,LEFT_EYE_OUTER,0.5600340962409973,0.3967157304286957,-0.410464882850647,0.999813973903656,0.9983208775520325
182,3.034,4,RIGHT_EYE_INNER,0.530644416809082,0.3959643244743347,-0.41558805108070374,0.9998636245727539,0.9983874559402466
182,3.034,5,RIGHT_EYE,0.5223789215087891,0.39625903964042664,-0.41560035943984985,0.9998483657836914,0.9984110593795776
182,3.034,6,RIGHT_EYE_OUTER,0.5158838629722595,0.3967141807079315,-0.4157298803329468,0.999835729598999,0.9984347224235535
182,3.034,7,LEFT_EAR,0.568069338798523,0.4017762839794159,-0.2115057110786438,0.9995655417442322,0.9984388947486877
182,3.034,8,RIGHT_EAR,0.5062404870986938,0.4030947685241699,-0.24257171154022217,0.9996156096458435,0.9987955093383789
182,3.034,9,MOUTH_LEFT,0.5529524683952332,0.4161861836910248,-0.3654918372631073,0.9999043941497803,0.9997034668922424
182,3.034,10,MOUTH_RIGHT,0.528279185295105,0.41687658429145813,-0.37425824999809265,0.9999234080314636,0.999725878238678
182,3.034,11,LEFT_SHOULDER,0.6276147961616516,0.46493273973464966,-0.07786493003368378,0.9999441504478455,0.9997926354408264
182,3.034,12,RIGHT_SHOULDER,0.45294564962387085,0.46421656012535095,-0.12531881034374237,0.9999507069587708,0.9999687671661377
182,3.034,13,LEFT_ELBOW,0.6502680778503418,0.5311608910560608,-0.014252869412302971,0.9786251783370972,0.9996365308761597
182,3.034,14,RIGHT_ELBOW,0.41406261920928955,0.5338973999023438,-0.06429162621498108,0.9676246047019958,0.9997865557670593
182,3.034,15,LEFT_WRIST,0.6554450988769531,0.5909448266029358,-0.2061205804347992,0.9847731590270996,0.9997424483299255
182,3.034,16,RIGHT_WRIST,0.39584505558013916,0.5961012244224548,-0.20417839288711548,0.9539519548416138,0.999072790145874
182,3.034,17,LEFT_PINKY,0.6632150411605835,0.6115081906318665,-0.2551727592945099,0.9721332788467407,0.9995495676994324
182,3.034,18,RIGHT_PINKY,0.38546639680862427,0.6181139349937439,-0.25029534101486206,0.926691472530365,0.998722493648529
182,3.034,19,LEFT_INDEX,0.6511677503585815,0.6095488667488098,-0.31506672501564026,0.9737929701805115,0.9995875954627991
182,3.034,20,RIGHT_INDEX,0.39296531677246094,0.6183348894119263,-0.31177833676338196,0.9324776530265808,0.9987108707427979
182,3.034,21,LEFT_THUMB,0.6447028517723083,0.6035446524620056,-0.2328912764787674,0.9663821458816528,0.9996985197067261
182,3.034,22,RIGHT_THUMB,0.40180322527885437,0.6126120686531067,-0.23174001276493073,0.9242308735847473,0.9991044402122498
182,3.034,23,LEFT_HIP,0.589932918548584,0.6094703674316406,0.023726686835289,0.9995044469833374,0.9995504021644592
182,3.034,24,RIGHT_HIP,0.4943617582321167,0.6108962297439575,-0.023753399029374123,0.9999139308929443,0.9999579191207886
182,3.034,25,LEFT_KNEE,0.5781682133674622,0.7000678181648254,0.27726125717163086,0.9685642123222351,0.9997493624687195
182,3.034,26,RIGHT_KNEE,0.48966363072395325,0.7075607180595398,-0.16266348958015442,0.9833869338035583,0.9999548196792603
182,3.034,27,LEFT_ANKLE,0.561241090297699,0.7720041871070862,0.7856646776199341,0.9248236417770386,0.999138355255127
182,3.034,28,RIGHT_ANKLE,0.48276954889297485,0.813397228717804,-0.05564487352967262,0.9743802547454834,0.9992807507514954
182,3.034,29,LEFT_HEEL,0.5502298474311829,0.7822366952896118,0.8279595375061035,0.7711645364761353,0.9988272786140442
182,3.034,30,RIGHT_HEEL,0.4983174204826355,0.8236885070800781,-0.05774486064910889,0.7951566576957703,0.9981739521026611
182,3.034,31,LEFT_FOOT_INDEX,0.5790781378746033,0.8021372556686401,0.6868187189102173,0.9298425316810608,0.99760901927948
182,3.034,32,RIGHT_FOOT_INDEX,0.4579221308231354,0.8526631593704224,-0.3018699884414673,0.9660540819168091,0.9899080991744995
183,3.051,0,NOSE,0.5382940173149109,0.4044657349586487,-0.44673430919647217,0.9999635815620422,0.9996028542518616
183,3.051,1,LEFT_EYE_INNER,0.5481091141700745,0.39620694518089294,-0.41492268443107605,0.999843418598175,0.9985322952270508
183,3.051,2,LEFT_EYE,0.5522822141647339,0.3965041935443878,-0.4149571359157562,0.9998401403427124,0.9985900521278381
183,3.051,3,LEFT_EYE_OUTER,0.557830274105072,0.3968401551246643,-0.4148535430431366,0.99981290102005,0.9985721111297607
183,3.051,4,RIGHT_EYE_INNER,0.5276134014129639,0.3961906135082245,-0.4197182357311249,0.9998645186424255,0.9985816478729248
183,3.051,5,RIGHT_EYE,0.5192803144454956,0.39649486541748047,-0.4197241961956024,0.9998498558998108,0.9985926747322083
183,3.051,6,RIGHT_EYE_OUTER,0.5126156806945801,0.39692991971969604,-0.41984832286834717,0.9998371601104736,0.9986070990562439
183,3.051,7,LEFT_EAR,0.5658630728721619,0.40217772126197815,-0.21565811336040497,0.9995614290237427,0.9986710548400879
183,3.051,8,RIGHT_EAR,0.5029211044311523,0.4035099148750305,-0.24533440172672272,0.9996166229248047,0.9989193677902222
183,3.051,9,MOUTH_LEFT,0.5499821305274963,0.41658517718315125,-0.3711370825767517,0.9999053478240967,0.999728262424469
183,3.051,10,MOUTH_RIGHT,0.5251504182815552,0.41741445660591125,-0.37938767671585083,0.9999249577522278,0.9997407793998718
183,3.051,11,LEFT_SHOULDER,0.6260392069816589,0.4665740728378296,-0.0791424885392189,0.999943196773529,0.9997826218605042
183,3.051,12,RIGHT_SHOULDER,0.4496815502643585,0.46537020802497864,-0.12787306308746338,0.9999531507492065,0.9999650716781616
183,3.051,13,LEFT_ELBOW,0.6498906016349792,0.5344048738479614,-0.01656915806233883,0.9784936308860779,0.9996188879013062
183,3.051,14,RIGHT_ELBOW,0.41139036417007446,0.5353695750236511,-0.06783903390169144,0.9687788486480713,0.9997830986976624
183,3.051,15,LEFT_WRIST,0.6554782390594482,0.593845784664154,-0.2104628086090088,0.9843641519546509,0.9997562766075134
183,3.051,16,RIGHT_WRIST,0.39473411440849304,0.5981928706169128,-0.21297059953212738,0.9546058177947998,0.9991748929023743
183,3.051,17,LEFT_PINKY,0.6632979512214661,0.6143852472305298,-0.2604842185974121,0.9712492227554321,0.99956876039505
183,3.051,18,RIGHT_PINKY,0.38454148173332214,0.6201557517051697,-0.26053184270858765,0.9270954132080078,0.9988607168197632
183,3.051,19,LEFT_INDEX,0.6513811945915222,0.6127218008041382,-0.32410672307014465,0.9729849696159363,0.9996108412742615
183,3.051,20,RIGHT_INDEX,0.39201653003692627,0.6204214096069336,-0.32035842537879944,0.9330992102622986,0.9988667964935303
183,3.051,21,LEFT_THUMB,0.6449323892593384,0.6066856384277344,-0.23912975192070007,0.9655166268348694,0.9997164607048035
183,3.051,22,RIGHT_THUMB,0.4010155498981476,0.6145630478858948,-0.23993465304374695,0.9247090220451355,0.9992019534111023
183,3.051,23,LEFT_HIP,0.5898227095603943,0.6105292439460754,0.024281824007630348,0.9995168447494507,0.9996097683906555
183,3.051,24,RIGHT_HIP,0.4933885335922241,0.6117179989814758,-0.024314645677804947,0.9999195337295532,0.9999630451202393
183,3.051,25,LEFT_KNEE,0.5781309008598328,0.7029222249984741,0.2559308409690857,0.969163179397583,0.9997687935829163
183,3.051,26,RIGHT_KNEE,0.48963916301727295,0.7083375453948975,-0.17240796983242035,0.9843775033950806,0.9999580383300781
183,3.051,27,LEFT_ANKLE,0.5606691837310791,0.772197961807251,0.7674280405044556,0.9251603484153748,0.9993614554405212
183,3.051,28,RIGHT_ANKLE,0.4830397367477417,0.8151389956474304,-0.05599908158183098,0.9755415320396423,0.9994814991950989
183,3.051,29,LEFT_HEEL,0.5500437021255493,0.7816545367240906,0.809654951095581,0.7741835117340088,0.9991468191146851
183,3.051,30,RIGHT_HEEL,0.49842923879623413,0.8239548802375793,-0.05762043595314026,0.7982604503631592,0.9987194538116455
183,3.051,31,LEFT_FOOT_INDEX,0.5769665837287903,0.805436372756958,0.6610141396522522,0.9301548600196838,0.9982417821884155
183,3.051,32,RIGHT_FOOT_INDEX,0.46036452054977417,0.8575812578201294,-0.30715882778167725,0.9672331809997559,0.9928032755851746
184,3.067,0,NOSE,0.5349340438842773,0.40475860238075256,-0.4940944015979767,0.9999644160270691,0.999591052532196
184,3.067,1,LEFT_EYE_INNER,0.5450485348701477,0.3964475989341736,-0.4621782898902893,0.9998480677604675,0.9984617233276367
184,3.067,2,LEFT_EYE,0.5492778420448303,0.3967728018760681,-0.46221596002578735,0.9998444318771362,0.9985101819038391
184,3.067,3,LEFT_EYE_OUTER,0.5545822978019714,0.3971249759197235,-0.46212345361709595,0.9998167157173157,0.9984857439994812
184,3.067,4,RIGHT_EYE_INNER,0.5242326259613037,0.3964451551437378,-0.466869980096817,0.9998684525489807,0.99852055311203
184,3.067,5,RIGHT_EYE,0.5160135626792908,0.3967355787754059,-0.46688008308410645,0.9998543858528137,0.9985215067863464
184,3.067,6,RIGHT_EYE_OUTER,0.5095780491828918,0.3971371054649353,-0.467012494802475,0.9998418092727661,0.9985352754592896
184,3.067,7,LEFT_EAR,0.562975287437439,0.40255728363990784,-0.2575177848339081,0.9995731115341187,0.9985834360122681
184,3.067,8,RIGHT_EAR,0.49974021315574646,0.4037926495075226,-0.286678284406662,0.9996271133422852,0.9988634586334229
184,3.067,9,MOUTH_LEFT,0.546924889087677,0.4169841408729553,-0.4164673686027527,0.9999095797538757,0.9997310042381287
184,3.067,10,MOUTH_RIGHT,0.5218750834465027,0.4178332984447479,-0.4245606064796448,0.9999286532402039,0.9997438788414001
184,3.067,11,LEFT_SHOULDER,0.6233259439468384,0.46716174483299255,-0.11246775835752487,0.9999445676803589,0.999823272228241
184,3.067,12,RIGHT_SHOULDER,0.44553670287132263,0.4665619134902954,-0.15526250004768372,0.999955952167511,0.9999662637710571
184,3.067,13,LEFT_ELBOW,0.6497164964675903,0.5363277196884155,-0.031064877286553383,0.9793647527694702,0.9996590614318848
184,3.067,14,RIGHT_ELBOW,0.40886038541793823,0.5373026728630066,-0.08520395308732986,0.969972550868988,0.9997617602348328
184,3.067,15,LEFT_WRIST,0.6554238200187683,0.595406174659729,-0.2465091049671173,0.9848060607910156,0.9997643828392029
184,3.067,16,RIGHT_WRIST,0.39290618896484375,0.6003643274307251,-0.23708942532539368,0.955939531326294,0.999061644077301
184,3.067,17,LEFT_PINKY,0.6635958552360535,0.6160402297973633,-0.3000796139240265,0.9717960953712463,0.9995622038841248
184,3.067,18,RIGHT_PINKY,0.3830161392688751,0.6222097277641296,-0.28607213497161865,0.928642213344574,0.9987213015556335
184,3.067,19,LEFT_INDEX,0.6516793370246887,0.6146556735038757,-0.36585506796836853,0.9735255837440491,0.9996102452278137
184,3.067,20,RIGHT_INDEX,0.3905749022960663,0.6223016381263733,-0.34859499335289,0.934779942035675,0.9987291693687439
184,3.067,21,LEFT_THUMB,0.6450707912445068,0.608811616897583,-0.2759840488433838,0.966233491897583,0.9997263550758362
184,3.067,22,RIGHT_THUMB,0.3994942009449005,0.6169785261154175,-0.2649504244327545,0.9263647198677063,0.9991191029548645
184,3.067,23,LEFT_HIP,0.5894213914871216,0.611210286617279,0.025929730385541916,0.9995302557945251,0.9995013475418091
184,3.067,24,RIGHT_HIP,0.49162015318870544,0.6129297018051147,-0.025993848219513893,0.9999247193336487,0.9999514818191528
184,3.067,25,LEFT_KNEE,0.5780032277107239,0.7053140997886658,0.269220769405365,0.9695494771003723,0.9995967745780945
184,3.067,26,RIGHT_KNEE,0.4893733263015747,0.7118418216705322,-0.15472912788391113,0.9852668046951294,0.999929666519165
184,3.067,27,LEFT_ANKLE,0.5597121119499207,0.7714263796806335,0.8232911825180054,0.9225863218307495,0.9987937211990356
184,3.067,28,RIGHT_ANKLE,0.4832092821598053,0.8188164234161377,-0.024453073740005493,0.9763416647911072,0.9990866184234619
184,3.067,29,LEFT_HEEL,0.5487207770347595,0.7803002595901489,0.8699803948402405,0.7744092345237732,0.9984511137008667
184,3.067,30,RIGHT_HEEL,0.49832695722579956,0.8272445201873779,-0.024584412574768066,0.8003538250923157,0.9977394342422485
184,3.067,31,LEFT_FOOT_INDEX,0.5764396786689758,0.8042062520980835,0.7280923128128052,0.9283856153488159,0.9971415400505066
184,3.067,32,RIGHT_FOOT_INDEX,0.4624624252319336,0.8607359528541565,-0.2731919288635254,0.9678536057472229,0.9876333475112915
185,3.084,0,NOSE,0.5313640236854553,0.4050751328468323,-0.4868607223033905,0.9999649524688721,0.9995749592781067
185,3.084,1,LEFT_EYE_INNER,0.5416998267173767,0.3968307673931122,-0.4552933871746063,0.9998503923416138,0.9984097480773926
185,3.084,2,LEFT_EYE,0.5458425879478455,0.3971516191959381,-0.4553346633911133,0.9998468160629272,0.998480498790741
185,3.084,3,LEFT_EYE_OUTER,0.5510627627372742,0.3975096344947815,-0.45523911714553833,0.9998180866241455,0.998464822769165
185,3.084,4,RIGHT_EYE_INNER,0.5206784009933472,0.396813303232193,-0.4583394229412079,0.9998697638511658,0.9984161853790283
185,3.084,5,RIGHT_EYE,0.5123371481895447,0.39711177349090576,-0.4583362340927124,0.9998562932014465,0.9984128475189209
185,3.084,6,RIGHT_EYE_OUTER,0.5058957934379578,0.39753860235214233,-0.4584699869155884,0.9998433589935303,0.9984135627746582
185,3.084,7,LEFT_EAR,0.5598546862602234,0.4028407037258148,-0.2561448812484741,0.999579906463623,0.998593270778656
185,3.084,8,RIGHT_EAR,0.49615970253944397,0.4042602479457855,-0.2778663635253906,0.999628484249115,0.9987717270851135
185,3.084,9,MOUTH_LEFT,0.5434609651565552,0.4173443615436554,-0.411703884601593,0.9999126195907593,0.9997320771217346
185,3.084,10,MOUTH_RIGHT,0.5181060433387756,0.41815489530563354,-0.4174899458885193,0.9999312162399292,0.9997270703315735
185,3.084,11,LEFT_SHOULDER,0.620984673500061,0.46778708696365356,-0.12358671426773071,0.9999455809593201,0.9998039603233337
185,3.084,12,RIGHT_SHOULDER,0.44250229001045227,0.4675317704677582,-0.15029753744602203,0.9999581575393677,0.9999604225158691
185,3.084,13,LEFT_ELBOW,0.6490795612335205,0.5391837954521179,-0.05427931249141693,0.9802104830741882,0.9995999932289124
185,3.084,14,RIGHT_ELBOW,0.40683990716934204,0.5383774042129517,-0.08510304987430573,0.9713001251220703,0.999750554561615
185,3.084,15,LEFT_WRIST,0.6559017896652222,0.599148154258728,-0.2804379463195801,0.9852979779243469,0.9997598528862
185,3.084,16,RIGHT_WRIST,0.3912608325481415,0.6028723120689392,-0.24035240709781647,0.9573262333869934,0.9990344047546387
185,3.084,17,LEFT_PINKY,0.664193868637085,0.6193906664848328,-0.337041974067688,0.9725816249847412,0.9995611310005188
185,3.084,18,RIGHT_PINKY,0.38138192892074585,0.6242039203643799,-0.2906871736049652,0.9301402568817139,0.9986490607261658
185,3.084,19,LEFT_INDEX,0.6525416374206543,0.6181078553199768,-0.4011654853820801,0.9742715358734131,0.9996010661125183
185,3.084,20,RIGHT_INDEX,0.3892710506916046,0.6241651177406311,-0.3530614376068115,0.9364784955978394,0.998651921749115
185,3.084,21,LEFT_THUMB,0.6458360552787781,0.6129520535469055,-0.30970773100852966,0.9671849012374878,0.9997163414955139
185,3.084,22,RIGHT_THUMB,0.3985491394996643,0.6190876364707947,-0.2686738967895508,0.9283087253570557,0.9990471005439758
185,3.084,23,LEFT_HIP,0.5892791748046875,0.6132469773292542,0.024363690987229347,0.9995438456535339,0.9995321035385132
185,3.084,24,RIGHT_HIP,0.4900079369544983,0.615188717842102,-0.0244306493550539,0.9999294877052307,0.999951958656311
185,3.084,25,LEFT_KNEE,0.5778682231903076,0.7073261141777039,0.27344658970832825,0.9705502986907959,0.9996380805969238
185,3.084,26,RIGHT_KNEE,0.48924508690834045,0.7141750454902649,-0.14593906700611115,0.9860415458679199,0.9999287128448486
185,3.084,27,LEFT_ANKLE,0.5596078634262085,0.7708011269569397,0.8494572639465332,0.9219286441802979,0.9985816478729248
185,3.084,28,RIGHT_ANKLE,0.4834026098251343,0.8178141713142395,0.000665778003167361,0.9768036603927612,0.9988283514976501
185,3.084,29,LEFT_HEEL,0.5487428903579712,0.777032732963562,0.8985756039619446,0.7752807140350342,0.9981715679168701
185,3.084,30,RIGHT_HEEL,0.49829158186912537,0.8256940245628357,0.002381861675530672,0.8007861971855164,0.9971438050270081
185,3.084,31,LEFT_FOOT_INDEX,0.5718606114387512,0.8041598200798035,0.7504206895828247,0.927943766117096,0.9966975450515747
185,3.084,32,RIGHT_FOOT_INDEX,0.4661453068256378,0.8599891066551208,-0.24886420369148254,0.9681652188301086,0.9846712946891785
186,3.101,0,NOSE,0.5280670523643494,0.4052482545375824,-0.512848973274231,0.9999646544456482,0.9995050430297852
186,3.101,1,LEFT_EYE_INNER,0.5387530326843262,0.3968501389026642,-0.4830482304096222,0.999847948551178,0.9981725215911865
186,3.101,2,LEFT_EYE,0.5431306958198547,0.39716699719429016,-0.4830738306045532,0.9998433589935303,0.9981995820999146
186,3.101,3,LEFT_EYE_OUTER,0.5481278300285339,0.39751946926116943,-0.48298564553260803,0.9998126029968262,0.9981343150138855
186,3.101,4,RIGHT_EYE_INNER,0.5172673463821411,0.39687350392341614,-0.4850485920906067,0.9998675584793091,0.9982852339744568
186,3.101,5,RIGHT_EYE,0.509014368057251,0.39718809723854065,-0.48506373167037964,0.9998538494110107,0.9982861876487732
186,3.101,6,RIGHT_EYE_OUTER,0.502618134021759,0.39762070775032043,-0.4851972758769989,0.9998411536216736,0.9982940554618835
186,3.101,7,LEFT_EAR,0.5567124485969543,0.40302807092666626,-0.28587985038757324,0.9995784759521484,0.9981681108474731
186,3.101,8,RIGHT_EAR,0.49312490224838257,0.4045790135860443,-0.3026271164417267,0.9996163249015808,0.9985830783843994
186,3.101,9,MOUTH_LEFT,0.54043048620224,0.4175179898738861,-0.437843382358551,0.9999133348464966,0.999645471572876
186,3.101,10,MOUTH_RIGHT,0.515073835849762,0.4183303415775299,-0.4423634707927704,0.9999317526817322,0.999658465385437
186,3.101,11,LEFT_SHOULDER,0.6175047755241394,0.46813735365867615,-0.1586529016494751,0.9999441504478455,0.999737560749054
186,3.101,12,RIGHT_SHOULDER,0.43938276171684265,0.4685758054256439,-0.1595279723405838,0.9999588131904602,0.9999465942382812
186,3.101,13,LEFT_ELBOW,0.6482502222061157,0.539749026298523,-0.07534634321928024,0.9808696508407593,0.9995089769363403
186,3.101,14,RIGHT_ELBOW,0.40481463074684143,0.5390908122062683,-0.08474031835794449,0.9715415835380554,0.9997090697288513
186,3.101,15,LEFT_WRIST,0.6565614938735962,0.6008489727973938,-0.27872195839881897,0.985418975353241,0.9996291399002075
186,3.101,16,RIGHT_WRIST,0.39024361968040466,0.6036412119865417,-0.2377355545759201,0.9573895335197449,0.9988759160041809
186,3.101,17,LEFT_PINKY,0.6649309992790222,0.6210616230964661,-0.3295471966266632,0.9725707173347473,0.9993183612823486
186,3.101,18,RIGHT_PINKY,0.3803737461566925,0.6251250505447388,-0.28513503074645996,0.9298070669174194,0.9984111785888672
186,3.101,19,LEFT_INDEX,0.653658390045166,0.6200621724128723,-0.39314284920692444,0.9742732644081116,0.9993792772293091
186,3.101,20,RIGHT_INDEX,0.38805967569351196,0.6252843141555786,-0.3464773893356323,0.9363820552825928,0.9984176158905029
186,3.101,21,LEFT_THUMB,0.6468543410301208,0.6148754358291626,-0.30681416392326355,0.967289924621582,0.9995643496513367
186,3.101,22,RIGHT_THUMB,0.3975166082382202,0.619887113571167,-0.2656782269477844,0.9282504320144653,0.9988712668418884
186,3.101,23,LEFT_HIP,0.5884500741958618,0.6147497892379761,0.018867405131459236,0.9995390772819519,0.999492883682251
186,3.101,24,RIGHT_HIP,0.48783180117607117,0.6168954372406006,-0.01891733892261982,0.9999316930770874,0.9999500513076782
186,3.101,25,LEFT_KNEE,0.5778407454490662,0.7082942128181458,0.2529430687427521,0.9706767201423645,0.9994841814041138
186,3.101,26,RIGHT_KNEE,0.48840320110321045,0.71551513671875,-0.14199890196323395,0.9864552021026611,0.9999184608459473
186,3.101,27,LEFT_ANKLE,0.5588259696960449,0.7705355286598206,0.7622537016868591,0.9184366464614868,0.998630702495575
186,3.101,28,RIGHT_ANKLE,0.4835126996040344,0.8196130990982056,0.025125332176685333,0.977203369140625,0.9991061091423035
186,3.101,29,LEFT_HEEL,0.5483711957931519,0.7757707834243774,0.8082376718521118,0.7696974873542786,0.9983327984809875
186,3.101,30,RIGHT_HEEL,0.4983292818069458,0.8283185958862305,0.028523428365588188,0.8036465048789978,0.997870683670044
186,3.101,31,LEFT_FOOT_INDEX,0.5646498203277588,0.8077139258384705,0.658772349357605,0.9253120422363281,0.9967061877250671
186,3.101,32,RIGHT_FOOT_INDEX,0.4660910665988922,0.8612132668495178,-0.21431748569011688,0.9682980179786682,0.9877088069915771
187,3.117,0,NOSE,0.5243739485740662,0.4052385687828064,-0.5179405808448792,0.9999648928642273,0.9995719790458679
187,3.117,1,LEFT_EYE_INNER,0.5354706645011902,0.3968360126018524,-0.4888746440410614,0.999847948551178,0.998414158821106
187,3.117,2,LEFT_EYE,0.5398901700973511,0.397149920463562,-0.48890385031700134,0.9998430013656616,0.9984832406044006
187,3.117,3,LEFT_EYE_OUTER,0.5447626709938049,0.397506445646286,-0.488815575838089,0.9998116493225098,0.9984594583511353
187,3.117,4,RIGHT_EYE_INNER,0.5137765407562256,0.3968369662761688,-0.4905100464820862,0.999866783618927,0.9983854293823242
187,3.117,5,RIGHT_EYE,0.5053319334983826,0.3971426784992218,-0.49051734805107117,0.9998526573181152,0.9983383417129517
187,3.117,6,RIGHT_EYE_OUTER,0.4989436864852905,0.3975662589073181,-0.49064144492149353,0.9998396635055542,0.9982908368110657
187,3.117,7,LEFT_EAR,0.5539032816886902,0.4029961824417114,-0.29339438676834106,0.9995813369750977,0.9984694123268127
187,3.117,8,RIGHT_EAR,0.4898127317428589,0.404458612203598,-0.3085377812385559,0.9996030330657959,0.9984775185585022
187,3.117,9,MOUTH_LEFT,0.5366829633712769,0.4175054728984833,-0.4434024691581726,0.9999145269393921,0.9996892213821411
187,3.117,10,MOUTH_RIGHT,0.5113787651062012,0.41831347346305847,-0.44747352600097656,0.9999319911003113,0.9996622800827026
187,3.117,11,LEFT_SHOULDER,0.6144096255302429,0.4680268168449402,-0.16620010137557983,0.9999438524246216,0.9998010993003845
187,3.117,12,RIGHT_SHOULDER,0.43757447600364685,0.4684033989906311,-0.16272495687007904,0.9999592304229736,0.9999370574951172
187,3.117,13,LEFT_ELBOW,0.6463133096694946,0.5400919318199158,-0.07929929345846176,0.9817202091217041,0.9996533393859863
187,3.117,14,RIGHT_ELBOW,0.4037077724933624,0.5398911237716675,-0.08469084650278091,0.9714304804801941,0.9997113347053528
187,3.117,15,LEFT_WRIST,0.6565474271774292,0.6020795702934265,-0.27555927634239197,0.9858464598655701,0.9997292160987854
187,3.117,16,RIGHT_WRIST,0.3889930546283722,0.6052367687225342,-0.23727597296237946,0.9570551514625549,0.9988012313842773
187,3.117,17,LEFT_PINKY,0.6650910973548889,0.6228012442588806,-0.32516947388648987,0.9730749726295471,0.9994704127311707
187,3.117,18,RIGHT_PINKY,0.37858259677886963,0.6272029876708984,-0.2838064134120941,0.9290122985839844,0.9983373880386353
187,3.117,19,LEFT_INDEX,0.6541405320167542,0.6219545602798462,-0.3896094858646393,0.974778413772583,0.9995157718658447
187,3.117,20,RIGHT_INDEX,0.38623371720314026,0.6274428963661194,-0.34608450531959534,0.935937762260437,0.9983003735542297
187,3.117,21,LEFT_THUMB,0.6472873091697693,0.6166302561759949,-0.3035602867603302,0.9679998755455017,0.9996639490127563
187,3.117,22,RIGHT_THUMB,0.3962283730506897,0.6220868825912476,-0.265566349029541,0.9278119206428528,0.9987801909446716
187,3.117,23,LEFT_HIP,0.5863084197044373,0.61575847864151,0.016661671921610832,0.9995369911193848,0.9995296001434326
187,3.117,24,RIGHT_HIP,0.4847683906555176,0.6178203225135803,-0.016736872494220734,0.9999338984489441,0.9999423027038574
187,3.117,25,LEFT_KNEE,0.5767167806625366,0.7099429368972778,0.23931723833084106,0.9706697463989258,0.9995123147964478
187,3.117,26,RIGHT_KNEE,0.48656994104385376,0.7172577381134033,-0.1279626488685608,0.9867211580276489,0.9999003410339355
187,3.117,27,LEFT_ANKLE,0.5588508248329163,0.7703676819801331,0.7732837796211243,0.9159517884254456,0.998160183429718
187,3.117,28,RIGHT_ANKLE,0.4836133122444153,0.8225106000900269,0.03748094663023949,0.9770739078521729,0.9987413287162781
187,3.117,29,LEFT_HEEL,0.5491143465042114,0.7753350138664246,0.819057285785675,0.7667095065116882,0.9976945519447327
187,3.117,30,RIGHT_HEEL,0.49836498498916626,0.8311454653739929,0.0406833216547966,0.8029000759124756,0.9969850182533264
187,3.117,31,LEFT_FOOT_INDEX,0.5649111866950989,0.8075666427612305,0.666497528553009,0.9232093095779419,0.9956910014152527
187,3.117,32,RIGHT_FOOT_INDEX,0.46643340587615967,0.8622808456420898,-0.2026785910129547,0.9676817655563354,0.9839544296264648
188,3.134,0,NOSE,0.5214176177978516,0.4053959548473358,-0.48523011803627014,0.9999632239341736,0.9992606043815613
188,3.134,1,LEFT_EYE_INNER,0.5328642725944519,0.3968135416507721,-0.4563068747520447,0.9998391270637512,0.9972569346427917
188,3.134,2,LEFT_EYE,0.5375261306762695,0.3971298336982727,-0.45634645223617554,0.9998332858085632,0.9972612857818604
188,3.134,3,LEFT_EYE_OUTER,0.5422101020812988,0.39748555421829224,-0.45627039670944214,0.9997994899749756,0.9971144199371338
188,3.134,4,RIGHT_EYE_INNER,0.5105714797973633,0.3968065083026886,-0.4585013687610626,0.9998595118522644,0.9975072741508484
188,3.134,5,RIGHT_EYE,0.5021194219589233,0.39710676670074463,-0.458505243062973,0.999844491481781,0.9975261092185974
188,3.134,6,RIGHT_EYE_OUTER,0.49561989307403564,0.3975161612033844,-0.45862913131713867,0.9998315572738647,0.9975512623786926
188,3.134,7,LEFT_EAR,0.5518907904624939,0.40301254391670227,-0.26819363236427307,0.9995700716972351,0.9970861077308655
188,3.134,8,RIGHT_EAR,0.4869067072868347,0.4044061005115509,-0.28551018238067627,0.9995835423469543,0.997998058795929
188,3.134,9,MOUTH_LEFT,0.5339712500572205,0.4177309274673462,-0.41358447074890137,0.9999112486839294,0.9994581341743469
188,3.134,10,MOUTH_RIGHT,0.508437991142273,0.41864293813705444,-0.41818347573280334,0.9999285340309143,0.9994896650314331
188,3.134,11,LEFT_SHOULDER,0.6124914288520813,0.4683170020580292,-0.15173915028572083,0.9999397397041321,0.9995661377906799
188,3.134,12,RIGHT_SHOULDER,0.43459078669548035,0.46850302815437317,-0.15518677234649658,0.9999583959579468,0.9999039173126221
188,3.134,13,LEFT_ELBOW,0.6441551446914673,0.5409270524978638,-0.0729602575302124,0.982123076915741,0.9991084933280945
188,3.134,14,RIGHT_ELBOW,0.4020829200744629,0.5406954884529114,-0.07920537889003754,0.9707362651824951,0.9995279312133789
188,3.134,15,LEFT_WRIST,0.6564816236495972,0.6037133932113647,-0.26620474457740784,0.9859293103218079,0.9993410706520081
188,3.134,16,RIGHT_WRIST,0.3881421983242035,0.6055901646614075,-0.2322033792734146,0.9567328095436096,0.9983685612678528
188,3.134,17,LEFT_PINKY,0.6651731729507446,0.6243040561676025,-0.3156512975692749,0.9733018279075623,0.998731791973114
188,3.134,18,RIGHT_PINKY,0.37755513191223145,0.6276857852935791,-0.27878469228744507,0.9284629821777344,0.9974868297576904
188,3.134,19,LEFT_INDEX,0.654262363910675,0.6235889196395874,-0.3776986002922058,0.9749709963798523,0.9988640546798706
188,3.134,20,RIGHT_INDEX,0.38653117418289185,0.6276585459709167,-0.33899348974227905,0.9355839490890503,0.9975676536560059
188,3.134,21,LEFT_THUMB,0.6473110914230347,0.6185325980186462,-0.293400377035141,0.9683609008789062,0.9992189407348633
188,3.134,22,RIGHT_THUMB,0.39632201194763184,0.622104287147522,-0.25965455174446106,0.9278374314308167,0.9982727766036987
188,3.134,23,LEFT_HIP,0.5837830305099487,0.6178046464920044,0.006383439525961876,0.9994983077049255,0.9987691044807434
188,3.134,24,RIGHT_HIP,0.4815545082092285,0.620021641254425,-0.006412684917449951,0.9999304413795471,0.9998703002929688
188,3.134,25,LEFT_KNEE,0.5750032663345337,0.7111271023750305,0.2104557752609253,0.968300998210907,0.9981182813644409
188,3.134,26,RIGHT_KNEE,0.48352062702178955,0.7195859551429749,-0.11299825459718704,0.9850298166275024,0.9997016787528992
188,3.134,27,LEFT_ANKLE,0.5587561130523682,0.7704041600227356,0.6923887133598328,0.9053464531898499,0.9924317598342896
188,3.134,28,RIGHT_ANKLE,0.4847980737686157,0.8227213621139526,0.06762421876192093,0.9734758138656616,0.9959962368011475
188,3.134,29,LEFT_HEEL,0.5491223931312561,0.7763911485671997,0.7290123105049133,0.75333571434021,0.9905861020088196
188,3.134,30,RIGHT_HEEL,0.5000941157341003,0.832633376121521,0.07208697497844696,0.798470675945282,0.9902762174606323
188,3.134,31,LEFT_FOOT_INDEX,0.564297080039978,0.8083969354629517,0.5744213461875916,0.9137793779373169,0.9828229546546936
188,3.134,32,RIGHT_FOOT_INDEX,0.46608489751815796,0.8625666499137878,-0.1696297973394394,0.9626495242118835,0.9537782073020935
189,3.151,0,NOSE,0.5193657875061035,0.4057104289531708,-0.48009616136550903,0.9999644756317139,0.999651312828064
189,3.151,1,LEFT_EYE_INNER,0.530533492565155,0.3968171775341034,-0.45166173577308655,0.999843180179596,0.9986427426338196
189,3.151,2,LEFT_EYE,0.5352561473846436,0.3971289396286011,-0.45170074701309204,0.9998371601104736,0.9986409544944763
189,3.151,3,LEFT_EYE_OUTER,0.539872407913208,0.39746803045272827,-0.451633095741272,0.9998037815093994,0.9985530972480774
189,3.151,4,RIGHT_EYE_INNER,0.5084043741226196,0.3968144357204437,-0.4533712565898895,0.9998629689216614,0.9987479448318481
189,3.151,5,RIGHT_EYE,0.499861478805542,0.39710721373558044,-0.4533792734146118,0.9998483657836914,0.998724639415741
189,3.151,6,RIGHT_EYE_OUTER,0.4933655858039856,0.3974907100200653,-0.4535140097141266,0.9998359680175781,0.998703122138977
189,3.151,7,LEFT_EAR,0.5492741465568542,0.402986615896225,-0.26340988278388977,0.9995865225791931,0.9984779953956604
189,3.151,8,RIGHT_EAR,0.4843800365924835,0.4043106734752655,-0.2789054214954376,0.9995936155319214,0.9988754391670227
189,3.151,9,MOUTH_LEFT,0.5316488146781921,0.41803237795829773,-0.4078322947025299,0.9999139308929443,0.9996823072433472
189,3.151,10,MOUTH_RIGHT,0.5068736672401428,0.4189968407154083,-0.4119328260421753,0.9999302625656128,0.9996954202651978
189,3.151,11,LEFT_SHOULDER,0.610142171382904,0.46822527050971985,-0.14823491871356964,0.9999401569366455,0.9997534155845642
189,3.151,12,RIGHT_SHOULDER,0.43212637305259705,0.4685278534889221,-0.14859673380851746,0.9999585747718811,0.9999151229858398
189,3.151,13,LEFT_ELBOW,0.642627477645874,0.5407227277755737,-0.06866827607154846,0.9829058051109314,0.9995625615119934
189,3.151,14,RIGHT_ELBOW,0.3999637961387634,0.5411554574966431,-0.07539493590593338,0.9706100821495056,0.9996715784072876
189,3.151,15,LEFT_WRIST,0.6572761535644531,0.6043750047683716,-0.26070529222488403,0.9864948391914368,0.9996587038040161
189,3.151,16,RIGHT_WRIST,0.3873295485973358,0.6049140691757202,-0.22809389233589172,0.9578031897544861,0.9991149306297302
189,3.151,17,LEFT_PINKY,0.6659844517707825,0.6252374649047852,-0.3100849390029907,0.9742660522460938,0.999238133430481
189,3.151,18,RIGHT_PINKY,0.3763578534126282,0.6278696656227112,-0.2742355763912201,0.930097758769989,0.9985742568969727
189,3.151,19,LEFT_INDEX,0.6552990078926086,0.6244548559188843,-0.3713812232017517,0.9758785367012024,0.999327540397644
189,3.151,20,RIGHT_INDEX,0.386465847492218,0.6276801824569702,-0.33488062024116516,0.9370992183685303,0.998634397983551
189,3.151,21,LEFT_THUMB,0.6482186317443848,0.6191855072975159,-0.2875465750694275,0.9695886373519897,0.9995573163032532
189,3.151,22,RIGHT_THUMB,0.3960862159729004,0.6213756203651428,-0.25552353262901306,0.9295742511749268,0.999037504196167
189,3.151,23,LEFT_HIP,0.5804985165596008,0.6195486783981323,-0.0028160179499536753,0.999484658241272,0.9992879033088684
189,3.151,24,RIGHT_HIP,0.47899696230888367,0.6210581660270691,0.002801445545628667,0.9999282956123352,0.9999040365219116
189,3.151,25,LEFT_KNEE,0.5713133811950684,0.714221179485321,0.14352405071258545,0.9655740857124329,0.9985872507095337
189,3.151,26,RIGHT_KNEE,0.4808189570903778,0.7213382124900818,-0.10759995132684708,0.9831795692443848,0.9997380375862122
189,3.151,27,LEFT_ANKLE,0.5575332045555115,0.7703110575675964,0.6659509539604187,0.8937857151031494,0.9945337772369385
189,3.151,28,RIGHT_ANKLE,0.4849080443382263,0.824828565120697,0.09471818059682846,0.9706217050552368,0.996882438659668
189,3.151,29,LEFT_HEEL,0.5490612387657166,0.7761504650115967,0.6966716647148132,0.7395124435424805,0.9934654831886292
189,3.151,30,RIGHT_HEEL,0.5002562403678894,0.8344302773475647,0.1017339900135994,0.7960934042930603,0.9928117394447327
189,3.151,31,LEFT_FOOT_INDEX,0.5623169541358948,0.8078066110610962,0.542288064956665,0.9041113257408142,0.9877417087554932
189,3.151,32,RIGHT_FOOT_INDEX,0.46494606137275696,0.8642828464508057,-0.12771114706993103,0.9587011337280273,0.9666492342948914
190,3.167,0,NOSE,0.5179190635681152,0.4056769013404846,-0.48631930351257324,0.9999653697013855,0.9996289014816284
190,3.167,1,LEFT_EYE_INNER,0.5286216735839844,0.39661291241645813,-0.4567459225654602,0.9998453855514526,0.9986365437507629
190,3.167,2,LEFT_EYE,0.5334407687187195,0.3969193398952484,-0.45678240060806274,0.9998391270637512,0.9987180233001709
190,3.167,3,LEFT_EYE_OUTER,0.5378522276878357,0.39722439646720886,-0.45670750737190247,0.9998058676719666,0.9987132549285889
190,3.167,4,RIGHT_EYE_INNER,0.5065510869026184,0.3966737687587738,-0.45837336778640747,0.9998630881309509,0.998543381690979
190,3.167,5,RIGHT_EYE,0.49791356921195984,0.3969917595386505,-0.45836141705513,0.9998489618301392,0.9984585046768188
190,3.167,6,RIGHT_EYE_OUTER,0.4913197159767151,0.3973782956600189,-0.4584909677505493,0.9998363256454468,0.9983741044998169
190,3.167,7,LEFT_EAR,0.5472249984741211,0.40276533365249634,-0.2612563669681549,0.9995921850204468,0.9987719655036926
190,3.167,8,RIGHT_EAR,0.48202818632125854,0.4042937457561493,-0.2768149673938751,0.9995852112770081,0.9984824061393738
190,3.167,9,MOUTH_LEFT,0.5302222371101379,0.4179772138595581,-0.41111502051353455,0.999916672706604,0.9997393488883972
190,3.167,10,MOUTH_RIGHT,0.5055401921272278,0.41893360018730164,-0.4152514338493347,0.999932050704956,0.9996892213821411
190,3.167,11,LEFT_SHOULDER,0.6084544658660889,0.46804890036582947,-0.1410323977470398,0.9999428391456604,0.9998810291290283
190,3.167,12,RIGHT_SHOULDER,0.4296725392341614,0.4682832360267639,-0.14457839727401733,0.9999591112136841,0.9999125003814697
190,3.167,13,LEFT_ELBOW,0.6406004428863525,0.5402674078941345,-0.05052079260349274,0.9834966659545898,0.9997900128364563
190,3.167,14,RIGHT_ELBOW,0.3985278904438019,0.5414516925811768,-0.0740177184343338,0.9710772037506104,0.9996567964553833
190,3.167,15,LEFT_WRIST,0.6580522656440735,0.6043695211410522,-0.246052548289299,0.9869948625564575,0.9998552799224854
190,3.167,16,RIGHT_WRIST,0.38615456223487854,0.6060501337051392,-0.2285294383764267,0.9584001898765564,0.9991974234580994
190,3.167,17,LEFT_PINKY,0.6667700409889221,0.6255025863647461,-0.2967091202735901,0.9751265645027161,0.999679446220398
190,3.167,18,RIGHT_PINKY,0.3747105598449707,0.6290431618690491,-0.27699539065361023,0.9310784339904785,0.9988943934440613
190,3.167,19,LEFT_INDEX,0.656125545501709,0.6246782541275024,-0.364455908536911,0.9766849279403687,0.9996984004974365
190,3.167,20,RIGHT_INDEX,0.3856111168861389,0.6287517547607422,-0.33811241388320923,0.9380963444709778,0.9988596439361572
190,3.167,21,LEFT_THUMB,0.6488565802574158,0.6192360520362854,-0.2749771177768707,0.9706450700759888,0.9997968077659607
190,3.167,22,RIGHT_THUMB,0.3950729966163635,0.622491717338562,-0.25608035922050476,0.9306278228759766,0.9991825222969055
190,3.167,23,LEFT_HIP,0.5777549743652344,0.6210339665412903,-0.0014083971036598086,0.9995084404945374,0.9997871518135071
190,3.167,24,RIGHT_HIP,0.4753448963165283,0.6221035122871399,0.0013607227010652423,0.9999312162399292,0.9999486207962036
190,3.167,25,LEFT_KNEE,0.5702625513076782,0.7170069217681885,0.1713535487651825,0.9662981629371643,0.9997016787528992
190,3.167,26,RIGHT_KNEE,0.4801129400730133,0.7247037887573242,-0.10654148459434509,0.9836781024932861,0.9998759031295776
190,3.167,27,LEFT_ANKLE,0.5575646162033081,0.7702497243881226,0.7978577017784119,0.8926400542259216,0.998630166053772
190,3.167,28,RIGHT_ANKLE,0.48446592688560486,0.8255125284194946,0.11164616048336029,0.9706482291221619,0.9985182881355286
190,3.167,29,LEFT_HEEL,0.5490685701370239,0.7742947936058044,0.8507792353630066,0.7377632260322571,0.9983502626419067
190,3.167,30,RIGHT_HEEL,0.4978958070278168,0.8335379362106323,0.1212504506111145,0.7938498854637146,0.9969407320022583
190,3.167,31,LEFT_FOOT_INDEX,0.5624130368232727,0.8086338639259338,0.7075089812278748,0.9034678339958191,0.9966835379600525
190,3.167,32,RIGHT_FOOT_INDEX,0.467947781085968,0.865980863571167,-0.11769396811723709,0.9583372473716736,0.9844024181365967
191,3.184,0,NOSE,0.5155181288719177,0.40565985441207886,-0.5427395701408386,0.9999657869338989,0.9995819926261902
191,3.184,1,LEFT_EYE_INNER,0.526118278503418,0.3964488208293915,-0.5135645866394043,0.9998444318771362,0.998507559299469
191,3.184,2,LEFT_EYE,0.5311651825904846,0.39675480127334595,-0.5135769844055176,0.999837338924408,0.9985223412513733
191,3.184,3,LEFT_EYE_OUTER,0.535467267036438,0.3970533311367035,-0.513502299785614,0.9998029470443726,0.9984592199325562
191,3.184,4,RIGHT_EYE_INNER,0.5037761330604553,0.39655959606170654,-0.5149246454238892,0.9998613595962524,0.998598039150238
191,3.184,5,RIGHT_EYE,0.49523642659187317,0.39690062403678894,-0.5149280428886414,0.9998469948768616,0.9985528588294983
191,3.184,6,RIGHT_EYE_OUTER,0.488661527633667,0.39730313420295715,-0.5150441527366638,0.9998341798782349,0.9985241293907166
191,3.184,7,LEFT_EAR,0.5448194742202759,0.40264996886253357,-0.3088963031768799,0.9995936155319214,0.9984196424484253
191,3.184,8,RIGHT_EAR,0.4796152710914612,0.4042707681655884,-0.32166582345962524,0.9995718002319336,0.9986520409584045
191,3.184,9,MOUTH_LEFT,0.5279593467712402,0.41799357533454895,-0.46342962980270386,0.9999182224273682,0.9996839761734009
191,3.184,10,MOUTH_RIGHT,0.5030544996261597,0.4189700782299042,-0.4669122099876404,0.9999329447746277,0.9996715784072876
191,3.184,11,LEFT_SHOULDER,0.6061288714408875,0.4679025411605835,-0.1690099984407425,0.9999449253082275,0.9998437166213989
191,3.184,12,RIGHT_SHOULDER,0.4257729947566986,0.4684250056743622,-0.16952510178089142,0.9999595880508423,0.9999234676361084
191,3.184,13,LEFT_ELBOW,0.639814555644989,0.5396530628204346,-0.06591123342514038,0.9841396808624268,0.9997183680534363
191,3.184,14,RIGHT_ELBOW,0.39611002802848816,0.5416758060455322,-0.0850776806473732,0.971667468547821,0.9997015595436096
191,3.184,15,LEFT_WRIST,0.6587659120559692,0.6044475436210632,-0.26750701665878296,0.9873653054237366,0.9997795224189758
191,3.184,16,RIGHT_WRIST,0.3852173686027527,0.6065107583999634,-0.2438281923532486,0.9595895409584045,0.9993317723274231
191,3.184,17,LEFT_PINKY,0.6673917770385742,0.6254324316978455,-0.3193442225456238,0.9756272435188293,0.999523401260376
191,3.184,18,RIGHT_PINKY,0.3730141520500183,0.6297513842582703,-0.2958821952342987,0.9327888488769531,0.999018669128418
191,3.184,19,LEFT_INDEX,0.6567762494087219,0.6246269345283508,-0.38829243183135986,0.9771419763565063,0.9995506405830383
191,3.184,20,RIGHT_INDEX,0.38473865389823914,0.6294030547142029,-0.3562536835670471,0.9396548867225647,0.9990076422691345
191,3.184,21,LEFT_THUMB,0.64957594871521,0.6191844940185547,-0.29711058735847473,0.9713594317436218,0.9996987581253052
191,3.184,22,RIGHT_THUMB,0.39444732666015625,0.6229279637336731,-0.2711693346500397,0.9322309494018555,0.999301552772522
191,3.184,23,LEFT_HIP,0.5749669671058655,0.6223107576370239,-0.0007814558921381831,0.9995269179344177,0.9997617602348328
191,3.184,24,RIGHT_HIP,0.47290846705436707,0.6238263845443726,0.0007387275691144168,0.9999337196350098,0.9999551773071289
191,3.184,25,LEFT_KNEE,0.5703079700469971,0.7169831395149231,0.20617958903312683,0.9667910933494568,0.9996520280838013
191,3.184,26,RIGHT_KNEE,0.48014888167381287,0.7272925972938538,-0.04885878786444664,0.9841970801353455,0.9999020099639893
191,3.184,27,LEFT_ANKLE,0.5582728385925293,0.7653082013130188,0.8605908751487732,0.892102062702179,0.9989354014396667
191,3.184,28,RIGHT_ANKLE,0.48453816771507263,0.8243817090988159,0.23555178940296173,0.9714087843894958,0.9992274045944214
191,3.184,29,LEFT_HEEL,0.5513285398483276,0.7666265368461609,0.9178498983383179,0.7346195578575134,0.9988180994987488
191,3.184,30,RIGHT_HEEL,0.49759483337402344,0.831933319568634,0.25209781527519226,0.7979878783226013,0.9983866214752197
191,3.184,31,LEFT_FOOT_INDEX,0.5625869035720825,0.8078708052635193,0.7713911533355713,0.9035803079605103,0.9974602460861206
191,3.184,32,RIGHT_FOOT_INDEX,0.46974655985832214,0.8652008175849915,0.015546581707894802,0.9590317010879517,0.9902551770210266
192,3.201,0,NOSE,0.5151538848876953,0.4056297838687897,-0.5411784648895264,0.9999660849571228,0.9994788765907288
192,3.201,1,LEFT_EYE_INNER,0.524903416633606,0.3960726857185364,-0.510333776473999,0.9998447299003601,0.9983421564102173
192,3.201,2,LEFT_EYE,0.5295958518981934,0.39636507630348206,-0.5103456377983093,0.9998367428779602,0.9983574748039246
192,3.201,3,LEFT_EYE_OUTER,0.5342444181442261,0.39666783809661865,-0.5102956295013428,0.9998024702072144,0.9982886910438538
192,3.201,4,RIGHT_EYE_INNER,0.5034588575363159,0.39614933729171753,-0.5133540630340576,0.9998601078987122,0.9984258413314819
192,3.201,5,RIGHT_EYE,0.49488043785095215,0.39648202061653137,-0.5133721828460693,0.9998451471328735,0.9983633160591125
192,3.201,6,RIGHT_EYE_OUTER,0.4879228472709656,0.3968990743160248,-0.5134770274162292,0.9998325705528259,0.9983111619949341
192,3.201,7,LEFT_EAR,0.5428677797317505,0.40220576524734497,-0.299959659576416,0.9996042847633362,0.998362123966217
192,3.201,8,RIGHT_EAR,0.4784649908542633,0.4033481478691101,-0.3185933232307434,0.999569296836853,0.9984042048454285
192,3.201,9,MOUTH_LEFT,0.5269194841384888,0.4179767072200775,-0.45960456132888794,0.9999212026596069,0.9996145963668823
192,3.201,10,MOUTH_RIGHT,0.5024033784866333,0.4189549684524536,-0.46495044231414795,0.9999349117279053,0.9995881915092468
192,3.201,11,LEFT_SHOULDER,0.6034035086631775,0.46774736046791077,-0.15944485366344452,0.9999471306800842,0.9998233914375305
192,3.201,12,RIGHT_SHOULDER,0.4228344261646271,0.46832379698753357,-0.17110921442508698,0.999959409236908,0.999862790107727
192,3.201,13,LEFT_ELBOW,0.6388962864875793,0.5392394661903381,-0.05969388037919998,0.9844285845756531,0.9996435642242432
192,3.201,14,RIGHT_ELBOW,0.3941876292228699,0.5417705178260803,-0.08620984107255936,0.9722249507904053,0.9994989633560181
192,3.201,15,LEFT_WRIST,0.658935546875,0.6053411364555359,-0.2655417025089264,0.9875182509422302,0.9997573494911194
192,3.201,16,RIGHT_WRIST,0.3839055001735687,0.6070898175239563,-0.24904081225395203,0.9605004787445068,0.9990547299385071
192,3.201,17,LEFT_PINKY,0.667662501335144,0.6262941360473633,-0.31496450304985046,0.975800096988678,0.9994413256645203
192,3.201,18,RIGHT_PINKY,0.3722655177116394,0.6304439902305603,-0.3050532042980194,0.9342747330665588,0.9985746145248413
192,3.201,19,LEFT_INDEX,0.657212495803833,0.6258519887924194,-0.37983980774879456,0.9772709608078003,0.999478280544281
192,3.201,20,RIGHT_INDEX,0.3848128616809845,0.6299508810043335,-0.3656652271747589,0.9408558011054993,0.99859219789505
192,3.201,21,LEFT_THUMB,0.6500232815742493,0.6203802824020386,-0.2924475073814392,0.9717536568641663,0.9996592998504639
192,3.201,22,RIGHT_THUMB,0.3936835527420044,0.6234782934188843,-0.27685388922691345,0.9334664940834045,0.9989976286888123
192,3.201,23,LEFT_HIP,0.5729411840438843,0.623565137386322,0.0012826648307964206,0.9995421171188354,0.9997126460075378
192,3.201,24,RIGHT_HIP,0.4701172113418579,0.6260814666748047,-0.0012821995187550783,0.9999330043792725,0.9999184608459473
192,3.201,25,LEFT_KNEE,0.5735098123550415,0.7171807885169983,0.17846210300922394,0.9672404527664185,0.9993864297866821
192,3.201,26,RIGHT_KNEE,0.4801502227783203,0.7321848273277283,-0.00931567046791315,0.9845162034034729,0.9997785687446594
192,3.201,27,LEFT_ANKLE,0.5583232641220093,0.7623536586761475,0.8141800761222839,0.8894814848899841,0.9986069798469543
192,3.201,28,RIGHT_ANKLE,0.48460257053375244,0.8247976303100586,0.3531307876110077,0.9721616506576538,0.9986942410469055
192,3.201,29,LEFT_HEEL,0.5517216920852661,0.7634386420249939,0.8714706301689148,0.7293950915336609,0.9985511898994446
192,3.201,30,RIGHT_HEEL,0.4968310296535492,0.8318008780479431,0.37826186418533325,0.8028703927993774,0.9975497126579285
192,3.201,31,LEFT_FOOT_INDEX,0.5634470582008362,0.807286262512207,0.7256757020950317,0.9019240736961365,0.9961771965026855
192,3.201,32,RIGHT_FOOT_INDEX,0.47082051634788513,0.8677350878715515,0.1469670534133911,0.9595692157745361,0.9858978986740112
193,3.217,0,NOSE,0.5161053538322449,0.40327438712120056,-0.5323930978775024,0.9999675750732422,0.9997078776359558
193,3.217,1,LEFT_EYE_INNER,0.5245395302772522,0.3935335576534271,-0.501288890838623,0.9998507499694824,0.9990020394325256
193,3.217,2,LEFT_EYE,0.5295146107673645,0.39382311701774597,-0.501287579536438,0.9998425841331482,0.9989989399909973
193,3.217,3,LEFT_EYE_OUTER,0.53492271900177,0.39417141675949097,-0.5012012124061584,0.9998086094856262,0.9989537000656128
193,3.217,4,RIGHT_EYE_INNER,0.5037916898727417,0.3937579393386841,-0.5053560137748718,0.9998651742935181,0.9991022348403931
193,3.217,5,RIGHT_EYE,0.49524378776550293,0.3943053185939789,-0.5053614377975464,0.9998504519462585,0.9990756511688232
193,3.217,6,RIGHT_EYE_OUTER,0.4877699613571167,0.39500150084495544,-0.5054436922073364,0.9998382925987244,0.9990666508674622
193,3.217,7,LEFT_EAR,0.542552649974823,0.3993969261646271,-0.2926662564277649,0.9996228814125061,0.9990463852882385
193,3.217,8,RIGHT_EAR,0.47741326689720154,0.40115708112716675,-0.31548064947128296,0.9995864033699036,0.9992066025733948
193,3.217,9,MOUTH_LEFT,0.5272395610809326,0.41565197706222534,-0.4519836902618408,0.9999252557754517,0.999792754650116
193,3.217,10,MOUTH_RIGHT,0.5036435723304749,0.4168231189250946,-0.45846498012542725,0.9999382495880127,0.9997944235801697
193,3.217,11,LEFT_SHOULDER,0.6027547121047974,0.4668120741844177,-0.15331493318080902,0.9999500513076782,0.999902606010437
193,3.217,12,RIGHT_SHOULDER,0.4209328293800354,0.46807417273521423,-0.17926301062107086,0.9999611377716064,0.999954104423523
193,3.217,13,LEFT_ELBOW,0.637831449508667,0.5388461351394653,-0.05246565490961075,0.9846228361129761,0.9997521042823792
193,3.217,14,RIGHT_ELBOW,0.39030319452285767,0.5411304831504822,-0.10344486683607101,0.9733102321624756,0.9997097849845886
193,3.217,15,LEFT_WRIST,0.6593612432479858,0.6060603260993958,-0.25569817423820496,0.9877921938896179,0.9998335838317871
193,3.217,16,RIGHT_WRIST,0.3832314610481262,0.6068457961082458,-0.2601662576198578,0.9621217846870422,0.9994202852249146
193,3.217,17,LEFT_PINKY,0.6681181788444519,0.6263694763183594,-0.30449044704437256,0.9762558937072754,0.999606192111969
193,3.217,18,RIGHT_PINKY,0.37271571159362793,0.6301480531692505,-0.3163835108280182,0.936745822429657,0.9990823268890381
193,3.217,19,LEFT_INDEX,0.6573805212974548,0.6257164478302002,-0.37567275762557983,0.9776416420936584,0.9996390342712402
193,3.217,20,RIGHT_INDEX,0.38523778319358826,0.6294165253639221,-0.37555408477783203,0.9429906010627747,0.9991074204444885
193,3.217,21,LEFT_THUMB,0.6501595377922058,0.6201890707015991,-0.2851138114929199,0.9724633097648621,0.9997665286064148
193,3.217,22,RIGHT_THUMB,0.3937998414039612,0.622873842716217,-0.28732961416244507,0.935735821723938,0.9993957281112671
193,3.217,23,LEFT_HIP,0.5714334845542908,0.623920202255249,0.006436494644731283,0.9995653033256531,0.9998477697372437
193,3.217,24,RIGHT_HIP,0.4674704372882843,0.6272470355033875,-0.0064307088032364845,0.9999362826347351,0.9999706745147705
193,3.217,25,LEFT_KNEE,0.5795953273773193,0.7150886058807373,0.24569052457809448,0.9683099389076233,0.9997795224189758
193,3.217,26,RIGHT_KNEE,0.4790661931037903,0.7308151721954346,-0.010841146111488342,0.985379695892334,0.9999388456344604
193,3.217,27,LEFT_ANKLE,0.5608872771263123,0.759716808795929,0.9000957012176514,0.894285261631012,0.9993545413017273
193,3.217,28,RIGHT_ANKLE,0.48463794589042664,0.8257138729095459,0.3052997589111328,0.9738306999206543,0.9995336532592773
193,3.217,29,LEFT_HEEL,0.5528217554092407,0.7611643671989441,0.9575300216674805,0.7356091737747192,0.9992637038230896
193,3.217,30,RIGHT_HEEL,0.49663254618644714,0.832962691783905,0.32511651515960693,0.8124769926071167,0.9989385008811951
193,3.217,31,LEFT_FOOT_INDEX,0.5691982507705688,0.8052746653556824,0.8131205439567566,0.9059746265411377,0.997829258441925
193,3.217,32,RIGHT_FOOT_INDEX,0.4707835912704468,0.867865264415741,0.09236053377389908,0.9615771770477295,0.9915129542350769
194,3.234,0,NOSE,0.5163273215293884,0.40259864926338196,-0.5220576524734497,0.9999693036079407,0.9997280240058899
194,3.234,1,LEFT_EYE_INNER,0.5247695446014404,0.39230844378471375,-0.4920656979084015,0.9998579025268555,0.998975396156311
194,3.234,2,LEFT_EYE,0.5294494032859802,0.39258086681365967,-0.4920331537723541,0.9998496770858765,0.9989607334136963
194,3.234,3,LEFT_EYE_OUTER,0.5347532033920288,0.3928893506526947,-0.4919324517250061,0.9998162984848022,0.9989004135131836
194,3.234,4,RIGHT_EYE_INNER,0.5043465495109558,0.3924403190612793,-0.4959903955459595,0.9998716711997986,0.999121367931366
194,3.234,5,RIGHT_EYE,0.4957897663116455,0.392869770526886,-0.49599847197532654,0.999857485294342,0.9991149306297302
194,3.234,6,RIGHT_EYE_OUTER,0.4882291555404663,0.3934679329395294,-0.49607768654823303,0.9998459815979004,0.9991220831871033
194,3.234,7,LEFT_EAR,0.5421071648597717,0.3983193039894104,-0.29019662737846375,0.9996415376663208,0.9989480376243591
194,3.234,8,RIGHT_EAR,0.4772004783153534,0.3994927406311035,-0.3135146498680115,0.999605655670166,0.9992885589599609
194,3.234,9,MOUTH_LEFT,0.52707839012146,0.41515547037124634,-0.44459572434425354,0.9999292492866516,0.9998082518577576
194,3.234,10,MOUTH_RIGHT,0.5036055445671082,0.41620567440986633,-0.45104435086250305,0.9999415874481201,0.9998214840888977
194,3.234,11,LEFT_SHOULDER,0.6024593710899353,0.4667762517929077,-0.15414685010910034,0.9999521374702454,0.9998776912689209
194,3.234,12,RIGHT_SHOULDER,0.41827282309532166,0.4678647220134735,-0.18902131915092468,0.999963104724884,0.999961256980896
194,3.234,13,LEFT_ELBOW,0.637572705745697,0.539016842842102,-0.052333731204271317,0.9847453832626343,0.9996601343154907
194,3.234,14,RIGHT_ELBOW,0.3870403468608856,0.5405189394950867,-0.12606538832187653,0.9741183519363403,0.9997377991676331
194,3.234,15,LEFT_WRIST,0.659652590751648,0.6064586043357849,-0.25029727816581726,0.9879630208015442,0.9997767806053162
194,3.234,16,RIGHT_WRIST,0.38279855251312256,0.6057261228561401,-0.2732997536659241,0.9635239839553833,0.9995272159576416
194,3.234,17,LEFT_PINKY,0.6682188510894775,0.6263667345046997,-0.295452356338501,0.9765390157699585,0.9994878768920898
194,3.234,18,RIGHT_PINKY,0.3734048008918762,0.6292533278465271,-0.32842737436294556,0.9388487339019775,0.9992446899414062
194,3.234,19,LEFT_INDEX,0.6575544476509094,0.6255521774291992,-0.36817795038223267,0.977871298789978,0.999535322189331
194,3.234,20,RIGHT_INDEX,0.38565197587013245,0.6283087134361267,-0.3815341591835022,0.9447612166404724,0.9992778897285461
194,3.234,21,LEFT_THUMB,0.6504160761833191,0.6199233531951904,-0.2803672254085541,0.9729893803596497,0.9996941089630127
194,3.234,22,RIGHT_THUMB,0.39411768317222595,0.6216481924057007,-0.2978951036930084,0.9376094937324524,0.9995032548904419
194,3.234,23,LEFT_HIP,0.5691766738891602,0.6245453953742981,0.008480250835418701,0.9995803833007812,0.9998444318771362
194,3.234,24,RIGHT_HIP,0.4638243019580841,0.6286618709564209,-0.008504807949066162,0.9999387860298157,0.9999744892120361
194,3.234,25,LEFT_KNEE,0.581936240196228,0.7134970426559448,0.25190427899360657,0.9689880013465881,0.9998319149017334
194,3.234,26,RIGHT_KNEE,0.47825318574905396,0.7306244373321533,-0.019072651863098145,0.9861053228378296,0.9999605417251587
194,3.234,27,LEFT_ANKLE,0.5625886917114258,0.7572396993637085,0.8823555111885071,0.8995211124420166,0.9995163679122925
194,3.234,28,RIGHT_ANKLE,0.48472103476524353,0.8257675766944885,0.2963584065437317,0.9754772782325745,0.9996820688247681
194,3.234,29,LEFT_HEEL,0.5543087720870972,0.7574347853660583,0.9377487897872925,0.7430240511894226,0.9994737505912781
194,3.234,30,RIGHT_HEEL,0.49668148159980774,0.8332990407943726,0.31650620698928833,0.8220864534378052,0.9992772936820984
194,3.234,31,LEFT_FOOT_INDEX,0.5732612609863281,0.8044858574867249,0.7955709099769592,0.9106212854385376,0.9983500242233276
194,3.234,32,RIGHT_FOOT_INDEX,0.4699920415878296,0.8667806386947632,0.0901324450969696,0.9636821746826172,0.9939407110214233
195,3.251,0,NOSE,0.5161609649658203,0.40178921818733215,-0.5189576148986816,0.9999704957008362,0.9996411800384521
195,3.251,1,LEFT_EYE_INNER,0.5246434211730957,0.39125856757164,-0.48808911442756653,0.999863862991333,0.9988632202148438
195,3.251,2,LEFT_EYE,0.5292701721191406,0.3914763033390045,-0.48808208107948303,0.9998559951782227,0.9988836646080017
195,3.251,3,LEFT_EYE_OUTER,0.5347166657447815,0.39174824953079224,-0.4879944324493408,0.9998242855072021,0.9988470077514648
195,3.251,4,RIGHT_EYE_INNER,0.5040445923805237,0.39133358001708984,-0.4910833239555359,0.9998753666877747,0.9988262057304382
195,3.251,5,RIGHT_EYE,0.4953485429286957,0.39171102643013,-0.4910908341407776,0.9998615384101868,0.9987117052078247
195,3.251,6,RIGHT_EYE_OUTER,0.4876512289047241,0.3922530710697174,-0.49117425084114075,0.9998501539230347,0.9986128807067871
195,3.251,7,LEFT_EAR,0.5421310663223267,0.39707228541374207,-0.28350967168807983,0.9996619820594788,0.998991072177887
195,3.251,8,RIGHT_EAR,0.4763706922531128,0.39801129698753357,-0.30358773469924927,0.9996193647384644,0.9986022114753723
195,3.251,9,MOUTH_LEFT,0.5268007516860962,0.41451406478881836,-0.4402720630168915,0.9999333620071411,0.9997571110725403
195,3.251,10,MOUTH_RIGHT,0.5028811097145081,0.4155377149581909,-0.44546422362327576,0.9999444484710693,0.9996966123580933
195,3.251,11,LEFT_SHOULDER,0.602311372756958,0.4662616550922394,-0.1498045176267624,0.9999547600746155,0.9999024868011475
195,3.251,12,RIGHT_SHOULDER,0.4169541895389557,0.4677006006240845,-0.1770976334810257,0.9999618530273438,0.9998186230659485
195,3.251,13,LEFT_ELBOW,0.6371214985847473,0.538978636264801,-0.0434340201318264,0.9851062893867493,0.9997362494468689
195,3.251,14,RIGHT_ELBOW,0.38481396436691284,0.5400251746177673,-0.11703547090291977,0.9743934273719788,0.9993014335632324
195,3.251,15,LEFT_WRIST,0.6600510478019714,0.606964111328125,-0.23672570288181305,0.9883680939674377,0.9998303651809692
195,3.251,16,RIGHT_WRIST,0.3831941783428192,0.6048614382743835,-0.2938682734966278,0.9637790322303772,0.999071478843689
195,3.251,17,LEFT_PINKY,0.6684331297874451,0.6265445351600647,-0.2863810360431671,0.9772319793701172,0.9995445609092712
195,3.251,18,RIGHT_PINKY,0.3739337623119354,0.6282157301902771,-0.3542158305644989,0.9392328858375549,0.9985204339027405
195,3.251,19,LEFT_INDEX,0.6579695343971252,0.6253882050514221,-0.3580836355686188,0.9785243272781372,0.9995984435081482
195,3.251,20,RIGHT_INDEX,0.385723739862442,0.6272929310798645,-0.4076347053050995,0.9449038505554199,0.9986306428909302
195,3.251,21,LEFT_THUMB,0.6508321762084961,0.6195759177207947,-0.26661112904548645,0.9738894701004028,0.9997473359107971
195,3.251,22,RIGHT_THUMB,0.39446139335632324,0.6207337975502014,-0.3196302056312561,0.9378357529640198,0.9990227222442627
195,3.251,23,LEFT_HIP,0.5668314695358276,0.6245042681694031,0.008480486460030079,0.9995938539505005,0.999772846698761
195,3.251,24,RIGHT_HIP,0.4589455723762512,0.6284884810447693,-0.008503795601427555,0.9999347925186157,0.9998779296875
195,3.251,25,LEFT_KNEE,0.5819786190986633,0.7138631343841553,0.20585192739963531,0.9695737361907959,0.9996228218078613
195,3.251,26,RIGHT_KNEE,0.47688955068588257,0.7299069166183472,0.03665249049663544,0.9858729839324951,0.9997407793998718
195,3.251,27,LEFT_ANKLE,0.5626470446586609,0.7596990466117859,0.800384521484375,0.9030627012252808,0.9989846348762512
195,3.251,28,RIGHT_ANKLE,0.48479151725769043,0.8251131176948547,0.44815438985824585,0.9755491018295288,0.9988695979118347
195,3.251,29,LEFT_HEEL,0.5542684197425842,0.7592241764068604,0.8507416248321533,0.7469464540481567,0.998863697052002
195,3.251,30,RIGHT_HEEL,0.49556195735931396,0.8320668339729309,0.47910603880882263,0.824891984462738,0.9979827404022217
195,3.251,31,LEFT_FOOT_INDEX,0.5731721520423889,0.8080357313156128,0.6959341764450073,0.9135919213294983,0.9959666728973389
195,3.251,32,RIGHT_FOOT_INDEX,0.47113820910453796,0.8665140271186829,0.2539999186992645,0.9635220766067505,0.9877991676330566
196,3.267,0,NOSE,0.5156593322753906,0.3998492360115051,-0.4525097608566284,0.9999722242355347,0.9997765421867371
196,3.267,1,LEFT_EYE_INNER,0.5242352485656738,0.3895650804042816,-0.4220690429210663,0.9998714923858643,0.9992457628250122
196,3.267,2,LEFT_EYE,0.5289468765258789,0.38979044556617737,-0.42204156517982483,0.9998642206192017,0.9992485642433167
196,3.267,3,LEFT_EYE_OUTER,0.5340412855148315,0.390051007270813,-0.42197075486183167,0.9998345375061035,0.9992252588272095
196,3.267,4,RIGHT_EYE_INNER,0.5033571720123291,0.3896426260471344,-0.4257866144180298,0.9998819828033447,0.9992757439613342
196,3.267,5,RIGHT_EYE,0.4945833086967468,0.39005565643310547,-0.4258052408695221,0.9998688101768494,0.9992245435714722
196,3.267,6,RIGHT_EYE_OUTER,0.4870384633541107,0.3905693292617798,-0.4258750081062317,0.9998579621315002,0.9991937279701233
196,3.267,7,LEFT_EAR,0.5414937138557434,0.3953970968723297,-0.2370648980140686,0.9996868968009949,0.9993919134140015
196,3.267,8,RIGHT_EAR,0.4758206307888031,0.3963993191719055,-0.25614139437675476,0.9996419548988342,0.9993334412574768
196,3.267,9,MOUTH_LEFT,0.5264702439308167,0.4127331078052521,-0.38262510299682617,0.9999380707740784,0.9998500347137451
196,3.267,10,MOUTH_RIGHT,0.5023491382598877,0.4139702022075653,-0.3877893090248108,0.9999479651451111,0.9998272061347961
196,3.267,11,LEFT_SHOULDER,0.6019716262817383,0.4655713140964508,-0.1324111521244049,0.9999569058418274,0.9999229907989502
196,3.267,12,RIGHT_SHOULDER,0.41656041145324707,0.4668603241443634,-0.1647588312625885,0.9999616742134094,0.9998983144760132
196,3.267,13,LEFT_ELBOW,0.6371415853500366,0.5387376546859741,-0.020632902160286903,0.9856916666030884,0.999727189540863
196,3.267,14,RIGHT_ELBOW,0.38211843371391296,0.5399820804595947,-0.1026609018445015,0.9749779105186462,0.9994853734970093
196,3.267,15,LEFT_WRIST,0.6604354381561279,0.6070640087127686,-0.16432978212833405,0.9886944890022278,0.999775230884552
196,3.267,16,RIGHT_WRIST,0.3836369216442108,0.6041736006736755,-0.21330444514751434,0.9646118879318237,0.9992450475692749
196,3.267,17,LEFT_PINKY,0.6688192486763,0.6264433264732361,-0.20127832889556885,0.977881908416748,0.9992755055427551
196,3.267,18,RIGHT_PINKY,0.37430453300476074,0.6277677416801453,-0.2561790347099304,0.9401854872703552,0.9985135197639465
196,3.267,19,LEFT_INDEX,0.6585279703140259,0.6255995035171509,-0.26211825013160706,0.979106605052948,0.9993818998336792
196,3.267,20,RIGHT_INDEX,0.3859706521034241,0.6267445683479309,-0.3006388545036316,0.9455564618110657,0.9986683130264282
196,3.267,21,LEFT_THUMB,0.6514014005661011,0.6197919845581055,-0.18953083455562592,0.9747973084449768,0.9996422529220581
196,3.267,22,RIGHT_THUMB,0.3947354257106781,0.6200305223464966,-0.23346790671348572,0.9388019442558289,0.9990798234939575
196,3.267,23,LEFT_HIP,0.5657700300216675,0.6232684254646301,0.007700022775679827,0.9995945692062378,0.999823272228241
196,3.267,24,RIGHT_HIP,0.4568362832069397,0.6273186802864075,-0.007708438206464052,0.9999243021011353,0.9999133348464966
196,3.267,25,LEFT_KNEE,0.5840938687324524,0.7129271626472473,0.004013972356915474,0.9695797562599182,0.9994423985481262
196,3.267,26,RIGHT_KNEE,0.47356367111206055,0.7299758791923523,0.005017590709030628,0.9845278859138489,0.999711811542511
196,3.267,27,LEFT_ANKLE,0.5628396272659302,0.7650666832923889,0.532499372959137,0.9028123021125793,0.9987510442733765
196,3.267,28,RIGHT_ANKLE,0.4848291575908661,0.8291267156600952,0.3376438617706299,0.9753224849700928,0.9984481334686279
196,3.267,29,LEFT_HEEL,0.5542349815368652,0.7639607787132263,0.5780355334281921,0.7383078932762146,0.9986177682876587
196,3.267,30,RIGHT_HEEL,0.49551528692245483,0.8372092843055725,0.36122679710388184,0.8258519172668457,0.9968430995941162
196,3.267,31,LEFT_FOOT_INDEX,0.5714158415794373,0.8155010938644409,0.44482043385505676,0.9136866331100464,0.9945791959762573
196,3.267,32,RIGHT_FOOT_INDEX,0.47104117274284363,0.868620753288269,0.15958359837532043,0.9631809592247009,0.9817481637001038
197,3.284,0,NOSE,0.5165311098098755,0.3981229066848755,-0.35817834734916687,0.9999740719795227,0.9998588562011719
197,3.284,1,LEFT_EYE_INNER,0.5247409343719482,0.38782015442848206,-0.3324861526489258,0.9998793601989746,0.9993645548820496
197,3.284,2,LEFT_EYE,0.5293624401092529,0.388004332780838,-0.33247244358062744,0.9998729228973389,0.9993757605552673
197,3.284,3,LEFT_EYE_OUTER,0.5345227122306824,0.3882276117801666,-0.3323870301246643,0.999845027923584,0.9993659853935242
197,3.284,4,RIGHT_EYE_INNER,0.5039593577384949,0.38780221343040466,-0.33782604336738586,0.9998891353607178,0.9993725419044495
197,3.284,5,RIGHT_EYE,0.49504366517066956,0.38811665773391724,-0.33785995841026306,0.9998769164085388,0.9993294477462769
197,3.284,6,RIGHT_EYE_OUTER,0.4873354732990265,0.38856515288352966,-0.3379482328891754,0.9998665452003479,0.999299168586731
197,3.284,7,LEFT_EAR,0.5413041114807129,0.39363643527030945,-0.17968524992465973,0.9997106790542603,0.9995182752609253
197,3.284,8,RIGHT_EAR,0.475566565990448,0.3944334387779236,-0.20563280582427979,0.9996680617332458,0.9994593262672424
197,3.284,9,MOUTH_LEFT,0.5269867777824402,0.4110713303089142,-0.30078625679016113,0.9999426603317261,0.9999017715454102
197,3.284,10,MOUTH_RIGHT,0.5031299591064453,0.41224899888038635,-0.30801236629486084,0.9999516606330872,0.9998950958251953
197,3.284,11,LEFT_SHOULDER,0.6016526818275452,0.4650972783565521,-0.10699774324893951,0.999958872795105,0.9999451637268066
197,3.284,12,RIGHT_SHOULDER,0.4144402742385864,0.46580377221107483,-0.1468527615070343,0.9999622702598572,0.9999332427978516
197,3.284,13,LEFT_ELBOW,0.6369875073432922,0.538560688495636,-0.0057599833235144615,0.9862217903137207,0.9997547268867493
197,3.284,14,RIGHT_ELBOW,0.38100194931030273,0.5397132635116577,-0.09488817304372787,0.9759606122970581,0.9995636343955994
197,3.284,15,LEFT_WRIST,0.661043643951416,0.6062341332435608,-0.12555734813213348,0.9888954758644104,0.9997978806495667
197,3.284,16,RIGHT_WRIST,0.3839930295944214,0.6038436889648438,-0.17600604891777039,0.965718150138855,0.9994171857833862
197,3.284,17,LEFT_PINKY,0.6691738963127136,0.6257612109184265,-0.1553669571876526,0.9784807562828064,0.9993484616279602
197,3.284,18,RIGHT_PINKY,0.3746766149997711,0.6271610856056213,-0.21143312752246857,0.9419743418693542,0.9987810254096985
197,3.284,19,LEFT_INDEX,0.6592034101486206,0.6248769164085388,-0.2089264690876007,0.9796227812767029,0.9994581341743469
197,3.284,20,RIGHT_INDEX,0.3861387372016907,0.6261970400810242,-0.25235652923583984,0.9469850063323975,0.9989516735076904
197,3.284,21,LEFT_THUMB,0.652326226234436,0.6190645694732666,-0.14769241213798523,0.9756477475166321,0.9996896982192993
197,3.284,22,RIGHT_THUMB,0.3948057293891907,0.6199744343757629,-0.19420333206653595,0.9406545162200928,0.9992832541465759
197,3.284,23,LEFT_HIP,0.565338671207428,0.6223310232162476,0.007197705563157797,0.9996036887168884,0.9998806715011597
197,3.284,24,RIGHT_HIP,0.45487329363822937,0.6267307996749878,-0.007202817127108574,0.999918520450592,0.9999357461929321
197,3.284,25,LEFT_KNEE,0.5844920873641968,0.712515115737915,0.016375873237848282,0.9699946045875549,0.999627947807312
197,3.284,26,RIGHT_KNEE,0.4726998209953308,0.7321783900260925,0.0002811436716001481,0.9834860563278198,0.999765932559967
197,3.284,27,LEFT_ANKLE,0.5645142197608948,0.7672586441040039,0.4612552225589752,0.9056597948074341,0.998302698135376
197,3.284,28,RIGHT_ANKLE,0.48462003469467163,0.8292875289916992,0.30953413248062134,0.9754089117050171,0.9981437921524048
197,3.284,29,LEFT_HEEL,0.5550347566604614,0.7694222331047058,0.4979112446308136,0.7343953251838684,0.9979453682899475
197,3.284,30,RIGHT_HEEL,0.49469345808029175,0.837891697883606,0.33009469509124756,0.8278437852859497,0.996009349822998
197,3.284,31,LEFT_FOOT_INDEX,0.5713906288146973,0.819449245929718,0.3845728933811188,0.915310263633728,0.9908983111381531
197,3.284,32,RIGHT_FOOT_INDEX,0.4687238931655884,0.8689449429512024,0.15946470201015472,0.963021993637085,0.9762730002403259
198,3.301,0,NOSE,0.5164597630500793,0.39740461111068726,-0.38661280274391174,0.9999749064445496,0.9997209906578064
198,3.301,1,LEFT_EYE_INNER,0.524398684501648,0.38704851269721985,-0.35484662652015686,0.9998834729194641,0.9991123080253601
198,3.301,2,LEFT_EYE,0.5290637016296387,0.38719573616981506,-0.3547925353050232,0.9998772740364075,0.9991231560707092
198,3.301,3,LEFT_EYE_OUTER,0.5345710515975952,0.38743406534194946,-0.3547471761703491,0.9998505115509033,0.9990983009338379
198,3.301,4,RIGHT_EYE_INNER,0.5038103461265564,0.38689249753952026,-0.3613806664943695,0.9998920559883118,0.9990915060043335
198,3.301,5,RIGHT_EYE,0.49493396282196045,0.3870948851108551,-0.3614492118358612,0.9998798370361328,0.9990059733390808
198,3.301,6,RIGHT_EYE_OUTER,0.4869394898414612,0.38744744658470154,-0.36149775981903076,0.9998695254325867,0.9989352822303772
198,3.301,7,LEFT_EAR,0.5410934686660767,0.3928054869174957,-0.1809883415699005,0.9997268319129944,0.9992818236351013
198,3.301,8,RIGHT_EAR,0.4752670228481293,0.3931747078895569,-0.20746636390686035,0.99968022108078,0.9990398287773132
198,3.301,9,MOUTH_LEFT,0.5263322591781616,0.41025590896606445,-0.31927841901779175,0.9999456405639648,0.9998158812522888
198,3.301,10,MOUTH_RIGHT,0.5025706887245178,0.41119667887687683,-0.3268737494945526,0.9999536871910095,0.9997710585594177
198,3.301,11,LEFT_SHOULDER,0.6016415953636169,0.46445947885513306,-0.10879527777433395,0.9999606013298035,0.9999200105667114
198,3.301,12,RIGHT_SHOULDER,0.413705438375473,0.46487849950790405,-0.14930225908756256,0.999961256980896,0.9998524188995361
198,3.301,13,LEFT_ELBOW,0.6369388103485107,0.5384387969970703,-0.010405497625470161,0.986473798751831,0.9997171759605408
198,3.301,14,RIGHT_ELBOW,0.3800901770591736,0.5395371913909912,-0.09703577309846878,0.9761505722999573,0.9992868304252625
198,3.301,15,LEFT_WRIST,0.6612070202827454,0.6058115363121033,-0.15919609367847443,0.9890124201774597,0.9997491240501404
198,3.301,16,RIGHT_WRIST,0.38430914282798767,0.6033757925033569,-0.20460130274295807,0.9655930995941162,0.9987786412239075
198,3.301,17,LEFT_PINKY,0.6692627668380737,0.625640332698822,-0.1987290382385254,0.9787129163742065,0.9992226362228394
198,3.301,18,RIGHT_PINKY,0.37496116757392883,0.6269709467887878,-0.24975422024726868,0.9415806531906128,0.9977642297744751
198,3.301,19,LEFT_INDEX,0.6591690182685852,0.6247109174728394,-0.2567182779312134,0.9798353314399719,0.9993481040000916
198,3.301,20,RIGHT_INDEX,0.38619115948677063,0.625729501247406,-0.29381558299064636,0.9464389681816101,0.9979994893074036
198,3.301,21,LEFT_THUMB,0.6522929668426514,0.6187839508056641,-0.18392543494701385,0.9760536551475525,0.9996032118797302
198,3.301,22,RIGHT_THUMB,0.39498278498649597,0.619509756565094,-0.2248321771621704,0.9403166770935059,0.9985936284065247
198,3.301,23,LEFT_HIP,0.5649574398994446,0.6217126846313477,0.007325914688408375,0.9996116757392883,0.9998251795768738
198,3.301,24,RIGHT_HIP,0.45399022102355957,0.627113938331604,-0.007308858912438154,0.9999112486839294,0.9998940229415894
198,3.301,25,LEFT_KNEE,0.5863500237464905,0.7120034098625183,0.008277278393507004,0.9699837565422058,0.9995749592781067
198,3.301,26,RIGHT_KNEE,0.47240832448005676,0.7347171902656555,-0.005084679927676916,0.9819047451019287,0.9996660947799683
198,3.301,27,LEFT_ANKLE,0.5650469660758972,0.7731854915618896,0.5209764242172241,0.9067797064781189,0.9989032745361328
198,3.301,28,RIGHT_ANKLE,0.48436206579208374,0.8305995464324951,0.3758755326271057,0.9745537042617798,0.9982171654701233
198,3.301,29,LEFT_HEEL,0.5549991726875305,0.7806101441383362,0.5640707015991211,0.7334588766098022,0.9986659288406372
198,3.301,30,RIGHT_HEEL,0.4931848645210266,0.8404050469398499,0.4036548435688019,0.8265137672424316,0.9964961409568787
198,3.301,31,LEFT_FOOT_INDEX,0.5713866353034973,0.825558066368103,0.41525667905807495,0.9161759614944458,0.9943628311157227
198,3.301,32,RIGHT_FOOT_INDEX,0.46871069073677063,0.8697326183319092,0.19754533469676971,0.9616156220436096,0.9810373187065125
199,3.318,0,NOSE,0.5169714093208313,0.3960645794868469,-0.37493178248405457,0.9999765157699585,0.9998377561569214
199,3.318,1,LEFT_EYE_INNER,0.524559497833252,0.38559630513191223,-0.3469386398792267,0.9998913407325745,0.9994045495986938
199,3.318,2,LEFT_EYE,0.5292739272117615,0.3857239782810211,-0.34692150354385376,0.9998854994773865,0.9994175434112549
199,3.318,3,LEFT_EYE_OUTER,0.5349076390266418,0.385977178812027,-0.3468535840511322,0.9998611211776733,0.9994027614593506
199,3.318,4,RIGHT_EYE_INNER,0.5042340755462646,0.3854994475841522,-0.3517133891582489,0.9998990297317505,0.9993927478790283
199,3.318,5,RIGHT_EYE,0.49542751908302307,0.38574936985969543,-0.351727157831192,0.9998873472213745,0.9993287324905396
199,3.318,6,RIGHT_EYE_OUTER,0.4873540699481964,0.38614919781684875,-0.3517816960811615,0.9998780488967896,0.9992682337760925
199,3.318,7,LEFT_EAR,0.5410026907920837,0.39075610041618347,-0.17670980095863342,0.9997475147247314,0.9995331764221191
199,3.318,8,RIGHT_EAR,0.47535473108291626,0.3914342522621155,-0.19964155554771423,0.9997033476829529,0.9993374943733215
199,3.318,9,MOUTH_LEFT,0.5265639424324036,0.4087899327278137,-0.3090839982032776,0.9999496936798096,0.9998856782913208
199,3.318,10,MOUTH_RIGHT,0.5032203197479248,0.4097234606742859,-0.3154255747795105,0.9999569058418274,0.9998601675033569
199,3.318,11,LEFT_SHOULDER,0.6021171808242798,0.4636659026145935,-0.09910760819911957,0.9999632835388184,0.9999668598175049
199,3.318,12,RIGHT_SHOULDER,0.4126938283443451,0.46381399035453796,-0.13031163811683655,0.9999618530273438,0.9999046325683594
199,3.318,13,LEFT_ELBOW,0.6369988322257996,0.5383622050285339,-0.009978403337299824,0.9865867495536804,0.9998338222503662
199,3.318,14,RIGHT_ELBOW,0.37966737151145935,0.5392825603485107,-0.07969252020120621,0.9761518836021423,0.9995180368423462
199,3.318,15,LEFT_WRIST,0.6620745062828064,0.6058108806610107,-0.1642206609249115,0.9891675114631653,0.9998561143875122
199,3.318,16,RIGHT_WRIST,0.3845173120498657,0.6036307215690613,-0.17707715928554535,0.9656652212142944,0.9993072748184204
199,3.318,17,LEFT_PINKY,0.6703782081604004,0.6258352398872375,-0.20561853051185608,0.979205310344696,0.9994978904724121
199,3.318,18,RIGHT_PINKY,0.37502506375312805,0.6272385120391846,-0.22020642459392548,0.94181227684021,0.9985985159873962
199,3.318,19,LEFT_INDEX,0.6601514220237732,0.6247321963310242,-0.2619527578353882,0.9802824258804321,0.9995974898338318
199,3.318,20,RIGHT_INDEX,0.3869137167930603,0.6254981160163879,-0.2646881937980652,0.9464897513389587,0.9988059997558594
199,3.318,21,LEFT_THUMB,0.6533458232879639,0.6187054514884949,-0.18824633955955505,0.976723313331604,0.9997678399085999
199,3.318,22,RIGHT_THUMB,0.39527764916419983,0.6190875172615051,-0.19731111824512482,0.9406502842903137,0.9991911053657532
199,3.318,23,LEFT_HIP,0.5649870038032532,0.6214185953140259,0.005990201607346535,0.9996296763420105,0.9999245405197144
199,3.318,24,RIGHT_HIP,0.4542847275733948,0.6276814937591553,-0.0059836688451468945,0.9999061226844788,0.9999232292175293
199,3.318,25,LEFT_KNEE,0.5860041379928589,0.7120145559310913,0.028409529477357864,0.9704478979110718,0.9998511075973511
199,3.318,26,RIGHT_KNEE,0.4719110131263733,0.7368994355201721,0.04250186309218407,0.9808369278907776,0.9998108744621277
199,3.318,27,LEFT_ANKLE,0.5653523802757263,0.7840980291366577,0.49521389603614807,0.9104064106941223,0.9991040825843811
199,3.318,28,RIGHT_ANKLE,0.48372429609298706,0.8301143050193787,0.4274923801422119,0.9741792678833008,0.998849630355835
199,3.318,29,LEFT_HEEL,0.5551555156707764,0.7923964858055115,0.5346089601516724,0.7316601872444153,0.9987014532089233
199,3.318,30,RIGHT_HEEL,0.49211522936820984,0.8387271165847778,0.45734620094299316,0.8258087635040283,0.9975793957710266
199,3.318,31,LEFT_FOOT_INDEX,0.5713177919387817,0.8364526629447937,0.39580920338630676,0.9187641739845276,0.9928418397903442
199,3.318,32,RIGHT_FOOT_INDEX,0.46906375885009766,0.8700706362724304,0.2874316871166229,0.961270809173584,0.9841466546058655
200,3.334,0,NOSE,0.5173460841178894,0.39577192068099976,-0.3894720673561096,0.9999769926071167,0.9997389912605286
200,3.334,1,LEFT_EYE_INNER,0.5248847603797913,0.385078102350235,-0.3610447943210602,0.9998942613601685,0.9991070628166199
200,3.334,2,LEFT_EYE,0.5295944809913635,0.3851661682128906,-0.36104485392570496,0.9998884201049805,0.999099850654602
200,3.334,3,LEFT_EYE_OUTER,0.5352979302406311,0.3853840231895447,-0.3609827756881714,0.9998650550842285,0.999055802822113
200,3.334,4,RIGHT_EYE_INNER,0.504668653011322,0.38497716188430786,-0.3657163679599762,0.9999020099639893,0.9991939663887024
200,3.334,5,RIGHT_EYE,0.4959354102611542,0.3852085769176483,-0.3657259941101074,0.9998904466629028,0.9991551637649536
200,3.334,6,RIGHT_EYE_OUTER,0.48781177401542664,0.38560643792152405,-0.36580267548561096,0.9998818039894104,0.9991282820701599
200,3.334,7,LEFT_EAR,0.5413427948951721,0.39022186398506165,-0.18315628170967102,0.999758243560791,0.999208390712738
200,3.334,8,RIGHT_EAR,0.47584572434425354,0.39100202918052673,-0.2073580026626587,0.9997172951698303,0.9992691874504089
200,3.334,9,MOUTH_LEFT,0.526868462562561,0.4084680676460266,-0.3205917775630951,0.9999512434005737,0.9998045563697815
200,3.334,10,MOUTH_RIGHT,0.5036126971244812,0.4093005061149597,-0.3273397386074066,0.9999579787254333,0.9998036026954651
200,3.334,11,LEFT_SHOULDER,0.6024797558784485,0.46339255571365356,-0.09592976421117783,0.9999637603759766,0.9999122619628906
200,3.334,12,RIGHT_SHOULDER,0.4127568304538727,0.462495893239975,-0.1243339404463768,0.9999615550041199,0.9999086856842041
200,3.334,13,LEFT_ELBOW,0.6370465755462646,0.5382372140884399,-0.005683026276528835,0.986172080039978,0.99965500831604
200,3.334,14,RIGHT_ELBOW,0.3784930109977722,0.5392138957977295,-0.07239165157079697,0.9759023189544678,0.9995207786560059
200,3.334,15,LEFT_WRIST,0.6622602343559265,0.6056321859359741,-0.15903308987617493,0.9888569712638855,0.9997072815895081
200,3.334,16,RIGHT_WRIST,0.3847174048423767,0.6038586497306824,-0.1748725175857544,0.9654856324195862,0.9992658495903015
200,3.334,17,LEFT_PINKY,0.6707274913787842,0.6256852746009827,-0.19995146989822388,0.9788861870765686,0.9991651773452759
200,3.334,18,RIGHT_PINKY,0.3761073648929596,0.6273238658905029,-0.2177528738975525,0.9414688348770142,0.9985876083374023
200,3.334,19,LEFT_INDEX,0.6607813239097595,0.6246233582496643,-0.257425993680954,0.9799783825874329,0.999297022819519
200,3.334,20,RIGHT_INDEX,0.38828301429748535,0.6253575682640076,-0.26485565304756165,0.9460082650184631,0.9987610578536987
200,3.334,21,LEFT_THUMB,0.6539177298545837,0.6185590624809265,-0.18352413177490234,0.9765346646308899,0.9995657801628113
200,3.334,22,RIGHT_THUMB,0.3958028256893158,0.6188207864761353,-0.1960487961769104,0.9402932524681091,0.999153733253479
200,3.334,23,LEFT_HIP,0.564797580242157,0.6221463680267334,0.0030215794686228037,0.9996278882026672,0.9997819066047668
200,3.334,24,RIGHT_HIP,0.4547300636768341,0.6285876035690308,-0.0030132809188216925,0.9998985528945923,0.9998975992202759
200,3.334,25,LEFT_KNEE,0.5854682922363281,0.7133545279502869,0.051794685423374176,0.9693558812141418,0.9996562004089355
200,3.334,26,RIGHT_KNEE,0.4704771935939789,0.7379986047744751,0.03720134124159813,0.9792593717575073,0.999819815158844
200,3.334,27,LEFT_ANKLE,0.564757764339447,0.792838454246521,0.5098386406898499,0.9115861654281616,0.9990515112876892
200,3.334,28,RIGHT_ANKLE,0.4830709993839264,0.8331921696662903,0.3862612247467041,0.9737293124198914,0.9990881681442261
200,3.334,29,LEFT_HEEL,0.5544421076774597,0.8022524118423462,0.5478307008743286,0.7296237349510193,0.9987216591835022
200,3.334,30,RIGHT_HEEL,0.4917420446872711,0.8425064086914062,0.4110352098941803,0.8274828791618347,0.9979543685913086
200,3.334,31,LEFT_FOOT_INDEX,0.5696235299110413,0.841914176940918,0.4056769907474518,0.919847846031189,0.9944332242012024
200,3.334,32,RIGHT_FOOT_INDEX,0.4678806662559509,0.8715718984603882,0.2286340743303299,0.9608191847801208,0.9871329069137573
201,3.351,0,NOSE,0.5177181959152222,0.3953816294670105,-0.40392985939979553,0.9999778270721436,0.9997599720954895
201,3.351,1,LEFT_EYE_INNER,0.5252914428710938,0.3845943212509155,-0.3750901520252228,0.9998990297317505,0.9991933703422546
201,3.351,2,LEFT_EYE,0.5299586057662964,0.3846680521965027,-0.3750937581062317,0.9998935461044312,0.9992006421089172
201,3.351,3,LEFT_EYE_OUTER,0.5356416702270508,0.38484179973602295,-0.3750268220901489,0.9998713731765747,0.9991689920425415
201,3.351,4,RIGHT_EYE_INNER,0.5050392150878906,0.3844883143901825,-0.37978652119636536,0.9999064207077026,0.9992049336433411
201,3.351,5,RIGHT_EYE,0.4962773621082306,0.38470444083213806,-0.3797934055328369,0.999895453453064,0.9991301894187927
201,3.351,6,RIGHT_EYE_OUTER,0.4881116449832916,0.38508787751197815,-0.37987110018730164,0.9998869895935059,0.9990617632865906
201,3.351,7,LEFT_EAR,0.5416120886802673,0.38977518677711487,-0.1928221732378006,0.9997721910476685,0.9993458390235901
201,3.351,8,RIGHT_EAR,0.4759790599346161,0.3904709219932556,-0.21764321625232697,0.9997345805168152,0.9991531372070312
201,3.351,9,MOUTH_LEFT,0.5272003412246704,0.4080914556980133,-0.33362051844596863,0.9999534487724304,0.9998326301574707
201,3.351,10,MOUTH_RIGHT,0.5039252042770386,0.40896114706993103,-0.34071382880210876,0.9999597072601318,0.9998074173927307
201,3.351,11,LEFT_SHOULDER,0.6027628779411316,0.46304118633270264,-0.09814712405204773,0.9999650716781616,0.9999382495880127
201,3.351,12,RIGHT_SHOULDER,0.4124649465084076,0.46137693524360657,-0.12529359757900238,0.9999608993530273,0.9998583793640137
201,3.351,13,LEFT_ELBOW,0.6370900273323059,0.5381922125816345,-0.007500352803617716,0.9861993789672852,0.9997598528862
201,3.351,14,RIGHT_ELBOW,0.37683460116386414,0.5385741591453552,-0.1055840328335762,0.9758508801460266,0.9993541836738586
201,3.351,15,LEFT_WRIST,0.6627610325813293,0.6053085923194885,-0.16335046291351318,0.9890291690826416,0.9997578263282776
201,3.351,16,RIGHT_WRIST,0.38491907715797424,0.6036320328712463,-0.2648755609989166,0.9656973481178284,0.9991592168807983
201,3.351,17,LEFT_PINKY,0.6718007922172546,0.6254174709320068,-0.205203115940094,0.9792604446411133,0.9992075562477112
201,3.351,18,RIGHT_PINKY,0.37880373001098633,0.6270112991333008,-0.3143013119697571,0.9418487548828125,0.9984153509140015
201,3.351,19,LEFT_INDEX,0.6626838445663452,0.6243636608123779,-0.2636268138885498,0.9803566932678223,0.9993653893470764
201,3.351,20,RIGHT_INDEX,0.3923760950565338,0.6252034902572632,-0.3575822710990906,0.9461901187896729,0.9986825585365295
201,3.351,21,LEFT_THUMB,0.6558026075363159,0.6182375550270081,-0.1882603019475937,0.9770355224609375,0.999617338180542
201,3.351,22,RIGHT_THUMB,0.39867517352104187,0.6185964941978455,-0.28554636240005493,0.9405699968338013,0.9990924596786499
201,3.351,23,LEFT_HIP,0.5646090507507324,0.6219303011894226,0.0026751908008009195,0.9996315836906433,0.9997640252113342
201,3.351,24,RIGHT_HIP,0.45487797260284424,0.6287797093391418,-0.002671652939170599,0.9998865127563477,0.9998205304145813
201,3.351,25,LEFT_KNEE,0.5852132439613342,0.713559091091156,0.03644323721528053,0.9700911045074463,0.9997604489326477
201,3.351,26,RIGHT_KNEE,0.4695768654346466,0.7382710576057434,0.039841677993535995,0.9788033962249756,0.9997572302818298
201,3.351,27,LEFT_ANKLE,0.5637854337692261,0.8053232431411743,0.43836796283721924,0.9164242148399353,0.9991623163223267
201,3.351,28,RIGHT_ANKLE,0.4828689694404602,0.8351291418075562,0.3844873011112213,0.9740211367607117,0.9989198446273804
201,3.351,29,LEFT_HEEL,0.5520798563957214,0.815918505191803,0.4689904749393463,0.7362778782844543,0.9987377524375916
201,3.351,30,RIGHT_HEEL,0.49138352274894714,0.8452691435813904,0.4082639217376709,0.8294691443443298,0.9977062940597534
201,3.351,31,LEFT_FOOT_INDEX,0.5691335201263428,0.8496924042701721,0.30921074748039246,0.9237464666366577,0.993447482585907
201,3.351,32,RIGHT_FOOT_INDEX,0.46663370728492737,0.8721831440925598,0.2209995687007904,0.9613118767738342,0.9865790009498596
202,3.368,0,NOSE,0.5180537104606628,0.3943634629249573,-0.4085565209388733,0.9999790191650391,0.9997419714927673
202,3.368,1,LEFT_EYE_INNER,0.5255789160728455,0.38375547528266907,-0.3794548213481903,0.9999054074287415,0.9991642236709595
202,3.368,2,LEFT_EYE,0.5302875638008118,0.38385453820228577,-0.3794640302658081,0.9999004602432251,0.9992068409919739
202,3.368,3,LEFT_EYE_OUTER,0.5360004305839539,0.3840925395488739,-0.379408061504364,0.9998800754547119,0.9992063641548157
202,3.368,4,RIGHT_EYE_INNER,0.5054442882537842,0.3835752606391907,-0.38427820801734924,0.9999120235443115,0.9990991353988647
202,3.368,5,RIGHT_EYE,0.4967271089553833,0.38379353284835815,-0.3842754364013672,0.9999017715454102,0.9990004897117615
202,3.368,6,RIGHT_EYE_OUTER,0.4885689616203308,0.3841756582260132,-0.3843335211277008,0.9998936057090759,0.9989031553268433
202,3.368,7,LEFT_EAR,0.541887640953064,0.3892512619495392,-0.1951526701450348,0.9997889399528503,0.9994082450866699
202,3.368,8,RIGHT_EAR,0.4763675332069397,0.3897985517978668,-0.22111660242080688,0.9997539520263672,0.9989533424377441
202,3.368,9,MOUTH_LEFT,0.5274803042411804,0.4071670174598694,-0.3375825583934784,0.9999566078186035,0.9998551607131958
202,3.368,10,MOUTH_RIGHT,0.5042963624000549,0.4077944755554199,-0.345000296831131,0.9999622106552124,0.9998108744621277
202,3.368,11,LEFT_SHOULDER,0.6030023097991943,0.46282947063446045,-0.10026495903730392,0.9999669194221497,0.9999583959579468
202,3.368,12,RIGHT_SHOULDER,0.4118691384792328,0.4606155455112457,-0.1239849254488945,0.9999600052833557,0.9998478889465332
202,3.368,13,LEFT_ELBOW,0.6370580196380615,0.5380933880805969,-0.010714657604694366,0.9863433837890625,0.9997859597206116
202,3.368,14,RIGHT_ELBOW,0.37442001700401306,0.5378135442733765,-0.11824820935726166,0.9752605557441711,0.9992974996566772
202,3.368,15,LEFT_WRIST,0.6631758809089661,0.6056099534034729,-0.1718369722366333,0.9892153739929199,0.9997935891151428
202,3.368,16,RIGHT_WRIST,0.38502198457717896,0.6034077405929565,-0.31201332807540894,0.9649394154548645,0.9990730285644531
202,3.368,17,LEFT_PINKY,0.6724783778190613,0.6258437633514404,-0.21521949768066406,0.9796749353408813,0.9993348717689514
202,3.368,18,RIGHT_PINKY,0.38014039397239685,0.6268495917320251,-0.3676288425922394,0.9411376118659973,0.9983909130096436
202,3.368,19,LEFT_INDEX,0.6632891297340393,0.6247912049293518,-0.27444297075271606,0.9807700514793396,0.9994599223136902
202,3.368,20,RIGHT_INDEX,0.39392855763435364,0.6249021291732788,-0.4138208031654358,0.9453415274620056,0.9986093044281006
202,3.368,21,LEFT_THUMB,0.6564599871635437,0.618568480014801,-0.19718165695667267,0.977493405342102,0.9996790885925293
202,3.368,22,RIGHT_THUMB,0.39996761083602905,0.6178327202796936,-0.3355857729911804,0.9397575855255127,0.9990326166152954
202,3.368,23,LEFT_HIP,0.5640712976455688,0.6217464804649353,0.0007717714179307222,0.9996476769447327,0.9997974038124084
202,3.368,24,RIGHT_HIP,0.4538838267326355,0.628516435623169,-0.0008223742479458451,0.9998811483383179,0.9997995495796204
202,3.368,25,LEFT_KNEE,0.5822902917861938,0.7176222205162048,0.05737948417663574,0.9719119668006897,0.9998716115951538
202,3.368,26,RIGHT_KNEE,0.4674901068210602,0.7373666763305664,0.09692009538412094,0.9796580672264099,0.9998056292533875
202,3.368,27,LEFT_ANKLE,0.5630573034286499,0.814601719379425,0.4715225100517273,0.9228779673576355,0.9991027116775513
202,3.368,28,RIGHT_ANKLE,0.48303353786468506,0.8351402282714844,0.4471840560436249,0.975004255771637,0.9990823268890381
202,3.368,29,LEFT_HEEL,0.5510591268539429,0.8233229517936707,0.4988729953765869,0.7474827170372009,0.9983934760093689
202,3.368,30,RIGHT_HEEL,0.49142101407051086,0.8445886373519897,0.47209155559539795,0.8335015177726746,0.9980247020721436
202,3.368,31,LEFT_FOOT_INDEX,0.5689492225646973,0.8583401441574097,0.3217337131500244,0.928943395614624,0.990520715713501
202,3.368,32,RIGHT_FOOT_INDEX,0.4666328430175781,0.8732702136039734,0.2857472598552704,0.9628100395202637,0.9871522784233093
203,3.384,0,NOSE,0.5183014273643494,0.39342638850212097,-0.32345080375671387,0.9999805092811584,0.9998593330383301
203,3.384,1,LEFT_EYE_INNER,0.5258331298828125,0.383039265871048,-0.29772669076919556,0.9999125599861145,0.9994902610778809
203,3.384,2,LEFT_EYE,0.5305782556533813,0.38316333293914795,-0.2977169156074524,0.9999080300331116,0.9995158910751343
203,3.384,3,LEFT_EYE_OUTER,0.5362977385520935,0.3834618926048279,-0.2976701259613037,0.999889612197876,0.9995080232620239
203,3.384,4,RIGHT_EYE_INNER,0.5057532787322998,0.3827888071537018,-0.30187469720840454,0.9999185800552368,0.9994478821754456
203,3.384,5,RIGHT_EYE,0.4970657229423523,0.38299062848091125,-0.3018384277820587,0.9999091029167175,0.9993754029273987
203,3.384,6,RIGHT_EYE_OUTER,0.4888991713523865,0.383357435464859,-0.30182814598083496,0.9999015927314758,0.9992969036102295
203,3.384,7,LEFT_EAR,0.5422327518463135,0.38885027170181274,-0.14027546346187592,0.999805748462677,0.9996366500854492
203,3.384,8,RIGHT_EAR,0.4766981303691864,0.389116495847702,-0.16288787126541138,0.9997737407684326,0.9993321299552917
203,3.384,9,MOUTH_LEFT,0.5276656746864319,0.40650737285614014,-0.26264843344688416,0.9999598264694214,0.9999102354049683
203,3.384,10,MOUTH_RIGHT,0.5044931769371033,0.4068606197834015,-0.2692142128944397,0.9999648332595825,0.9998840093612671
203,3.384,11,LEFT_SHOULDER,0.603156566619873,0.46259358525276184,-0.08055585622787476,0.999968945980072,0.9999754428863525
203,3.384,12,RIGHT_SHOULDER,0.4116096794605255,0.45982062816619873,-0.08873478323221207,0.9999595880508423,0.9998830556869507
203,3.384,13,LEFT_ELBOW,0.6370862126350403,0.537843644618988,-0.004778251517564058,0.9865286350250244,0.9998828172683716
203,3.384,14,RIGHT_ELBOW,0.3719582259654999,0.5361716747283936,-0.1122250109910965,0.9744115471839905,0.9995336532592773
203,3.384,15,LEFT_WRIST,0.6638469696044922,0.6054874658584595,-0.13086368143558502,0.9894638061523438,0.9998918771743774
203,3.384,16,RIGHT_WRIST,0.3853970170021057,0.6028407216072083,-0.30744731426239014,0.9642400741577148,0.9994027614593506
203,3.384,17,LEFT_PINKY,0.6735897064208984,0.6262103915214539,-0.1660126894712448,0.9801822304725647,0.9996089339256287
203,3.384,18,RIGHT_PINKY,0.3818712830543518,0.626802384853363,-0.35911062359809875,0.9405409693717957,0.998873770236969
203,3.384,19,LEFT_INDEX,0.6638156771659851,0.6251960396766663,-0.21715599298477173,0.9812429547309875,0.9996973276138306
203,3.384,20,RIGHT_INDEX,0.39607807993888855,0.6246023178100586,-0.3779219388961792,0.9446188807487488,0.9990546107292175
203,3.384,21,LEFT_THUMB,0.6568988561630249,0.618694543838501,-0.15146185457706451,0.9780492782592773,0.999825656414032
203,3.384,22,RIGHT_THUMB,0.40147989988327026,0.6172587275505066,-0.326986700296402,0.9391559362411499,0.9993504881858826
203,3.384,23,LEFT_HIP,0.5630504488945007,0.621525764465332,-0.0019879532046616077,0.999668538570404,0.9999035596847534
203,3.384,24,RIGHT_HIP,0.4527042508125305,0.6279721856117249,0.0017919819802045822,0.9998792409896851,0.9998735189437866
203,3.384,25,LEFT_KNEE,0.5789234042167664,0.7221689224243164,0.07247836142778397,0.9738373756408691,0.9999431371688843
203,3.384,26,RIGHT_KNEE,0.46475985646247864,0.736058235168457,0.1032184362411499,0.98047935962677,0.9998856782913208
203,3.384,27,LEFT_ANKLE,0.5627799034118652,0.8243789076805115,0.3995480239391327,0.9291572570800781,0.9992061257362366
203,3.384,28,RIGHT_ANKLE,0.4833334982395172,0.8349485993385315,0.4094361960887909,0.9759935736656189,0.9992233514785767
203,3.384,29,LEFT_HEEL,0.5509545803070068,0.8332488536834717,0.4207867681980133,0.756364643573761,0.9983832836151123
203,3.384,30,RIGHT_HEEL,0.49209293723106384,0.8446279764175415,0.4313204884529114,0.8360780477523804,0.998202919960022
203,3.384,31,LEFT_FOOT_INDEX,0.5688634514808655,0.8701489567756653,0.2541263997554779,0.9339373707771301,0.9891940355300903
203,3.384,32,RIGHT_FOOT_INDEX,0.4668140411376953,0.8742160201072693,0.26685962080955505,0.9643521904945374,0.9875732064247131
204,3.401,0,NOSE,0.5185278058052063,0.39341849088668823,-0.26181602478027344,0.9999819397926331,0.999923825263977
204,3.401,1,LEFT_EYE_INNER,0.526081919670105,0.3829708397388458,-0.2390630692243576,0.9999192357063293,0.9997044205665588
204,3.401,2,LEFT_EYE,0.5308504700660706,0.3831275999546051,-0.23905447125434875,0.9999150037765503,0.9997199177742004
204,3.401,3,LEFT_EYE_OUTER,0.5365421175956726,0.3834892213344574,-0.23902499675750732,0.9998984932899475,0.9997175335884094
204,3.401,4,RIGHT_EYE_INNER,0.5060347318649292,0.38256189227104187,-0.24395279586315155,0.9999247193336487,0.9996703863143921
204,3.401,5,RIGHT_EYE,0.4973669648170471,0.38268524408340454,-0.24389490485191345,0.9999158382415771,0.9996163845062256
204,3.401,6,RIGHT_EYE_OUTER,0.4891795516014099,0.3829570710659027,-0.24386580288410187,0.9999089241027832,0.9995560050010681
204,3.401,7,LEFT_EAR,0.5425242185592651,0.38895002007484436,-0.09906133264303207,0.9998212456703186,0.9997987151145935
204,3.401,8,RIGHT_EAR,0.4769354462623596,0.38867759704589844,-0.12434735894203186,0.9997921586036682,0.9995751976966858
204,3.401,9,MOUTH_LEFT,0.527762234210968,0.4064350426197052,-0.20700202882289886,0.9999628663063049,0.9999525547027588
204,3.401,10,MOUTH_RIGHT,0.5045896172523499,0.4065856635570526,-0.21436432003974915,0.9999673962593079,0.9999377727508545
204,3.401,11,LEFT_SHOULDER,0.6028576493263245,0.46205610036849976,-0.05590991675853729,0.9999710917472839,0.9999876022338867
204,3.401,12,RIGHT_SHOULDER,0.4107277989387512,0.45916083455085754,-0.05996066331863403,0.9999597072601318,0.9999188184738159
204,3.401,13,LEFT_ELBOW,0.6370306611061096,0.5372600555419922,0.01572282426059246,0.9866538047790527,0.9999366998672485
204,3.401,14,RIGHT_ELBOW,0.3708406984806061,0.5355377197265625,-0.06191311404109001,0.9738401174545288,0.9996665716171265
204,3.401,15,LEFT_WRIST,0.6638225317001343,0.6053525805473328,-0.0872621089220047,0.9897618889808655,0.999950647354126
204,3.401,16,RIGHT_WRIST,0.38552314043045044,0.6023280024528503,-0.17906630039215088,0.9638469815254211,0.9996015429496765
204,3.401,17,LEFT_PINKY,0.6737935543060303,0.6261482834815979,-0.11569496989250183,0.9808427691459656,0.9998098015785217
204,3.401,18,RIGHT_PINKY,0.3835972845554352,0.6267414093017578,-0.2119460105895996,0.9403701424598694,0.999221920967102
204,3.401,19,LEFT_INDEX,0.6637654900550842,0.6250767111778259,-0.16339097917079926,0.981844961643219,0.9998565912246704
204,3.401,20,RIGHT_INDEX,0.39805880188941956,0.6240842342376709,-0.2410202920436859,0.9442838430404663,0.999360978603363
204,3.401,21,LEFT_THUMB,0.65675288438797,0.6184965372085571,-0.10545297712087631,0.9787132740020752,0.999920129776001
204,3.401,22,RIGHT_THUMB,0.4028107225894928,0.6166277527809143,-0.1943655014038086,0.9389325380325317,0.9995645880699158
204,3.401,23,LEFT_HIP,0.5625244379043579,0.6214200258255005,-0.002913176082074642,0.9996925592422485,0.9999600648880005
204,3.401,24,RIGHT_HIP,0.45257431268692017,0.6275548934936523,0.0026350985281169415,0.999880850315094,0.9999374151229858
204,3.401,25,LEFT_KNEE,0.5776732563972473,0.7273019552230835,0.04652700200676918,0.9757412075996399,0.9999732971191406
204,3.401,26,RIGHT_KNEE,0.4628049433231354,0.7371067404747009,0.08897918462753296,0.9813011884689331,0.9999368190765381
204,3.401,27,LEFT_ANKLE,0.562775194644928,0.8332215547561646,0.3071834146976471,0.9351191520690918,0.9994989633560181
204,3.401,28,RIGHT_ANKLE,0.48337194323539734,0.8348358869552612,0.37108558416366577,0.9771493077278137,0.9994947910308838
204,3.401,29,LEFT_HEEL,0.5509006381034851,0.8439237475395203,0.3236309885978699,0.7650932669639587,0.9988967180252075
204,3.401,30,RIGHT_HEEL,0.4927661418914795,0.8450080156326294,0.39074358344078064,0.839427649974823,0.9987834095954895
204,3.401,31,LEFT_FOOT_INDEX,0.5697409510612488,0.8795006275177002,0.16573622822761536,0.9387229681015015,0.991582453250885
204,3.401,32,RIGHT_FOOT_INDEX,0.4665489196777344,0.8751851916313171,0.23758570849895477,0.9661282300949097,0.9911795258522034
205,3.418,0,NOSE,0.5185896158218384,0.39326056838035583,-0.2996520400047302,0.9999833703041077,0.9999377727508545
205,3.418,1,LEFT_EYE_INNER,0.5262455940246582,0.3828088939189911,-0.27498161792755127,0.9999257922172546,0.999782145023346
205,3.418,2,LEFT_EYE,0.5310445427894592,0.3830243647098541,-0.2749742567539215,0.9999219179153442,0.9997974038124084
205,3.418,3,LEFT_EYE_OUTER,0.5366575717926025,0.3834323585033417,-0.274934321641922,0.9999070167541504,0.9997969269752502
205,3.418,4,RIGHT_EYE_INNER,0.5063690543174744,0.3822413980960846,-0.281428724527359,0.9999306797981262,0.999745786190033
205,3.418,5,RIGHT_EYE,0.4976532459259033,0.3822515904903412,-0.28136295080184937,0.999922513961792,0.999701201915741
205,3.418,6,RIGHT_EYE_OUTER,0.48924753069877625,0.38248252868652344,-0.28132396936416626,0.9999160170555115,0.9996448755264282
205,3.418,7,LEFT_EAR,0.5427722334861755,0.38893261551856995,-0.1209815964102745,0.9998363256454468,0.9998551607131958
205,3.418,8,RIGHT_EAR,0.47700703144073486,0.3883729875087738,-0.15311865508556366,0.9998099207878113,0.9996281862258911
205,3.418,9,MOUTH_LEFT,0.5279734134674072,0.4063478410243988,-0.23926185071468353,0.9999658465385437,0.9999618530273438
205,3.418,10,MOUTH_RIGHT,0.5047585368156433,0.4063444137573242,-0.24878409504890442,0.9999698996543884,0.999946117401123
205,3.418,11,LEFT_SHOULDER,0.6028587818145752,0.4616655707359314,-0.06222784146666527,0.9999732971191406,0.999991774559021
205,3.418,12,RIGHT_SHOULDER,0.40856289863586426,0.4587855041027069,-0.07734212279319763,0.9999599456787109,0.9999194145202637
205,3.418,13,LEFT_ELBOW,0.6369860172271729,0.537152111530304,0.023051509633660316,0.9868387579917908,0.9999558925628662
205,3.418,14,RIGHT_ELBOW,0.3687885105609894,0.5347862839698792,-0.07547889649868011,0.9731457829475403,0.9996795654296875
205,3.418,15,LEFT_WRIST,0.6640622615814209,0.6051723957061768,-0.07720973342657089,0.9901385307312012,0.9999581575393677
205,3.418,16,RIGHT_WRIST,0.3855704069137573,0.601716160774231,-0.1956329047679901,0.9633274078369141,0.9996148347854614
205,3.418,17,LEFT_PINKY,0.6745601892471313,0.6260983943939209,-0.10664527118206024,0.981617271900177,0.9998308420181274
205,3.418,18,RIGHT_PINKY,0.3851465582847595,0.6267206072807312,-0.22394011914730072,0.9400729537010193,0.9992794394493103
205,3.418,19,LEFT_INDEX,0.6642980575561523,0.6249673962593079,-0.15847201645374298,0.9825785756111145,0.9998682737350464
205,3.418,20,RIGHT_INDEX,0.40031951665878296,0.6236687898635864,-0.25264212489128113,0.9438204169273376,0.9993982315063477
205,3.418,21,LEFT_THUMB,0.6570277214050293,0.618322491645813,-0.09713462740182877,0.9795585870742798,0.9999274015426636
205,3.418,22,RIGHT_THUMB,0.4044483006000519,0.6159499883651733,-0.2069234848022461,0.9385066628456116,0.9995896220207214
205,3.418,23,LEFT_HIP,0.5599898099899292,0.6231368780136108,-0.0033104608301073313,0.9997172951698303,0.9999710321426392
205,3.418,24,RIGHT_HIP,0.4498811662197113,0.627716064453125,0.003000943223014474,0.9998839497566223,0.999945878982544
205,3.418,25,LEFT_KNEE,0.5760127305984497,0.7344688177108765,0.06478320062160492,0.9775637984275818,0.9999868869781494
205,3.418,26,RIGHT_KNEE,0.46229174733161926,0.7396742105484009,0.12284568697214127,0.9821693897247314,0.9999589920043945
205,3.418,27,LEFT_ANKLE,0.5628309845924377,0.842787504196167,0.31805503368377686,0.9408520460128784,0.9997062087059021
205,3.418,28,RIGHT_ANKLE,0.4840759336948395,0.836948573589325,0.41078564524650574,0.9783497452735901,0.9997246861457825
205,3.418,29,LEFT_HEEL,0.5509212017059326,0.8552424311637878,0.33153825998306274,0.7780023217201233,0.9992879033088684
205,3.418,30,RIGHT_HEEL,0.4941795766353607,0.8487727046012878,0.4313659369945526,0.8454034924507141,0.9993361830711365
205,3.418,31,LEFT_FOOT_INDEX,0.5715739727020264,0.8866699934005737,0.162506565451622,0.9436187148094177,0.9935988187789917
205,3.418,32,RIGHT_FOOT_INDEX,0.4664381742477417,0.8751048445701599,0.28916192054748535,0.96809321641922,0.9947117567062378
206,3.434,0,NOSE,0.5188902616500854,0.3932250440120697,-0.24922747910022736,0.9999847412109375,0.9999711513519287
206,3.434,1,LEFT_EYE_INNER,0.5262705683708191,0.38295188546180725,-0.22823627293109894,0.9999316930770874,0.9998641014099121
206,3.434,2,LEFT_EYE,0.5312551856040955,0.3832125663757324,-0.22824205458164215,0.9999282360076904,0.9998729228973389
206,3.434,3,LEFT_EYE_OUTER,0.5368845462799072,0.38363608717918396,-0.22821031510829926,0.9999147057533264,0.9998754262924194
206,3.434,4,RIGHT_EYE_INNER,0.5070042610168457,0.38222599029541016,-0.23619617521762848,0.9999359846115112,0.9998378753662109
206,3.434,5,RIGHT_EYE,0.4981757700443268,0.38212651014328003,-0.23612430691719055,0.9999284744262695,0.9998043179512024
206,3.434,6,RIGHT_EYE_OUTER,0.4894235134124756,0.3822890818119049,-0.23609305918216705,0.9999222159385681,0.9997653365135193
206,3.434,7,LEFT_EAR,0.5429682731628418,0.38913974165916443,-0.09510429948568344,0.9998498558998108,0.999915361404419
206,3.434,8,RIGHT_EAR,0.4771499037742615,0.3883350193500519,-0.13372814655303955,0.999826192855835,0.9997745156288147
206,3.434,9,MOUTH_LEFT,0.5281418561935425,0.4064096212387085,-0.1968863606452942,0.9999687075614929,0.9999828338623047
206,3.434,10,MOUTH_RIGHT,0.5049111843109131,0.4062997102737427,-0.20809124410152435,0.9999723434448242,0.9999761581420898
206,3.434,11,LEFT_SHOULDER,0.6025222539901733,0.4614212214946747,-0.052371297031641006,0.9999754428863525,0.9999958276748657
206,3.434,12,RIGHT_SHOULDER,0.40736761689186096,0.45851725339889526,-0.07022165507078171,0.9999603033065796,0.9999539852142334
206,3.434,13,LEFT_ELBOW,0.6368083953857422,0.5371201634407043,0.028023611754179,0.9872583150863647,0.9999704360961914
206,3.434,14,RIGHT_ELBOW,0.36613526940345764,0.5339761972427368,-0.06222284957766533,0.9736390113830566,0.9997342228889465
206,3.434,15,LEFT_WRIST,0.6646084785461426,0.6051480770111084,-0.07580268383026123,0.9905800819396973,0.9999773502349854
206,3.434,16,RIGHT_WRIST,0.38568955659866333,0.6008488535881042,-0.1510307490825653,0.964066207408905,0.9997746348381042
206,3.434,17,LEFT_PINKY,0.6753354072570801,0.626392126083374,-0.10120945423841476,0.9825683236122131,0.9999070167541504
206,3.434,18,RIGHT_PINKY,0.38577723503112793,0.6266143918037415,-0.17782241106033325,0.941514253616333,0.999569833278656
206,3.434,19,LEFT_INDEX,0.6656527519226074,0.625318706035614,-0.15272997319698334,0.9834553003311157,0.9999290704727173
206,3.434,20,RIGHT_INDEX,0.40111446380615234,0.6235520839691162,-0.2096455842256546,0.9449288845062256,0.9996556043624878
206,3.434,21,LEFT_THUMB,0.658129096031189,0.6184054613113403,-0.09570115059614182,0.9805604815483093,0.9999622106552124
206,3.434,22,RIGHT_THUMB,0.40528973937034607,0.6156030297279358,-0.16440145671367645,0.9397265315055847,0.9997612833976746
206,3.434,23,LEFT_HIP,0.5583882927894592,0.6243336200714111,-0.0040443711914122105,0.9997415542602539,0.9999852180480957
206,3.434,24,RIGHT_HIP,0.4490581750869751,0.6283890604972839,0.0036903461441397667,0.9998889565467834,0.9999692440032959
206,3.434,25,LEFT_KNEE,0.5747719407081604,0.7365601658821106,0.05716439336538315,0.9792932271957397,0.9999934434890747
206,3.434,26,RIGHT_KNEE,0.4611411690711975,0.7402716875076294,0.14795882999897003,0.9830184578895569,0.9999758005142212
206,3.434,27,LEFT_ANKLE,0.56316077709198,0.8465240597724915,0.20756709575653076,0.9461884498596191,0.9997839331626892
206,3.434,28,RIGHT_ANKLE,0.4841155409812927,0.837510883808136,0.4060271978378296,0.9795351028442383,0.9998273253440857
206,3.434,29,LEFT_HEEL,0.5509858727455139,0.8588418364524841,0.21073344349861145,0.7899882197380066,0.9994568228721619
206,3.434,30,RIGHT_HEEL,0.49456509947776794,0.849291205406189,0.4234119951725006,0.8518321514129639,0.9995812773704529
206,3.434,31,LEFT_FOOT_INDEX,0.5737451314926147,0.8949669599533081,0.04908999428153038,0.9482386708259583,0.9949426054954529
206,3.434,32,RIGHT_FOOT_INDEX,0.46555617451667786,0.8757144212722778,0.3022628426551819,0.9700214862823486,0.9969030022621155
207,3.451,0,NOSE,0.5197519659996033,0.3931612968444824,-0.3100726902484894,0.9999857544898987,0.9999239444732666
207,3.451,1,LEFT_EYE_INNER,0.5270883440971375,0.383046418428421,-0.2850929796695709,0.9999366402626038,0.99978107213974
207,3.451,2,LEFT_EYE,0.5323644280433655,0.38334792852401733,-0.2850998342037201,0.999933660030365,0.9998014569282532
207,3.451,3,LEFT_EYE_OUTER,0.5375547409057617,0.3837739825248718,-0.28505390882492065,0.9999213218688965,0.9998090863227844
207,3.451,4,RIGHT_EYE_INNER,0.5083521008491516,0.38225412368774414,-0.2913232445716858,0.9999402165412903,0.999721348285675
207,3.451,5,RIGHT_EYE,0.49997785687446594,0.3821261525154114,-0.29128119349479675,0.9999331831932068,0.9996591806411743
207,3.451,6,RIGHT_EYE_OUTER,0.49066784977912903,0.38220444321632385,-0.2912942171096802,0.9999268651008606,0.9995855689048767
207,3.451,7,LEFT_EAR,0.5431356430053711,0.3892699182033539,-0.12889927625656128,0.9998621344566345,0.9998782873153687
207,3.451,8,RIGHT_EAR,0.47738879919052124,0.38816532492637634,-0.15930955111980438,0.9998395442962646,0.9995641112327576
207,3.451,9,MOUTH_LEFT,0.5284753441810608,0.40646013617515564,-0.24899941682815552,0.9999711513519287,0.9999594688415527
207,3.451,10,MOUTH_RIGHT,0.5057849884033203,0.4061712324619293,-0.2579904794692993,0.999974250793457,0.9999333620071411
207,3.451,11,LEFT_SHOULDER,0.6023231148719788,0.46125727891921997,-0.06069594621658325,0.9999775290489197,0.999994158744812
207,3.451,12,RIGHT_SHOULDER,0.4073294997215271,0.457994282245636,-0.0817529484629631,0.9999575018882751,0.99986732006073
207,3.451,13,LEFT_ELBOW,0.6367225646972656,0.5370775461196899,0.0123583460226655,0.9876910448074341,0.9999459981918335
207,3.451,14,RIGHT_ELBOW,0.3642902672290802,0.5330944657325745,-0.09918538480997086,0.9716397523880005,0.9992584586143494
207,3.451,15,LEFT_WRIST,0.6650954484939575,0.605560302734375,-0.09836451709270477,0.9910523295402527,0.9999462366104126
207,3.451,16,RIGHT_WRIST,0.38580426573753357,0.5998823642730713,-0.2553170323371887,0.9629342555999756,0.9991042017936707
207,3.451,17,LEFT_PINKY,0.6762409210205078,0.6270868182182312,-0.12902909517288208,0.9834968447685242,0.9997586607933044
207,3.451,18,RIGHT_PINKY,0.3867131173610687,0.6261959075927734,-0.3004181385040283,0.9403513669967651,0.9983991980552673
207,3.451,19,LEFT_INDEX,0.6656944751739502,0.6257250308990479,-0.18550579249858856,0.9843357801437378,0.9998200535774231
207,3.451,20,RIGHT_INDEX,0.4021727740764618,0.6231091022491455,-0.33767709136009216,0.9436230063438416,0.9987130165100098
207,3.451,21,LEFT_THUMB,0.6580016016960144,0.6184911131858826,-0.12194252014160156,0.9815803170204163,0.9999039173126221
207,3.451,22,RIGHT_THUMB,0.4061182737350464,0.6148822903633118,-0.27414315938949585,0.9385769963264465,0.9990741014480591
207,3.451,23,LEFT_HIP,0.556600034236908,0.6257151365280151,-0.012772785499691963,0.9997628331184387,0.9999697208404541
207,3.451,24,RIGHT_HIP,0.44806134700775146,0.6286602020263672,0.012459048070013523,0.9998887777328491,0.9999209642410278
207,3.451,25,LEFT_KNEE,0.5709402561187744,0.7418177127838135,0.06170322373509407,0.980766236782074,0.9999873638153076
207,3.451,26,RIGHT_KNEE,0.45901286602020264,0.7408994436264038,0.2126368135213852,0.982780933380127,0.9999203681945801
207,3.451,27,LEFT_ANKLE,0.5639148354530334,0.8539435863494873,0.2771574854850769,0.9507609605789185,0.9993854761123657
207,3.451,28,RIGHT_ANKLE,0.48409441113471985,0.836074709892273,0.5584891438484192,0.9795520305633545,0.9995885491371155
207,3.451,29,LEFT_HEEL,0.5519140958786011,0.8670108318328857,0.2861922085285187,0.796557605266571,0.9983201622962952
207,3.451,30,RIGHT_HEEL,0.49484506249427795,0.8480533361434937,0.5845447778701782,0.8556785583496094,0.9990205764770508
207,3.451,31,LEFT_FOOT_INDEX,0.5736520290374756,0.8988683819770813,0.09433002024888992,0.9519163966178894,0.9848469495773315
207,3.451,32,RIGHT_FOOT_INDEX,0.4602496027946472,0.8753681778907776,0.4525126814842224,0.9707719683647156,0.9930235147476196
208,3.468,0,NOSE,0.5199505090713501,0.3932308554649353,-0.40689370036125183,0.9999865889549255,0.9999134540557861
208,3.468,1,LEFT_EYE_INNER,0.5271837711334229,0.3831266760826111,-0.3746581971645355,0.9999406337738037,0.9997512698173523
208,3.468,2,LEFT_EYE,0.5326762795448303,0.38347339630126953,-0.37470725178718567,0.9999381899833679,0.9997730851173401
208,3.468,3,LEFT_EYE_OUTER,0.5379822850227356,0.38392913341522217,-0.3746945559978485,0.9999266862869263,0.9997804760932922
208,3.468,4,RIGHT_EYE_INNER,0.5088871717453003,0.3822154402732849,-0.3850138485431671,0.9999435544013977,0.9996844530105591
208,3.468,5,RIGHT_EYE,0.5004199147224426,0.38206568360328674,-0.3849370777606964,0.9999369978904724,0.9996223449707031
208,3.468,6,RIGHT_EYE_OUTER,0.490861177444458,0.3820432424545288,-0.3848796784877777,0.999930202960968,0.9995474219322205
208,3.468,7,LEFT_EAR,0.5431674122810364,0.3894380033016205,-0.18213191628456116,0.9998722076416016,0.9998558759689331
208,3.468,8,RIGHT_EAR,0.47743627429008484,0.388069748878479,-0.23282548785209656,0.9998511075973511,0.9995253086090088
208,3.468,9,MOUTH_LEFT,0.5286090970039368,0.4065696895122528,-0.33232688903808594,0.9999732971191406,0.9999608993530273
208,3.468,10,MOUTH_RIGHT,0.5059133172035217,0.4062189757823944,-0.3470537066459656,0.9999759197235107,0.9999361038208008
208,3.468,11,LEFT_SHOULDER,0.6022531986236572,0.4612141251564026,-0.09479708224534988,0.9999793767929077,0.9999933242797852
208,3.468,12,RIGHT_SHOULDER,0.40686002373695374,0.4576877951622009,-0.12187987565994263,0.9999562501907349,0.9998743534088135
208,3.468,13,LEFT_ELBOW,0.6366660594940186,0.537151038646698,-0.003306558821350336,0.9882221221923828,0.9999443292617798
208,3.468,14,RIGHT_ELBOW,0.36421406269073486,0.5330129265785217,-0.16321799159049988,0.9706714153289795,0.9992519021034241
208,3.468,15,LEFT_WRIST,0.6665918827056885,0.6069672703742981,-0.16052746772766113,0.9914690852165222,0.9999333620071411
208,3.468,16,RIGHT_WRIST,0.38586899638175964,0.5997635722160339,-0.39057397842407227,0.9624165296554565,0.9991703033447266
208,3.468,17,LEFT_PINKY,0.6782682538032532,0.6291204690933228,-0.20807485282421112,0.9842864274978638,0.9997233748435974
208,3.468,18,RIGHT_PINKY,0.38745757937431335,0.6260285973548889,-0.4521980881690979,0.9400616884231567,0.99864262342453
208,3.468,19,LEFT_INDEX,0.6673963665962219,0.627548336982727,-0.27451983094215393,0.9850987195968628,0.9997819066047668
208,3.468,20,RIGHT_INDEX,0.40274909138679504,0.6230370998382568,-0.5014976859092712,0.9431347846984863,0.9988635778427124
208,3.468,21,LEFT_THUMB,0.6596896648406982,0.6200484037399292,-0.1884404569864273,0.9824330806732178,0.999882698059082
208,3.468,22,RIGHT_THUMB,0.4066723585128784,0.6148067712783813,-0.4155519902706146,0.9379051923751831,0.9991794228553772
208,3.468,23,LEFT_HIP,0.5556637048721313,0.6265751123428345,-0.012128826230764389,0.9997824430465698,0.999962568283081
208,3.468,24,RIGHT_HIP,0.4471096098423004,0.6288263201713562,0.011873849667608738,0.9998881220817566,0.9999080896377563
208,3.468,25,LEFT_KNEE,0.5687409043312073,0.7431865334510803,0.06060270220041275,0.9819886088371277,0.9999830722808838
208,3.468,26,RIGHT_KNEE,0.45723751187324524,0.7404137253761292,0.23468419909477234,0.9819035530090332,0.9998944997787476
208,3.468,27,LEFT_ANKLE,0.5641790628433228,0.8586795330047607,0.2653103172779083,0.9547291398048401,0.999339759349823
208,3.468,28,RIGHT_ANKLE,0.4840437173843384,0.8351048231124878,0.6425908803939819,0.9785258769989014,0.9995321035385132
208,3.468,29,LEFT_HEEL,0.5522701144218445,0.87336266040802,0.27089524269104004,0.8049401640892029,0.9982901215553284
208,3.468,30,RIGHT_HEEL,0.49503299593925476,0.8474462628364563,0.6724547743797302,0.8561821579933167,0.9990209341049194
208,3.468,31,LEFT_FOOT_INDEX,0.5736156105995178,0.8977314829826355,0.04567636549472809,0.9551089406013489,0.9862594604492188
208,3.468,32,RIGHT_FOOT_INDEX,0.45952746272087097,0.8746622800827026,0.5083277821540833,0.9704554080963135,0.9948623776435852
209,3.484,0,NOSE,0.5199859142303467,0.393245667219162,-0.3491823077201843,0.9999873638153076,0.9999287128448486
209,3.484,1,LEFT_EYE_INNER,0.5272742509841919,0.3832150101661682,-0.32152479887008667,0.9999441504478455,0.9997636675834656
209,3.484,2,LEFT_EYE,0.5327659845352173,0.3835825026035309,-0.32156774401664734,0.9999422430992126,0.9997838139533997
209,3.484,3,LEFT_EYE_OUTER,0.5382019877433777,0.38404765725135803,-0.32155942916870117,0.9999315738677979,0.9997934699058533
209,3.484,4,RIGHT_EYE_INNER,0.5090219378471375,0.3822554349899292,-0.3300442397594452,0.9999465942382812,0.9997054934501648
209,3.484,5,RIGHT_EYE,0.5005269646644592,0.3820771872997284,-0.3299819827079773,0.9999403953552246,0.9996479749679565
209,3.484,6,RIGHT_EYE_OUTER,0.4909514784812927,0.3819999396800995,-0.329926073551178,0.9999332427978516,0.9995867609977722
209,3.484,7,LEFT_EAR,0.5432425737380981,0.3895518183708191,-0.15638959407806396,0.9998810887336731,0.9998748302459717
209,3.484,8,RIGHT_EAR,0.4773349463939667,0.38807567954063416,-0.19784867763519287,0.9998613595962524,0.9996148347854614
209,3.484,9,MOUTH_LEFT,0.5287252068519592,0.40664270520210266,-0.28538498282432556,0.999975323677063,0.9999700784683228
209,3.484,10,MOUTH_RIGHT,0.5059719085693359,0.40624764561653137,-0.2970065176486969,0.9999775290489197,0.9999517202377319
209,3.484,11,LEFT_SHOULDER,0.6023352146148682,0.4612199664115906,-0.09236201643943787,0.9999810457229614,0.9999957084655762
209,3.484,12,RIGHT_SHOULDER,0.4066222608089447,0.4577275812625885,-0.10604999214410782,0.9999545812606812,0.9999066591262817
209,3.484,13,LEFT_ELBOW,0.6366716623306274,0.5375326871871948,-0.005457133054733276,0.9886344075202942,0.99994957447052
209,3.484,14,RIGHT_ELBOW,0.36430466175079346,0.5330522656440735,-0.14221954345703125,0.9701173305511475,0.9993166923522949
209,3.484,15,LEFT_WRIST,0.6673644185066223,0.6078912615776062,-0.16013698279857635,0.9916698932647705,0.9999382495880127
209,3.484,16,RIGHT_WRIST,0.38677871227264404,0.5998145341873169,-0.3286471664905548,0.9616804718971252,0.9992853999137878
209,3.484,17,LEFT_PINKY,0.6794391870498657,0.6302177906036377,-0.20408929884433746,0.9848223924636841,0.9997321963310242
209,3.484,18,RIGHT_PINKY,0.38863447308540344,0.6261245608329773,-0.3809005916118622,0.9394201636314392,0.9987200498580933
209,3.484,19,LEFT_INDEX,0.6692118644714355,0.6288215517997742,-0.26483508944511414,0.9855984449386597,0.9997902512550354
209,3.484,20,RIGHT_INDEX,0.4044012427330017,0.6230185031890869,-0.4291605055332184,0.9422793388366699,0.9989297986030579
209,3.484,21,LEFT_THUMB,0.6616085767745972,0.6210846304893494,-0.18595194816589355,0.9829967021942139,0.9998905658721924
209,3.484,22,RIGHT_THUMB,0.40830716490745544,0.6147749423980713,-0.3517034649848938,0.9370489120483398,0.9992243051528931
209,3.484,23,LEFT_HIP,0.5554887652397156,0.6274300813674927,-0.016644630581140518,0.9998014569282532,0.9999879598617554
209,3.484,24,RIGHT_HIP,0.4463651180267334,0.6295076608657837,0.01642758958041668,0.999888002872467,0.9999552965164185
209,3.484,25,LEFT_KNEE,0.566558301448822,0.7441880106925964,-0.036986324936151505,0.9831293225288391,0.9999926090240479
209,3.484,26,RIGHT_KNEE,0.45597612857818604,0.7413302659988403,0.26741912961006165,0.9796246290206909,0.9999215602874756
209,3.484,27,LEFT_ANKLE,0.5651376843452454,0.8658565878868103,0.05237207189202309,0.9584312438964844,0.9993044137954712
209,3.484,28,RIGHT_ANKLE,0.4840582311153412,0.8344482779502869,0.6710888743400574,0.9763872027397156,0.9995620846748352
209,3.484,29,LEFT_HEEL,0.5544860363006592,0.8804476261138916,0.04726070165634155,0.8083361387252808,0.9980521202087402
209,3.484,30,RIGHT_HEEL,0.49532023072242737,0.8464572429656982,0.701113760471344,0.8530793190002441,0.9990800619125366
209,3.484,31,LEFT_FOOT_INDEX,0.572501540184021,0.9018241763114929,-0.1736777126789093,0.9581888914108276,0.9840044975280762
209,3.484,32,RIGHT_FOOT_INDEX,0.45913025736808777,0.8741854429244995,0.5700294971466064,0.9694874286651611,0.9957572817802429
210,3.501,0,NOSE,0.5201802849769592,0.3933306634426117,-0.3292716443538666,0.9999880194664001,0.9999423027038574
210,3.501,1,LEFT_EYE_INNER,0.5274904370307922,0.38331058621406555,-0.30154892802238464,0.9999473690986633,0.9998144507408142
210,3.501,2,LEFT_EYE,0.5332363247871399,0.3836943507194519,-0.3015972971916199,0.999945878982544,0.99982750415802
210,3.501,3,LEFT_EYE_OUTER,0.5389037132263184,0.38416972756385803,-0.3016049563884735,0.9999358057975769,0.9998319149017334
210,3.501,4,RIGHT_EYE_INNER,0.5094066858291626,0.3823440372943878,-0.3093869984149933,0.9999494552612305,0.9997785687446594
210,3.501,5,RIGHT_EYE,0.5007880330085754,0.3821848928928375,-0.30932891368865967,0.9999435544013977,0.9997406601905823
210,3.501,6,RIGHT_EYE_OUTER,0.4909922182559967,0.38210809230804443,-0.3092834949493408,0.9999361038208008,0.9996978044509888
210,3.501,7,LEFT_EAR,0.5438362956047058,0.38966885209083557,-0.13887372612953186,0.9998895525932312,0.9998928308486938
210,3.501,8,RIGHT_EAR,0.47727665305137634,0.3882145881652832,-0.1770489662885666,0.9998712539672852,0.9997240900993347
210,3.501,9,MOUTH_LEFT,0.5288016200065613,0.40672817826271057,-0.26617327332496643,0.9999770522117615,0.9999713897705078
210,3.501,10,MOUTH_RIGHT,0.5060523748397827,0.40637144446372986,-0.27691584825515747,0.9999788999557495,0.9999580383300781
210,3.501,11,LEFT_SHOULDER,0.602362334728241,0.4615916907787323,-0.08417477458715439,0.999982476234436,0.9999945163726807
210,3.501,12,RIGHT_SHOULDER,0.4062843322753906,0.45777633786201477,-0.0917026549577713,0.9999539852142334,0.9999197721481323
210,3.501,13,LEFT_ELBOW,0.6367078423500061,0.5384233593940735,-0.005909584928303957,0.988895833492279,0.9999290704727173
210,3.501,14,RIGHT_ELBOW,0.3652283251285553,0.5336313843727112,-0.13327346742153168,0.9688932299613953,0.9993366599082947
210,3.501,15,LEFT_WRIST,0.6693532466888428,0.6103240251541138,-0.15264326333999634,0.9917129278182983,0.9999092817306519
210,3.501,16,RIGHT_WRIST,0.3880667984485626,0.6002427935600281,-0.3283665180206299,0.9612267017364502,0.9993415474891663
210,3.501,17,LEFT_PINKY,0.6813294291496277,0.6324588060379028,-0.19447864592075348,0.9851216077804565,0.9996305704116821
210,3.501,18,RIGHT_PINKY,0.39007896184921265,0.6267433762550354,-0.3801566958427429,0.9393232464790344,0.998822033405304
210,3.501,19,LEFT_INDEX,0.6716548204421997,0.6311433911323547,-0.2507716715335846,0.9858766198158264,0.9997093081474304
210,3.501,20,RIGHT_INDEX,0.4063751995563507,0.6233678460121155,-0.4253949224948883,0.9419845938682556,0.9990178346633911
210,3.501,21,LEFT_THUMB,0.6644806265830994,0.6235915422439575,-0.17634357511997223,0.9833241701126099,0.9998464584350586
210,3.501,22,RIGHT_THUMB,0.4103129208087921,0.6150539517402649,-0.35079753398895264,0.9368159174919128,0.9992920160293579
210,3.501,23,LEFT_HIP,0.5548844337463379,0.629344642162323,-0.022410862147808075,0.9998183250427246,0.9999765157699585
210,3.501,24,RIGHT_HIP,0.4457305371761322,0.6304840445518494,0.0223058070987463,0.9998880624771118,0.9999426603317261
210,3.501,25,LEFT_KNEE,0.5645115375518799,0.7470259070396423,-0.057938769459724426,0.9839663505554199,0.9999843835830688
210,3.501,26,RIGHT_KNEE,0.45534953474998474,0.7427673935890198,0.2578738033771515,0.9760411977767944,0.9999022483825684
210,3.501,27,LEFT_ANKLE,0.5662962198257446,0.868826687335968,0.044113148003816605,0.9613580107688904,0.9989092350006104
210,3.501,28,RIGHT_ANKLE,0.484062135219574,0.8358261585235596,0.6599779725074768,0.973529040813446,0.9993886947631836
210,3.501,29,LEFT_HEEL,0.5553287863731384,0.8834937214851379,0.03942203149199486,0.8106567859649658,0.9971494078636169
210,3.501,30,RIGHT_HEEL,0.4961661398410797,0.8482380509376526,0.6893079280853271,0.8513845801353455,0.998663067817688
210,3.501,31,LEFT_FOOT_INDEX,0.5744448900222778,0.9047955870628357,-0.17586387693881989,0.9601786136627197,0.9783913493156433
210,3.501,32,RIGHT_FOOT_INDEX,0.4519258737564087,0.8745486736297607,0.5571261644363403,0.9674646854400635,0.9942627549171448
211,3.518,0,NOSE,0.5208602547645569,0.39336785674095154,-0.3680766820907593,0.999988317489624,0.9999098777770996
211,3.518,1,LEFT_EYE_INNER,0.5282091498374939,0.383357971906662,-0.3341161906719208,0.9999494552612305,0.9997448325157166
211,3.518,2,LEFT_EYE,0.5342431664466858,0.3837246298789978,-0.33420082926750183,0.9999481439590454,0.9997573494911194
211,3.518,3,LEFT_EYE_OUTER,0.539919912815094,0.38426321744918823,-0.3342558741569519,0.999938428401947,0.9997550845146179
211,3.518,4,RIGHT_EYE_INNER,0.5104221701622009,0.3824825882911682,-0.3449746370315552,0.9999513030052185,0.9997125267982483
211,3.518,5,RIGHT_EYE,0.501694917678833,0.382335364818573,-0.34490489959716797,0.9999455213546753,0.9996720552444458
211,3.518,6,RIGHT_EYE_OUTER,0.4916631579399109,0.38224318623542786,-0.34482353925704956,0.9999375939369202,0.9996237754821777
211,3.518,7,LEFT_EAR,0.544544517993927,0.3898875117301941,-0.14030767977237701,0.9998952746391296,0.999830961227417
211,3.518,8,RIGHT_EAR,0.4773935377597809,0.388342022895813,-0.19382071495056152,0.9998791813850403,0.9996416568756104
211,3.518,9,MOUTH_LEFT,0.5290138721466064,0.40703025460243225,-0.2930276393890381,0.9999783039093018,0.9999560117721558
211,3.518,10,MOUTH_RIGHT,0.5060830116271973,0.40645283460617065,-0.3078402876853943,0.9999798536300659,0.9999414682388306
211,3.518,11,LEFT_SHOULDER,0.6023803353309631,0.46227824687957764,-0.08555091917514801,0.9999836087226868,0.9999901056289673
211,3.518,12,RIGHT_SHOULDER,0.4058140814304352,0.4578045904636383,-0.09317179024219513,0.9999532103538513,0.999893307685852
211,3.518,13,LEFT_ELBOW,0.6367574334144592,0.5397077798843384,-0.005211871583014727,0.9888637661933899,0.9998881816864014
211,3.518,14,RIGHT_ELBOW,0.36574995517730713,0.5347191691398621,-0.15090659260749817,0.9671689867973328,0.999131977558136
211,3.518,15,LEFT_WRIST,0.6703383326530457,0.6119908690452576,-0.15283240377902985,0.9914621114730835,0.9998290538787842
211,3.518,16,RIGHT_WRIST,0.3889825940132141,0.6015213131904602,-0.39479199051856995,0.9600207805633545,0.9990602135658264
211,3.518,17,LEFT_PINKY,0.6826529502868652,0.6343479752540588,-0.1990160495042801,0.9848929643630981,0.9993687272071838
211,3.518,18,RIGHT_PINKY,0.3909260928630829,0.6283652782440186,-0.45731326937675476,0.9382044672966003,0.998439610004425
211,3.518,19,LEFT_INDEX,0.673456609249115,0.6332384347915649,-0.2568611204624176,0.9856719374656677,0.9994958639144897
211,3.518,20,RIGHT_INDEX,0.4076840877532959,0.6247080564498901,-0.5069712996482849,0.9407334327697754,0.9986857771873474
211,3.518,21,LEFT_THUMB,0.6662882566452026,0.625603437423706,-0.17729713022708893,0.9830746054649353,0.9997268319129944
211,3.518,22,RIGHT_THUMB,0.41159045696258545,0.616327166557312,-0.4200584888458252,0.9353746175765991,0.9990597367286682
211,3.518,23,LEFT_HIP,0.5546476244926453,0.6316223740577698,-0.022674309089779854,0.9998325109481812,0.999954342842102
211,3.518,24,RIGHT_HIP,0.4448796808719635,0.6322576403617859,0.022648977115750313,0.9998854398727417,0.9999117851257324
211,3.518,25,LEFT_KNEE,0.5630221366882324,0.7499013543128967,-0.03792543709278107,0.9847927093505859,0.9999680519104004
211,3.518,26,RIGHT_KNEE,0.4552648365497589,0.7440740466117859,0.2781776487827301,0.9730884432792664,0.9998461008071899
211,3.518,27,LEFT_ANKLE,0.5670585632324219,0.8709391355514526,0.11717068403959274,0.9638832211494446,0.9982725381851196
211,3.518,28,RIGHT_ANKLE,0.48395469784736633,0.8363723754882812,0.7431107759475708,0.97025465965271,0.9991276860237122
211,3.518,29,LEFT_HEEL,0.5557548403739929,0.8885096311569214,0.11696819961071014,0.8142432570457458,0.9956820011138916
211,3.518,30,RIGHT_HEEL,0.49634236097335815,0.8504294753074646,0.7779918313026428,0.8496920466423035,0.9981794357299805
211,3.518,31,LEFT_FOOT_INDEX,0.5754063725471497,0.9055494070053101,-0.11626323312520981,0.9616692066192627,0.9679917693138123
211,3.518,32,RIGHT_FOOT_INDEX,0.44539186358451843,0.8753321766853333,0.6203306317329407,0.9649396538734436,0.9922536015510559
212,3.534,0,NOSE,0.522219717502594,0.39344632625579834,-0.36762410402297974,0.9999890923500061,0.9999470710754395
212,3.534,1,LEFT_EYE_INNER,0.5301743149757385,0.3833826780319214,-0.3329470455646515,0.999953031539917,0.9998276233673096
212,3.534,2,LEFT_EYE,0.5362899899482727,0.3837823271751404,-0.33301594853401184,0.9999518394470215,0.9998395442962646
212,3.534,3,LEFT_EYE_OUTER,0.5414654612541199,0.3843446969985962,-0.3330356776714325,0.9999428391456604,0.9998403787612915
212,3.534,4,RIGHT_EYE_INNER,0.5122356414794922,0.3825851082801819,-0.34440287947654724,0.9999547004699707,0.9997900128364563
212,3.534,5,RIGHT_EYE,0.5036056637763977,0.3824564516544342,-0.34434276819229126,0.9999492168426514,0.9997552037239075
212,3.534,6,RIGHT_EYE_OUTER,0.4933735728263855,0.3823579251766205,-0.34426864981651306,0.9999414086341858,0.9997110962867737
212,3.534,7,LEFT_EAR,0.5451716780662537,0.39006632566452026,-0.13976091146469116,0.9999027252197266,0.9998880624771118
212,3.534,8,RIGHT_EAR,0.4776284098625183,0.38844141364097595,-0.1953355222940445,0.9998887777328491,0.9996918439865112
212,3.534,9,MOUTH_LEFT,0.5299550890922546,0.40749189257621765,-0.29354143142700195,0.9999799132347107,0.999971866607666
212,3.534,10,MOUTH_RIGHT,0.5072987079620361,0.40657588839530945,-0.30885782837867737,0.9999812245368958,0.9999572038650513
212,3.534,11,LEFT_SHOULDER,0.6024597883224487,0.46360403299331665,-0.06547529995441437,0.9999847412109375,0.9999939203262329
212,3.534,12,RIGHT_SHOULDER,0.40502965450286865,0.45873209834098816,-0.10514720529317856,0.9999537467956543,0.9998892545700073
212,3.534,13,LEFT_ELBOW,0.6367889046669006,0.540986180305481,0.01011739019304514,0.9890419244766235,0.9999465942382812
212,3.534,14,RIGHT_ELBOW,0.3663010597229004,0.536898672580719,-0.1917545199394226,0.9677248597145081,0.9993780851364136
212,3.534,15,LEFT_WRIST,0.6712337732315063,0.6132100224494934,-0.15193800628185272,0.9916974902153015,0.9999247789382935
212,3.534,16,RIGHT_WRIST,0.38987377285957336,0.6034807562828064,-0.4507260322570801,0.9611201882362366,0.9993829727172852
212,3.534,17,LEFT_PINKY,0.6835396885871887,0.6355844140052795,-0.197316974401474,0.985342800617218,0.9996575117111206
212,3.534,18,RIGHT_PINKY,0.3919774293899536,0.630831778049469,-0.519196093082428,0.9401340484619141,0.9988897442817688
212,3.534,19,LEFT_INDEX,0.6746599674224854,0.6344718337059021,-0.2563306987285614,0.986114501953125,0.9997391104698181
212,3.534,20,RIGHT_INDEX,0.4086170494556427,0.6263018846511841,-0.5625002384185791,0.9424939155578613,0.999085545539856
212,3.534,21,LEFT_THUMB,0.6671035289764404,0.6267206072807312,-0.17695248126983643,0.9835960865020752,0.9998663663864136
212,3.534,22,RIGHT_THUMB,0.4125001132488251,0.6188757419586182,-0.4741000235080719,0.9370582103729248,0.9993762373924255
212,3.534,23,LEFT_HIP,0.5542147755622864,0.634049117565155,-0.016452061012387276,0.999846875667572,0.999983549118042
212,3.534,24,RIGHT_HIP,0.4445329010486603,0.6346858143806458,0.016570474952459335,0.999888002872467,0.9999552965164185
212,3.534,25,LEFT_KNEE,0.5625967383384705,0.7506110668182373,-0.044087138026952744,0.9850661158561707,0.999980092048645
212,3.534,26,RIGHT_KNEE,0.45563414692878723,0.7478980422019958,0.259867399930954,0.9707010984420776,0.9998934268951416
212,3.534,27,LEFT_ANKLE,0.5678198337554932,0.8736779093742371,0.0649510845541954,0.9657732844352722,0.998976469039917
212,3.534,28,RIGHT_ANKLE,0.48396220803260803,0.8372205495834351,0.7252030372619629,0.9670741558074951,0.9993946552276611
212,3.534,29,LEFT_HEEL,0.5566796064376831,0.8938612341880798,0.06068721413612366,0.8211706876754761,0.9972860813140869
212,3.534,30,RIGHT_HEEL,0.4963153302669525,0.8521804213523865,0.7600803971290588,0.8465959429740906,0.9987720847129822
212,3.534,31,LEFT_FOOT_INDEX,0.5792232155799866,0.9054129123687744,-0.16709622740745544,0.9628598093986511,0.9782887697219849
212,3.534,32,RIGHT_FOOT_INDEX,0.4467100501060486,0.8751523494720459,0.6056150197982788,0.9621177315711975,0.994891881942749
213,3.551,0,NOSE,0.5234663486480713,0.3934939205646515,-0.39515453577041626,0.9999896883964539,0.9999247789382935
213,3.551,1,LEFT_EYE_INNER,0.5322759747505188,0.3834705948829651,-0.3563273251056671,0.9999560117721558,0.9997722506523132
213,3.551,2,LEFT_EYE,0.5384150147438049,0.3838459551334381,-0.35640838742256165,0.9999549388885498,0.9997888207435608
213,3.551,3,LEFT_EYE_OUTER,0.5435003042221069,0.38436874747276306,-0.3564266860485077,0.9999464750289917,0.9997912049293518
213,3.551,4,RIGHT_EYE_INNER,0.5140376091003418,0.3826884329319,-0.36908474564552307,0.9999574422836304,0.9997212290763855
213,3.551,5,RIGHT_EYE,0.5053765773773193,0.3825617730617523,-0.3690478801727295,0.9999521970748901,0.9996742010116577
213,3.551,6,RIGHT_EYE_OUTER,0.4952434301376343,0.3824654221534729,-0.3689815402030945,0.9999443292617798,0.9996170997619629
213,3.551,7,LEFT_EAR,0.5468664765357971,0.3904624283313751,-0.14167042076587677,0.9999093413352966,0.9998610019683838
213,3.551,8,RIGHT_EAR,0.47829991579055786,0.38854044675827026,-0.20908556878566742,0.999896764755249,0.9996107220649719
213,3.551,9,MOUTH_LEFT,0.5312923789024353,0.4076921343803406,-0.3155623972415924,0.9999812841415405,0.999963641166687
213,3.551,10,MOUTH_RIGHT,0.5086043477058411,0.40659967064857483,-0.33327510952949524,0.9999823570251465,0.9999421834945679
213,3.551,11,LEFT_SHOULDER,0.6025925874710083,0.46498632431030273,-0.07007467746734619,0.9999856948852539,0.9999924898147583
213,3.551,12,RIGHT_SHOULDER,0.4053685665130615,0.45910951495170593,-0.11646978557109833,0.9999529123306274,0.999843955039978
213,3.551,13,LEFT_ELBOW,0.6369428038597107,0.543361485004425,0.007330385502427816,0.9892807602882385,0.9999196529388428
213,3.551,14,RIGHT_ELBOW,0.3644625246524811,0.5379396080970764,-0.21978431940078735,0.9676762819290161,0.9989544153213501
213,3.551,15,LEFT_WRIST,0.6723034381866455,0.6166718602180481,-0.1708347350358963,0.9918771982192993,0.9998804330825806
213,3.551,16,RIGHT_WRIST,0.38988056778907776,0.6048542857170105,-0.5276143550872803,0.9617875814437866,0.9990656971931458
213,3.551,17,LEFT_PINKY,0.6841945648193359,0.6387970447540283,-0.21900294721126556,0.9856802225112915,0.9994970560073853
213,3.551,18,RIGHT_PINKY,0.39218834042549133,0.6326223015785217,-0.5997615456581116,0.941434383392334,0.9985072016716003
213,3.551,19,LEFT_INDEX,0.6758224964141846,0.6376639008522034,-0.27961090207099915,0.9864529371261597,0.9996119141578674
213,3.551,20,RIGHT_INDEX,0.4087809920310974,0.6291005611419678,-0.6443629860877991,0.9436469078063965,0.9987634420394897
213,3.551,21,LEFT_THUMB,0.668124258518219,0.6299339532852173,-0.19666652381420135,0.9839524626731873,0.9997958540916443
213,3.551,22,RIGHT_THUMB,0.4127059578895569,0.6202928423881531,-0.5520749092102051,0.9379642009735107,0.9991214871406555
213,3.551,23,LEFT_HIP,0.5538094639778137,0.6356461644172668,-0.015720725059509277,0.999859094619751,0.9999693632125854
213,3.551,24,RIGHT_HIP,0.4441240429878235,0.6357780694961548,0.01582115702331066,0.9998854398727417,0.9999068975448608
213,3.551,25,LEFT_KNEE,0.5622868537902832,0.7529903650283813,-0.09020880609750748,0.9853431582450867,0.9999711513519287
213,3.551,26,RIGHT_KNEE,0.4558728039264679,0.751771092414856,0.2717050611972809,0.9671319127082825,0.999813973903656
213,3.551,27,LEFT_ANKLE,0.5681706070899963,0.8772491812705994,0.004711066372692585,0.9675005078315735,0.9985224604606628
213,3.551,28,RIGHT_ANKLE,0.48397108912467957,0.8379148840904236,0.7558741569519043,0.9623071551322937,0.9991418123245239
213,3.551,29,LEFT_HEEL,0.5579672455787659,0.8985241651535034,-0.002127272542566061,0.8250483274459839,0.9962749481201172
213,3.551,30,RIGHT_HEEL,0.49631476402282715,0.8528611660003662,0.7921591997146606,0.8411579728126526,0.998336672782898
213,3.551,31,LEFT_FOOT_INDEX,0.5790989398956299,0.9078730940818787,-0.25103768706321716,0.9637852907180786,0.9736812710762024
213,3.551,32,RIGHT_FOOT_INDEX,0.44730666279792786,0.8755286335945129,0.6259280443191528,0.958199143409729,0.9940748810768127
214,3.568,0,NOSE,0.5252802968025208,0.3939879834651947,-0.43002867698669434,0.9999903440475464,0.9999496936798096
214,3.568,1,LEFT_EYE_INNER,0.5343882441520691,0.3837844431400299,-0.38980358839035034,0.999959409236908,0.9998323917388916
214,3.568,2,LEFT_EYE,0.5407440662384033,0.38420864939689636,-0.3898617923259735,0.9999583959579468,0.9998441934585571
214,3.568,3,LEFT_EYE_OUTER,0.5455421805381775,0.3847430646419525,-0.3898482024669647,0.9999505281448364,0.999840497970581
214,3.568,4,RIGHT_EYE_INNER,0.5161318778991699,0.38280144333839417,-0.4047098159790039,0.9999606609344482,0.9998049139976501
214,3.568,5,RIGHT_EYE,0.5074025988578796,0.38258540630340576,-0.40470123291015625,0.9999557733535767,0.999778687953949
214,3.568,6,RIGHT_EYE_OUTER,0.4972301423549652,0.3825303614139557,-0.40464863181114197,0.999948263168335,0.9997439980506897
214,3.568,7,LEFT_EAR,0.5484617948532104,0.39089545607566833,-0.14620041847229004,0.9999165534973145,0.9998955726623535
214,3.568,8,RIGHT_EAR,0.4789413511753082,0.38863009214401245,-0.2320050746202469,0.9999055862426758,0.9997439980506897
214,3.568,9,MOUTH_LEFT,0.5326200127601624,0.4085909128189087,-0.3415886163711548,0.9999827742576599,0.9999765157699585
214,3.568,10,MOUTH_RIGHT,0.5097118020057678,0.4072234332561493,-0.36274316906929016,0.9999836087226868,0.9999644756317139
214,3.568,11,LEFT_SHOULDER,0.6028882265090942,0.46669089794158936,-0.054459910839796066,0.9999865889549255,0.9999945163726807
214,3.568,12,RIGHT_SHOULDER,0.40448489785194397,0.45974332094192505,-0.1480592042207718,0.9999533891677856,0.9998778104782104
214,3.568,13,LEFT_ELBOW,0.6373289823532104,0.5461839437484741,0.0413220189511776,0.9893530011177063,0.9999415874481201
214,3.568,14,RIGHT_ELBOW,0.362928569316864,0.5393490195274353,-0.33501699566841125,0.9686028361320496,0.999228835105896
214,3.568,15,LEFT_WRIST,0.6726613640785217,0.6196578145027161,-0.13895726203918457,0.9920432567596436,0.999880313873291
214,3.568,16,RIGHT_WRIST,0.38259226083755493,0.5817140340805054,-0.7680119276046753,0.9641286730766296,0.9995943903923035
214,3.568,17,LEFT_PINKY,0.6843567490577698,0.6421558260917664,-0.18047186732292175,0.9860445261001587,0.9995235204696655
214,3.568,18,RIGHT_PINKY,0.38622522354125977,0.6002603769302368,-0.8576709628105164,0.9452847838401794,0.9993791580200195
214,3.568,19,LEFT_INDEX,0.6762657165527344,0.6407527327537537,-0.2433174103498459,0.9868257641792297,0.99962317943573
214,3.568,20,RIGHT_INDEX,0.40050655603408813,0.5906118154525757,-0.895142674446106,0.9473517537117004,0.9995263814926147
214,3.568,21,LEFT_THUMB,0.6684536933898926,0.6329134702682495,-0.1647447645664215,0.9843772649765015,0.9997988343238831
214,3.568,22,RIGHT_THUMB,0.4065573513507843,0.585758626461029,-0.7918637990951538,0.9416087865829468,0.9996659755706787
214,3.568,23,LEFT_HIP,0.5538619160652161,0.6366165280342102,-0.007083162199705839,0.9998711347579956,0.999984860420227
214,3.568,24,RIGHT_HIP,0.44328850507736206,0.6381963491439819,0.007296208757907152,0.9998852014541626,0.9999309778213501
214,3.568,25,LEFT_KNEE,0.5616876482963562,0.754015326499939,-0.10140825808048248,0.9856727719306946,0.9999788999557495
214,3.568,26,RIGHT_KNEE,0.45625996589660645,0.7569447159767151,0.26317569613456726,0.9638742208480835,0.9998108744621277
214,3.568,27,LEFT_ANKLE,0.5685110092163086,0.8824114203453064,-0.034392349421978,0.9689829349517822,0.9982932209968567
214,3.568,28,RIGHT_ANKLE,0.4842407703399658,0.8382759690284729,0.794495165348053,0.9516398906707764,0.9989733695983887
214,3.568,29,LEFT_HEEL,0.5590503811836243,0.9059523344039917,-0.04391366243362427,0.8292147517204285,0.9954230189323425
214,3.568,30,RIGHT_HEEL,0.4966428875923157,0.8517149090766907,0.8378254771232605,0.8270496129989624,0.9982028007507324
214,3.568,31,LEFT_FOOT_INDEX,0.5795407891273499,0.9165925979614258,-0.3017033338546753,0.9646663069725037,0.9683510065078735
214,3.568,32,RIGHT_FOOT_INDEX,0.4499157965183258,0.8752668499946594,0.6828354597091675,0.9499683976173401,0.9941210150718689
215,3.584,0,NOSE,0.5260622501373291,0.394889771938324,-0.2937336266040802,0.999991238117218,0.9999860525131226
215,3.584,1,LEFT_EYE_INNER,0.5356239080429077,0.3846340477466583,-0.2624551057815552,0.9999630451202393,0.9999343156814575
215,3.584,2,LEFT_EYE,0.542061984539032,0.38521808385849,-0.2624889314174652,0.9999621510505676,0.9999390840530396
215,3.584,3,LEFT_EYE_OUTER,0.5467703342437744,0.3858376741409302,-0.2624555230140686,0.9999549984931946,0.9999406337738037
215,3.584,4,RIGHT_EYE_INNER,0.5171806216239929,0.38340529799461365,-0.273321270942688,0.99996417760849,0.9999185800552368
215,3.584,5,RIGHT_EYE,0.5085875391960144,0.3831076920032501,-0.27331382036209106,0.9999597072601318,0.9999052286148071
215,3.584,6,RIGHT_EYE_OUTER,0.49841755628585815,0.3829885721206665,-0.27324509620666504,0.9999527931213379,0.9998893737792969
215,3.584,7,LEFT_EAR,0.5503559708595276,0.3923599421977997,-0.09420540928840637,0.9999238848686218,0.9999597072601318
215,3.584,8,RIGHT_EAR,0.47951507568359375,0.38918250799179077,-0.15347526967525482,0.9999144077301025,0.999894380569458
215,3.584,9,MOUTH_LEFT,0.533540666103363,0.4097287952899933,-0.23257705569267273,0.9999843835830688,0.9999908208847046
215,3.584,10,MOUTH_RIGHT,0.5102320909500122,0.40826842188835144,-0.24820885062217712,0.9999850988388062,0.9999868869781494
215,3.584,11,LEFT_SHOULDER,0.6037552356719971,0.4682411849498749,-0.037255093455314636,0.9999876022338867,0.9999973773956299
215,3.584,12,RIGHT_SHOULDER,0.4043563902378082,0.46064186096191406,-0.11665341258049011,0.9999560117721558,0.999950647354126
215,3.584,13,LEFT_ELBOW,0.6380836367607117,0.5480380654335022,0.032326050102710724,0.9898112416267395,0.9999632835388184
215,3.584,14,RIGHT_ELBOW,0.3617100715637207,0.5409276485443115,-0.3054230809211731,0.9708777666091919,0.9995612502098083
215,3.584,15,LEFT_WRIST,0.6731739640235901,0.6218251585960388,-0.13346868753433228,0.9924036860466003,0.9999630451202393
215,3.584,16,RIGHT_WRIST,0.38280606269836426,0.5983686447143555,-0.559972882270813,0.9663255214691162,0.9996833801269531
215,3.584,17,LEFT_PINKY,0.6846852898597717,0.6447790861129761,-0.17135612666606903,0.9867096543312073,0.9998076558113098
215,3.584,18,RIGHT_PINKY,0.3864454925060272,0.6242285966873169,-0.6254708170890808,0.9484890103340149,0.9993120431900024
215,3.584,19,LEFT_INDEX,0.6766358017921448,0.6432392001152039,-0.2291181981563568,0.9874408841133118,0.9998583793640137
215,3.584,20,RIGHT_INDEX,0.40135496854782104,0.6180869340896606,-0.6255302429199219,0.9503492712974548,0.9994714856147766
215,3.584,21,LEFT_THUMB,0.6687268018722534,0.6351490616798401,-0.15752969682216644,0.9851042032241821,0.9999322891235352
215,3.584,22,RIGHT_THUMB,0.4070950150489807,0.6105225682258606,-0.5626893639564514,0.9448491334915161,0.9996559619903564
215,3.584,23,LEFT_HIP,0.5541176199913025,0.6375300884246826,-0.006595245562493801,0.999882698059082,0.9999947547912598
215,3.584,24,RIGHT_HIP,0.44311168789863586,0.6395879983901978,0.006817677989602089,0.9998906254768372,0.9999797344207764
215,3.584,25,LEFT_KNEE,0.5620144009590149,0.753936767578125,-0.14165149629116058,0.9863314628601074,0.9999904632568359
215,3.584,26,RIGHT_KNEE,0.4561701714992523,0.7588228583335876,0.2514253854751587,0.964923083782196,0.9999325275421143
215,3.584,27,LEFT_ANKLE,0.5692383050918579,0.8849093914031982,-0.1670638471841812,0.9711909294128418,0.9991340041160583
215,3.584,28,RIGHT_ANKLE,0.4842820465564728,0.8389437198638916,0.682360827922821,0.9522207379341125,0.9994668364524841
215,3.584,29,LEFT_HEEL,0.5596516132354736,0.9082126617431641,-0.18444211781024933,0.8392003774642944,0.997479259967804
215,3.584,30,RIGHT_HEEL,0.4966704845428467,0.851905882358551,0.7141934037208557,0.8287259936332703,0.9989368319511414
215,3.584,31,LEFT_FOOT_INDEX,0.5817447304725647,0.9166498780250549,-0.3932937681674957,0.966757595539093,0.9768522381782532
215,3.584,32,RIGHT_FOOT_INDEX,0.4502769708633423,0.8750629425048828,0.5925344824790955,0.9502859115600586,0.9953538179397583
216,3.601,0,NOSE,0.5279353260993958,0.39638853073120117,-0.32062390446662903,0.9999919533729553,0.9999743700027466
216,3.601,1,LEFT_EYE_INNER,0.5375930666923523,0.3859151601791382,-0.2885598838329315,0.9999662041664124,0.9999029636383057
216,3.601,2,LEFT_EYE,0.543986439704895,0.3865331709384918,-0.2885940670967102,0.9999654293060303,0.9999068975448608
216,3.601,3,LEFT_EYE_OUTER,0.5485126376152039,0.3871346116065979,-0.28855451941490173,0.999958872795105,0.9999053478240967
216,3.601,4,RIGHT_EYE_INNER,0.5189635157585144,0.3845950663089752,-0.29908013343811035,0.9999672770500183,0.9998908042907715
216,3.601,5,RIGHT_EYE,0.510274350643158,0.3841876685619354,-0.2990584373474121,0.9999631643295288,0.9998748302459717
216,3.601,6,RIGHT_EYE_OUTER,0.5001486539840698,0.38396555185317993,-0.2990112006664276,0.9999567270278931,0.9998561143875122
216,3.601,7,LEFT_EAR,0.5517540574073792,0.3935704827308655,-0.10724853724241257,0.9999303817749023,0.9999372959136963
216,3.601,8,RIGHT_EAR,0.48043784499168396,0.38993197679519653,-0.1646152287721634,0.9999222159385681,0.9998643398284912
216,3.601,9,MOUTH_LEFT,0.5356363654136658,0.4110719561576843,-0.25316905975341797,0.9999857544898987,0.9999839067459106
216,3.601,10,MOUTH_RIGHT,0.5118634104728699,0.40959280729293823,-0.2683713138103485,0.9999863505363464,0.999977707862854
216,3.601,11,LEFT_SHOULDER,0.6050659418106079,0.4697420001029968,-0.029923103749752045,0.9999885559082031,0.9999961853027344
216,3.601,12,RIGHT_SHOULDER,0.4045301377773285,0.4616348445415497,-0.11506784707307816,0.9999579787254333,0.999933123588562
216,3.601,13,LEFT_ELBOW,0.6395295262336731,0.5500128269195557,0.038948025554418564,0.9900636076927185,0.999945878982544
216,3.601,14,RIGHT_ELBOW,0.36191463470458984,0.5426799654960632,-0.2466072142124176,0.9724515676498413,0.9994015693664551
216,3.601,15,LEFT_WRIST,0.6737750172615051,0.6231775283813477,-0.13278713822364807,0.9926875233650208,0.9999244213104248
216,3.601,16,RIGHT_WRIST,0.3830721080303192,0.6034894585609436,-0.5416713356971741,0.9685124158859253,0.9996174573898315
216,3.601,17,LEFT_PINKY,0.6851720213890076,0.645595908164978,-0.17194843292236328,0.9872521162033081,0.9996298551559448
216,3.601,18,RIGHT_PINKY,0.3873506188392639,0.6274480819702148,-0.6126465797424316,0.9517978429794312,0.9992344379425049
216,3.601,19,LEFT_INDEX,0.6767539978027344,0.6441315412521362,-0.22915706038475037,0.9879583120346069,0.9997323155403137
216,3.601,20,RIGHT_INDEX,0.40374892950057983,0.6240946650505066,-0.6450139880180359,0.9535161256790161,0.9994391798973083
216,3.601,21,LEFT_THUMB,0.6689950823783875,0.6362417936325073,-0.15662984549999237,0.9857019186019897,0.99986732006073
216,3.601,22,RIGHT_THUMB,0.40899038314819336,0.6133902072906494,-0.5600132346153259,0.9481329321861267,0.9996321201324463
216,3.601,23,LEFT_HIP,0.5542663335800171,0.6387487053871155,-0.006784029304981232,0.9998925924301147,0.9999899864196777
216,3.601,24,RIGHT_HIP,0.4433547854423523,0.641613245010376,0.007029093336313963,0.9998906254768372,0.9999617338180542
216,3.601,25,LEFT_KNEE,0.5622209310531616,0.7556517124176025,-0.20571985840797424,0.9866557717323303,0.9999828338623047
216,3.601,26,RIGHT_KNEE,0.4558201730251312,0.7589966058731079,0.27417436242103577,0.9625108242034912,0.9998642206192017
216,3.601,27,LEFT_ANKLE,0.569280743598938,0.8897145986557007,-0.24825340509414673,0.972744345664978,0.9984446167945862
216,3.601,28,RIGHT_ANKLE,0.4845312535762787,0.8401140570640564,0.7197878360748291,0.9482569694519043,0.9991335272789001
216,3.601,29,LEFT_HEEL,0.5596006512641907,0.9155311584472656,-0.2684370279312134,0.8447145223617554,0.9954310655593872
216,3.601,30,RIGHT_HEEL,0.49725884199142456,0.8530932068824768,0.7530590891838074,0.8259299993515015,0.9982550740242004
216,3.601,31,LEFT_FOOT_INDEX,0.5822820067405701,0.9208650588989258,-0.5068061947822571,0.9680530428886414,0.9644843935966492
216,3.601,32,RIGHT_FOOT_INDEX,0.45069411396980286,0.8754352927207947,0.6267356276512146,0.9472297430038452,0.9934074878692627
217,3.618,0,NOSE,0.5295292139053345,0.3969478905200958,-0.2834441065788269,0.9999925494194031,0.9999738931655884
217,3.618,1,LEFT_EYE_INNER,0.5394166111946106,0.3865393102169037,-0.25500133633613586,0.999968409538269,0.9998806715011597
217,3.618,2,LEFT_EYE,0.5457605719566345,0.38720470666885376,-0.2550470232963562,0.9999678730964661,0.9998897314071655
217,3.618,3,LEFT_EYE_OUTER,0.5502535104751587,0.3878418505191803,-0.25502511858940125,0.9999616742134094,0.9998953342437744
217,3.618,4,RIGHT_EYE_INNER,0.5206985473632812,0.38518407940864563,-0.26355788111686707,0.9999693632125854,0.9998544454574585
217,3.618,5,RIGHT_EYE,0.5119948983192444,0.38473954796791077,-0.26355960965156555,0.999965488910675,0.9998315572738647
217,3.618,6,RIGHT_EYE_OUTER,0.5020400881767273,0.38450396060943604,-0.26355230808258057,0.9999591112136841,0.999809205532074
217,3.618,7,LEFT_EAR,0.5534321665763855,0.3944667875766754,-0.09989439696073532,0.9999350309371948,0.9999364614486694
217,3.618,8,RIGHT_EAR,0.4816426634788513,0.3904438018798828,-0.1445000171661377,0.9999280571937561,0.9998432397842407
217,3.618,9,MOUTH_LEFT,0.5375062227249146,0.41176778078079224,-0.22614070773124695,0.9999869465827942,0.9999876022338867
217,3.618,10,MOUTH_RIGHT,0.5134982466697693,0.41021114587783813,-0.2382057160139084,0.9999874234199524,0.9999821186065674
217,3.618,11,LEFT_SHOULDER,0.6069451570510864,0.4714726507663727,-0.040575750172138214,0.99998939037323,0.9999971389770508
217,3.618,12,RIGHT_SHOULDER,0.40434175729751587,0.4623711407184601,-0.09914778918027878,0.9999592900276184,0.9999524354934692
217,3.618,13,LEFT_ELBOW,0.6414497494697571,0.5523256659507751,-0.004043581895530224,0.9905462265014648,0.9999474287033081
217,3.618,14,RIGHT_ELBOW,0.36185282468795776,0.543998122215271,-0.19064836204051971,0.9741424322128296,0.9994475245475769
217,3.618,15,LEFT_WRIST,0.6742581725120544,0.6254814267158508,-0.16474413871765137,0.9928960204124451,0.9999562501907349
217,3.618,16,RIGHT_WRIST,0.3833291530609131,0.6108586192131042,-0.36195969581604004,0.9698795080184937,0.9996351003646851
217,3.618,17,LEFT_PINKY,0.685730516910553,0.6494325995445251,-0.20190587639808655,0.9877063035964966,0.9998053908348083
217,3.618,18,RIGHT_PINKY,0.38739603757858276,0.6385239958763123,-0.40677952766418457,0.9537315964698792,0.9992867112159729
217,3.618,19,LEFT_INDEX,0.6771159172058105,0.6478713750839233,-0.25030913949012756,0.9883536100387573,0.9998537302017212
217,3.618,20,RIGHT_INDEX,0.40388235449790955,0.6354310512542725,-0.4401770532131195,0.9552507996559143,0.9994269609451294
217,3.618,21,LEFT_THUMB,0.6692938208580017,0.6395789980888367,-0.18471282720565796,0.9861249327659607,0.9999264478683472
217,3.618,22,RIGHT_THUMB,0.4091307520866394,0.6252008080482483,-0.37766513228416443,0.9500226378440857,0.999609649181366
217,3.618,23,LEFT_HIP,0.5544596314430237,0.6402490735054016,-0.012769857421517372,0.9999021291732788,0.9999938011169434
217,3.618,24,RIGHT_HIP,0.44269269704818726,0.6431390047073364,0.012923243455588818,0.9998944401741028,0.9999749660491943
217,3.618,25,LEFT_KNEE,0.5624573826789856,0.7570957541465759,-0.22609901428222656,0.9874495267868042,0.9999934434890747
217,3.618,26,RIGHT_KNEE,0.45477819442749023,0.7595983147621155,0.29877424240112305,0.9625570178031921,0.9999313354492188
217,3.618,27,LEFT_ANKLE,0.5696122050285339,0.8923369646072388,-0.28441840410232544,0.9748252630233765,0.999222993850708
217,3.618,28,RIGHT_ANKLE,0.4846404492855072,0.8405534029006958,0.7584546804428101,0.9472769498825073,0.9995433688163757
217,3.618,29,LEFT_HEEL,0.5595357418060303,0.9141084551811218,-0.3058067560195923,0.8509083390235901,0.9978262782096863
217,3.618,30,RIGHT_HEEL,0.49777916073799133,0.8536695837974548,0.7928177714347839,0.8250603675842285,0.9991201758384705
217,3.618,31,LEFT_FOOT_INDEX,0.583207905292511,0.9268208742141724,-0.532719075679779,0.9701349139213562,0.9824498891830444
217,3.618,32,RIGHT_FOOT_INDEX,0.44883993268013,0.875586211681366,0.6917727589607239,0.9470105767250061,0.9968878626823425
218,3.634,0,NOSE,0.5322527885437012,0.3973454535007477,-0.2337925136089325,0.9999931454658508,0.9999865293502808
218,3.634,1,LEFT_EYE_INNER,0.5416625142097473,0.38697105646133423,-0.20713628828525543,0.9999709129333496,0.9999344348907471
218,3.634,2,LEFT_EYE,0.5480290651321411,0.3876616358757019,-0.2072029411792755,0.999970555305481,0.9999430179595947
218,3.634,3,LEFT_EYE_OUTER,0.5524569749832153,0.38828781247138977,-0.20720241963863373,0.9999647736549377,0.9999487400054932
218,3.634,4,RIGHT_EYE_INNER,0.5228979587554932,0.3856242597103119,-0.2165357917547226,0.9999716877937317,0.9999024868011475
218,3.634,5,RIGHT_EYE,0.5141697525978088,0.385185182094574,-0.21651877462863922,0.9999680519104004,0.9998791217803955
218,3.634,6,RIGHT_EYE_OUTER,0.5041763782501221,0.38494613766670227,-0.2164941430091858,0.9999618530273438,0.9998525381088257
218,3.634,7,LEFT_EAR,0.5552000999450684,0.3947238624095917,-0.06701646000146866,0.9999401569366455,0.999971866607666
218,3.634,8,RIGHT_EAR,0.48284992575645447,0.3908095955848694,-0.11346840858459473,0.9999340772628784,0.9998613595962524
218,3.634,9,MOUTH_LEFT,0.5402859449386597,0.41231977939605713,-0.18155530095100403,0.9999881386756897,0.9999938011169434
218,3.634,10,MOUTH_RIGHT,0.5161623954772949,0.41072848439216614,-0.19446063041687012,0.9999884963035583,0.9999885559082031
218,3.634,11,LEFT_SHOULDER,0.6086341142654419,0.472506582736969,-0.03802993521094322,0.9999902844429016,0.999998927116394
218,3.634,12,RIGHT_SHOULDER,0.40445882081985474,0.4636993706226349,-0.07564017921686172,0.9999603629112244,0.9999449253082275
218,3.634,13,LEFT_ELBOW,0.6429323554039001,0.5539975762367249,-0.004083452746272087,0.9910898208618164,0.999976396560669
218,3.634,14,RIGHT_ELBOW,0.36151430010795593,0.5470260977745056,-0.0977713018655777,0.9760382771492004,0.9993829727172852
218,3.634,15,LEFT_WRIST,0.6748974919319153,0.6265437006950378,-0.16177137196063995,0.9932550191879272,0.9999817609786987
218,3.634,16,RIGHT_WRIST,0.3835907280445099,0.6206287741661072,-0.1998906135559082,0.9710736870765686,0.999525785446167
218,3.634,17,LEFT_PINKY,0.686540961265564,0.6507091522216797,-0.19760078191757202,0.9883622527122498,0.9999017715454102
218,3.634,18,RIGHT_PINKY,0.3867540657520294,0.6490002870559692,-0.23741398751735687,0.9553205370903015,0.999016284942627
218,3.634,19,LEFT_INDEX,0.6775780320167542,0.6492175459861755,-0.24546562135219574,0.9889549016952515,0.9999263286590576
218,3.634,20,RIGHT_INDEX,0.4031991958618164,0.6461251974105835,-0.2751447558403015,0.9566444158554077,0.9991999268531799
218,3.634,21,LEFT_THUMB,0.6697136759757996,0.6406499743461609,-0.18114520609378815,0.986813485622406,0.9999653100967407
218,3.634,22,RIGHT_THUMB,0.40857967734336853,0.6375322341918945,-0.21652071177959442,0.9516869187355042,0.9994580149650574
218,3.634,23,LEFT_HIP,0.5551299452781677,0.6411609053611755,-0.014244572259485722,0.9999110102653503,0.9999963045120239
218,3.634,24,RIGHT_HIP,0.4428749978542328,0.6454533338546753,0.014376976527273655,0.9998982548713684,0.9999734163284302
218,3.634,25,LEFT_KNEE,0.5626410245895386,0.7593201994895935,-0.20981839299201965,0.9882102012634277,0.9999946355819702
218,3.634,26,RIGHT_KNEE,0.4549007713794708,0.7622700929641724,0.2803269326686859,0.9630099534988403,0.9998934268951416
218,3.634,27,LEFT_ANKLE,0.5695539116859436,0.8965122699737549,-0.2875089943408966,0.9766591191291809,0.9988588094711304
218,3.634,28,RIGHT_ANKLE,0.48464739322662354,0.8402454257011414,0.7405006885528564,0.9435856342315674,0.999090313911438
218,3.634,29,LEFT_HEEL,0.5594748258590698,0.9215015769004822,-0.31025418639183044,0.8565980792045593,0.9966400861740112
218,3.634,30,RIGHT_HEEL,0.4978586733341217,0.8529847264289856,0.7760220170021057,0.8178074955940247,0.9983888864517212
218,3.634,31,LEFT_FOOT_INDEX,0.5834652185440063,0.9394705295562744,-0.5245668888092041,0.9718191027641296,0.9710884690284729
218,3.634,32,RIGHT_FOOT_INDEX,0.4490114450454712,0.875647783279419,0.6903226971626282,0.9442240595817566,0.9946240186691284
219,3.651,0,NOSE,0.5340926051139832,0.3974129259586334,-0.22740229964256287,0.9999936819076538,0.9999812841415405
219,3.651,1,LEFT_EYE_INNER,0.5438959002494812,0.38709351420402527,-0.1995743364095688,0.9999729990959167,0.9999138116836548
219,3.651,2,LEFT_EYE,0.55031818151474,0.38777849078178406,-0.19965027272701263,0.9999727606773376,0.9999231100082397
219,3.651,3,LEFT_EYE_OUTER,0.5549699068069458,0.3884100317955017,-0.19965426623821259,0.9999673962593079,0.9999302625656128
219,3.651,4,RIGHT_EYE_INNER,0.524592399597168,0.3858101963996887,-0.20950889587402344,0.9999735951423645,0.9998756647109985
219,3.651,5,RIGHT_EYE,0.5156673789024353,0.385395884513855,-0.20947979390621185,0.9999701380729675,0.9998462200164795
219,3.651,6,RIGHT_EYE_OUTER,0.5057288408279419,0.3851926624774933,-0.20945239067077637,0.9999640583992004,0.9998151659965515
219,3.651,7,LEFT_EAR,0.55818772315979,0.39493000507354736,-0.05556466057896614,0.9999440312385559,0.9999606609344482
219,3.651,8,RIGHT_EAR,0.48425009846687317,0.39105716347694397,-0.10446055233478546,0.9999392032623291,0.9998262524604797
219,3.651,9,MOUTH_LEFT,0.5428398251533508,0.41251304745674133,-0.173410564661026,0.9999891519546509,0.9999901056289673
219,3.651,10,MOUTH_RIGHT,0.5179716944694519,0.4108908474445343,-0.18684875965118408,0.9999894499778748,0.9999828338623047
219,3.651,11,LEFT_SHOULDER,0.6113559007644653,0.47442856431007385,-0.028786875307559967,0.9999909996986389,0.9999983310699463
219,3.651,12,RIGHT_SHOULDER,0.404651939868927,0.46436887979507446,-0.07003554701805115,0.9999607801437378,0.9999264478683472
219,3.651,13,LEFT_ELBOW,0.6452184319496155,0.5563143491744995,-0.007603662088513374,0.9914425611495972,0.999964714050293
219,3.651,14,RIGHT_ELBOW,0.3606257140636444,0.549157977104187,-0.07703882455825806,0.9779089093208313,0.9991798996925354
219,3.651,15,LEFT_WRIST,0.6759535074234009,0.6290547847747803,-0.18089844286441803,0.9934578537940979,0.9999699592590332
219,3.651,16,RIGHT_WRIST,0.3838130235671997,0.6256932020187378,-0.1749398410320282,0.9721396565437317,0.9992972612380981
219,3.651,17,LEFT_PINKY,0.6871417164802551,0.6538238525390625,-0.22344790399074554,0.9887469410896301,0.9998252987861633
219,3.651,18,RIGHT_PINKY,0.38629624247550964,0.653468668460846,-0.21628782153129578,0.956464946269989,0.9983878135681152
219,3.651,19,LEFT_INDEX,0.6779081225395203,0.6519034504890442,-0.2694211006164551,0.9892899990081787,0.999876856803894
219,3.651,20,RIGHT_INDEX,0.4030984342098236,0.6506442427635193,-0.2512037456035614,0.9575943350791931,0.9987632036209106
219,3.651,21,LEFT_THUMB,0.6700349450111389,0.643202006816864,-0.20079538226127625,0.9871851205825806,0.9999421834945679
219,3.651,22,RIGHT_THUMB,0.4085167348384857,0.6425490975379944,-0.19008125364780426,0.952893853187561,0.9991924166679382
219,3.651,23,LEFT_HIP,0.5555749535560608,0.6445907950401306,-0.01406096201390028,0.9999189376831055,0.9999970197677612
219,3.651,24,RIGHT_HIP,0.442747563123703,0.6487607359886169,0.014165868982672691,0.9999008178710938,0.9999774694442749
219,3.651,25,LEFT_KNEE,0.5627431869506836,0.7645751237869263,-0.2517441511154175,0.9887032508850098,0.9999922513961792
219,3.651,26,RIGHT_KNEE,0.4549928903579712,0.7636374235153198,0.28824031352996826,0.9620964527130127,0.9998584985733032
219,3.651,27,LEFT_ANKLE,0.5696048140525818,0.9067074656486511,-0.3685586750507355,0.9780970215797424,0.9986805319786072
219,3.651,28,RIGHT_ANKLE,0.48465412855148315,0.8398634195327759,0.7705543637275696,0.9373185038566589,0.9988359808921814
219,3.651,29,LEFT_HEEL,0.5592840909957886,0.9304053783416748,-0.3947904706001282,0.8607563972473145,0.9960259199142456
219,3.651,30,RIGHT_HEEL,0.49784088134765625,0.8524215817451477,0.8078025579452515,0.8072565197944641,0.997923731803894
219,3.651,31,LEFT_FOOT_INDEX,0.5878273248672485,0.9453603029251099,-0.616960883140564,0.973072350025177,0.9653586745262146
219,3.651,32,RIGHT_FOOT_INDEX,0.4511145055294037,0.875596821308136,0.7186800837516785,0.9394382238388062,0.9934278130531311
220,3.668,0,NOSE,0.5356340408325195,0.3982725143432617,-0.24905051290988922,0.999994158744812,0.9999862909317017
220,3.668,1,LEFT_EYE_INNER,0.5454851984977722,0.3877672851085663,-0.22139672935009003,0.9999748468399048,0.999933123588562
220,3.668,2,LEFT_EYE,0.5522459149360657,0.3885729908943176,-0.22145651280879974,0.99997478723526,0.9999381303787231
220,3.668,3,LEFT_EYE_OUTER,0.5572763681411743,0.3893917500972748,-0.22144004702568054,0.9999697208404541,0.9999421834945679
220,3.668,4,RIGHT_EYE_INNER,0.526130199432373,0.3863357901573181,-0.2322843223810196,0.9999753832817078,0.9999121427536011
220,3.668,5,RIGHT_EYE,0.5170593857765198,0.3859098255634308,-0.2322656661272049,0.9999721646308899,0.999894380569458
220,3.668,6,RIGHT_EYE_OUTER,0.507193922996521,0.3856936991214752,-0.23224599659442902,0.9999662041664124,0.9998766183853149
220,3.668,7,LEFT_EAR,0.560623049736023,0.39595019817352295,-0.07372380048036575,0.9999477863311768,0.9999666213989258
220,3.668,8,RIGHT_EAR,0.4858531355857849,0.3915741741657257,-0.12471342831850052,0.9999440312385559,0.9998946189880371
220,3.668,9,MOUTH_LEFT,0.5437658429145813,0.41357454657554626,-0.19341008365154266,0.9999900460243225,0.9999923706054688
220,3.668,10,MOUTH_RIGHT,0.5187442898750305,0.4115605652332306,-0.20789095759391785,0.9999902844429016,0.9999886751174927
220,3.668,11,LEFT_SHOULDER,0.613650381565094,0.4756269156932831,-0.0366634875535965,0.9999916553497314,0.9999980926513672
220,3.668,12,RIGHT_SHOULDER,0.4045991599559784,0.4656495153903961,-0.07697076350450516,0.9999619722366333,0.9999581575393677
220,3.668,13,LEFT_ELBOW,0.6475257873535156,0.5573445558547974,-0.009384187869727612,0.991844654083252,0.9999581575393677
220,3.668,14,RIGHT_ELBOW,0.3607431948184967,0.5511993169784546,-0.08274149894714355,0.979690670967102,0.9994155168533325
220,3.668,15,LEFT_WRIST,0.6777555346488953,0.6304975152015686,-0.17873473465442657,0.9935188293457031,0.9999512434005737
220,3.668,16,RIGHT_WRIST,0.38399559259414673,0.6289646029472351,-0.17446674406528473,0.9734917879104614,0.9994947910308838
220,3.668,17,LEFT_PINKY,0.6886743903160095,0.6554154753684998,-0.2215307503938675,0.9889031648635864,0.9997437596321106
220,3.668,18,RIGHT_PINKY,0.3851475417613983,0.6572548747062683,-0.2142971158027649,0.9580665230751038,0.9987779259681702
220,3.668,19,LEFT_INDEX,0.6800282001495361,0.6543052196502686,-0.2693570554256439,0.9894136190414429,0.9998080134391785
220,3.668,20,RIGHT_INDEX,0.40225106477737427,0.6545344591140747,-0.24900470674037933,0.9590509533882141,0.999049961566925
220,3.668,21,LEFT_THUMB,0.6724465489387512,0.6455406546592712,-0.19934865832328796,0.98735111951828,0.9999079704284668
220,3.668,22,RIGHT_THUMB,0.4079905152320862,0.6463102102279663,-0.1894439160823822,0.9545878171920776,0.9993732571601868
220,3.668,23,LEFT_HIP,0.5564669370651245,0.6463050246238708,-0.01385085191577673,0.9999257922172546,0.9999959468841553
220,3.668,24,RIGHT_HIP,0.4429972469806671,0.6512321829795837,0.013958590105175972,0.9999011158943176,0.9999758005142212
220,3.668,25,LEFT_KNEE,0.5628613233566284,0.7648176550865173,-0.2759228050708771,0.9893061518669128,0.9999927282333374
220,3.668,26,RIGHT_KNEE,0.45500755310058594,0.7642685770988464,0.2935818135738373,0.9616104364395142,0.9998700618743896
220,3.668,27,LEFT_ANKLE,0.5695781111717224,0.906554102897644,-0.41633862257003784,0.9795750975608826,0.9986683130264282
220,3.668,28,RIGHT_ANKLE,0.48467910289764404,0.8409870862960815,0.7586690187454224,0.9334017038345337,0.9989608526229858
220,3.668,29,LEFT_HEEL,0.559230625629425,0.9300035238265991,-0.44533786177635193,0.8648285269737244,0.9959980249404907
220,3.668,30,RIGHT_HEEL,0.49844491481781006,0.8548316955566406,0.7929964065551758,0.8016916513442993,0.9981081485748291
220,3.668,31,LEFT_FOOT_INDEX,0.5872573852539062,0.9487866163253784,-0.6744896769523621,0.9746288657188416,0.9675160646438599
220,3.668,32,RIGHT_FOOT_INDEX,0.4513532519340515,0.8758185505867004,0.7053816914558411,0.9368534684181213,0.9941884279251099
221,3.684,0,NOSE,0.5389318466186523,0.39849457144737244,-0.2653217613697052,0.999994695186615,0.9999849796295166
221,3.684,1,LEFT_EYE_INNER,0.5489486455917358,0.38796722888946533,-0.23803947865962982,0.9999770522117615,0.9999301433563232
221,3.684,2,LEFT_EYE,0.5552220940589905,0.3887430429458618,-0.23808136582374573,0.9999770522117615,0.9999366998672485
221,3.684,3,LEFT_EYE_OUTER,0.5603100061416626,0.38952943682670593,-0.23805302381515503,0.999972403049469,0.9999407529830933
221,3.684,4,RIGHT_EYE_INNER,0.5286555290222168,0.3865947127342224,-0.25011101365089417,0.9999774694442749,0.9999055862426758
221,3.684,5,RIGHT_EYE,0.5193846225738525,0.38616427779197693,-0.25007766485214233,0.9999745488166809,0.9998869895935059
221,3.684,6,RIGHT_EYE_OUTER,0.5096436142921448,0.38598498702049255,-0.2500491440296173,0.9999690651893616,0.9998658895492554
221,3.684,7,LEFT_EAR,0.5629446506500244,0.39612501859664917,-0.08832366019487381,0.9999521970748901,0.9999635219573975
221,3.684,8,RIGHT_EAR,0.48782864212989807,0.39181068539619446,-0.1374603658914566,0.9999492168426514,0.9998682737350464
221,3.684,9,MOUTH_LEFT,0.5477561950683594,0.41376712918281555,-0.20895478129386902,0.9999909400939941,0.9999914169311523
221,3.684,10,MOUTH_RIGHT,0.5221231579780579,0.41174963116645813,-0.2247312366962433,0.9999911785125732,0.9999874830245972
221,3.684,11,LEFT_SHOULDER,0.6162230968475342,0.4770336151123047,-0.04175544157624245,0.999992311000824,0.999997615814209
221,3.684,12,RIGHT_SHOULDER,0.4047243893146515,0.46752282977104187,-0.09953055530786514,0.9999635219573975,0.9999510049819946
221,3.684,13,LEFT_ELBOW,0.649694561958313,0.559586226940155,-0.01037514116615057,0.9919734597206116,0.9999537467956543
221,3.684,14,RIGHT_ELBOW,0.3610019385814667,0.5545515418052673,-0.0938798263669014,0.9812901616096497,0.9994433522224426
221,3.684,15,LEFT_WRIST,0.6801033020019531,0.6333514451980591,-0.18624091148376465,0.9936279058456421,0.9999510049819946
221,3.684,16,RIGHT_WRIST,0.38345783948898315,0.6321871876716614,-0.20281030237674713,0.9748966097831726,0.9993662238121033
221,3.684,17,LEFT_PINKY,0.6904494166374207,0.6591166853904724,-0.22881655395030975,0.989160418510437,0.9997223019599915
221,3.684,18,RIGHT_PINKY,0.38228946924209595,0.6603931784629822,-0.24823367595672607,0.9599037766456604,0.9983204007148743
221,3.684,19,LEFT_INDEX,0.682216227054596,0.6583639979362488,-0.2849341332912445,0.9896581172943115,0.9997974038124084
221,3.684,20,RIGHT_INDEX,0.40050747990608215,0.657548189163208,-0.2872004806995392,0.9608336687088013,0.9986945986747742
221,3.684,21,LEFT_THUMB,0.6750606894493103,0.6497789025306702,-0.21091921627521515,0.987705647945404,0.9999030828475952
221,3.684,22,RIGHT_THUMB,0.4066839814186096,0.649351954460144,-0.22021330893039703,0.9567767977714539,0.9991589784622192
221,3.684,23,LEFT_HIP,0.5574262142181396,0.6496255993843079,-0.010401804931461811,0.9999316930770874,0.9999961853027344
221,3.684,24,RIGHT_HIP,0.4431939125061035,0.6545373201370239,0.01055141631513834,0.9999033212661743,0.9999797344207764
221,3.684,25,LEFT_KNEE,0.5630185604095459,0.7710804343223572,-0.21555182337760925,0.9899370670318604,0.9999929666519165
221,3.684,26,RIGHT_KNEE,0.45522841811180115,0.7654256224632263,0.2677920162677765,0.9630856513977051,0.9998979568481445
221,3.684,27,LEFT_ANKLE,0.5701491832733154,0.9117079973220825,-0.18834425508975983,0.9809858202934265,0.9983227849006653
221,3.684,28,RIGHT_ANKLE,0.48462796211242676,0.8406991958618164,0.7040468454360962,0.9342889189720154,0.9989305138587952
221,3.684,29,LEFT_HEEL,0.5596296787261963,0.9267259836196899,-0.20611605048179626,0.8697774410247803,0.9943600296974182
221,3.684,30,RIGHT_HEEL,0.4982741177082062,0.853410005569458,0.7364450097084045,0.8026048541069031,0.9978557229042053
221,3.684,31,LEFT_FOOT_INDEX,0.5871412754058838,0.9569522142410278,-0.41106557846069336,0.9759930372238159,0.946253776550293
221,3.684,32,RIGHT_FOOT_INDEX,0.45219969749450684,0.8775302171707153,0.6447892189025879,0.9375397562980652,0.9899013042449951
222,3.701,0,NOSE,0.5410469174385071,0.39974918961524963,-0.28280866146087646,0.9999951124191284,0.9999868869781494
222,3.701,1,LEFT_EYE_INNER,0.5519856214523315,0.3890129327774048,-0.2519929111003876,0.9999788403511047,0.9999361038208008
222,3.701,2,LEFT_EYE,0.5585101246833801,0.3898305296897888,-0.25205662846565247,0.9999788999557495,0.9999407529830933
222,3.701,3,LEFT_EYE_OUTER,0.5636233687400818,0.3906688988208771,-0.25206828117370605,0.9999746084213257,0.9999430179595947
222,3.701,4,RIGHT_EYE_INNER,0.5314493775367737,0.38764017820358276,-0.2620403468608856,0.9999791383743286,0.9999170303344727
222,3.701,5,RIGHT_EYE,0.5219783782958984,0.38722795248031616,-0.2620132863521576,0.9999765157699585,0.9999014139175415
222,3.701,6,RIGHT_EYE_OUTER,0.5123582482337952,0.387114942073822,-0.2620202600955963,0.9999712705612183,0.9998831748962402
222,3.701,7,LEFT_EAR,0.5679324269294739,0.3975887894630432,-0.11092075705528259,0.9999557733535767,0.9999632835388184
222,3.701,8,RIGHT_EAR,0.49104297161102295,0.39301398396492004,-0.1653687059879303,0.9999535083770752,0.999891996383667
222,3.701,9,MOUTH_LEFT,0.5504465103149414,0.41511374711990356,-0.21800081431865692,0.9999917149543762,0.9999921321868896
222,3.701,10,MOUTH_RIGHT,0.5245095491409302,0.412936806678772,-0.2319342941045761,0.9999919533729553,0.9999892711639404
222,3.701,11,LEFT_SHOULDER,0.6206089854240417,0.47888264060020447,-0.07870495319366455,0.9999929070472717,0.9999977350234985
222,3.701,12,RIGHT_SHOULDER,0.4047585725784302,0.4694729447364807,-0.12229468673467636,0.9999650716781616,0.9999661445617676
222,3.701,13,LEFT_ELBOW,0.6525410413742065,0.5625663995742798,-0.03785506635904312,0.992224395275116,0.999956488609314
222,3.701,14,RIGHT_ELBOW,0.3612254858016968,0.5568182468414307,-0.10064718872308731,0.9826720356941223,0.999594509601593
222,3.701,15,LEFT_WRIST,0.6827803254127502,0.6365588903427124,-0.21138380467891693,0.9936932325363159,0.9999431371688843
222,3.701,16,RIGHT_WRIST,0.3826736509799957,0.6339221596717834,-0.20440742373466492,0.9762665629386902,0.9995457530021667
222,3.701,17,LEFT_PINKY,0.6929280757904053,0.6627053618431091,-0.2526923716068268,0.9893448948860168,0.9996970891952515
222,3.701,18,RIGHT_PINKY,0.3790178596973419,0.6623505353927612,-0.2478286772966385,0.9617581367492676,0.9987930059432983
222,3.701,19,LEFT_INDEX,0.6844678521156311,0.6617286801338196,-0.3104811906814575,0.9898287057876587,0.9997707009315491
222,3.701,20,RIGHT_INDEX,0.39737600088119507,0.6596737504005432,-0.2897671163082123,0.9626478552818298,0.999057948589325
222,3.701,21,LEFT_THUMB,0.6775636076927185,0.6530671715736389,-0.23697909712791443,0.9879860877990723,0.9998881816864014
222,3.701,22,RIGHT_THUMB,0.40436026453971863,0.6513042449951172,-0.22306029498577118,0.9589497447013855,0.9993884563446045
222,3.701,23,LEFT_HIP,0.5588558912277222,0.6535353064537048,-0.011319457553327084,0.9999366998672485,0.999995231628418
222,3.701,24,RIGHT_HIP,0.4433051347732544,0.6577927470207214,0.011449758894741535,0.9999028444290161,0.9999748468399048
222,3.701,25,LEFT_KNEE,0.5632587671279907,0.772612988948822,-0.16286367177963257,0.9904347062110901,0.9999936819076538
222,3.701,26,RIGHT_KNEE,0.4552587866783142,0.7650865316390991,0.2811386287212372,0.9629490375518799,0.999893069267273
222,3.701,27,LEFT_ANKLE,0.5704903602600098,0.9100679755210876,-0.1563016176223755,0.9822235107421875,0.9983270764350891
222,3.701,28,RIGHT_ANKLE,0.4846329987049103,0.8404664993286133,0.7101689577102661,0.9336420893669128,0.9989450573921204
222,3.701,29,LEFT_HEEL,0.5603093504905701,0.9221931099891663,-0.17375752329826355,0.8716809153556824,0.9946151375770569
222,3.701,30,RIGHT_HEEL,0.498616486787796,0.853086531162262,0.7426647543907166,0.8023539781570435,0.9979521632194519
222,3.701,31,LEFT_FOOT_INDEX,0.5841015577316284,0.960805356502533,-0.37733298540115356,0.9771633744239807,0.9550732374191284
222,3.701,32,RIGHT_FOOT_INDEX,0.45227956771850586,0.8778989315032959,0.6653421521186829,0.937380313873291,0.9915105104446411
223,3.718,0,NOSE,0.5452908277511597,0.4008614122867584,-0.2906002998352051,0.9999954104423523,0.9999707937240601
223,3.718,1,LEFT_EYE_INNER,0.5561071038246155,0.3901727795600891,-0.2556561529636383,0.9999800324440002,0.9998725652694702
223,3.718,2,LEFT_EYE,0.5626332759857178,0.39091750979423523,-0.2557789385318756,0.9999802112579346,0.9998838901519775
223,3.718,3,LEFT_EYE_OUTER,0.5679497718811035,0.391655832529068,-0.25588491559028625,0.9999760985374451,0.9998874664306641
223,3.718,4,RIGHT_EYE_INNER,0.5351766347885132,0.3889400064945221,-0.2625114917755127,0.9999801516532898,0.9998307228088379
223,3.718,5,RIGHT_EYE,0.52569580078125,0.38851478695869446,-0.26252174377441406,0.9999777674674988,0.9997991919517517
223,3.718,6,RIGHT_EYE_OUTER,0.5160584449768066,0.38845473527908325,-0.2625921964645386,0.9999726414680481,0.9997585415840149
223,3.718,7,LEFT_EAR,0.571949303150177,0.39832645654678345,-0.1278044730424881,0.999957799911499,0.9999241828918457
223,3.718,8,RIGHT_EAR,0.4944594204425812,0.39424899220466614,-0.18714886903762817,0.9999567270278931,0.9997538924217224
223,3.718,9,MOUTH_LEFT,0.5551403760910034,0.41622796654701233,-0.21843339502811432,0.999992311000824,0.9999823570251465
223,3.718,10,MOUTH_RIGHT,0.5296006798744202,0.4142257869243622,-0.23578353226184845,0.9999924898147583,0.9999749660491943
223,3.718,11,LEFT_SHOULDER,0.625095009803772,0.4804387390613556,-0.09211242198944092,0.9999933242797852,0.9999963045120239
223,3.718,12,RIGHT_SHOULDER,0.40599384903907776,0.4710026979446411,-0.13735558092594147,0.9999655485153198,0.9999362230300903
223,3.718,13,LEFT_ELBOW,0.6557310223579407,0.5647289156913757,-0.03965088352560997,0.9921100735664368,0.9999449253082275
223,3.718,14,RIGHT_ELBOW,0.3614920675754547,0.5586351752281189,-0.1048993170261383,0.9837215542793274,0.9994470477104187
223,3.718,15,LEFT_WRIST,0.6848040819168091,0.6389926075935364,-0.20746146142482758,0.9935940504074097,0.9999203681945801
223,3.718,16,RIGHT_WRIST,0.3804696500301361,0.6373679041862488,-0.20837751030921936,0.9769954085350037,0.9991934895515442
223,3.718,17,LEFT_PINKY,0.6951178908348083,0.6654557585716248,-0.24702230095863342,0.9892764687538147,0.9995860457420349
223,3.718,18,RIGHT_PINKY,0.37470218539237976,0.666253387928009,-0.2506617307662964,0.9626143574714661,0.9979197382926941
223,3.718,19,LEFT_INDEX,0.6859989166259766,0.6646636128425598,-0.30511724948883057,0.989764392375946,0.9996811151504517
223,3.718,20,RIGHT_INDEX,0.3932286202907562,0.6640338897705078,-0.2951778471469879,0.9635061025619507,0.998313307762146
223,3.718,21,LEFT_THUMB,0.6788352727890015,0.6558102965354919,-0.2329903393983841,0.98802649974823,0.999840259552002
223,3.718,22,RIGHT_THUMB,0.40048161149024963,0.6556119918823242,-0.2283490002155304,0.9602097868919373,0.9989217519760132
223,3.718,23,LEFT_HIP,0.5602836608886719,0.6589290499687195,-0.011236321181058884,0.9999406337738037,0.9999939203262329
223,3.718,24,RIGHT_HIP,0.443439245223999,0.6615013480186462,0.011362308636307716,0.9999004602432251,0.9999661445617676
223,3.718,25,LEFT_KNEE,0.5640221834182739,0.7773325443267822,-0.14303624629974365,0.9907732009887695,0.9999920129776001
223,3.718,26,RIGHT_KNEE,0.45535770058631897,0.7656639218330383,0.2850266695022583,0.9624455571174622,0.9998642206192017
223,3.718,27,LEFT_ANKLE,0.5704931616783142,0.9144307374954224,-0.10225547850131989,0.983267068862915,0.9980816841125488
223,3.718,28,RIGHT_ANKLE,0.4846705198287964,0.8401914238929749,0.7355434894561768,0.9322404265403748,0.9987084865570068
223,3.718,29,LEFT_HEEL,0.5602538585662842,0.927909255027771,-0.1160648986697197,0.8742194771766663,0.9937307834625244
223,3.718,30,RIGHT_HEEL,0.49878302216529846,0.8528198599815369,0.7712709307670593,0.8007873892784119,0.99751877784729
223,3.718,31,LEFT_FOOT_INDEX,0.5811929702758789,0.9697751402854919,-0.3180718719959259,0.9779683947563171,0.9426361918449402
223,3.718,32,RIGHT_FOOT_INDEX,0.4539579749107361,0.8793808221817017,0.6933171153068542,0.9360706806182861,0.9886870384216309
224,3.734,0,NOSE,0.548525333404541,0.40235021710395813,-0.3293323516845703,0.9999955892562866,0.9999650716781616
224,3.734,1,LEFT_EYE_INNER,0.5596152544021606,0.3917241394519806,-0.30183055996894836,0.9999809265136719,0.9998674392700195
224,3.734,2,LEFT_EYE,0.5662590861320496,0.39242085814476013,-0.30184146761894226,0.9999812245368958,0.9998772144317627
224,3.734,3,LEFT_EYE_OUTER,0.5715380907058716,0.3931003212928772,-0.3017810881137848,0.9999772310256958,0.9998782873153687
224,3.734,4,RIGHT_EYE_INNER,0.5383687615394592,0.390569269657135,-0.3112504184246063,0.9999809265136719,0.999832272529602
224,3.734,5,RIGHT_EYE,0.5290001034736633,0.3901537358760834,-0.31119027733802795,0.9999787211418152,0.9998036026954651
224,3.734,6,RIGHT_EYE_OUTER,0.5192921757698059,0.39005473256111145,-0.31115150451660156,0.9999736547470093,0.9997661709785461
224,3.734,7,LEFT_EAR,0.5754663944244385,0.3995470404624939,-0.16582025587558746,0.9999593496322632,0.999915361404419
224,3.734,8,RIGHT_EAR,0.4982304871082306,0.3955482244491577,-0.21968895196914673,0.9999593496322632,0.9997639060020447
224,3.734,9,MOUTH_LEFT,0.5581746101379395,0.41776445508003235,-0.26576054096221924,0.9999927878379822,0.99997878074646
224,3.734,10,MOUTH_RIGHT,0.5324848294258118,0.4157388508319855,-0.2810952961444855,0.9999929070472717,0.9999712705612183
224,3.734,11,LEFT_SHOULDER,0.628508448600769,0.48203331232070923,-0.1228649839758873,0.9999937415122986,0.9999964237213135
224,3.734,12,RIGHT_SHOULDER,0.40715518593788147,0.47263404726982117,-0.1493109166622162,0.9999659657478333,0.9999382495880127
224,3.734,13,LEFT_ELBOW,0.6596235632896423,0.5669068694114685,-0.06803442537784576,0.9920964241027832,0.9999316930770874
224,3.734,14,RIGHT_ELBOW,0.3617047369480133,0.5601839423179626,-0.10797547549009323,0.9843598008155823,0.9994226694107056
224,3.734,15,LEFT_WRIST,0.6880561113357544,0.642619252204895,-0.24434907734394073,0.9934808015823364,0.9998666048049927
224,3.734,16,RIGHT_WRIST,0.3781929910182953,0.6404119729995728,-0.21228264272212982,0.9775364995002747,0.9989666938781738
224,3.734,17,LEFT_PINKY,0.6977233290672302,0.6692822575569153,-0.287837415933609,0.9891388416290283,0.9992960691452026
224,3.734,18,RIGHT_PINKY,0.37009891867637634,0.669430136680603,-0.255758136510849,0.9631180763244629,0.9972825050354004
224,3.734,19,LEFT_INDEX,0.6876831650733948,0.66839599609375,-0.34633779525756836,0.98964524269104,0.9994695782661438
224,3.734,20,RIGHT_INDEX,0.388842910528183,0.6677828431129456,-0.30505576729774475,0.964074969291687,0.9978052973747253
224,3.734,21,LEFT_THUMB,0.6804508566856384,0.6595737934112549,-0.2704418897628784,0.9880249500274658,0.9997350573539734
224,3.734,22,RIGHT_THUMB,0.39645764231681824,0.6595644354820251,-0.23434527218341827,0.9611953496932983,0.9986090064048767
224,3.734,23,LEFT_HIP,0.5621316432952881,0.6608951687812805,-0.016687074676156044,0.9999436736106873,0.9999915361404419
224,3.734,24,RIGHT_HIP,0.44357573986053467,0.6618424654006958,0.016820501536130905,0.9998935461044312,0.9999558925628662
224,3.734,25,LEFT_KNEE,0.5644556283950806,0.7844871282577515,-0.12872052192687988,0.9911869168281555,0.9999915361404419
224,3.734,26,RIGHT_KNEE,0.45545142889022827,0.7667285203933716,0.3150203227996826,0.9600334167480469,0.9998502731323242
224,3.734,27,LEFT_ANKLE,0.5704697966575623,0.9245835542678833,-0.10291736572980881,0.9842379689216614,0.9973561763763428
224,3.734,28,RIGHT_ANKLE,0.4846270978450775,0.840009331703186,0.7952466607093811,0.9293118715286255,0.9985069632530212
224,3.734,29,LEFT_HEEL,0.5602087378501892,0.936778724193573,-0.11792463809251785,0.8743729591369629,0.990666925907135
224,3.734,30,RIGHT_HEEL,0.4988776445388794,0.852486252784729,0.8339293599128723,0.7995562553405762,0.9968851208686829
224,3.734,31,LEFT_FOOT_INDEX,0.5802085399627686,0.9786669015884399,-0.33060458302497864,0.9785423874855042,0.913634181022644
224,3.734,32,RIGHT_FOOT_INDEX,0.45240518450737,0.8798743486404419,0.7554952502250671,0.9340536594390869,0.9853553771972656
225,3.751,0,NOSE,0.5505726337432861,0.402995765209198,-0.330992728471756,0.9999958872795105,0.999981164932251
225,3.751,1,LEFT_EYE_INNER,0.5623471736907959,0.39226099848747253,-0.30503207445144653,0.9999823570251465,0.9999260902404785
225,3.751,2,LEFT_EYE,0.5695422291755676,0.3931044936180115,-0.3050178289413452,0.9999826550483704,0.9999316930770874
225,3.751,3,LEFT_EYE_OUTER,0.5751377940177917,0.39393654465675354,-0.3049308657646179,0.9999789595603943,0.999931812286377
225,3.751,4,RIGHT_EYE_INNER,0.5404738187789917,0.39088767766952515,-0.3142339885234833,0.9999822378158569,0.999901533126831
225,3.751,5,RIGHT_EYE,0.5309659242630005,0.3904624581336975,-0.31415045261383057,0.9999802112579346,0.9998818635940552
225,3.751,6,RIGHT_EYE_OUTER,0.5213112831115723,0.39035892486572266,-0.31408029794692993,0.9999754428863525,0.999854564666748
225,3.751,7,LEFT_EAR,0.5808451771736145,0.4008308947086334,-0.16527242958545685,0.9999622702598572,0.9999507665634155
225,3.751,8,RIGHT_EAR,0.501000702381134,0.39608171582221985,-0.21546410024166107,0.9999626278877258,0.9998419284820557
225,3.751,9,MOUTH_LEFT,0.560350775718689,0.4185638427734375,-0.2693668603897095,0.9999933242797852,0.999987006187439
225,3.751,10,MOUTH_RIGHT,0.5335727334022522,0.416257381439209,-0.28361210227012634,0.9999934434890747,0.9999809265136719
225,3.751,11,LEFT_SHOULDER,0.6326789259910583,0.48417097330093384,-0.11517468094825745,0.999994158744812,0.9999973773956299
225,3.751,12,RIGHT_SHOULDER,0.40942662954330444,0.47301357984542847,-0.14539407193660736,0.9999670386314392,0.9999493360519409
225,3.751,13,LEFT_ELBOW,0.6629120111465454,0.569966197013855,-0.055735860019922256,0.9920140504837036,0.9999521970748901
225,3.751,14,RIGHT_ELBOW,0.36177337169647217,0.5608739256858826,-0.09888245910406113,0.9848357439041138,0.9995661377906799
225,3.751,15,LEFT_WRIST,0.6925958395004272,0.6467467546463013,-0.22676682472229004,0.9935621619224548,0.9999285936355591
225,3.751,16,RIGHT_WRIST,0.3759918212890625,0.6430131196975708,-0.19340166449546814,0.978040874004364,0.9991617202758789
225,3.751,17,LEFT_PINKY,0.7011266946792603,0.6743614673614502,-0.26952874660491943,0.9893031120300293,0.999586284160614
225,3.751,18,RIGHT_PINKY,0.3659338355064392,0.6719562411308289,-0.2410110980272293,0.9637446403503418,0.9976258873939514
225,3.751,19,LEFT_INDEX,0.6907061338424683,0.6731778383255005,-0.3292778432369232,0.9898108243942261,0.9997017979621887
225,3.751,20,RIGHT_INDEX,0.384059876203537,0.6707748174667358,-0.29400742053985596,0.964763343334198,0.9981316924095154
225,3.751,21,LEFT_THUMB,0.683768093585968,0.6645148396492004,-0.25237837433815,0.9883116483688354,0.9998575448989868
225,3.751,22,RIGHT_THUMB,0.39243873953819275,0.6630057096481323,-0.21780143678188324,0.9623062014579773,0.9988605976104736
225,3.751,23,LEFT_HIP,0.5651164054870605,0.6660133004188538,-0.01637348160147667,0.9999472498893738,0.9999938011169434
225,3.751,24,RIGHT_HIP,0.4437083899974823,0.6662786602973938,0.016492126509547234,0.9998932480812073,0.9999698400497437
225,3.751,25,LEFT_KNEE,0.5654181838035583,0.7912042737007141,-0.0812307819724083,0.9915212392807007,0.9999886751174927
225,3.751,26,RIGHT_KNEE,0.45550537109375,0.7686861157417297,0.30239078402519226,0.9589111804962158,0.9998308420181274
225,3.751,27,LEFT_ANKLE,0.5704472661018372,0.9352990984916687,-0.07689841091632843,0.9849053025245667,0.9966728687286377
225,3.751,28,RIGHT_ANKLE,0.48443320393562317,0.8392941355705261,0.7543014287948608,0.9260386824607849,0.9977520108222961
225,3.751,29,LEFT_HEEL,0.5600645542144775,0.946112334728241,-0.0856437012553215,0.8764351010322571,0.9878814220428467
225,3.751,30,RIGHT_HEEL,0.4987671971321106,0.8511801362037659,0.7904399037361145,0.797202467918396,0.9953355193138123
225,3.751,31,LEFT_FOOT_INDEX,0.5802987813949585,0.9860650897026062,-0.30158382654190063,0.9786733984947205,0.8864921927452087
225,3.751,32,RIGHT_FOOT_INDEX,0.45171141624450684,0.879877507686615,0.7153351902961731,0.9309872984886169,0.9762582182884216
226,3.768,0,NOSE,0.5540624260902405,0.4036271274089813,-0.3840468227863312,0.9999958872795105,0.9999516010284424
226,3.768,1,LEFT_EYE_INNER,0.5657867193222046,0.3926757276058197,-0.35813090205192566,0.9999826550483704,0.9998190999031067
226,3.768,2,LEFT_EYE,0.573249876499176,0.39355555176734924,-0.3580845594406128,0.999983012676239,0.9998339414596558
226,3.768,3,LEFT_EYE_OUTER,0.5789763927459717,0.39444106817245483,-0.3579511046409607,0.9999793767929077,0.9998332262039185
226,3.768,4,RIGHT_EYE_INNER,0.5434815883636475,0.39116719365119934,-0.3669886887073517,0.9999824166297913,0.9997708201408386
226,3.768,5,RIGHT_EYE,0.5338587164878845,0.39073842763900757,-0.36689913272857666,0.9999803304672241,0.9997344613075256
226,3.768,6,RIGHT_EYE_OUTER,0.5239408016204834,0.39059314131736755,-0.366825133562088,0.9999755024909973,0.9996852874755859
226,3.768,7,LEFT_EAR,0.584164559841156,0.4013412296772003,-0.2018253058195114,0.9999620318412781,0.9998753070831299
226,3.768,8,RIGHT_EAR,0.5038397312164307,0.39642155170440674,-0.2479931265115738,0.9999637603759766,0.9996546506881714
226,3.768,9,MOUTH_LEFT,0.5632110834121704,0.4192606806755066,-0.3213944435119629,0.9999935626983643,0.9999697208404541
226,3.768,10,MOUTH_RIGHT,0.5361191630363464,0.4169253408908844,-0.3337422311306,0.999993622303009,0.9999563694000244
226,3.768,11,LEFT_SHOULDER,0.636299192905426,0.48649176955223083,-0.13746723532676697,0.9999942779541016,0.9999934434890747
226,3.768,12,RIGHT_SHOULDER,0.41043901443481445,0.4748110771179199,-0.1729443520307541,0.9999669194221497,0.999909520149231
226,3.768,13,LEFT_ELBOW,0.6679354906082153,0.572966992855072,-0.07222536206245422,0.9917911887168884,0.9999223947525024
226,3.768,14,RIGHT_ELBOW,0.3619038164615631,0.562694787979126,-0.11025667190551758,0.9853975772857666,0.999367892742157
226,3.768,15,LEFT_WRIST,0.6952686309814453,0.6496754884719849,-0.2492082118988037,0.9934355020523071,0.9998941421508789
226,3.768,16,RIGHT_WRIST,0.3747241795063019,0.6454280018806458,-0.21449656784534454,0.9782184362411499,0.9989487528800964
226,3.768,17,LEFT_PINKY,0.702492356300354,0.6770223379135132,-0.2940171957015991,0.9891231656074524,0.9994956254959106
226,3.768,18,RIGHT_PINKY,0.3641313910484314,0.6744855642318726,-0.26223331689834595,0.9637336730957031,0.9973461627960205
226,3.768,19,LEFT_INDEX,0.6922479867935181,0.6756678819656372,-0.35721462965011597,0.9896376132965088,0.9996209144592285
226,3.768,20,RIGHT_INDEX,0.3807660937309265,0.6734721660614014,-0.31406369805336,0.9648040533065796,0.997871994972229
226,3.768,21,LEFT_THUMB,0.685429573059082,0.6666624546051025,-0.2768332362174988,0.9882045984268188,0.9998071789741516
226,3.768,22,RIGHT_THUMB,0.389480859041214,0.6653283834457397,-0.23850861191749573,0.9627513289451599,0.9986727237701416
226,3.768,23,LEFT_HIP,0.5677804350852966,0.6698483228683472,-0.014602883718907833,0.9999480843544006,0.9999858140945435
226,3.768,24,RIGHT_HIP,0.4437631666660309,0.6691634654998779,0.014770777896046638,0.999883234500885,0.9999380111694336
226,3.768,25,LEFT_KNEE,0.567844033241272,0.796958863735199,-0.05840242654085159,0.9917120337486267,0.9999762773513794
226,3.768,26,RIGHT_KNEE,0.45556142926216125,0.7759333848953247,0.285925030708313,0.9584782719612122,0.9997370839118958
226,3.768,27,LEFT_ANKLE,0.5705500841140747,0.9404805898666382,-0.06766773015260696,0.9852808713912964,0.9955503940582275
226,3.768,28,RIGHT_ANKLE,0.4846816956996918,0.8383731842041016,0.8076199889183044,0.9152119159698486,0.9970471262931824
226,3.768,29,LEFT_HEEL,0.560022234916687,0.9543293714523315,-0.08230402320623398,0.876862108707428,0.9862078428268433
226,3.768,30,RIGHT_HEEL,0.4989440441131592,0.8489817380905151,0.854186475276947,0.7834692597389221,0.9945496916770935
226,3.768,31,LEFT_FOOT_INDEX,0.5819644331932068,0.993691623210907,-0.2958580255508423,0.9782390594482422,0.8830322623252869
226,3.768,32,RIGHT_FOOT_INDEX,0.45179757475852966,0.8801345229148865,0.7821658253669739,0.9195594191551208,0.9759029746055603
227,3.784,0,NOSE,0.5565469264984131,0.40382689237594604,-0.3775615990161896,0.9999958276748657,0.9999507665634155
227,3.784,1,LEFT_EYE_INNER,0.5684027671813965,0.3928138017654419,-0.34990665316581726,0.9999828934669495,0.9998171925544739
227,3.784,2,LEFT_EYE,0.5762363076210022,0.39378365874290466,-0.3499015271663666,0.9999833106994629,0.999830961227417
227,3.784,3,LEFT_EYE_OUTER,0.5822386145591736,0.3947596251964569,-0.34980884194374084,0.9999797940254211,0.9998283386230469
227,3.784,4,RIGHT_EYE_INNER,0.546062707901001,0.39120545983314514,-0.3596705496311188,0.9999826550483704,0.9997826218605042
227,3.784,5,RIGHT_EYE,0.5364556312561035,0.3907625079154968,-0.35961395502090454,0.999980628490448,0.9997574687004089
227,3.784,6,RIGHT_EYE_OUTER,0.5265224575996399,0.3905787169933319,-0.35956478118896484,0.999975860118866,0.9997226595878601
227,3.784,7,LEFT_EAR,0.5883053541183472,0.40201571583747864,-0.18939602375030518,0.9999619722366333,0.9998724460601807
227,3.784,8,RIGHT_EAR,0.5068686604499817,0.39643001556396484,-0.23802758753299713,0.999965250492096,0.9997192025184631
227,3.784,9,MOUTH_LEFT,0.5656875371932983,0.41956183314323425,-0.31363585591316223,0.9999938011169434,0.9999716281890869
227,3.784,10,MOUTH_RIGHT,0.5379247069358826,0.4171675741672516,-0.3273741602897644,0.9999938011169434,0.9999629259109497
227,3.784,11,LEFT_SHOULDER,0.6395331025123596,0.4875338673591614,-0.12518462538719177,0.9999943375587463,0.9999927282333374
227,3.784,12,RIGHT_SHOULDER,0.4116358757019043,0.47597724199295044,-0.16561293601989746,0.9999672770500183,0.9999352693557739
227,3.784,13,LEFT_ELBOW,0.6710256338119507,0.5750693678855896,-0.06189676746726036,0.9911444783210754,0.9999140501022339
227,3.784,14,RIGHT_ELBOW,0.36202454566955566,0.5647374987602234,-0.08062873780727386,0.9858414530754089,0.999518871307373
227,3.784,15,LEFT_WRIST,0.6983726024627686,0.6521663665771484,-0.23857025802135468,0.9929503798484802,0.9998817443847656
227,3.784,16,RIGHT_WRIST,0.3732166886329651,0.6480125784873962,-0.15601658821105957,0.9784027934074402,0.9992208480834961
227,3.784,17,LEFT_PINKY,0.7049679756164551,0.6803539991378784,-0.28537043929100037,0.9885480999946594,0.9994801878929138
227,3.784,18,RIGHT_PINKY,0.3618083894252777,0.6759842038154602,-0.19625802338123322,0.9638816118240356,0.9979994893074036
227,3.784,19,LEFT_INDEX,0.694458544254303,0.679031252861023,-0.34268102049827576,0.9890832304954529,0.9996009469032288
227,3.784,20,RIGHT_INDEX,0.37739434838294983,0.675031840801239,-0.2503245174884796,0.9650058746337891,0.9983891248703003
227,3.784,21,LEFT_THUMB,0.6873553395271301,0.6696242690086365,-0.26395663619041443,0.9876992106437683,0.9997965693473816
227,3.784,22,RIGHT_THUMB,0.3865685760974884,0.6671192646026611,-0.18030178546905518,0.9633050560951233,0.9989909529685974
227,3.784,23,LEFT_HIP,0.5733965635299683,0.6704474091529846,-0.014524010941386223,0.9999485015869141,0.9999860525131226
227,3.784,24,RIGHT_HIP,0.4446505904197693,0.6706925630569458,0.014683292247354984,0.9998738765716553,0.9999432563781738
227,3.784,25,LEFT_KNEE,0.569631814956665,0.8061157464981079,-0.0608629435300827,0.9919838309288025,0.9999786615371704
227,3.784,26,RIGHT_KNEE,0.45560601353645325,0.7821489572525024,0.26265257596969604,0.958787739276886,0.9997655749320984
227,3.784,27,LEFT_ANKLE,0.5705438852310181,0.9503476619720459,-0.07599663734436035,0.9856189489364624,0.9940980672836304
227,3.784,28,RIGHT_ANKLE,0.48468533158302307,0.8380650877952576,0.7611455917358398,0.9014887809753418,0.9966676831245422
227,3.784,29,LEFT_HEEL,0.5599873065948486,0.9629579782485962,-0.09060396999120712,0.8740614652633667,0.9809288382530212
227,3.784,30,RIGHT_HEEL,0.4989809989929199,0.8480634689331055,0.8045629262924194,0.7642037868499756,0.9938755631446838
227,3.784,31,LEFT_FOOT_INDEX,0.5819455981254578,1.0061490535736084,-0.29960426688194275,0.9776661396026611,0.8438592553138733
227,3.784,32,RIGHT_FOOT_INDEX,0.45189204812049866,0.8815752267837524,0.7391451001167297,0.90622478723526,0.9719299674034119
228,3.801,0,NOSE,0.5620764493942261,0.40461069345474243,-0.5074028968811035,0.9999958276748657,0.9999712705612183
228,3.801,1,LEFT_EYE_INNER,0.5748924016952515,0.3935210406780243,-0.477634072303772,0.9999831914901733,0.9998962879180908
228,3.801,2,LEFT_EYE,0.5820884704589844,0.3945143520832062,-0.47757941484451294,0.9999837279319763,0.9999028444290161
228,3.801,3,LEFT_EYE_OUTER,0.5887624621391296,0.3955189883708954,-0.47745761275291443,0.9999802708625793,0.9999001026153564
228,3.801,4,RIGHT_EYE_INNER,0.5514472723007202,0.39145201444625854,-0.48809555172920227,0.9999828338623047,0.9998769760131836
228,3.801,5,RIGHT_EYE,0.5416247248649597,0.39088112115859985,-0.48803970217704773,0.9999809265136719,0.9998624324798584
228,3.801,6,RIGHT_EYE_OUTER,0.5315079689025879,0.39060109853744507,-0.48800066113471985,0.9999762177467346,0.9998385906219482
228,3.801,7,LEFT_EAR,0.5951747298240662,0.4028036296367645,-0.28686511516571045,0.999961793422699,0.9999151229858398
228,3.801,8,RIGHT_EAR,0.5107709169387817,0.39639055728912354,-0.3406079411506653,0.9999666810035706,0.9998260140419006
228,3.801,9,MOUTH_LEFT,0.5711084008216858,0.4204939007759094,-0.4331653416156769,0.9999940395355225,0.9999775886535645
228,3.801,10,MOUTH_RIGHT,0.5431085824966431,0.4177190363407135,-0.4479115605354309,0.9999940395355225,0.9999727010726929
228,3.801,11,LEFT_SHOULDER,0.6443261504173279,0.4887470602989197,-0.1808049976825714,0.9999943375587463,0.9999908208847046
228,3.801,12,RIGHT_SHOULDER,0.4147864580154419,0.4758729338645935,-0.22879540920257568,0.9999682307243347,0.9999402761459351
228,3.801,13,LEFT_ELBOW,0.6752237677574158,0.5768069624900818,-0.0941348522901535,0.9906386733055115,0.9998873472213745
228,3.801,14,RIGHT_ELBOW,0.3624487519264221,0.5648859739303589,-0.13580401241779327,0.9865763187408447,0.9994582533836365
228,3.801,15,LEFT_WRIST,0.7019979357719421,0.6568956971168518,-0.2983042001724243,0.9921861290931702,0.9998190999031067
228,3.801,16,RIGHT_WRIST,0.372634619474411,0.6498966813087463,-0.2198432981967926,0.9787507653236389,0.9991101622581482
228,3.801,17,LEFT_PINKY,0.7087757587432861,0.6857707500457764,-0.34994247555732727,0.9874297976493835,0.9993070363998413
228,3.801,18,RIGHT_PINKY,0.35997748374938965,0.6776599287986755,-0.27132290601730347,0.9641128182411194,0.9979509711265564
228,3.801,19,LEFT_INDEX,0.6981543898582458,0.6846574544906616,-0.4203534424304962,0.9880331158638,0.9994539618492126
228,3.801,20,RIGHT_INDEX,0.37564244866371155,0.6765239238739014,-0.3472910225391388,0.9652820825576782,0.9983456134796143
228,3.801,21,LEFT_THUMB,0.6898089647293091,0.675672709941864,-0.3301636874675751,0.9866616725921631,0.9996961355209351
228,3.801,22,RIGHT_THUMB,0.3855482339859009,0.6684083938598633,-0.2541840970516205,0.9638468623161316,0.9989019632339478
228,3.801,23,LEFT_HIP,0.5792074203491211,0.6710983514785767,-0.011568200774490833,0.999948263168335,0.9999759197235107
228,3.801,24,RIGHT_HIP,0.4460090696811676,0.671607255935669,0.011811740696430206,0.9998632073402405,0.9999083280563354
228,3.801,25,LEFT_KNEE,0.5732735395431519,0.808100700378418,-0.05452527478337288,0.9922207593917847,0.9999709129333496
228,3.801,26,RIGHT_KNEE,0.4558730721473694,0.7874902486801147,0.2619020938873291,0.9601958394050598,0.9996898174285889
228,3.801,27,LEFT_ANKLE,0.5727068781852722,0.953389585018158,-0.05923209339380264,0.9860216975212097,0.9933122992515564
228,3.801,28,RIGHT_ANKLE,0.48450779914855957,0.8374090790748596,0.8179947733879089,0.8915839791297913,0.9963635802268982
228,3.801,29,LEFT_HEEL,0.5605862140655518,0.9691553115844727,-0.07780129462480545,0.874328076839447,0.9798328876495361
228,3.801,30,RIGHT_HEEL,0.498440146446228,0.8436096906661987,0.8696643710136414,0.748952329158783,0.9938684105873108
228,3.801,31,LEFT_FOOT_INDEX,0.5844044089317322,1.0030627250671387,-0.28212970495224,0.9772976636886597,0.8500982522964478
228,3.801,32,RIGHT_FOOT_INDEX,0.45541346073150635,0.8857364058494568,0.7852774858474731,0.8946809768676758,0.9761626720428467
229,3.818,0,NOSE,0.5648412108421326,0.4046454429626465,-0.45919978618621826,0.9999959468841553,0.9999743700027466
229,3.818,1,LEFT_EYE_INNER,0.5785253643989563,0.39348432421684265,-0.4312313199043274,0.9999839067459106,0.999900221824646
229,3.818,2,LEFT_EYE,0.5860767364501953,0.3944850265979767,-0.4311709403991699,0.9999845027923584,0.9999079704284668
229,3.818,3,LEFT_EYE_OUTER,0.59236741065979,0.3954782485961914,-0.43105244636535645,0.999981164932251,0.9999061822891235
229,3.818,4,RIGHT_EYE_INNER,0.5544240474700928,0.39138656854629517,-0.44104552268981934,0.9999834299087524,0.9998799562454224
229,3.818,5,RIGHT_EYE,0.5442929267883301,0.3908386528491974,-0.4409821331501007,0.999981701374054,0.99986732006073
229,3.818,6,RIGHT_EYE_OUTER,0.5341751575469971,0.39058104157447815,-0.4409480392932892,0.9999772310256958,0.9998451471328735
229,3.818,7,LEFT_EAR,0.5993415713310242,0.40267708897590637,-0.2544589638710022,0.9999632239341736,0.9999275207519531
229,3.818,8,RIGHT_EAR,0.5141147375106812,0.39636877179145813,-0.305225133895874,0.9999687075614929,0.9998444318771362
229,3.818,9,MOUTH_LEFT,0.5738006234169006,0.4205152094364166,-0.39079445600509644,0.9999943375587463,0.9999839067459106
229,3.818,10,MOUTH_RIGHT,0.545524001121521,0.417729914188385,-0.4046482741832733,0.9999943375587463,0.9999803304672241
229,3.818,11,LEFT_SHOULDER,0.6474630832672119,0.4891088604927063,-0.16939488053321838,0.9999945163726807,0.9999936819076538
229,3.818,12,RIGHT_SHOULDER,0.417587012052536,0.4753894507884979,-0.20282447338104248,0.9999696016311646,0.9999620914459229
229,3.818,13,LEFT_ELBOW,0.6784214377403259,0.5781377553939819,-0.08355962485074997,0.9904290437698364,0.999907374382019
229,3.818,14,RIGHT_ELBOW,0.36277565360069275,0.565118134021759,-0.12727895379066467,0.9871615767478943,0.9996324777603149
229,3.818,15,LEFT_WRIST,0.7062100768089294,0.6592123508453369,-0.27530112862586975,0.9919977188110352,0.9998792409896851
229,3.818,16,RIGHT_WRIST,0.3705695569515228,0.6501829624176025,-0.21952000260353088,0.9793792366981506,0.9993795156478882
229,3.818,17,LEFT_PINKY,0.7130945324897766,0.687790036201477,-0.3252880573272705,0.9872034192085266,0.9995222091674805
229,3.818,18,RIGHT_PINKY,0.3557407259941101,0.6789560914039612,-0.2687096893787384,0.9650164842605591,0.998457670211792
229,3.818,19,LEFT_INDEX,0.7028650641441345,0.6874000430107117,-0.3947327435016632,0.9878206849098206,0.9996328353881836
229,3.818,20,RIGHT_INDEX,0.37266483902931213,0.6779159903526306,-0.33956000208854675,0.9662070870399475,0.9987723231315613
229,3.818,21,LEFT_THUMB,0.6948092579841614,0.6791284680366516,-0.30644404888153076,0.986518919467926,0.999799907207489
229,3.818,22,RIGHT_THUMB,0.3827432096004486,0.6698254942893982,-0.250940203666687,0.9649959206581116,0.9992152452468872
229,3.818,23,LEFT_HIP,0.58502197265625,0.6722601652145386,-0.012104569934308529,0.9999486207962036,0.9999771118164062
229,3.818,24,RIGHT_HIP,0.4489101469516754,0.6721487045288086,0.012349538505077362,0.9998564720153809,0.9999179840087891
229,3.818,25,LEFT_KNEE,0.5761889815330505,0.8162912130355835,-0.03924151137471199,0.9926708936691284,0.9999736547470093
229,3.818,26,RIGHT_KNEE,0.4558459222316742,0.7875340580940247,0.2583957612514496,0.9612179398536682,0.9996660947799683
229,3.818,27,LEFT_ANKLE,0.5735381245613098,0.9572046995162964,-0.015590439550578594,0.9864869713783264,0.9883053302764893
229,3.818,28,RIGHT_ANKLE,0.4842662215232849,0.8358736038208008,0.7876886129379272,0.881646454334259,0.993556797504425
229,3.818,29,LEFT_HEEL,0.5616435408592224,0.9707598090171814,-0.03013167530298233,0.8744574785232544,0.9636502265930176
229,3.818,30,RIGHT_HEEL,0.4983435869216919,0.8397848606109619,0.8344992995262146,0.7351669669151306,0.988828718662262
229,3.818,31,LEFT_FOOT_INDEX,0.5837718844413757,1.0036109685897827,-0.2517649531364441,0.9769759178161621,0.7625616788864136
229,3.818,32,RIGHT_FOOT_INDEX,0.4556175768375397,0.8862424492835999,0.7587155103683472,0.8842659592628479,0.9552521705627441
230,3.834,0,NOSE,0.5681917071342468,0.40471354126930237,-0.43970513343811035,0.9999960660934448,0.9999759197235107
230,3.834,1,LEFT_EYE_INNER,0.5825937986373901,0.3935869336128235,-0.4121762216091156,0.9999848008155823,0.9999083280563354
230,3.834,2,LEFT_EYE,0.5897954106330872,0.3946121037006378,-0.4121955335140228,0.9999853372573853,0.9999159574508667
230,3.834,3,LEFT_EYE_OUTER,0.5961735248565674,0.3956092298030853,-0.41210830211639404,0.9999822974205017,0.9999139308929443
230,3.834,4,RIGHT_EYE_INNER,0.5583472847938538,0.3913494348526001,-0.4182656705379486,0.9999843239784241,0.9998914003372192
230,3.834,5,RIGHT_EYE,0.5483104586601257,0.39079150557518005,-0.4182000756263733,0.9999827146530151,0.9998815059661865
230,3.834,6,RIGHT_EYE_OUTER,0.5382328629493713,0.39054396748542786,-0.41819003224372864,0.9999786019325256,0.9998645782470703
230,3.834,7,LEFT_EAR,0.6028713583946228,0.4027295708656311,-0.23870781064033508,0.999964714050293,0.9999324083328247
230,3.834,8,RIGHT_EAR,0.5176476836204529,0.39634621143341064,-0.27859437465667725,0.9999708533287048,0.9998612403869629
230,3.834,9,MOUTH_LEFT,0.5769544243812561,0.42056578397750854,-0.3725716769695282,0.999994695186615,0.9999831914901733
230,3.834,10,MOUTH_RIGHT,0.5488415360450745,0.4177250862121582,-0.3813873827457428,0.999994695186615,0.9999809265136719
230,3.834,11,LEFT_SHOULDER,0.6497955322265625,0.4891621768474579,-0.15826448798179626,0.9999944567680359,0.9999916553497314
230,3.834,12,RIGHT_SHOULDER,0.4190097153186798,0.47499987483024597,-0.18729402124881744,0.9999708533287048,0.9999583959579468
230,3.834,13,LEFT_ELBOW,0.6809834837913513,0.5794597864151001,-0.07312051951885223,0.9891482591629028,0.9999071359634399
230,3.834,14,RIGHT_ELBOW,0.36415576934814453,0.5653005242347717,-0.1097191795706749,0.9878339767456055,0.9996874332427979
230,3.834,15,LEFT_WRIST,0.7095639109611511,0.6630557179450989,-0.22146210074424744,0.9907408952713013,0.9998689889907837
230,3.834,16,RIGHT_WRIST,0.3687489330768585,0.6507312059402466,-0.1881507784128189,0.9799413681030273,0.9994975328445435
230,3.834,17,LEFT_PINKY,0.7169007658958435,0.6913696527481079,-0.2553841769695282,0.9856263995170593,0.9994781613349915
230,3.834,18,RIGHT_PINKY,0.35287782549858093,0.6791144013404846,-0.23042750358581543,0.9658414125442505,0.9986357092857361
230,3.834,19,LEFT_INDEX,0.7066774368286133,0.690866231918335,-0.3275133967399597,0.9863165616989136,0.9995728135108948
230,3.834,20,RIGHT_INDEX,0.36986592411994934,0.6774987578392029,-0.2890303432941437,0.9670564532279968,0.9988831877708435
230,3.834,21,LEFT_THUMB,0.6984902620315552,0.6838013529777527,-0.25287842750549316,0.9850491881370544,0.9997780919075012
230,3.834,22,RIGHT_THUMB,0.3801324665546417,0.6692835688591003,-0.2142777442932129,0.9660223126411438,0.9992978572845459
230,3.834,23,LEFT_HIP,0.5907198190689087,0.6708365678787231,-0.01030486635863781,0.9999476671218872,0.9999816417694092
230,3.834,24,RIGHT_HIP,0.4521355926990509,0.6715722680091858,0.010495799593627453,0.9998440742492676,0.9999154806137085
230,3.834,25,LEFT_KNEE,0.5791897177696228,0.8154548406600952,-0.044128891080617905,0.9927940964698792,0.9999635219573975
230,3.834,26,RIGHT_KNEE,0.45580196380615234,0.792895495891571,0.16572274267673492,0.9620981216430664,0.9996160268783569
230,3.834,27,LEFT_ANKLE,0.5748403072357178,0.9596080780029297,-0.05916057527065277,0.9863154888153076,0.9887153506278992
230,3.834,28,RIGHT_ANKLE,0.48653721809387207,0.8329190611839294,0.7424482703208923,0.8543559908866882,0.9943302869796753
230,3.834,29,LEFT_HEEL,0.5619094967842102,0.973652184009552,-0.07582058757543564,0.867781400680542,0.9663316607475281
230,3.834,30,RIGHT_HEEL,0.4993218779563904,0.8384665250778198,0.8127181529998779,0.7000396251678467,0.9909949898719788
230,3.834,31,LEFT_FOOT_INDEX,0.5841447114944458,1.007746934890747,-0.2785835266113281,0.9757652282714844,0.7897940278053284
230,3.834,32,RIGHT_FOOT_INDEX,0.4605177938938141,0.8859031796455383,0.7212198972702026,0.8591309189796448,0.9661285281181335
231,3.851,0,NOSE,0.5712951421737671,0.4046535789966583,-0.4250953197479248,0.9999960660934448,0.999957799911499
231,3.851,1,LEFT_EYE_INNER,0.5864827036857605,0.39351263642311096,-0.39799171686172485,0.9999852776527405,0.9998427629470825
231,3.851,2,LEFT_EYE,0.593546450138092,0.3945239186286926,-0.3979608714580536,0.9999858140945435,0.9998587369918823
231,3.851,3,LEFT_EYE_OUTER,0.6008574962615967,0.3955078125,-0.39786261320114136,0.9999829530715942,0.9998583793640137
231,3.851,4,RIGHT_EYE_INNER,0.5618158578872681,0.391245573759079,-0.4086838662624359,0.9999847412109375,0.9998037219047546
231,3.851,5,RIGHT_EYE,0.5518597960472107,0.39051303267478943,-0.40862587094306946,0.9999831914901733,0.9997830986976624
231,3.851,6,RIGHT_EYE_OUTER,0.5418527722358704,0.3900545537471771,-0.4085920751094818,0.9999793171882629,0.9997460246086121
231,3.851,7,LEFT_EAR,0.6069986820220947,0.4025958478450775,-0.22778040170669556,0.9999654293060303,0.999891996383667
231,3.851,8,RIGHT_EAR,0.5199885368347168,0.3953808546066284,-0.28786495327949524,0.9999722838401794,0.9997346997261047
231,3.851,9,MOUTH_LEFT,0.5798735022544861,0.42055028676986694,-0.3592540919780731,0.9999949336051941,0.9999737739562988
231,3.851,10,MOUTH_RIGHT,0.5515424013137817,0.4176775813102722,-0.37443453073501587,0.9999949336051941,0.999968409538269
231,3.851,11,LEFT_SHOULDER,0.651877224445343,0.4885875880718231,-0.15128234028816223,0.9999943375587463,0.9999897480010986
231,3.851,12,RIGHT_SHOULDER,0.4202325642108917,0.4745371639728546,-0.20098544657230377,0.9999714493751526,0.9999363422393799
231,3.851,13,LEFT_ELBOW,0.6845888495445251,0.5801775455474854,-0.0656767413020134,0.9878513813018799,0.9998922348022461
231,3.851,14,RIGHT_ELBOW,0.365284264087677,0.5644864439964294,-0.11883407831192017,0.9882996678352356,0.9995704293251038
231,3.851,15,LEFT_WRIST,0.7126330733299255,0.6667596101760864,-0.2123166024684906,0.9898202419281006,0.9998587369918823
231,3.851,16,RIGHT_WRIST,0.36804336309432983,0.6498100161552429,-0.20500753819942474,0.980227530002594,0.9992592930793762
231,3.851,17,LEFT_PINKY,0.7217979431152344,0.6935930848121643,-0.24351267516613007,0.9845119714736938,0.9994340538978577
231,3.851,18,RIGHT_PINKY,0.3497893214225769,0.6781794428825378,-0.24939091503620148,0.9663735032081604,0.9980124235153198
231,3.851,19,LEFT_INDEX,0.7121514678001404,0.6931313872337341,-0.3188893795013428,0.9852444529533386,0.9995335340499878
231,3.851,20,RIGHT_INDEX,0.36668097972869873,0.6766087412834167,-0.304449200630188,0.9676283001899719,0.9983906745910645
231,3.851,21,LEFT_THUMB,0.7036525011062622,0.6865279078483582,-0.2451317459344864,0.9840543270111084,0.9997573494911194
231,3.851,22,RIGHT_THUMB,0.3777588903903961,0.6682632565498352,-0.22984081506729126,0.9668068289756775,0.998984158039093
231,3.851,23,LEFT_HIP,0.5955049991607666,0.6708417534828186,-0.008934098295867443,0.9999461770057678,0.9999765157699585
231,3.851,24,RIGHT_HIP,0.45482221245765686,0.6712157726287842,0.0090798856690526,0.9998295307159424,0.9998859167098999
231,3.851,25,LEFT_KNEE,0.5812320709228516,0.8151596188545227,-0.010699046775698662,0.9929443597793579,0.9999544620513916
231,3.851,26,RIGHT_KNEE,0.45404091477394104,0.7918480038642883,0.1628502905368805,0.9628015160560608,0.9994033575057983
231,3.851,27,LEFT_ANKLE,0.5762459635734558,0.9588937163352966,0.0033691078424453735,0.9862303733825684,0.9839766025543213
231,3.851,28,RIGHT_ANKLE,0.4861713647842407,0.8295935392379761,0.733469545841217,0.8295497894287109,0.9913620352745056
231,3.851,29,LEFT_HEEL,0.5624470710754395,0.9738479852676392,-0.008152532391250134,0.8633919954299927,0.9529818892478943
231,3.851,30,RIGHT_HEEL,0.4983382523059845,0.8318471908569336,0.7894775867462158,0.6702257990837097,0.9869044423103333
231,3.851,31,LEFT_FOOT_INDEX,0.584406316280365,1.0060867071151733,-0.1963009387254715,0.9746420979499817,0.7290965914726257
231,3.851,32,RIGHT_FOOT_INDEX,0.4628983736038208,0.8846766352653503,0.7343601584434509,0.8358535170555115,0.9470037221908569
232,3.868,0,NOSE,0.5730536580085754,0.4045345187187195,-0.41994258761405945,0.9999960660934448,0.9999501705169678
232,3.868,1,LEFT_EYE_INNER,0.5885201692581177,0.3933206796646118,-0.3939931392669678,0.9999857544898987,0.9998077750205994
232,3.868,2,LEFT_EYE,0.5956225991249084,0.3943618834018707,-0.39393770694732666,0.9999862909317017,0.9998260140419006
232,3.868,3,LEFT_EYE_OUTER,0.6034088134765625,0.3953542411327362,-0.39384058117866516,0.9999836087226868,0.9998250603675842
232,3.868,4,RIGHT_EYE_INNER,0.5636240839958191,0.3907347619533539,-0.4052567481994629,0.9999852180480957,0.999767005443573
232,3.868,5,RIGHT_EYE,0.5536596179008484,0.38991156220436096,-0.4052128195762634,0.9999837279319763,0.9997473359107971
232,3.868,6,RIGHT_EYE_OUTER,0.5435557961463928,0.3893183767795563,-0.40517401695251465,0.999980092048645,0.9997096657752991
232,3.868,7,LEFT_EAR,0.6094570159912109,0.40231889486312866,-0.22754614055156708,0.9999663233757019,0.9998658895492554
232,3.868,8,RIGHT_EAR,0.5220794677734375,0.3943522274494171,-0.2890631854534149,0.999973714351654,0.9997120499610901
232,3.868,9,MOUTH_LEFT,0.5817530155181885,0.4204425513744354,-0.35531044006347656,0.9999951720237732,0.9999687671661377
232,3.868,10,MOUTH_RIGHT,0.5532667636871338,0.4175530672073364,-0.3715934455394745,0.9999951720237732,0.9999639987945557
232,3.868,11,LEFT_SHOULDER,0.6542342901229858,0.48791325092315674,-0.1543591171503067,0.999994158744812,0.9999884366989136
232,3.868,12,RIGHT_SHOULDER,0.42225727438926697,0.4734138250350952,-0.20189030468463898,0.9999722242355347,0.9999376535415649
232,3.868,13,LEFT_ELBOW,0.6877503395080566,0.5809162259101868,-0.061869747936725616,0.9872338771820068,0.9998942613601685
232,3.868,14,RIGHT_ELBOW,0.3667534589767456,0.5636425614356995,-0.12094010412693024,0.9886983036994934,0.9996115565299988
232,3.868,15,LEFT_WRIST,0.7161470651626587,0.669731080532074,-0.19607071578502655,0.9895263314247131,0.9998675584793091
232,3.868,16,RIGHT_WRIST,0.36627262830734253,0.6489257216453552,-0.2098672091960907,0.9806641340255737,0.9992726445198059
232,3.868,17,LEFT_PINKY,0.7264215350151062,0.6961156725883484,-0.22597916424274445,0.984142541885376,0.9994243383407593
232,3.868,18,RIGHT_PINKY,0.3458462059497833,0.6777193546295166,-0.2521413266658783,0.9671259522438049,0.9979161620140076
232,3.868,19,LEFT_INDEX,0.7165519595146179,0.6954984068870544,-0.3003734052181244,0.9848840236663818,0.9995317459106445
232,3.868,20,RIGHT_INDEX,0.3623448312282562,0.6763499975204468,-0.3084244430065155,0.9684094190597534,0.998330295085907
232,3.868,21,LEFT_THUMB,0.7080063223838806,0.6887869238853455,-0.22760732471942902,0.9837549924850464,0.9997654557228088
232,3.868,22,RIGHT_THUMB,0.37485066056251526,0.6676896810531616,-0.23501823842525482,0.9677760601043701,0.9989858269691467
232,3.868,23,LEFT_HIP,0.5997621417045593,0.6709710955619812,-0.008252043277025223,0.9999443888664246,0.9999769926071167
232,3.868,24,RIGHT_HIP,0.4594535231590271,0.6706801652908325,0.008364214561879635,0.9998191595077515,0.9999092817306519
232,3.868,25,LEFT_KNEE,0.5853937864303589,0.8148899674415588,-0.0007989791338331997,0.992979884147644,0.9999370574951172
232,3.868,26,RIGHT_KNEE,0.45076578855514526,0.7901231050491333,0.16021978855133057,0.9631413221359253,0.9994163513183594
232,3.868,27,LEFT_ANKLE,0.5776718258857727,0.9588518738746643,0.023149661719799042,0.9859311580657959,0.9837169647216797
232,3.868,28,RIGHT_ANKLE,0.48617085814476013,0.8289908170700073,0.6968162059783936,0.8116007447242737,0.9907942414283752
232,3.868,29,LEFT_HEEL,0.5627996921539307,0.9724805951118469,0.013180087320506573,0.8602416515350342,0.953557550907135
232,3.868,30,RIGHT_HEEL,0.4996294379234314,0.8298022150993347,0.7534306645393372,0.6466802954673767,0.9853775501251221
232,3.868,31,LEFT_FOOT_INDEX,0.5860641002655029,1.005977988243103,-0.16907460987567902,0.973249614238739,0.7247794270515442
232,3.868,32,RIGHT_FOOT_INDEX,0.4651035666465759,0.8847676515579224,0.707169771194458,0.8182986378669739,0.9367751479148865
233,3.884,0,NOSE,0.5747709274291992,0.4044994115829468,-0.49827128648757935,0.9999958872795105,0.9999443292617798
233,3.884,1,LEFT_EYE_INNER,0.5903049111366272,0.3931143879890442,-0.46874862909317017,0.9999857544898987,0.999804675579071
233,3.884,2,LEFT_EYE,0.5974586009979248,0.3941631615161896,-0.4686957895755768,0.9999862313270569,0.9998251795768738
233,3.884,3,LEFT_EYE_OUTER,0.6054890751838684,0.39519020915031433,-0.46862754225730896,0.9999837279319763,0.9998267292976379
233,3.884,4,RIGHT_EYE_INNER,0.5652694702148438,0.3903351128101349,-0.4852158725261688,0.9999849796295166,0.9997503161430359
233,3.884,5,RIGHT_EYE,0.555242657661438,0.38931530714035034,-0.4851760268211365,0.9999834895133972,0.9997209906578064
233,3.884,6,RIGHT_EYE_OUTER,0.5452297925949097,0.3885382413864136,-0.4851474463939667,0.9999799728393555,0.9996670484542847
233,3.884,7,LEFT_EAR,0.6108146905899048,0.40224161744117737,-0.27522823214530945,0.999966025352478,0.9998705387115479
233,3.884,8,RIGHT_EAR,0.5232411623001099,0.3930664658546448,-0.35913386940956116,0.9999743103981018,0.9996523857116699
233,3.884,9,MOUTH_LEFT,0.5830410718917847,0.42031940817832947,-0.42277830839157104,0.9999952912330627,0.9999666213989258
233,3.884,10,MOUTH_RIGHT,0.5545415878295898,0.41750568151474,-0.4461941421031952,0.9999952912330627,0.9999581575393677
233,3.884,11,LEFT_SHOULDER,0.6558896899223328,0.48735398054122925,-0.17382776737213135,0.9999940991401672,0.9999884366989136
233,3.884,12,RIGHT_SHOULDER,0.4224962592124939,0.47253334522247314,-0.2502937912940979,0.9999721646308899,0.9999071359634399
233,3.884,13,LEFT_ELBOW,0.6907244920730591,0.5805743932723999,-0.06574944406747818,0.9864435195922852,0.9998799562454224
233,3.884,14,RIGHT_ELBOW,0.36700332164764404,0.5629952549934387,-0.17271946370601654,0.989070475101471,0.9993606209754944
233,3.884,15,LEFT_WRIST,0.7191527485847473,0.670840322971344,-0.2205037772655487,0.9890741109848022,0.9998210072517395
233,3.884,16,RIGHT_WRIST,0.3644222915172577,0.6485024690628052,-0.290169358253479,0.980976939201355,0.9988309741020203
233,3.884,17,LEFT_PINKY,0.7316247224807739,0.6973355412483215,-0.2597140967845917,0.9835509061813354,0.999263346195221
233,3.884,18,RIGHT_PINKY,0.34341952204704285,0.6771442890167236,-0.3426728844642639,0.9677161574363708,0.9970292448997498
233,3.884,19,LEFT_INDEX,0.7210851311683655,0.6968808770179749,-0.341707319021225,0.9843173027038574,0.9993939399719238
233,3.884,20,RIGHT_INDEX,0.36026549339294434,0.6759741306304932,-0.4111937880516052,0.9690194725990295,0.9976275563240051
233,3.884,21,LEFT_THUMB,0.7113289833068848,0.690026581287384,-0.2553730010986328,0.9832492470741272,0.9996786117553711
233,3.884,22,RIGHT_THUMB,0.3734265863895416,0.6671133637428284,-0.3206357955932617,0.9684910774230957,0.9984652996063232
233,3.884,23,LEFT_HIP,0.6026723384857178,0.6723734140396118,-0.004952386952936649,0.9999434947967529,0.9999719858169556
233,3.884,24,RIGHT_HIP,0.46168360114097595,0.6716472506523132,0.005070168524980545,0.9998050928115845,0.9998505115509033
233,3.884,25,LEFT_KNEE,0.5872068405151367,0.8179348111152649,0.011714267544448376,0.9931029081344604,0.9999275207519531
233,3.884,26,RIGHT_KNEE,0.4509134888648987,0.7943076491355896,0.14831282198429108,0.9630841016769409,0.9989153146743774
233,3.884,27,LEFT_ANKLE,0.5776537656784058,0.9611043334007263,0.09996392577886581,0.9855685830116272,0.9762492179870605
233,3.884,28,RIGHT_ANKLE,0.4863823354244232,0.826913595199585,0.7246400713920593,0.7829984426498413,0.9863124489784241
233,3.884,29,LEFT_HEEL,0.5628283619880676,0.9736530184745789,0.09660124778747559,0.8562214970588684,0.9327883720397949
233,3.884,30,RIGHT_HEEL,0.499741792678833,0.8268193006515503,0.7851241827011108,0.6179271936416626,0.9805362224578857
233,3.884,31,LEFT_FOOT_INDEX,0.5870107412338257,1.0233477354049683,-0.10238100588321686,0.9715249538421631,0.6671611070632935
233,3.884,32,RIGHT_FOOT_INDEX,0.4671940803527832,0.8843643665313721,0.7520284652709961,0.7921330332756042,0.9277856945991516
234,3.901,0,NOSE,0.5760371088981628,0.4034024775028229,-0.4988177716732025,0.9999955296516418,0.9998912811279297
234,3.901,1,LEFT_EYE_INNER,0.5912636518478394,0.391944020986557,-0.46736717224121094,0.9999852180480957,0.9996398687362671
234,3.901,2,LEFT_EYE,0.5986133813858032,0.393105149269104,-0.4673275947570801,0.9999856948852539,0.9996834993362427
234,3.901,3,LEFT_EYE_OUTER,0.6066767573356628,0.39421698451042175,-0.46725282073020935,0.9999833106994629,0.9996966123580933
234,3.901,4,RIGHT_EYE_INNER,0.5664263963699341,0.3886919915676117,-0.4823221266269684,0.9999840259552002,0.9995197057723999
234,3.901,5,RIGHT_EYE,0.5567697882652283,0.3876534402370453,-0.48227667808532715,0.999982476234436,0.9994612336158752
234,3.901,6,RIGHT_EYE_OUTER,0.5467553734779358,0.386819064617157,-0.48226380348205566,0.9999789595603943,0.9993605017662048
234,3.901,7,LEFT_EAR,0.6112145185470581,0.4013914167881012,-0.27154290676116943,0.9999647736549377,0.9997801184654236
234,3.901,8,RIGHT_EAR,0.5251701474189758,0.3911108076572418,-0.3488750457763672,0.9999735951423645,0.99934321641922
234,3.901,9,MOUTH_LEFT,0.5840498208999634,0.4191317558288574,-0.42365458607673645,0.9999952912330627,0.9999442100524902
234,3.901,10,MOUTH_RIGHT,0.5559130907058716,0.41607433557510376,-0.4451402723789215,0.999995231628418,0.999923586845398
234,3.901,11,LEFT_SHOULDER,0.6578137278556824,0.48689383268356323,-0.17435139417648315,0.9999940395355225,0.999987006187439
234,3.901,12,RIGHT_SHOULDER,0.42349982261657715,0.47076576948165894,-0.23903870582580566,0.9999712705612183,0.9998724460601807
234,3.901,13,LEFT_ELBOW,0.6935561299324036,0.5814869999885559,-0.0671197697520256,0.9861466288566589,0.99986732006073
234,3.901,14,RIGHT_ELBOW,0.36702603101730347,0.5625002384185791,-0.17545723915100098,0.989141583442688,0.9992333650588989
234,3.901,15,LEFT_WRIST,0.7217472195625305,0.6714850068092346,-0.24770064651966095,0.989138662815094,0.9998520612716675
234,3.901,16,RIGHT_WRIST,0.3613276481628418,0.6477411985397339,-0.3175975978374481,0.9809475541114807,0.9984613656997681
234,3.901,17,LEFT_PINKY,0.73524409532547,0.698593020439148,-0.2994611859321594,0.9836090803146362,0.9993650317192078
234,3.901,18,RIGHT_PINKY,0.3391916751861572,0.676293671131134,-0.3754082918167114,0.9678518772125244,0.9962395429611206
234,3.901,19,LEFT_INDEX,0.7235761284828186,0.6981874108314514,-0.3812815248966217,0.9843626022338867,0.999497652053833
234,3.901,20,RIGHT_INDEX,0.3564554452896118,0.6755099892616272,-0.44823700189590454,0.9691811203956604,0.996972918510437
234,3.901,21,LEFT_THUMB,0.7129594087600708,0.6914146542549133,-0.28347912430763245,0.9832954406738281,0.9997362494468689
234,3.901,22,RIGHT_THUMB,0.3705206513404846,0.6666449904441833,-0.35084569454193115,0.9687398076057434,0.9980568289756775
234,3.901,23,LEFT_HIP,0.6026508212089539,0.6759873628616333,-0.0038495934568345547,0.9999436140060425,0.9999700784683228
234,3.901,24,RIGHT_HIP,0.4625031650066376,0.6728860139846802,0.003972955513745546,0.9998003244400024,0.9998663663864136
234,3.901,25,LEFT_KNEE,0.5884474515914917,0.8189544677734375,0.03227372094988823,0.993151843547821,0.9999303817749023
234,3.901,26,RIGHT_KNEE,0.44921788573265076,0.7926045656204224,0.16878566145896912,0.9632800817489624,0.9991114735603333
234,3.901,27,LEFT_ANKLE,0.5775607824325562,0.9573873281478882,0.1778995245695114,0.9852734208106995,0.9826235175132751
234,3.901,28,RIGHT_ANKLE,0.48636722564697266,0.8280114531517029,0.7820650935173035,0.7740017175674438,0.9893802404403687
234,3.901,29,LEFT_HEEL,0.5627976059913635,0.9717140793800354,0.17899547517299652,0.8553811311721802,0.9520436525344849
234,3.901,30,RIGHT_HEEL,0.49985945224761963,0.8278086185455322,0.8381138443946838,0.6049410104751587,0.9841078519821167
234,3.901,31,LEFT_FOOT_INDEX,0.5859981179237366,1.0098209381103516,-0.03513443470001221,0.9704301953315735,0.7294821739196777
234,3.901,32,RIGHT_FOOT_INDEX,0.46777912974357605,0.8868854641914368,0.7733309864997864,0.784144937992096,0.9348133206367493
235,3.918,0,NOSE,0.5758904218673706,0.40239718556404114,-0.4748680293560028,0.999995231628418,0.9999117851257324
235,3.918,1,LEFT_EYE_INNER,0.5917757153511047,0.39051002264022827,-0.4399796724319458,0.9999846816062927,0.9996662139892578
235,3.918,2,LEFT_EYE,0.5989523530006409,0.391559898853302,-0.43998080492019653,0.9999850988388062,0.9997032284736633
235,3.918,3,LEFT_EYE_OUTER,0.6069282293319702,0.3925844132900238,-0.4399321675300598,0.9999828934669495,0.9997071623802185
235,3.918,4,RIGHT_EYE_INNER,0.5665302276611328,0.38757383823394775,-0.4566138684749603,0.9999833106994629,0.999566376209259
235,3.918,5,RIGHT_EYE,0.556648313999176,0.3864991068840027,-0.4566080570220947,0.999981701374054,0.999515175819397
235,3.918,6,RIGHT_EYE_OUTER,0.5464099645614624,0.3856441080570221,-0.45660993456840515,0.9999783039093018,0.9994238615036011
235,3.918,7,LEFT_EAR,0.6123460531234741,0.39984428882598877,-0.2505478262901306,0.9999635219573975,0.999782145023346
235,3.918,8,RIGHT_EAR,0.5253356695175171,0.38915547728538513,-0.3226509988307953,0.9999730587005615,0.9994020462036133
235,3.918,9,MOUTH_LEFT,0.5840661525726318,0.4181192219257355,-0.3990952670574188,0.9999951720237732,0.9999486207962036
235,3.918,10,MOUTH_RIGHT,0.5555791258811951,0.4154081642627716,-0.4223773777484894,0.9999951124191284,0.9999306201934814
235,3.918,11,LEFT_SHOULDER,0.6609551310539246,0.48654764890670776,-0.16773836314678192,0.9999939799308777,0.9999898672103882
235,3.918,12,RIGHT_SHOULDER,0.42416104674339294,0.46978846192359924,-0.22437915205955505,0.9999710917472839,0.999908447265625
235,3.918,13,LEFT_ELBOW,0.6969295144081116,0.5822409987449646,-0.06832349300384521,0.9860508441925049,0.9999070167541504
235,3.918,14,RIGHT_ELBOW,0.3670462965965271,0.5622133612632751,-0.15912067890167236,0.9891361594200134,0.9995077848434448
235,3.918,15,LEFT_WRIST,0.7251662015914917,0.6714807152748108,-0.2399100959300995,0.9893238544464111,0.9998980760574341
235,3.918,16,RIGHT_WRIST,0.35860154032707214,0.6480015516281128,-0.26317664980888367,0.9806599617004395,0.9989854693412781
235,3.918,17,LEFT_PINKY,0.7381665110588074,0.6996850371360779,-0.28866276144981384,0.9838619828224182,0.9995293617248535
235,3.918,18,RIGHT_PINKY,0.3359350562095642,0.6769422888755798,-0.3116088807582855,0.9675582647323608,0.9972625970840454
235,3.918,19,LEFT_INDEX,0.7249270677566528,0.6985425353050232,-0.3635680675506592,0.9845932126045227,0.999640703201294
235,3.918,20,RIGHT_INDEX,0.3537474274635315,0.6765508651733398,-0.3864729404449463,0.9689528346061707,0.997821569442749
235,3.918,21,LEFT_THUMB,0.713959276676178,0.691907525062561,-0.27299466729164124,0.9835467338562012,0.9998160004615784
235,3.918,22,RIGHT_THUMB,0.3677305579185486,0.66756671667099,-0.29694199562072754,0.9687588214874268,0.9986773133277893
235,3.918,23,LEFT_HIP,0.6038352847099304,0.6785866022109985,-0.0038404040969908237,0.9999445080757141,0.9999810457229614
235,3.918,24,RIGHT_HIP,0.4634858965873718,0.674922525882721,0.003956140018999577,0.9998039603233337,0.9999262094497681
235,3.918,25,LEFT_KNEE,0.5898942351341248,0.818541407585144,0.05706483870744705,0.9930174350738525,0.9999536275863647
235,3.918,26,RIGHT_KNEE,0.44941702485084534,0.7933421730995178,0.19881445169448853,0.963699221611023,0.9995211362838745
235,3.918,27,LEFT_ANKLE,0.577954113483429,0.9539903402328491,0.19528266787528992,0.9849020838737488,0.9862945675849915
235,3.918,28,RIGHT_ANKLE,0.48493704199790955,0.8312156796455383,0.7605645656585693,0.7740896344184875,0.9904406070709229
235,3.918,29,LEFT_HEEL,0.5631481409072876,0.9687974452972412,0.196761816740036,0.8535844683647156,0.9593251943588257
235,3.918,30,RIGHT_HEEL,0.4969940185546875,0.8292320370674133,0.810451090335846,0.5997763872146606,0.9838857650756836
235,3.918,31,LEFT_FOOT_INDEX,0.5859243869781494,1.003180980682373,0.008145434781908989,0.9690352082252502,0.7373963594436646
235,3.918,32,RIGHT_FOOT_INDEX,0.4673132598400116,0.8918600082397461,0.7420927882194519,0.7819528579711914,0.9199827909469604
236,3.934,0,NOSE,0.5758480429649353,0.4012584388256073,-0.4552593231201172,0.9999950528144836,0.9999324083328247
236,3.934,1,LEFT_EYE_INNER,0.5920286774635315,0.38866060972213745,-0.4255378842353821,0.9999844431877136,0.9997413754463196
236,3.934,2,LEFT_EYE,0.5990213751792908,0.3896436393260956,-0.4255048334598541,0.9999847412109375,0.9997666478157043
236,3.934,3,LEFT_EYE_OUTER,0.6066011786460876,0.39063864946365356,-0.42542293667793274,0.9999827146530151,0.9997665286064148
236,3.934,4,RIGHT_EYE_INNER,0.5664408802986145,0.38591474294662476,-0.4384196400642395,0.9999829530715942,0.9996700286865234
236,3.934,5,RIGHT_EYE,0.5564594268798828,0.38483065366744995,-0.43838250637054443,0.9999813437461853,0.9996316432952881
236,3.934,6,RIGHT_EYE_OUTER,0.5460203289985657,0.38393545150756836,-0.4383482336997986,0.9999781250953674,0.9995611310005188
236,3.934,7,LEFT_EAR,0.6125208139419556,0.397794246673584,-0.24745546281337738,0.999962568283081,0.9998175501823425
236,3.934,8,RIGHT_EAR,0.5255054831504822,0.3870575726032257,-0.308944970369339,0.9999728798866272,0.999528169631958
236,3.934,9,MOUTH_LEFT,0.5839568376541138,0.41680023074150085,-0.38464629650115967,0.9999950528144836,0.9999555349349976
236,3.934,10,MOUTH_RIGHT,0.5552883148193359,0.41447916626930237,-0.4032786190509796,0.9999949932098389,0.9999421834945679
236,3.934,11,LEFT_SHOULDER,0.6632480621337891,0.4862828552722931,-0.1681898981332779,0.9999938607215881,0.9999895095825195
236,3.934,12,RIGHT_SHOULDER,0.4247382879257202,0.4688045084476471,-0.21407277882099152,0.9999709725379944,0.9999152421951294
236,3.934,13,LEFT_ELBOW,0.6997464299201965,0.5821773409843445,-0.06727597117424011,0.9858044385910034,0.9999204874038696
236,3.934,14,RIGHT_ELBOW,0.36704662442207336,0.5620326995849609,-0.15543602406978607,0.9891822338104248,0.9995978474617004
236,3.934,15,LEFT_WRIST,0.7264445424079895,0.6693356037139893,-0.23517248034477234,0.9894315600395203,0.9999086856842041
236,3.934,16,RIGHT_WRIST,0.35625582933425903,0.6478617787361145,-0.2635858356952667,0.9806095361709595,0.9991987347602844
236,3.934,17,LEFT_PINKY,0.7391359210014343,0.6984874606132507,-0.28262844681739807,0.9839779734611511,0.9995946288108826
236,3.934,18,RIGHT_PINKY,0.33405524492263794,0.677208662033081,-0.31242141127586365,0.9676167368888855,0.9978766441345215
236,3.934,19,LEFT_INDEX,0.7256172299385071,0.6972635388374329,-0.3542952239513397,0.9846919178962708,0.9996825456619263
236,3.934,20,RIGHT_INDEX,0.3520793616771698,0.6769882440567017,-0.3832816481590271,0.9690355062484741,0.998298704624176
236,3.934,21,LEFT_THUMB,0.7145227789878845,0.6902885437011719,-0.2668248116970062,0.9836637377738953,0.9998351335525513
236,3.934,22,RIGHT_THUMB,0.3658520579338074,0.6679060459136963,-0.2961640954017639,0.9689784646034241,0.9989542961120605
236,3.934,23,LEFT_HIP,0.6065938472747803,0.6800101399421692,-0.00368284503929317,0.9999455809593201,0.9999841451644897
236,3.934,24,RIGHT_HIP,0.465332955121994,0.6759480834007263,0.0037764033768326044,0.9998085498809814,0.9999406337738037
236,3.934,25,LEFT_KNEE,0.5900075435638428,0.8200114965438843,0.06420683115720749,0.9928600192070007,0.9999600648880005
236,3.934,26,RIGHT_KNEE,0.4495760500431061,0.7936195135116577,0.20858560502529144,0.964388370513916,0.9996322393417358
236,3.934,27,LEFT_ANKLE,0.577975332736969,0.951736569404602,0.23287265002727509,0.9846562743186951,0.9914957284927368
236,3.934,28,RIGHT_ANKLE,0.4841686189174652,0.834778368473053,0.752648115158081,0.7779169678688049,0.9938348531723022
236,3.934,29,LEFT_HEEL,0.5633816719055176,0.9665425419807434,0.23824357986450195,0.8539766669273376,0.9760141968727112
236,3.934,30,RIGHT_HEEL,0.49617186188697815,0.8324109315872192,0.800963282585144,0.5987133979797363,0.9900258779525757
236,3.934,31,LEFT_FOOT_INDEX,0.58584064245224,1.001990556716919,0.0575389638543129,0.9683571457862854,0.8320549130439758
236,3.934,32,RIGHT_FOOT_INDEX,0.4671846032142639,0.8972278833389282,0.7345243096351624,0.7840970754623413,0.9494548439979553
237,3.951,0,NOSE,0.5754207372665405,0.39708995819091797,-0.4530212879180908,0.9999948143959045,0.9999047517776489
237,3.951,1,LEFT_EYE_INNER,0.5911347270011902,0.38463839888572693,-0.42617034912109375,0.999984085559845,0.9996433258056641
237,3.951,2,LEFT_EYE,0.5983725786209106,0.3855619430541992,-0.4260987341403961,0.9999842643737793,0.9996795654296875
237,3.951,3,LEFT_EYE_OUTER,0.6057897210121155,0.3863515257835388,-0.4259711802005768,0.9999824166297913,0.9996833801269531
237,3.951,4,RIGHT_EYE_INNER,0.5655640959739685,0.38217493891716003,-0.4362676739692688,0.9999822974205017,0.9995342493057251
237,3.951,5,RIGHT_EYE,0.5557210445404053,0.3812282383441925,-0.4362051486968994,0.9999806880950928,0.9994739890098572
237,3.951,6,RIGHT_EYE_OUTER,0.5450815558433533,0.3803558051586151,-0.4361376166343689,0.9999776482582092,0.999369204044342
237,3.951,7,LEFT_EAR,0.6116862893104553,0.39376309514045715,-0.2546162009239197,0.9999614357948303,0.999754011631012
237,3.951,8,RIGHT_EAR,0.5248299837112427,0.38447919487953186,-0.3068874478340149,0.9999719262123108,0.9992983341217041
237,3.951,9,MOUTH_LEFT,0.5836483240127563,0.413288414478302,-0.3856264650821686,0.9999949336051941,0.9999362230300903
237,3.951,10,MOUTH_RIGHT,0.5547523498535156,0.4114147126674652,-0.40038150548934937,0.9999948143959045,0.9999102354049683
237,3.951,11,LEFT_SHOULDER,0.6665789484977722,0.4859534204006195,-0.18112577497959137,0.9999936819076538,0.9999877214431763
237,3.951,12,RIGHT_SHOULDER,0.4249730706214905,0.46816912293434143,-0.2117920219898224,0.999969482421875,0.9998852014541626
237,3.951,13,LEFT_ELBOW,0.7023752927780151,0.5834321975708008,-0.07481597363948822,0.9852235913276672,0.9999061822891235
237,3.951,14,RIGHT_ELBOW,0.3669433891773224,0.5622556805610657,-0.15448813140392303,0.9888908863067627,0.9995291233062744
237,3.951,15,LEFT_WRIST,0.7282837629318237,0.6703367233276367,-0.2364826798439026,0.9894181489944458,0.9998977184295654
237,3.951,16,RIGHT_WRIST,0.35371145606040955,0.6482370495796204,-0.2669452428817749,0.9801554083824158,0.9990676045417786
237,3.951,17,LEFT_PINKY,0.7408254742622375,0.6994829177856445,-0.2844066619873047,0.9840012788772583,0.999546229839325
237,3.951,18,RIGHT_PINKY,0.33145278692245483,0.677210807800293,-0.31734204292297363,0.9671568870544434,0.9975242018699646
237,3.951,19,LEFT_INDEX,0.7271568179130554,0.6981322169303894,-0.3543033301830292,0.9846919178962708,0.9996416568756104
237,3.951,20,RIGHT_INDEX,0.34982186555862427,0.6773560047149658,-0.3848782777786255,0.9686081409454346,0.9980105757713318
237,3.951,21,LEFT_THUMB,0.7160725593566895,0.691447913646698,-0.26699313521385193,0.9836937189102173,0.999817430973053
237,3.951,22,RIGHT_THUMB,0.3637702763080597,0.6687076687812805,-0.2988295257091522,0.9687777161598206,0.9987781643867493
237,3.951,23,LEFT_HIP,0.6095810532569885,0.6814022660255432,-0.004394965246319771,0.9999464154243469,0.9999853372573853
237,3.951,24,RIGHT_HIP,0.46670523285865784,0.6773528456687927,0.004446749109774828,0.9998124837875366,0.9999426603317261
237,3.951,25,LEFT_KNEE,0.5909006595611572,0.8209477066993713,0.06482613831758499,0.9927856922149658,0.999971866607666
237,3.951,26,RIGHT_KNEE,0.4494936764240265,0.7945033311843872,0.22502504289150238,0.9652845859527588,0.9997041821479797
237,3.951,27,LEFT_ANKLE,0.5782971382141113,0.9503552913665771,0.28436797857284546,0.9848332405090332,0.9938276410102844
237,3.951,28,RIGHT_ANKLE,0.4834604263305664,0.8427051305770874,0.7630088925361633,0.7862576246261597,0.9953917264938354
237,3.951,29,LEFT_HEEL,0.5645878314971924,0.9646480679512024,0.29422977566719055,0.8536749482154846,0.9819698333740234
237,3.951,30,RIGHT_HEEL,0.49589866399765015,0.8409022092819214,0.8115971088409424,0.6034197807312012,0.9922624826431274
237,3.951,31,LEFT_FOOT_INDEX,0.5803432464599609,1.0017067193984985,0.11271900683641434,0.9685684442520142,0.8599528670310974
237,3.951,32,RIGHT_FOOT_INDEX,0.4665258824825287,0.9068189263343811,0.7443751692771912,0.791634738445282,0.9551914930343628
238,3.968,0,NOSE,0.5763062238693237,0.3937815725803375,-0.44573327898979187,0.9999945759773254,0.9999011754989624
238,3.968,1,LEFT_EYE_INNER,0.5917330980300903,0.38129886984825134,-0.4186933636665344,0.9999838471412659,0.9996341466903687
238,3.968,2,LEFT_EYE,0.5991242527961731,0.3821775019168854,-0.41864803433418274,0.9999838471412659,0.9996684789657593
238,3.968,3,LEFT_EYE_OUTER,0.6066510677337646,0.3829050064086914,-0.41854390501976013,0.9999821186065674,0.999671220779419
238,3.968,4,RIGHT_EYE_INNER,0.5659413933753967,0.37863418459892273,-0.42870768904685974,0.9999819397926331,0.9995324611663818
238,3.968,5,RIGHT_EYE,0.5560107231140137,0.3777106702327728,-0.4286682903766632,0.9999803900718689,0.9994757771492004
238,3.968,6,RIGHT_EYE_OUTER,0.5451368093490601,0.376806378364563,-0.42863601446151733,0.9999775886535645,0.9993712306022644
238,3.968,7,LEFT_EAR,0.6119703054428101,0.3908095061779022,-0.24881838262081146,0.9999604821205139,0.9997568726539612
238,3.968,8,RIGHT_EAR,0.5242301821708679,0.3817232847213745,-0.29911643266677856,0.9999719262123108,0.999306321144104
238,3.968,9,MOUTH_LEFT,0.5844841003417969,0.41064661741256714,-0.3791031539440155,0.9999948740005493,0.999936580657959
238,3.968,10,MOUTH_RIGHT,0.5555558204650879,0.40887701511383057,-0.39342376589775085,0.9999947547912598,0.9999165534973145
238,3.968,11,LEFT_SHOULDER,0.668273389339447,0.48479971289634705,-0.1739736646413803,0.9999933242797852,0.9999849796295166
238,3.968,12,RIGHT_SHOULDER,0.42495623230934143,0.4675321578979492,-0.20620615780353546,0.9999679327011108,0.9998617172241211
238,3.968,13,LEFT_ELBOW,0.7048496603965759,0.5827850103378296,-0.06255713850259781,0.9841503500938416,0.9998999834060669
238,3.968,14,RIGHT_ELBOW,0.3662995994091034,0.5625961422920227,-0.152212455868721,0.9889310002326965,0.9994199275970459
238,3.968,15,LEFT_WRIST,0.729722261428833,0.6689655184745789,-0.21237322688102722,0.9892404675483704,0.9998815059661865
238,3.968,16,RIGHT_WRIST,0.3503507673740387,0.6489123106002808,-0.2665378153324127,0.9798809289932251,0.9989319443702698
238,3.968,17,LEFT_PINKY,0.7428624629974365,0.6989601850509644,-0.26124686002731323,0.9837686419487,0.9994662404060364
238,3.968,18,RIGHT_PINKY,0.3287934958934784,0.6774243116378784,-0.31671616435050964,0.9668262004852295,0.9971309900283813
238,3.968,19,LEFT_INDEX,0.7267579436302185,0.6976916193962097,-0.329877108335495,0.9844568371772766,0.9995847344398499
238,3.968,20,RIGHT_INDEX,0.3486814498901367,0.677890419960022,-0.3836805820465088,0.9682947397232056,0.9977706670761108
238,3.968,21,LEFT_THUMB,0.7152958512306213,0.6909431219100952,-0.2419770061969757,0.9834948182106018,0.9997840523719788
238,3.968,22,RIGHT_THUMB,0.36250782012939453,0.6695972084999084,-0.2979903817176819,0.9686641097068787,0.9986240863800049
238,3.968,23,LEFT_HIP,0.6114233732223511,0.6823256611824036,-0.0037052419502288103,0.9999465346336365,0.9999843835830688
238,3.968,24,RIGHT_HIP,0.46805885434150696,0.6789294481277466,0.00372896995395422,0.9998149871826172,0.99993896484375
238,3.968,25,LEFT_KNEE,0.5912588238716125,0.8222097754478455,0.05918228253722191,0.9925938248634338,0.9999605417251587
238,3.968,26,RIGHT_KNEE,0.44960132241249084,0.7970077395439148,0.21080315113067627,0.9662734270095825,0.9996175765991211
238,3.968,27,LEFT_ANKLE,0.578424870967865,0.9516309499740601,0.29315441846847534,0.984675943851471,0.9927575588226318
238,3.968,28,RIGHT_ANKLE,0.4826546609401703,0.8492600321769714,0.7347515225410461,0.7939732074737549,0.993614673614502
238,3.968,29,LEFT_HEEL,0.5649101734161377,0.9660727381706238,0.3050086498260498,0.8532122373580933,0.9796510338783264
238,3.968,30,RIGHT_HEEL,0.4935915768146515,0.8466984033584595,0.7843604683876038,0.6065834760665894,0.9897201657295227
238,3.968,31,LEFT_FOOT_INDEX,0.5796825289726257,1.001836895942688,0.12996090948581696,0.9680421948432922,0.8408947587013245
238,3.968,32,RIGHT_FOOT_INDEX,0.46637558937072754,0.9144760370254517,0.7140504717826843,0.7974984049797058,0.9370860457420349
239,3.984,0,NOSE,0.5758418440818787,0.3895430564880371,-0.4409961998462677,0.9999940395355225,0.999806821346283
239,3.984,1,LEFT_EYE_INNER,0.5909578204154968,0.3770428001880646,-0.41290032863616943,0.9999825954437256,0.9993723034858704
239,3.984,2,LEFT_EYE,0.5985681414604187,0.3777505159378052,-0.4128594994544983,0.9999825358390808,0.9994396567344666
239,3.984,3,LEFT_EYE_OUTER,0.6062186360359192,0.3784327507019043,-0.4127661883831024,0.9999808073043823,0.9994614720344543
239,3.984,4,RIGHT_EYE_INNER,0.5650872588157654,0.3748650848865509,-0.4227985739707947,0.9999802708625793,0.9992031455039978
239,3.984,5,RIGHT_EYE,0.5551344752311707,0.3741472661495209,-0.42274802923202515,0.9999788403511047,0.9991200566291809
239,3.984,6,RIGHT_EYE_OUTER,0.5443027019500732,0.3734990358352661,-0.422712504863739,0.9999760389328003,0.9989687204360962
239,3.984,7,LEFT_EAR,0.6118126511573792,0.38688650727272034,-0.24171391129493713,0.9999584555625916,0.9996254444122314
239,3.984,8,RIGHT_EAR,0.5236307978630066,0.37964561581611633,-0.2936704754829407,0.9999700784683228,0.9989577531814575
239,3.984,9,MOUTH_LEFT,0.5844930410385132,0.4068334996700287,-0.37373825907707214,0.9999945759773254,0.9998985528945923
239,3.984,10,MOUTH_RIGHT,0.5553732514381409,0.4054269790649414,-0.3879657983779907,0.9999943971633911,0.9998586177825928
239,3.984,11,LEFT_SHOULDER,0.67000812292099,0.48307740688323975,-0.16733889281749725,0.999992847442627,0.9999768733978271
239,3.984,12,RIGHT_SHOULDER,0.42503130435943604,0.46663185954093933,-0.20293045043945312,0.9999655485153198,0.999809205532074
239,3.984,13,LEFT_ELBOW,0.7065996527671814,0.5818970203399658,-0.054765425622463226,0.9833662509918213,0.9998457431793213
239,3.984,14,RIGHT_ELBOW,0.3657199442386627,0.5624666810035706,-0.15143181383609772,0.9884631633758545,0.9992223978042603
239,3.984,15,LEFT_WRIST,0.7298188805580139,0.6680871844291687,-0.20281079411506653,0.9890756011009216,0.9998362064361572
239,3.984,16,RIGHT_WRIST,0.3476135730743408,0.649116575717926,-0.27567601203918457,0.9790263175964355,0.9983032941818237
239,3.984,17,LEFT_PINKY,0.7429637312889099,0.6982295513153076,-0.25263404846191406,0.9835073351860046,0.9993402361869812
239,3.984,18,RIGHT_PINKY,0.3264197111129761,0.6773735880851746,-0.3282507359981537,0.9656917452812195,0.9959726929664612
239,3.984,19,LEFT_INDEX,0.7260609865188599,0.6969214081764221,-0.3222125470638275,0.9841974377632141,0.9994682669639587
239,3.984,20,RIGHT_INDEX,0.3456549644470215,0.6782013773918152,-0.3927300274372101,0.9672209024429321,0.9966806769371033
239,3.984,21,LEFT_THUMB,0.7144761681556702,0.6899738311767578,-0.23259945213794708,0.9832069873809814,0.9997072815895081
239,3.984,22,RIGHT_THUMB,0.3593774735927582,0.6700536608695984,-0.3067511320114136,0.9677096009254456,0.99783855676651
239,3.984,23,LEFT_HIP,0.6121591925621033,0.6831058263778687,-0.003608102211728692,0.999945342540741,0.9999659061431885
239,3.984,24,RIGHT_HIP,0.468742698431015,0.6793301105499268,0.0036154412664473057,0.9998154640197754,0.9998970031738281
239,3.984,25,LEFT_KNEE,0.5917690992355347,0.8229036927223206,0.06393847614526749,0.992231547832489,0.999919056892395
239,3.984,26,RIGHT_KNEE,0.45018845796585083,0.7992212772369385,0.21084976196289062,0.9667071104049683,0.9993826150894165
239,3.984,27,LEFT_ANKLE,0.5783877372741699,0.949144184589386,0.37311387062072754,0.9839698076248169,0.989244818687439
239,3.984,28,RIGHT_ANKLE,0.4826194941997528,0.8605701327323914,0.7333228588104248,0.8028625845909119,0.9905637502670288
239,3.984,29,LEFT_HEEL,0.5657219290733337,0.9632710814476013,0.392307311296463,0.8506535291671753,0.9733362793922424
239,3.984,30,RIGHT_HEEL,0.4935797154903412,0.8598806858062744,0.7831074595451355,0.6118794679641724,0.9847625494003296
239,3.984,31,LEFT_FOOT_INDEX,0.5761475563049316,0.9993783831596375,0.20318782329559326,0.9665975570678711,0.8240222930908203
239,3.984,32,RIGHT_FOOT_INDEX,0.4663202464580536,0.9252102971076965,0.6770685315132141,0.8046063780784607,0.918335497379303
240,4.001,0,NOSE,0.5753312110900879,0.38813337683677673,-0.4139879047870636,0.9999939203262329,0.9998871088027954
240,4.001,1,LEFT_EYE_INNER,0.5902069807052612,0.37572991847991943,-0.3858482837677002,0.9999821782112122,0.9996063113212585
240,4.001,2,LEFT_EYE,0.5979368090629578,0.37645843625068665,-0.385776162147522,0.9999820590019226,0.9996352195739746
240,4.001,3,LEFT_EYE_OUTER,0.6055461764335632,0.3770940899848938,-0.3856644928455353,0.9999804496765137,0.9996370077133179
240,4.001,4,RIGHT_EYE_INNER,0.5643699765205383,0.3735533356666565,-0.39470431208610535,0.9999797940254211,0.9995357990264893
240,4.001,5,RIGHT_EYE,0.55442214012146,0.37282830476760864,-0.39462003111839294,0.9999785423278809,0.999488353729248
240,4.001,6,RIGHT_EYE_OUTER,0.5435947179794312,0.37226808071136475,-0.3945462703704834,0.9999759197235107,0.9994032382965088
240,4.001,7,LEFT_EAR,0.6113408207893372,0.385379821062088,-0.21516874432563782,0.9999579787254333,0.9997383952140808
240,4.001,8,RIGHT_EAR,0.5230148434638977,0.3787958025932312,-0.2624017894268036,0.9999697208404541,0.9994097948074341
240,4.001,9,MOUTH_LEFT,0.5841303467750549,0.40542903542518616,-0.3474201261997223,0.9999943375587463,0.9999325275421143
240,4.001,10,MOUTH_RIGHT,0.5549910664558411,0.4042259752750397,-0.3599260151386261,0.999994158744812,0.9999152421951294
240,4.001,11,LEFT_SHOULDER,0.6708154082298279,0.4809197187423706,-0.1476188600063324,0.9999927282333374,0.9999834299087524
240,4.001,12,RIGHT_SHOULDER,0.425232857465744,0.4659312963485718,-0.1772368997335434,0.9999649524688721,0.9998965263366699
240,4.001,13,LEFT_ELBOW,0.7078942656517029,0.5813032984733582,-0.01451953873038292,0.9827573299407959,0.9998776912689209
240,4.001,14,RIGHT_ELBOW,0.36553889513015747,0.5622816681861877,-0.13587109744548798,0.9880853891372681,0.9995434880256653
240,4.001,15,LEFT_WRIST,0.7296559810638428,0.6666540503501892,-0.1459447294473648,0.9889307618141174,0.9998583793640137
240,4.001,16,RIGHT_WRIST,0.34652429819107056,0.648742139339447,-0.2675114572048187,0.9786438345909119,0.9989720582962036
240,4.001,17,LEFT_PINKY,0.7425500750541687,0.6965315341949463,-0.1905202567577362,0.983299970626831,0.9994097948074341
240,4.001,18,RIGHT_PINKY,0.32539230585098267,0.6768258810043335,-0.32143139839172363,0.9652345776557922,0.9973574280738831
240,4.001,19,LEFT_INDEX,0.7251610159873962,0.6953137516975403,-0.2564902901649475,0.9839765429496765,0.9995335340499878
240,4.001,20,RIGHT_INDEX,0.34454968571662903,0.6776052713394165,-0.3863346576690674,0.9667978286743164,0.9978561997413635
240,4.001,21,LEFT_THUMB,0.713528573513031,0.6880138516426086,-0.17364586889743805,0.9829583764076233,0.9997451901435852
240,4.001,22,RIGHT_THUMB,0.35806381702423096,0.6693751811981201,-0.29893991351127625,0.9673473834991455,0.9986318945884705
240,4.001,23,LEFT_HIP,0.6131394505500793,0.6836096048355103,-0.004084961488842964,0.9999446868896484,0.9999743700027466
240,4.001,24,RIGHT_HIP,0.4697928726673126,0.6798111200332642,0.004044502507895231,0.9998188018798828,0.9999328851699829
240,4.001,25,LEFT_KNEE,0.5929441452026367,0.8231735229492188,0.05807075276970863,0.9920623898506165,0.9999545812606812
240,4.001,26,RIGHT_KNEE,0.45065030455589294,0.801859438419342,0.21619507670402527,0.9671400785446167,0.9996451139450073
240,4.001,27,LEFT_ANKLE,0.5790947079658508,0.9474084973335266,0.3544815480709076,0.9838842749595642,0.9920680522918701
240,4.001,28,RIGHT_ANKLE,0.483161985874176,0.8739220499992371,0.6988548636436462,0.8153031468391418,0.99378502368927
240,4.001,29,LEFT_HEEL,0.5700696706771851,0.9612902402877808,0.37099239230155945,0.8472289443016052,0.9790971875190735
240,4.001,30,RIGHT_HEEL,0.4950013756752014,0.8773289322853088,0.7392049431800842,0.6250555515289307,0.9887105822563171
240,4.001,31,LEFT_FOOT_INDEX,0.5684283375740051,0.9981348514556885,0.18162371218204498,0.9663406014442444,0.8524022102355957
240,4.001,32,RIGHT_FOOT_INDEX,0.4662442207336426,0.9396987557411194,0.6173297762870789,0.8161699175834656,0.9334783554077148
241,4.018,0,NOSE,0.5746323466300964,0.38531818985939026,-0.3977659046649933,0.9999938011169434,0.9998602867126465
241,4.018,1,LEFT_EYE_INNER,0.5893514752388,0.3726048469543457,-0.37019798159599304,0.9999817609786987,0.9994926452636719
241,4.018,2,LEFT_EYE,0.5971614718437195,0.3732336759567261,-0.3701179027557373,0.9999815821647644,0.9995272159576416
241,4.018,3,LEFT_EYE_OUTER,0.6047659516334534,0.37392154335975647,-0.36999908089637756,0.9999800324440002,0.9995272159576416
241,4.018,4,RIGHT_EYE_INNER,0.5638166069984436,0.3707711398601532,-0.3763778805732727,0.9999793171882629,0.9994156360626221
241,4.018,5,RIGHT_EYE,0.5540821552276611,0.3701719641685486,-0.376288503408432,0.9999783039093018,0.9993645548820496
241,4.018,6,RIGHT_EYE_OUTER,0.5434612035751343,0.36992940306663513,-0.3762178421020508,0.9999758005142212,0.9992707371711731
241,4.018,7,LEFT_EAR,0.6111303567886353,0.3826320767402649,-0.20378755033016205,0.9999576807022095,0.9996488094329834
241,4.018,8,RIGHT_EAR,0.5226125121116638,0.37710046768188477,-0.23948486149311066,0.9999693036079407,0.999292254447937
241,4.018,9,MOUTH_LEFT,0.5835250020027161,0.40277501940727234,-0.33368438482284546,0.9999940395355225,0.9999141693115234
241,4.018,10,MOUTH_RIGHT,0.5544359683990479,0.40181878209114075,-0.34271273016929626,0.9999938607215881,0.9998942613601685
241,4.018,11,LEFT_SHOULDER,0.6724761128425598,0.47925010323524475,-0.14104366302490234,0.9999922513961792,0.9999749660491943
241,4.018,12,RIGHT_SHOULDER,0.4255116283893585,0.46551552414894104,-0.15945357084274292,0.99996417760849,0.9998846054077148
241,4.018,13,LEFT_ELBOW,0.7094452977180481,0.5812196731567383,0.00029966008150950074,0.982556164264679,0.9998520612716675
241,4.018,14,RIGHT_ELBOW,0.36538875102996826,0.5621355772018433,-0.12150442600250244,0.987708330154419,0.9995612502098083
241,4.018,15,LEFT_WRIST,0.730172872543335,0.665614664554596,-0.11238011717796326,0.9889561533927917,0.9998365640640259
241,4.018,16,RIGHT_WRIST,0.34497153759002686,0.6483709216117859,-0.2513987720012665,0.978310227394104,0.9989245533943176
241,4.018,17,LEFT_PINKY,0.7424376010894775,0.6952530145645142,-0.1519308090209961,0.9832614064216614,0.999338686466217
241,4.018,18,RIGHT_PINKY,0.32384219765663147,0.6763322353363037,-0.30303263664245605,0.9647531509399414,0.9972333312034607
241,4.018,19,LEFT_INDEX,0.7245434522628784,0.6940386891365051,-0.2162582129240036,0.9839287996292114,0.9994714856147766
241,4.018,20,RIGHT_INDEX,0.3420557975769043,0.6771370768547058,-0.36778780817985535,0.9663640856742859,0.9977082014083862
241,4.018,21,LEFT_THUMB,0.7130601406097412,0.6865752935409546,-0.13869404792785645,0.9828988313674927,0.9997076392173767
241,4.018,22,RIGHT_THUMB,0.35578253865242004,0.6688251495361328,-0.2829868495464325,0.9670206904411316,0.9985448122024536
241,4.018,23,LEFT_HIP,0.6137294769287109,0.6838658452033997,-0.004431992769241333,0.9999421238899231,0.9999536275863647
241,4.018,24,RIGHT_HIP,0.4704565703868866,0.6798180341720581,0.004347165115177631,0.9998219013214111,0.9999136924743652
241,4.018,25,LEFT_KNEE,0.5938296318054199,0.8231884837150574,0.077675461769104,0.9917899966239929,0.999931812286377
241,4.018,26,RIGHT_KNEE,0.45142099261283875,0.8038052320480347,0.2160291075706482,0.9680390357971191,0.9996575117111206
241,4.018,27,LEFT_ANKLE,0.579201877117157,0.9461876749992371,0.375418096780777,0.9838389158248901,0.9922216534614563
241,4.018,28,RIGHT_ANKLE,0.4835836887359619,0.8867372274398804,0.6193265914916992,0.8288429975509644,0.99370276927948
241,4.018,29,LEFT_HEEL,0.5704713463783264,0.9598960280418396,0.39143431186676025,0.8471477627754211,0.9800612926483154
241,4.018,30,RIGHT_HEEL,0.4967225193977356,0.8939560055732727,0.6496922373771667,0.6425818800926208,0.9876592755317688
241,4.018,31,LEFT_FOOT_INDEX,0.5671155452728271,0.9965113401412964,0.20433031022548676,0.9662076830863953,0.8590559959411621
241,4.018,32,RIGHT_FOOT_INDEX,0.4630967080593109,0.9551783204078674,0.511105477809906,0.8284056186676025,0.923328161239624
242,4.034,0,NOSE,0.5742918848991394,0.38275691866874695,-0.37608420848846436,0.9999939799308777,0.9999082088470459
242,4.034,1,LEFT_EYE_INNER,0.5887559056282043,0.37004974484443665,-0.34801825881004333,0.9999822378158569,0.999669075012207
242,4.034,2,LEFT_EYE,0.5966785550117493,0.3706394135951996,-0.34793034195899963,0.9999820590019226,0.9996935129165649
242,4.034,3,LEFT_EYE_OUTER,0.6041834950447083,0.3713408410549164,-0.34780457615852356,0.999980628490448,0.9996941089630127
242,4.034,4,RIGHT_EYE_INNER,0.5632947087287903,0.36854761838912964,-0.3534197509288788,0.9999797344207764,0.999607264995575
242,4.034,5,RIGHT_EYE,0.5535441040992737,0.36814481019973755,-0.3532961308956146,0.9999788999557495,0.9995627999305725
242,4.034,6,RIGHT_EYE_OUTER,0.5429542660713196,0.3681427240371704,-0.353205144405365,0.9999765753746033,0.9994875192642212
242,4.034,7,LEFT_EAR,0.6105086803436279,0.3802415132522583,-0.1815413236618042,0.9999593496322632,0.9997788071632385
242,4.034,8,RIGHT_EAR,0.5221940875053406,0.3758813440799713,-0.21202774345874786,0.9999700784683228,0.9994763731956482
242,4.034,9,MOUTH_LEFT,0.5834155082702637,0.4002273380756378,-0.312225878238678,0.9999940991401672,0.9999397993087769
242,4.034,10,MOUTH_RIGHT,0.5541719198226929,0.3993683159351349,-0.3197041451931,0.9999938607215881,0.9999204874038696
242,4.034,11,LEFT_SHOULDER,0.6740070581436157,0.4778614640235901,-0.12133019417524338,0.9999922513961792,0.9999815225601196
242,4.034,12,RIGHT_SHOULDER,0.42631176114082336,0.46468719840049744,-0.13697081804275513,0.9999641180038452,0.9999010562896729
242,4.034,13,LEFT_ELBOW,0.7099698185920715,0.5807382464408875,0.01734200119972229,0.982550859451294,0.9998695850372314
242,4.034,14,RIGHT_ELBOW,0.3654007017612457,0.5620073080062866,-0.10036049038171768,0.9875413775444031,0.9995927214622498
242,4.034,15,LEFT_WRIST,0.7313115000724792,0.6649714708328247,-0.09720342606306076,0.989180326461792,0.9998669624328613
242,4.034,16,RIGHT_WRIST,0.34364816546440125,0.6483584046363831,-0.23766595125198364,0.9783662557601929,0.9990645051002502
242,4.034,17,LEFT_PINKY,0.7429762482643127,0.6942524313926697,-0.1378825157880783,0.9835219383239746,0.999451220035553
242,4.034,18,RIGHT_PINKY,0.3216908574104309,0.6762159466743469,-0.29124337434768677,0.9648030996322632,0.9975587129592896
242,4.034,19,LEFT_INDEX,0.7251634001731873,0.6930901408195496,-0.20333406329154968,0.9841830730438232,0.9995778203010559
242,4.034,20,RIGHT_INDEX,0.33791595697402954,0.6774209141731262,-0.3553085923194885,0.9664575457572937,0.9980496168136597
242,4.034,21,LEFT_THUMB,0.7137731909751892,0.6857550740242004,-0.1244216337800026,0.9831616878509521,0.9997685551643372
242,4.034,22,RIGHT_THUMB,0.35266098380088806,0.6690307855606079,-0.26938706636428833,0.9672120809555054,0.9987534284591675
242,4.034,23,LEFT_HIP,0.6140689849853516,0.6832523941993713,-0.005056717433035374,0.9999394416809082,0.999943733215332
242,4.034,24,RIGHT_HIP,0.47055357694625854,0.6792283654212952,0.004938027821481228,0.9998249411582947,0.999895453453064
242,4.034,25,LEFT_KNEE,0.5947563052177429,0.8222883343696594,0.07062119990587234,0.9918296933174133,0.9999399185180664
242,4.034,26,RIGHT_KNEE,0.45227816700935364,0.8054779767990112,0.19190983474254608,0.9695286154747009,0.999657392501831
242,4.034,27,LEFT_ANKLE,0.5792261958122253,0.9453076124191284,0.40627941489219666,0.984032928943634,0.9920401573181152
242,4.034,28,RIGHT_ANKLE,0.4847123324871063,0.8985902070999146,0.5667157173156738,0.8422808647155762,0.9932536482810974
242,4.034,29,LEFT_HEEL,0.571142315864563,0.9562798738479614,0.42665502429008484,0.8443982601165771,0.9795332551002502
242,4.034,30,RIGHT_HEEL,0.49806901812553406,0.9051864147186279,0.5957130193710327,0.6603786945343018,0.9862231612205505
242,4.034,31,LEFT_FOOT_INDEX,0.5612525343894958,0.9953215718269348,0.2348639816045761,0.9663733839988708,0.8545831441879272
242,4.034,32,RIGHT_FOOT_INDEX,0.4608372151851654,0.9685541391372681,0.44668883085250854,0.8406705260276794,0.9059504866600037
243,4.051,0,NOSE,0.5738694071769714,0.3809674382209778,-0.35239145159721375,0.9999940991401672,0.9999114274978638
243,4.051,1,LEFT_EYE_INNER,0.5882987976074219,0.3686543405056,-0.32504895329475403,0.9999823570251465,0.9996453523635864
243,4.051,2,LEFT_EYE,0.5960851311683655,0.369364470243454,-0.3249431550502777,0.9999821186065674,0.9996681213378906
243,4.051,3,LEFT_EYE_OUTER,0.6035642623901367,0.37019142508506775,-0.32479527592658997,0.9999808073043823,0.9996607303619385
243,4.051,4,RIGHT_EYE_INNER,0.5630975961685181,0.36693498492240906,-0.33022332191467285,0.9999799728393555,0.9995830655097961
243,4.051,5,RIGHT_EYE,0.5534546375274658,0.36661258339881897,-0.33008474111557007,0.9999792575836182,0.9995359182357788
243,4.051,6,RIGHT_EYE_OUTER,0.5426746606826782,0.3667239844799042,-0.3299752473831177,0.9999770522117615,0.9994540810585022
243,4.051,7,LEFT_EAR,0.6100425124168396,0.37870845198631287,-0.16181261837482452,0.9999597668647766,0.9997326731681824
243,4.051,8,RIGHT_EAR,0.5218843817710876,0.3749825358390808,-0.19180014729499817,0.9999701380729675,0.99941086769104
243,4.051,9,MOUTH_LEFT,0.5831246972084045,0.39855706691741943,-0.2900357246398926,0.9999938607215881,0.9999333620071411
243,4.051,10,MOUTH_RIGHT,0.5538110136985779,0.3979668915271759,-0.29723671078681946,0.999993622303009,0.9999148845672607
243,4.051,11,LEFT_SHOULDER,0.6755637526512146,0.4760366380214691,-0.10042699426412582,0.999991774559021,0.9999778270721436
243,4.051,12,RIGHT_SHOULDER,0.42670539021492004,0.46405890583992004,-0.12171779572963715,0.9999638795852661,0.9999077320098877
243,4.051,13,LEFT_ELBOW,0.7111279964447021,0.5786571502685547,0.04146941006183624,0.9825388789176941,0.9998953342437744
243,4.051,14,RIGHT_ELBOW,0.3655461370944977,0.5618988871574402,-0.07595457881689072,0.9872653484344482,0.9996961355209351
243,4.051,15,LEFT_WRIST,0.7320796847343445,0.6640931963920593,-0.05756658315658569,0.9893068671226501,0.9998962879180908
243,4.051,16,RIGHT_WRIST,0.3433597981929779,0.6480309367179871,-0.1934511661529541,0.9779224395751953,0.9992904663085938
243,4.051,17,LEFT_PINKY,0.743886411190033,0.6941540837287903,-0.0947563648223877,0.9835739135742188,0.9995836615562439
243,4.051,18,RIGHT_PINKY,0.32169005274772644,0.6758981347084045,-0.24202220141887665,0.9641103744506836,0.9981842637062073
243,4.051,19,LEFT_INDEX,0.7264431715011597,0.6927445530891418,-0.1584356278181076,0.984233021736145,0.9996803998947144
243,4.051,20,RIGHT_INDEX,0.3371236026287079,0.6770610809326172,-0.3063724637031555,0.9658170342445374,0.9985062479972839
243,4.051,21,LEFT_THUMB,0.714878261089325,0.6843723654747009,-0.08372092992067337,0.9831949472427368,0.9998212456703186
243,4.051,22,RIGHT_THUMB,0.35151705145835876,0.668579638004303,-0.22482456266880035,0.9667192697525024,0.999068558216095
243,4.051,23,LEFT_HIP,0.6145108938217163,0.6828622221946716,-0.004596666898578405,0.9999366998672485,0.9999485015869141
243,4.051,24,RIGHT_HIP,0.4706093966960907,0.6791250705718994,0.004449518397450447,0.9998311996459961,0.9999232292175293
243,4.051,25,LEFT_KNEE,0.5966745615005493,0.8229597210884094,0.10054676234722137,0.9918197989463806,0.9999545812606812
243,4.051,26,RIGHT_KNEE,0.456252783536911,0.8098745942115784,0.17014053463935852,0.9711997509002686,0.999824583530426
243,4.051,27,LEFT_ANKLE,0.5792069435119629,0.9450136423110962,0.3908368945121765,0.9843913912773132,0.9961532950401306
243,4.051,28,RIGHT_ANKLE,0.48475879430770874,0.9166918396949768,0.4940433204174042,0.8553931713104248,0.9961941242218018
243,4.051,29,LEFT_HEEL,0.5710991024971008,0.9558433294296265,0.40581047534942627,0.8464295864105225,0.9896172285079956
243,4.051,30,RIGHT_HEEL,0.4979736804962158,0.9265208840370178,0.5169335007667542,0.6785520315170288,0.9914599657058716
243,4.051,31,LEFT_FOOT_INDEX,0.5622938275337219,0.9976513385772705,0.21806050837039948,0.9670205116271973,0.9179542064666748
243,4.051,32,RIGHT_FOOT_INDEX,0.45628225803375244,0.9825438857078552,0.35935884714126587,0.852592945098877,0.9359288811683655
244,4.068,0,NOSE,0.573519766330719,0.3789280951023102,-0.3484557867050171,0.9999940395355225,0.9998775720596313
244,4.068,1,LEFT_EYE_INNER,0.5878804922103882,0.36662575602531433,-0.3214045763015747,0.9999818205833435,0.9994990825653076
244,4.068,2,LEFT_EYE,0.5956038236618042,0.3672253489494324,-0.32130804657936096,0.9999815821647644,0.9995279312133789
244,4.068,3,LEFT_EYE_OUTER,0.603069543838501,0.36797386407852173,-0.3211459517478943,0.9999802708625793,0.9995120763778687
244,4.068,4,RIGHT_EYE_INNER,0.5629082322120667,0.3651932179927826,-0.32603025436401367,0.9999796748161316,0.9994286894798279
244,4.068,5,RIGHT_EYE,0.5533970594406128,0.3650068938732147,-0.325892835855484,0.9999790787696838,0.9993703961372375
244,4.068,6,RIGHT_EYE_OUTER,0.5423208475112915,0.3652119040489197,-0.32579395174980164,0.9999769926071167,0.9992685914039612
244,4.068,7,LEFT_EAR,0.609602153301239,0.37641531229019165,-0.15723644196987152,0.9999587535858154,0.99960857629776
244,4.068,8,RIGHT_EAR,0.5216941833496094,0.3738322854042053,-0.18473829329013824,0.9999694228172302,0.9992037415504456
244,4.068,9,MOUTH_LEFT,0.5829516649246216,0.3963545560836792,-0.2859436571598053,0.9999932050704956,0.9999046325683594
244,4.068,10,MOUTH_RIGHT,0.5535162687301636,0.3962010443210602,-0.29250308871269226,0.999993085861206,0.9998785257339478
244,4.068,11,LEFT_SHOULDER,0.6769793033599854,0.4743770360946655,-0.09249521046876907,0.9999908208847046,0.9999653100967407
244,4.068,12,RIGHT_SHOULDER,0.42707139253616333,0.4636554718017578,-0.11650266498327255,0.9999637603759766,0.9998916387557983
244,4.068,13,LEFT_ELBOW,0.7114762663841248,0.57649827003479,0.03892991319298744,0.9825948476791382,0.9998586177825928
244,4.068,14,RIGHT_ELBOW,0.36568233370780945,0.5618211030960083,-0.07105031609535217,0.9872761368751526,0.999661922454834
244,4.068,15,LEFT_WRIST,0.7320736646652222,0.6625389456748962,-0.07032634317874908,0.9894614815711975,0.9998658895492554
244,4.068,16,RIGHT_WRIST,0.3421936631202698,0.6479201912879944,-0.18873664736747742,0.9777796864509583,0.9991480112075806
244,4.068,17,LEFT_PINKY,0.7441805601119995,0.692869246006012,-0.1096213236451149,0.9836182594299316,0.9994865655899048
244,4.068,18,RIGHT_PINKY,0.32064780592918396,0.675719141960144,-0.23595163226127625,0.9637634754180908,0.9978001713752747
244,4.068,19,LEFT_INDEX,0.7269755601882935,0.6912994384765625,-0.17226526141166687,0.9842786192893982,0.99960857629776
244,4.068,20,RIGHT_INDEX,0.3350450098514557,0.6769461035728455,-0.30173584818840027,0.9655250310897827,0.9981938004493713
244,4.068,21,LEFT_THUMB,0.7152734994888306,0.6823374032974243,-0.0965951532125473,0.9832155704498291,0.9997749924659729
244,4.068,22,RIGHT_THUMB,0.3498145639896393,0.66841059923172,-0.22054848074913025,0.9665476679801941,0.9988916516304016
244,4.068,23,LEFT_HIP,0.6156468987464905,0.6819279193878174,-0.0025816773995757103,0.9999244213104248,0.9998714923858643
244,4.068,24,RIGHT_HIP,0.47076985239982605,0.6786326766014099,0.002421436132863164,0.9998301863670349,0.9998446702957153
244,4.068,25,LEFT_KNEE,0.5981424450874329,0.8223605751991272,0.1251228004693985,0.991656482219696,0.9998961687088013
244,4.068,26,RIGHT_KNEE,0.4612249732017517,0.8119339346885681,0.12074434012174606,0.9727709293365479,0.9997109770774841
244,4.068,27,LEFT_ANKLE,0.5779107213020325,0.9480860233306885,0.3722665309906006,0.9844726324081421,0.9936374425888062
244,4.068,28,RIGHT_ANKLE,0.4847582280635834,0.9370498061180115,0.3734188973903656,0.8668780326843262,0.9926108717918396
244,4.068,29,LEFT_HEEL,0.5686213970184326,0.9576919078826904,0.38266173005104065,0.8477129340171814,0.9833011627197266
244,4.068,30,RIGHT_HEEL,0.49686679244041443,0.9476526975631714,0.38767150044441223,0.6910001635551453,0.9824983477592468
244,4.068,31,LEFT_FOOT_INDEX,0.5638892650604248,1.0013524293899536,0.18891648948192596,0.9670486450195312,0.8835606575012207
244,4.068,32,RIGHT_FOOT_INDEX,0.45732104778289795,0.994190514087677,0.20314893126487732,0.8623031973838806,0.8843695521354675
245,4.084,0,NOSE,0.5733187198638916,0.37789618968963623,-0.3373350501060486,0.9999938607215881,0.9997723698616028
245,4.084,1,LEFT_EYE_INNER,0.5877223610877991,0.3658682107925415,-0.310896635055542,0.9999809265136719,0.9991012811660767
245,4.084,2,LEFT_EYE,0.5953779220581055,0.3664608299732208,-0.31081631779670715,0.9999806880950928,0.9991497993469238
245,4.084,3,LEFT_EYE_OUTER,0.6026929616928101,0.36717602610588074,-0.310696542263031,0.9999794363975525,0.9991210103034973
245,4.084,4,RIGHT_EYE_INNER,0.5624516606330872,0.3645291030406952,-0.31292474269866943,0.9999790787696838,0.9990226030349731
245,4.084,5,RIGHT_EYE,0.5523210763931274,0.364406555891037,-0.312812864780426,0.9999785423278809,0.9989535808563232
245,4.084,6,RIGHT_EYE_OUTER,0.5408527255058289,0.36460092663764954,-0.31275346875190735,0.999976634979248,0.9988273978233337
245,4.084,7,LEFT_EAR,0.6092185378074646,0.3752989172935486,-0.14936958253383636,0.9999575018882751,0.9993168115615845
245,4.084,8,RIGHT_EAR,0.5210326313972473,0.37314102053642273,-0.16427981853485107,0.999968409538269,0.9988355040550232
245,4.084,9,MOUTH_LEFT,0.5826625823974609,0.3953567445278168,-0.2761549949645996,0.9999925494194031,0.9998475313186646
245,4.084,10,MOUTH_RIGHT,0.5530929565429688,0.39530786871910095,-0.2792437672615051,0.9999924302101135,0.9998113512992859
245,4.084,11,LEFT_SHOULDER,0.6786319613456726,0.473624050617218,-0.08863604813814163,0.9999892711639404,0.9999374151229858
245,4.084,12,RIGHT_SHOULDER,0.42714816331863403,0.4630860388278961,-0.09894724935293198,0.9999634027481079,0.9998724460601807
245,4.084,13,LEFT_ELBOW,0.7129064202308655,0.575069785118103,0.0352744460105896,0.9825803637504578,0.9997552037239075
245,4.084,14,RIGHT_ELBOW,0.3656931519508362,0.5617448687553406,-0.047491755336523056,0.9871376752853394,0.9996050000190735
245,4.084,15,LEFT_WRIST,0.7328140735626221,0.6611993312835693,-0.06574729830026627,0.9894489049911499,0.9997978806495667
245,4.084,16,RIGHT_WRIST,0.3394407629966736,0.6486114263534546,-0.15025492012500763,0.9770506620407104,0.9987179040908813
245,4.084,17,LEFT_PINKY,0.7442249655723572,0.6921976804733276,-0.10331489890813828,0.9834122657775879,0.9992979764938354
245,4.084,18,RIGHT_PINKY,0.31781190633773804,0.6763931512832642,-0.19179871678352356,0.9624167084693909,0.9967638254165649
245,4.084,19,LEFT_INDEX,0.72704017162323,0.689917802810669,-0.16533313691616058,0.9840915203094482,0.9994584918022156
245,4.084,20,RIGHT_INDEX,0.33098721504211426,0.6779724955558777,-0.2588731050491333,0.9643149375915527,0.9972341656684875
245,4.084,21,LEFT_THUMB,0.7155737280845642,0.6805855631828308,-0.09126469492912292,0.9829586148262024,0.9996808767318726
245,4.084,22,RIGHT_THUMB,0.3460655212402344,0.6696515679359436,-0.18258242309093475,0.9655755162239075,0.9982662796974182
245,4.084,23,LEFT_HIP,0.6170151829719543,0.6820825338363647,-0.002181305782869458,0.999906599521637,0.9997757077217102
245,4.084,24,RIGHT_HIP,0.47097834944725037,0.6792391538619995,0.002010891679674387,0.9998272061347961,0.9997974038124084
245,4.084,25,LEFT_KNEE,0.5980919003486633,0.8251904845237732,0.12419550865888596,0.9915065169334412,0.9997912049293518
245,4.084,26,RIGHT_KNEE,0.46242555975914,0.816654622554779,0.10973315685987473,0.9741564989089966,0.9995833039283752
245,4.084,27,LEFT_ANKLE,0.5770296454429626,0.9504066705703735,0.371807724237442,0.9842151999473572,0.9893622994422913
245,4.084,28,RIGHT_ANKLE,0.48355770111083984,0.94508957862854,0.3657938241958618,0.8767909407615662,0.9886377453804016
245,4.084,29,LEFT_HEEL,0.567457914352417,0.960545539855957,0.3832460641860962,0.8481842279434204,0.9739255905151367
245,4.084,30,RIGHT_HEEL,0.49378928542137146,0.9570770263671875,0.38059139251708984,0.7005496025085449,0.9729704856872559
245,4.084,31,LEFT_FOOT_INDEX,0.5652348399162292,1.0013179779052734,0.18967698514461517,0.9663422703742981,0.8377188444137573
245,4.084,32,RIGHT_FOOT_INDEX,0.45721185207366943,0.9943992495536804,0.19347508251667023,0.8700965642929077,0.8387203812599182
246,4.101,0,NOSE,0.5730517506599426,0.3764071464538574,-0.33137306571006775,0.9999938607215881,0.9997949004173279
246,4.101,1,LEFT_EYE_INNER,0.58750319480896,0.36414849758148193,-0.3036765158176422,0.9999806880950928,0.9991732239723206
246,4.101,2,LEFT_EYE,0.5952156782150269,0.3646550178527832,-0.30362430214881897,0.9999803304672241,0.9992166757583618
246,4.101,3,LEFT_EYE_OUTER,0.6024523377418518,0.3653516471385956,-0.3035326302051544,0.9999792575836182,0.9991924166679382
246,4.101,4,RIGHT_EYE_INNER,0.5615909695625305,0.36309581995010376,-0.30482059717178345,0.9999790787696838,0.9990814924240112
246,4.101,5,RIGHT_EYE,0.5511420369148254,0.3631095290184021,-0.30471521615982056,0.9999785423278809,0.9989979863166809
246,4.101,6,RIGHT_EYE_OUTER,0.5394732356071472,0.36333778500556946,-0.3046778738498688,0.9999768137931824,0.998856782913208
246,4.101,7,LEFT_EAR,0.608852207660675,0.37387901544570923,-0.1395578682422638,0.9999573230743408,0.999384880065918
246,4.101,8,RIGHT_EAR,0.5209850072860718,0.3719288408756256,-0.15057894587516785,0.9999682307243347,0.9988490343093872
246,4.101,9,MOUTH_LEFT,0.5824175477027893,0.39377477765083313,-0.26996374130249023,0.9999921917915344,0.9998488426208496
246,4.101,10,MOUTH_RIGHT,0.5526068210601807,0.39403122663497925,-0.27202367782592773,0.9999921321868896,0.9998072981834412
246,4.101,11,LEFT_SHOULDER,0.6789594292640686,0.4727616012096405,-0.08102380484342575,0.9999883770942688,0.9999426603317261
246,4.101,12,RIGHT_SHOULDER,0.42710477113723755,0.4627755880355835,-0.09072790294885635,0.9999633431434631,0.9998366832733154
246,4.101,13,LEFT_ELBOW,0.7141458988189697,0.5732304453849792,0.033942922949790955,0.98289954662323,0.9997851252555847
246,4.101,14,RIGHT_ELBOW,0.3657160699367523,0.5616967678070068,-0.04970255866646767,0.9872233867645264,0.9995089769363403
246,4.101,15,LEFT_WRIST,0.7332773804664612,0.6598567366600037,-0.07969359308481216,0.9897538423538208,0.9998496770858765
246,4.101,16,RIGHT_WRIST,0.3387962579727173,0.6490641236305237,-0.1658189445734024,0.9768761396408081,0.9986031651496887
246,4.101,17,LEFT_PINKY,0.7442665100097656,0.6911430358886719,-0.1228533536195755,0.9836569428443909,0.9994381070137024
246,4.101,18,RIGHT_PINKY,0.3167283535003662,0.6771806478500366,-0.21184635162353516,0.9619657397270203,0.996465802192688
246,4.101,19,LEFT_INDEX,0.7266074419021606,0.6882321238517761,-0.18426445126533508,0.9843302965164185,0.9995920062065125
246,4.101,20,RIGHT_INDEX,0.3293589949607849,0.6792622208595276,-0.278408944606781,0.9639604687690735,0.9970878958702087
246,4.101,21,LEFT_THUMB,0.7152944803237915,0.6786512732505798,-0.10506244003772736,0.983153760433197,0.9997574687004089
246,4.101,22,RIGHT_THUMB,0.34466853737831116,0.670874834060669,-0.19799907505512238,0.965326726436615,0.9981793165206909
246,4.101,23,LEFT_HIP,0.618041455745697,0.6826016306877136,0.001019902527332306,0.9998980760574341,0.9998201727867126
246,4.101,24,RIGHT_HIP,0.4710778594017029,0.6806508302688599,-0.0011776656610891223,0.999830424785614,0.9998216032981873
246,4.101,25,LEFT_KNEE,0.599082887172699,0.8266782164573669,0.14197510480880737,0.9912631511688232,0.999658465385437
246,4.101,26,RIGHT_KNEE,0.46455273032188416,0.8230065107345581,0.12086879462003708,0.9752808213233948,0.9993540644645691
246,4.101,27,LEFT_ANKLE,0.5763686299324036,0.949465811252594,0.4626521170139313,0.9832086563110352,0.9842609167098999
246,4.101,28,RIGHT_ANKLE,0.48304009437561035,0.9468559622764587,0.4334644079208374,0.8848491907119751,0.980362057685852
246,4.101,29,LEFT_HEEL,0.5662532448768616,0.9597855806350708,0.4839816689491272,0.848822832107544,0.9640387296676636
246,4.101,30,RIGHT_HEEL,0.49164554476737976,0.9580897092819214,0.45579415559768677,0.7060189843177795,0.9561319947242737
246,4.101,31,LEFT_FOOT_INDEX,0.5674489140510559,1.000069260597229,0.3006918430328369,0.964203417301178,0.7984769344329834
246,4.101,32,RIGHT_FOOT_INDEX,0.46093907952308655,0.9923029541969299,0.27096399664878845,0.8751325607299805,0.7735505700111389
