frame,timestamp,landmark_id,landmark_name,x,y,z,visibility,presence
0,0.0,0,NOSE,0.5243057225431718,0.3965044340917041,-0.2726515531539917,0.9999490976333618,0.999460518360138
0,0.0,1,LEFT_EYE_INNER,0.5302428021317437,0.39083121929849873,-0.2538096535773504,0.999797523021698,0.9986441731452942
0,0.0,2,LEFT_EYE,0.5332801966440108,0.3911610188938321,-0.25384810992649615,0.9998056292533876,0.9987061023712158
0,0.0,3,LEFT_EYE_OUTER,0.5365144397531235,0.39157012814567194,-0.253839685803368,0.999801218509674,0.9987395405769348
0,0.0,4,RIGHT_EYE_INNER,0.518295930964606,0.39025950218949984,-0.255416825413704,0.999731719493866,0.9983953833580016
0,0.0,5,RIGHT_EYE,0.5133989396549407,0.3903252908161708,-0.2554012246075131,0.9997130036354064,0.9981344938278198
0,0.0,6,RIGHT_EYE_OUTER,0.5089788805870783,0.39045753152597507,-0.2554217931770142,0.9996775388717652,0.9978950023651124
0,0.0,7,LEFT_EAR,0.5399520113354636,0.3948166867097217,-0.13789824112540205,0.9996786117553712,0.9989180564880372
0,0.0,8,RIGHT_EAR,0.5025431244146258,0.3941740358159653,-0.1455262345927102,0.9992840886116028,0.9975047707557678
0,0.0,9,MOUTH_LEFT,0.5300725968111126,0.4040915284837996,-0.22798601218632286,0.999941349029541,0.9997013211250304
0,0.0,10,MOUTH_RIGHT,0.5156228031430926,0.4040737322398593,-0.2303507640248253,0.9999171495437622,0.9995630383491516
0,0.0,11,LEFT_SHOULDER,0.5731354639643713,0.4353201417695906,-0.08636007404753136,0.999985694885254,0.9999476671218872
0,0.0,12,RIGHT_SHOULDER,0.4652539938688276,0.435072620000158,-0.0504198893461199,0.9998143315315248,0.9995757937431335
0,0.0,13,LEFT_ELBOW,0.5920854182470414,0.4780650507836116,-0.04631730989508685,0.9928615689277648,0.9998531341552734
0,0.0,14,RIGHT_ELBOW,0.44386986962386515,0.47672267400083046,0.004466586114306482,0.9563875198364258,0.9991604089736938
0,0.0,15,LEFT_WRIST,0.5869491852465127,0.5196548232010433,-0.17163994766417007,0.9936000108718872,0.9999386072158812
0,0.0,16,RIGHT_WRIST,0.448917113599323,0.5171885490417478,-0.09581722194949778,0.961287796497345,0.999207317829132
0,0.0,17,LEFT_PINKY,0.5880065319083985,0.5329828390053343,-0.21259151541051408,0.987381637096405,0.9998084902763368
0,0.0,18,RIGHT_PINKY,0.44672778887408116,0.5310369559696743,-0.13062758176099676,0.9399026036262512,0.9987838864326476
0,0.0,19,LEFT_INDEX,0.5810069455986929,0.5316467200006755,-0.24806575228770572,0.9877786040306092,0.9998488426208496
0,0.0,20,RIGHT_INDEX,0.4539784427200044,0.5298924886045002,-0.16989423795824954,0.9432284832000732,0.998888909816742
0,0.0,21,LEFT_THUMB,0.5783335098198484,0.5273464265323818,-0.18727355024644307,0.9839051365852356,0.9999105930328368
0,0.0,22,RIGHT_THUMB,0.4571926764079502,0.5253782712277913,-0.11388044289889783,0.9366233944892884,0.999180018901825
0,0.0,23,LEFT_HIP,0.5497676247642155,0.5290493667125703,-0.021051429966021124,0.999835729598999,0.999768316745758
0,0.0,24,RIGHT_HIP,0.488700624023165,0.5294930239518483,0.021020407256271075,0.999755561351776,0.9997255206108092
0,0.0,25,LEFT_KNEE,0.5515348968051726,0.5937567097800117,0.02718503420640315,0.9919785261154176,0.9998824596405028
0,0.0,26,RIGHT_KNEE,0.4819576491912202,0.5909045821144463,0.0797996434072653,0.9831207990646362,0.9996941089630128
0,0.0,27,LEFT_ANKLE,0.5542043986774625,0.6455800973233722,0.2692129707762175,0.9808322191238404,0.9987921118736268
0,0.0,28,RIGHT_ANKLE,0.4850008132911862,0.6460842887560523,0.30855386242980054,0.9808934926986694,0.999229907989502
0,0.0,29,LEFT_HEEL,0.551127936158861,0.6517712104888189,0.2854786054009482,0.7891867160797119,0.9979372024536132
0,0.0,30,RIGHT_HEEL,0.4925303047611597,0.6524883537065413,0.3249356491225107,0.8800204396247864,0.9986284971237184
0,0.0,31,LEFT_FOOT_INDEX,0.5482814780303409,0.6642003187111443,0.1594362886888641,0.9704091548919678,0.9916400909423828
0,0.0,32,RIGHT_FOOT_INDEX,0.4647561950342993,0.6650411656924654,0.20952539287862318,0.9748870730400084,0.9933947920799256
1,0.016,0,NOSE,0.5243146632398881,0.3969091900757381,-0.2469708429915564,0.9999507665634156,0.999659299850464
1,0.016,1,LEFT_EYE_INNER,0.5301572467599597,0.3912328183650969,-0.22868349296706061,0.9998036026954652,0.9991106390953064
1,0.016,2,LEFT_EYE,0.5332479519503456,0.39150335107530865,-0.22872201885495863,0.999811828136444,0.9991525411605836
1,0.016,3,LEFT_EYE_OUTER,0.536509300981249,0.3918417968920298,-0.22871502063104088,0.9998076558113098,0.9991679191589355
1,0.016,4,RIGHT_EYE_INNER,0.5182918523039136,0.3907237861837658,-0.22994661331176763,0.9997410774230956,0.9989721775054932
1,0.016,5,RIGHT_EYE,0.5134171077183315,0.39076633538518635,-0.22992796025105888,0.9997239708900452,0.9988335967063904
1,0.016,6,RIGHT_EYE_OUTER,0.5089806658881052,0.39089033007621754,-0.22994640895298543,0.999690592288971,0.9986989498138428
1,0.016,7,LEFT_EAR,0.5399296241147177,0.39505451491900845,-0.1175273241741317,0.9996873736381532,0.9992954730987548
1,0.016,8,RIGHT_EAR,0.502504076276507,0.394442238977977,-0.12377865452851566,0.9993133544921876,0.9985363483428956
1,0.016,9,MOUTH_LEFT,0.5300246136529103,0.4043436774185726,-0.20430848534618107,0.999942183494568,0.9998154044151306
1,0.016,10,MOUTH_RIGHT,0.5157142877578736,0.4043488076754978,-0.20621993499142785,0.9999188780784608,0.999742329120636
1,0.016,11,LEFT_SHOULDER,0.5730631819793155,0.43528455921581793,-0.07089361096067083,0.9999858736991882,0.999956488609314
1,0.016,12,RIGHT_SHOULDER,0.46527038301740364,0.4348206115620476,-0.037855264597705426,0.9998214840888976,0.999769389629364
1,0.016,13,LEFT_ELBOW,0.5920672885009222,0.4779407871620997,-0.0364161459729075,0.992842972278595,0.9998679161071776
1,0.016,14,RIGHT_ELBOW,0.4438904907022201,0.47672088231359183,0.0059996377177802315,0.957073211669922,0.9994814991950988
1,0.016,15,LEFT_WRIST,0.5868372789451052,0.519461363554001,-0.1579009198716709,0.9935929775238036,0.9999459981918336
1,0.016,16,RIGHT_WRIST,0.44909233280590594,0.5172187515667506,-0.09732325587953833,0.9614320993423462,0.9994878768920898
1,0.016,17,LEFT_PINKY,0.5880089700222014,0.5329754267420089,-0.19778292519705634,0.9873969554901124,0.9998329877853394
1,0.016,18,RIGHT_PINKY,0.446852439216205,0.5310463649885995,-0.13180624161447793,0.9401042461395264,0.999170422554016
1,0.016,19,LEFT_INDEX,0.5808300673961638,0.5316216221877504,-0.23234105855226517,0.9877999424934388,0.9998691082000732
1,0.016,20,RIGHT_INDEX,0.45409391181809555,0.5298559495380948,-0.17010019506726942,0.9433956742286682,0.999232053756714
1,0.016,21,LEFT_THUMB,0.5780171709401268,0.5273076593875884,-0.17316344912563053,0.983909010887146,0.9999209642410278
1,0.016,22,RIGHT_THUMB,0.45735078198569157,0.5253278485366278,-0.11512567209345947,0.9367687106132508,0.9994457364082336
1,0.016,23,LEFT_HIP,0.5495799183845521,0.5288598494870322,-0.020207866095006445,0.9998375177383424,0.99978107213974
1,0.016,24,RIGHT_HIP,0.488329855459077,0.5291242599487305,0.020183469701026108,0.9997603297233582,0.999777376651764
1,0.016,25,LEFT_KNEE,0.5515207435403551,0.5936068849904196,0.021725857962987254,0.9921575784683228,0.9999130964279176
1,0.016,26,RIGHT_KNEE,0.4819679813725605,0.5908824077674317,0.06877265817352698,0.9835092425346376,0.9997808337211608
1,0.016,27,LEFT_ANKLE,0.5541081683976309,0.6454551134790695,0.23507598468235572,0.9814358353614808,0.9987088441848756
1,0.016,28,RIGHT_ANKLE,0.48494039475917805,0.6459693227495463,0.27279216902596615,0.9812095761299132,0.9991450309753418
1,0.016,29,LEFT_HEEL,0.5508938346590312,0.651907959154674,0.24837025680712288,0.7916949391365051,0.9975491166114808
1,0.016,30,RIGHT_HEEL,0.4925744852849416,0.6524816410882132,0.28633363332067224,0.8800151944160461,0.998376965522766
1,0.016,31,LEFT_FOOT_INDEX,0.5486986849989209,0.6640493571758267,0.12449899102960316,0.9710844159126282,0.9901872277259828
1,0.016,32,RIGHT_FOOT_INDEX,0.4649680640016282,0.664754671709878,0.17379417270421973,0.9751433730125428,0.9926360249519348
2,0.033,0,NOSE,0.5242734381130767,0.3972063426460539,-0.22867315581866665,0.99995219707489,0.9995779395103456
2,0.033,1,LEFT_EYE_INNER,0.5300404173987253,0.39153821127755295,-0.210771307349205,0.9998088479042052,0.9988588094711304
2,0.033,2,LEFT_EYE,0.5331775333200182,0.39176469189780105,-0.21080996096134186,0.99981689453125,0.9989134073257446
2,0.033,3,LEFT_EYE_OUTER,0.5364766759531839,0.3920516946486064,-0.21080371631043301,0.9998125433921814,0.9989277720451356
2,0.033,4,RIGHT_EYE_INNER,0.5182440025465829,0.39107535779476155,-0.21175548860004975,0.9997501373291016,0.99870502948761
2,0.033,5,RIGHT_EYE,0.5133902260235379,0.39109963604382114,-0.21173453437430523,0.9997336864471436,0.998532772064209
2,0.033,6,RIGHT_EYE_OUTER,0.5089365839958192,0.39121426216193605,-0.21175151211874824,0.9997016191482544,0.99837327003479
2,0.033,7,LEFT_EAR,0.5398956920419421,0.39524405768939425,-0.10299712632383622,0.9996961951255798,0.9991046786308287
2,0.033,8,RIGHT_EAR,0.5024426622050151,0.39463550065244934,-0.10809551658374922,0.9993438124656676,0.9982078075408936
2,0.033,9,MOUTH_LEFT,0.5299424656799859,0.40453230908938814,-0.18744533083268577,0.99994295835495,0.9997631907463074
2,0.033,10,MOUTH_RIGHT,0.515756734779903,0.40454968384334017,-0.18898489432675503,0.9999207854270936,0.999675989151001
2,0.033,11,LEFT_SHOULDER,0.5729599126747676,0.4352589760507855,-0.05997155846229617,0.999985694885254,0.999945878982544
2,0.033,12,RIGHT_SHOULDER,0.46527548560074394,0.43462111268724707,-0.028647892842335355,0.9998270869255066,0.9997228980064392
2,0.033,13,LEFT_ELBOW,0.5920501138482777,0.4778296500444414,-0.02969045298440109,0.9928017258644104,0.9998302459716796
2,0.033,14,RIGHT_ELBOW,0.4438623977558951,0.4767194752182278,0.007062855891750318,0.9570754170417786,0.9993225336074828
2,0.033,15,LEFT_WRIST,0.5866739835057939,0.5192929336002896,-0.14853915891477043,0.9936371445655824,0.9999310970306396
2,0.033,16,RIGHT_WRIST,0.4492047301360539,0.5172544377190726,-0.09855167940258974,0.961248815059662,0.9993166923522948
2,0.033,17,LEFT_PINKY,0.5879018647330148,0.532957617725645,-0.18770498250211987,0.9875382781028748,0.9997780919075012
2,0.033,18,RIGHT_PINKY,0.44693497674805777,0.5310671755245754,-0.13277993670531682,0.9400618076324464,0.9988813996315002
2,0.033,19,LEFT_INDEX,0.5805720005716597,0.5315784343651361,-0.22160265488283976,0.987939715385437,0.9998342990875244
2,0.033,20,RIGHT_INDEX,0.4541804173163005,0.5298291742801667,-0.17027449714285983,0.9433270692825316,0.9990052580833436
2,0.033,21,LEFT_THUMB,0.577647992542812,0.52725607582501,-0.1635328084230423,0.9840829372406006,0.999901533126831
2,0.033,22,RIGHT_THUMB,0.4574659466743469,0.5252885648182463,-0.11613180860877031,0.936783254146576,0.9992947578430176
2,0.033,23,LEFT_HIP,0.5493763004030501,0.5287154827799115,-0.019552909636071734,0.999837338924408,0.9997100234031676
2,0.033,24,RIGHT_HIP,0.4879797675779888,0.5288423682962146,0.019534039444157013,0.9997652173042296,0.999768078327179
2,0.033,25,LEFT_KNEE,0.5515107895646777,0.5934792884758541,0.0173528255628688,0.9924386143684388,0.9998703002929688
2,0.033,26,RIGHT_KNEE,0.4819727305855068,0.5908635045800888,0.060545115598610436,0.9841609001159668,0.9997707009315492
2,0.033,27,LEFT_ANKLE,0.554018463407244,0.6453867256641391,0.21004447873149606,0.9821800589561462,0.9982193112373352
2,0.033,28,RIGHT_ANKLE,0.4848987396274294,0.6458626559802462,0.24738863749163498,0.981827437877655,0.9988849759101868
2,0.033,29,LEFT_HEEL,0.5506585580962045,0.6521479529993875,0.22116827006850925,0.7982649207115173,0.9964537620544434
2,0.033,30,RIGHT_HEEL,0.492610852633204,0.6524996076311383,0.25897205088819786,0.8826475143432617,0.9976440072059632
2,0.033,31,LEFT_FOOT_INDEX,0.5491221461977277,0.6639170816966462,0.09863645689828054,0.9718391299247742,0.9835318326950072
2,0.033,32,RIGHT_FOOT_INDEX,0.4651253989764622,0.6645279441561018,0.1483222810285431,0.975596010684967,0.987786829471588
3,0.05,0,NOSE,0.5241820471627376,0.3973958918026519,-0.2177584916353227,0.9999529123306274,0.9995597004890442
3,0.05,1,LEFT_EYE_INNER,0.5298923140480409,0.3917473980358672,-0.20007309672378373,0.9998109340667723,0.998818576335907
3,0.05,2,LEFT_EYE,0.5330689407530289,0.3919450413613096,-0.20011193624564594,0.999819040298462,0.9988780617713928
3,0.05,3,LEFT_EYE_OUTER,0.5364165646689284,0.392199821415402,-0.20010577284154457,0.9998146295547484,0.9988991022109984
3,0.05,4,RIGHT_EYE_INNER,0.5181523816926143,0.3913142170224875,-0.2008434512785504,0.999755322933197,0.9986488223075868
3,0.05,5,RIGHT_EYE,0.51331829457056,0.3913251927920754,-0.2008209469772522,0.9997393488883972,0.998469889163971
3,0.05,6,RIGHT_EYE_OUTER,0.5088466349102206,0.3914293277831308,-0.20083710267430277,0.9997081756591796,0.9983140230178832
3,0.05,7,LEFT_EAR,0.5398502151171372,0.3953853150208794,-0.09430764757451564,0.9996992349624634,0.9990704655647278
3,0.05,8,RIGHT_EAR,0.5023588822001508,0.3947538208393827,-0.09847682075841091,0.9993611574172974,0.9981468915939332
3,0.05,9,MOUTH_LEFT,0.5298261528923403,0.40465742349624667,-0.17739654864583715,0.9999425411224364,0.999757707118988
3,0.05,10,MOUTH_RIGHT,0.5157501442091811,0.40467636074338675,-0.1786456420308069,0.9999210238456726,0.9996604919433594
3,0.05,11,LEFT_SHOULDER,0.572825656050728,0.4352433922744937,-0.05359391655240739,0.99998539686203,0.999946117401123
3,0.05,12,RIGHT_SHOULDER,0.46526930161884894,0.43447412337575675,-0.022797774080009686,0.9998309016227722,0.9997097849845886
3,0.05,13,LEFT_ELBOW,0.5920338942891081,0.4777316394306369,-0.026140230929567652,0.992847204208374,0.9998372793197632
3,0.05,14,RIGHT_ELBOW,0.4437855907848907,0.4767184527147388,0.007656240636216749,0.9570016860961914,0.9993294477462769
3,0.05,15,LEFT_WRIST,0.5864592989285793,0.5191495333399097,-0.1435546647934688,0.993698239326477,0.9999327659606934
3,0.05,16,RIGHT_WRIST,0.4492543055897671,0.5172956074987144,-0.09950249251865212,0.9609217047691344,0.9993329644203186
3,0.05,17,LEFT_PINKY,0.5876852160408388,0.5329294119562427,-0.1823576873257048,0.9876766800880432,0.9997803568840028
3,0.05,18,RIGHT_PINKY,0.44697540146963977,0.5310993875776023,-0.1335486670335135,0.9396860003471376,0.9989138841629028
3,0.05,19,LEFT_INDEX,0.5802327451251807,0.531517156532833,-0.21585054127942965,0.9880781173706056,0.9998362064361572
3,0.05,20,RIGHT_INDEX,0.4542379592146196,0.5298121628307166,-0.17041714418502094,0.9429333209991456,0.9990264177322388
3,0.05,21,LEFT_THUMB,0.577225974627904,0.5271916758446471,-0.15838162813867854,0.9842483997344972,0.9999027252197266
3,0.05,22,RIGHT_THUMB,0.45753817047391654,0.5252604200726468,-0.11689885244483045,0.9363903999328612,0.9993072748184204
3,0.05,23,LEFT_HIP,0.5491567708197099,0.5286162665912089,-0.019086560589217004,0.999835729598999,0.9997089505195618
3,0.05,24,RIGHT_HIP,0.4876503603799007,0.5286473489943009,0.0190721164856638,0.999767243862152,0.9997567534446716
3,0.05,25,LEFT_KNEE,0.551505034878141,0.5933739202363155,0.014065937006047791,0.9925572872161864,0.9998706579208374
3,0.05,26,RIGHT_KNEE,0.4819718968300597,0.5908478725524181,0.05511701568251566,0.9846137166023254,0.9997783303260804
3,0.05,27,LEFT_ANKLE,0.5539352837063023,0.6453749338785812,0.19411845292363866,0.982651710510254,0.9983671307563782
3,0.05,28,RIGHT_ANKLE,0.4848758478959406,0.6457642884481527,0.23234326782680711,0.982268214225769,0.9989940524101256
3,0.05,29,LEFT_HEEL,0.550422106470381,0.65249119202296,0.20387264518510745,0.8027758598327637,0.9967988729476928
3,0.05,30,RIGHT_HEEL,0.49263940680594714,0.6525422533353176,0.24285090182508762,0.8843986392021179,0.9979087114334106
3,0.05,31,LEFT_FOOT_INDEX,0.5495518616267618,0.6638034922736038,0.08184868629489628,0.9722319841384888,0.9859145879745485
3,0.05,32,RIGHT_FOOT_INDEX,0.4652281999588017,0.6643609830311372,0.13310971785159345,0.9758598804473876,0.9897192716598512
4,0.066,0,NOSE,0.5240026343436472,0.39733664904321975,-0.22024964576675796,0.9999531507492064,0.9994152784347534
4,0.066,1,LEFT_EYE_INNER,0.5296855285054167,0.39173867163204046,-0.20249425229572127,0.9998100996017456,0.9984638690948486
4,0.066,2,LEFT_EYE,0.5328858778590253,0.3919384692396439,-0.20253493246578047,0.9998182654380798,0.998526096343994
4,0.066,3,LEFT_EYE_OUTER,0.5363053055036641,0.39219911751293035,-0.20252962694281643,0.999813675880432,0.9985515475273132
4,0.066,4,RIGHT_EYE_INNER,0.5179819237618224,0.39130678631010546,-0.20298591398057497,0.9997560977935792,0.998305320739746
4,0.066,5,RIGHT_EYE,0.5131698421069559,0.3913161286285949,-0.2029619891019096,0.9997403025627136,0.9980899691581726
4,0.066,6,RIGHT_EYE_OUTER,0.5086810560453511,0.3914074358485997,-0.20297940146355417,0.9997097253799438,0.997928261756897
4,0.066,7,LEFT_EAR,0.5397861912136991,0.39540746098472995,-0.0963901586475827,0.999696969985962,0.9987810254096984
4,0.066,8,RIGHT_EAR,0.5022545854250595,0.3947074583598549,-0.09930589830591571,0.9993644952774048,0.9977960586547852
4,0.066,9,MOUTH_LEFT,0.5296540515763424,0.40462264560517847,-0.1798324421757745,0.9999424815177916,0.9997043013572692
4,0.066,10,MOUTH_RIGHT,0.5156804465112237,0.4046223631926949,-0.18070520318689814,0.9999213218688964,0.9995948672294616
4,0.066,11,LEFT_SHOULDER,0.5726359458196736,0.43524040636562206,-0.05603057057375001,0.9999850392341614,0.9999350309371948
4,0.066,12,RIGHT_SHOULDER,0.4652759305068429,0.43438347606431904,-0.022699440873804527,0.9998329877853394,0.9996886253356934
4,0.066,13,LEFT_ELBOW,0.5920119427499322,0.4776329383963635,-0.0295397592264981,0.9928581714630128,0.9998064637184144
4,0.066,14,RIGHT_ELBOW,0.4436388966583074,0.47671298469815976,0.007051279923568169,0.9570946097373962,0.9992595314979552
4,0.066,15,LEFT_WRIST,0.5861677328745529,0.5190357338814513,-0.14778734885510952,0.993718147277832,0.9999253749847412
4,0.066,16,RIGHT_WRIST,0.4491831532546456,0.5173384462084094,-0.10056584151018237,0.9608068466186525,0.999305248260498
4,0.066,17,LEFT_PINKY,0.5873254736264553,0.532881583486285,-0.1870466342994146,0.987747609615326,0.9997743964195251
4,0.066,18,RIGHT_PINKY,0.4469288204397478,0.5311360529490885,-0.13447120076134103,0.9394785165786744,0.9989114999771118
4,0.066,19,LEFT_INDEX,0.5797861928031564,0.5314268214362012,-0.22050636368138468,0.9881428480148317,0.9998282194137572
4,0.066,20,RIGHT_INDEX,0.4542219241460168,0.5298098098664061,-0.17097946220920213,0.9427167177200316,0.999024510383606
4,0.066,21,LEFT_THUMB,0.5767189292680654,0.5271040740467258,-0.162594639829227,0.9843011498451232,0.9998962879180908
4,0.066,22,RIGHT_THUMB,0.457514447825296,0.5252485218502232,-0.11785217729352776,0.9362062215805054,0.9992868304252625
4,0.066,23,LEFT_HIP,0.5488720479465672,0.5285631134396512,-0.018893948002230543,0.9998332262039183,0.9997137188911438
4,0.066,24,RIGHT_HIP,0.487302015225093,0.5285572210947678,0.018883318418548192,0.9997682571411132,0.9997648596763612
4,0.066,25,LEFT_KNEE,0.5514910561697829,0.5932661124638154,0.01144232986760988,0.9928738474845886,0.9998995065689088
4,0.066,26,RIGHT_KNEE,0.4819616278012598,0.5908137815339229,0.05355323638234822,0.9852941632270812,0.9998016953468324
4,0.066,27,LEFT_ANKLE,0.5538503868239271,0.6453713632765277,0.19414986315227709,0.983488380908966,0.9987975358963012
4,0.066,28,RIGHT_ANKLE,0.4848946318739941,0.6456711178734195,0.2345850510256633,0.9830502271652222,0.9992709755897522
4,0.066,29,LEFT_HEEL,0.550118364038922,0.6529410453069784,0.20411505798498802,0.8076049089431763,0.9976644515991212
4,0.066,30,RIGHT_HEEL,0.4926572214989439,0.6526148631459197,0.2455692787965141,0.8875414133071899,0.9985053539276124
4,0.066,31,LEFT_FOOT_INDEX,0.5500544508298243,0.663645471845355,0.0814863897505261,0.9733312726020812,0.9893190264701844
4,0.066,32,RIGHT_FOOT_INDEX,0.46523016691207925,0.6642782971972517,0.13505011796951302,0.9767730236053468,0.9920133948326112
5,0.083,0,NOSE,0.5238186206136436,0.39738958506357136,-0.22198478238923228,0.9999542832374572,0.9996598958969116
5,0.083,1,LEFT_EYE_INNER,0.5294829692159385,0.3918263415495558,-0.20410841135751645,0.9998138546943665,0.9990733861923218
5,0.083,2,LEFT_EYE,0.5327091472489498,0.39202028654870563,-0.20414832234382643,0.9998217821121216,0.9991074204444884
5,0.083,3,LEFT_EYE_OUTER,0.5362008015314743,0.39227896503039805,-0.20413993086133703,0.9998172521591188,0.9991119503974916
5,0.083,4,RIGHT_EYE_INNER,0.5178123286792216,0.39139400919278494,-0.2046716887326469,0.999763250350952,0.9989738464355468
5,0.083,5,RIGHT_EYE,0.5130153724125458,0.3913952339263193,-0.20464832087357854,0.9997475743293762,0.998843789100647
5,0.083,6,RIGHT_EYE_OUTER,0.50851169086638,0.391472521282378,-0.20466491367135747,0.999718189239502,0.9987321496009828
5,0.083,7,LEFT_EAR,0.5397305006072639,0.3955004101707825,-0.09732667676040108,0.999701976776123,0.9992349147796632
5,0.083,8,RIGHT_EAR,0.5021386004629593,0.39472088643482783,-0.10042812462363929,0.9993858337402344,0.9986293315887452
5,0.083,9,MOUTH_LEFT,0.5294791743868879,0.40467841994194786,-0.18129457533359541,0.9999424815177916,0.9998030066490172
5,0.083,10,MOUTH_RIGHT,0.5155688297180907,0.4046616965816138,-0.18224391199293605,0.9999221563339232,0.9997382760047911
5,0.083,11,LEFT_SHOULDER,0.5724299578439627,0.4352452769165951,-0.05668030093823164,0.9999848008155824,0.9999479055404664
5,0.083,12,RIGHT_SHOULDER,0.46523395606449713,0.43434519710994934,-0.022611934336877963,0.9998379945755004,0.9997712969779968
5,0.083,13,LEFT_ELBOW,0.5920100439162487,0.4775682276203523,-0.030421338177152993,0.9928807020187378,0.9998352527618408
5,0.083,14,RIGHT_ELBOW,0.4434677802381065,0.4767085455712822,0.0074040911914337116,0.9571690559387208,0.9994157552719116
5,0.083,15,LEFT_WRIST,0.5859017201832368,0.5189416380155659,-0.14941852220467167,0.9937663078308104,0.9999384880065918
5,0.083,16,RIGHT_WRIST,0.44913984622274167,0.517394295760564,-0.09965653717517856,0.960725963115692,0.99942147731781
5,0.083,17,LEFT_PINKY,0.5869235282852542,0.5328378166471214,-0.1889095526366008,0.9878568053245544,0.999803364276886
5,0.083,18,RIGHT_PINKY,0.4469083746274316,0.5311970143091116,-0.13352458462828692,0.9393779039382936,0.999049961566925
5,0.083,19,LEFT_INDEX,0.5793173682122008,0.531334295159295,-0.222447855841546,0.988245964050293,0.9998558759689332
5,0.083,20,RIGHT_INDEX,0.4542432782195867,0.529811146713439,-0.16979965638546726,0.9425862431526184,0.999165415763855
5,0.083,21,LEFT_THUMB,0.5762287208012178,0.5270155696641836,-0.16426087206318274,0.9844228625297546,0.999914288520813
5,0.083,22,RIGHT_THUMB,0.45752748988923614,0.525242374056862,-0.1168231680279687,0.9361085891723632,0.9994106292724608
5,0.083,23,LEFT_HIP,0.5486357666197282,0.5285472955022544,-0.01880417861753983,0.9998318552970886,0.999711811542511
5,0.083,24,RIGHT_HIP,0.4870192621435442,0.5285126481737414,0.018795294332362312,0.9997719526290894,0.9997971653938292
5,0.083,25,LEFT_KNEE,0.5515075950395498,0.5932093518120907,0.010141707114165704,0.9930391907691956,0.9998867511749268
5,0.083,26,RIGHT_KNEE,0.48195093302499725,0.5908084682055887,0.05337337670581684,0.9858678579330444,0.9998385906219482
5,0.083,27,LEFT_ANKLE,0.5537668353035341,0.6455440095492777,0.19187331412519743,0.9840484261512756,0.9986164569854736
5,0.083,28,RIGHT_ANKLE,0.48489419477326573,0.6455863856133967,0.23660834346498782,0.983654260635376,0.9992332458496094
5,0.083,29,LEFT_HEEL,0.5498884036427457,0.6535332117761891,0.20151880809238992,0.8128046989440918,0.9972161054611206
5,0.083,30,RIGHT_HEEL,0.4926512028489798,0.6527212716284259,0.2478202914907821,0.8904497027397156,0.9983084201812744
5,0.083,31,LEFT_FOOT_INDEX,0.55042557773136,0.6636279764629551,0.07732806745029633,0.9739008545875548,0.9871256947517396
5,0.083,32,RIGHT_FOOT_INDEX,0.46525195808637754,0.6642187521571211,0.13655698441323788,0.977318525314331,0.9910902976989746
6,0.1,0,NOSE,0.5236917081333347,0.3974649977116361,-0.2229592856906711,0.9999545216560364,0.9995219707489014
6,0.1,1,LEFT_EYE_INNER,0.529326146557218,0.3919163857187547,-0.20502262243202768,0.99981427192688,0.99874085187912
6,0.1,2,LEFT_EYE,0.532585033348629,0.3921065089248479,-0.2050612228257317,0.9998220801353456,0.9987860321998596
6,0.1,3,LEFT_EYE_OUTER,0.5361148005440126,0.39236387894267166,-0.20504937569300352,0.9998173713684082,0.9988012313842772
6,0.1,4,RIGHT_EYE_INNER,0.5176887739272349,0.3914836559976854,-0.20578706477369596,0.999765694141388,0.9986097812652588
6,0.1,5,RIGHT_EYE,0.5129017915044516,0.39147917713437796,-0.20576470238821865,0.9997501373291016,0.998437225818634
6,0.1,6,RIGHT_EYE_OUTER,0.5083722784405668,0.3915464239461085,-0.205782255956105,0.9997211694717408,0.9983024597167968
6,0.1,7,LEFT_EAR,0.5396412611007696,0.39559964338938436,-0.0981093233539945,0.999701201915741,0.9989914298057556
6,0.1,8,RIGHT_EAR,0.5019797654378986,0.3947440996056515,-0.10193847332681935,0.999394416809082,0.998171091079712
6,0.1,9,MOUTH_LEFT,0.5293269015493852,0.40475359133311717,-0.18218614941551586,0.999942421913147,0.999751627445221
6,0.1,10,MOUTH_RIGHT,0.5154852952275962,0.4047179051807952,-0.18337520034540283,0.999922513961792,0.9996663331985474
6,0.1,11,LEFT_SHOULDER,0.5722731096403945,0.4352556027117233,-0.057397321221374364,0.999984622001648,0.9999479055404664
6,0.1,12,RIGHT_SHOULDER,0.46512597515469545,0.43434266675086286,-0.023386925991092364,0.9998398423194884,0.9997326731681824
6,0.1,13,LEFT_ELBOW,0.5919977767126907,0.4775341862723945,-0.030494409391567775,0.9928669929504396,0.9998389482498168
6,0.1,14,RIGHT_ELBOW,0.4433017997514637,0.4767231018770313,0.007290136756464111,0.957002341747284,0.9993278980255128
6,0.1,15,LEFT_WRIST,0.5855723420778916,0.5188894896280203,-0.14992745717366546,0.993748903274536,0.9999330043792723
6,0.1,16,RIGHT_WRIST,0.4490847403094886,0.5174537726811005,-0.10014951867716654,0.9603784084320068,0.999363362789154
6,0.1,17,LEFT_PINKY,0.5864564748037435,0.5328143693151933,-0.18936266785576245,0.9878616333007812,0.9997910857200624
6,0.1,18,RIGHT_PINKY,0.4468841396626976,0.5312701208250868,-0.13397881743453804,0.9389423727989196,0.9989942908287048
6,0.1,19,LEFT_INDEX,0.5788055573190967,0.5312714122590569,-0.2230361643291657,0.9882477521896362,0.9998419284820556
6,0.1,20,RIGHT_INDEX,0.454263894330888,0.5298143653642569,-0.16993671087991633,0.9421305656433104,0.9991083741188048
6,0.1,21,LEFT_THUMB,0.5757354639825372,0.5269625953265604,-0.1648165661664237,0.9844070076942444,0.9999059438705444
6,0.1,22,RIGHT_THUMB,0.45753738567942703,0.5252408839407425,-0.11719464510679253,0.9356352090835572,0.9993556141853333
6,0.1,23,LEFT_HIP,0.5484965613910135,0.5285935004552209,-0.018739516181605173,0.9998338222503662,0.9997844099998474
6,0.1,24,RIGHT_HIP,0.48686212443170135,0.5285733767918183,0.018732128132666812,0.9997747540473938,0.999810516834259
6,0.1,25,LEFT_KNEE,0.551548424221221,0.59321278333664,0.010967723626111205,0.9932583570480348,0.9999196529388428
6,0.1,26,RIGHT_KNEE,0.4819420632861914,0.59084073986326,0.055222449203332295,0.9862757325172424,0.9998334646224976
6,0.1,27,LEFT_ANKLE,0.5537565009934566,0.6457842673574181,0.19432079082443615,0.9846829175949096,0.9990195035934448
6,0.1,28,RIGHT_ANKLE,0.4849051946685432,0.6455453946476897,0.2416804659934273,0.9841370582580566,0.999439537525177
6,0.1,29,LEFT_HEEL,0.5498200853665675,0.6541429531006592,0.2041004094339554,0.8173689246177673,0.9980496168136596
6,0.1,30,RIGHT_HEEL,0.49268913127127195,0.6528494670277556,0.2532489299774172,0.8928554058074951,0.9988646507263184
6,0.1,31,LEFT_FOOT_INDEX,0.5506824567204436,0.6637137787682675,0.0793968634236427,0.9747897386550904,0.9907839298248292
6,0.1,32,RIGHT_FOOT_INDEX,0.46521318526495115,0.6642169356346137,0.1419506747098197,0.9779130220413208,0.99405175447464
7,0.116,0,NOSE,0.5236267362322131,0.3975450339771456,-0.2216306740329381,0.9999553561210632,0.9996050000190736
7,0.116,1,LEFT_EYE_INNER,0.5292072125843598,0.3920017040911179,-0.20361987749735527,0.9998173117637634,0.9989510774612428
7,0.116,2,LEFT_EYE,0.532514319533394,0.3921884766646797,-0.20365790242240556,0.9998251795768738,0.9989979863166808
7,0.116,3,LEFT_EYE_OUTER,0.536051988601685,0.39244370943024076,-0.20364350719111324,0.9998204112052916,0.9990142583847046
7,0.116,4,RIGHT_EYE_INNER,0.5176126389276419,0.39157729063715285,-0.20464192756584726,0.999770998954773,0.9987996816635132
7,0.116,5,RIGHT_EYE,0.5128321817943032,0.3915709129401619,-0.20462142214888634,0.9997560381889344,0.9986334443092346
7,0.116,6,RIGHT_EYE_OUTER,0.5082556889170697,0.39163211413792237,-0.20463971793651597,0.9997277855873108,0.9984859824180604
7,0.116,7,LEFT_EAR,0.5395233318919233,0.395689815282822,-0.09701620574508399,0.999706208705902,0.9991793036460876
7,0.116,8,RIGHT_EAR,0.5017494303839551,0.3947749052728929,-0.10185430127949949,0.9994128942489624,0.99832683801651
7,0.116,9,MOUTH_LEFT,0.5291918203944257,0.40483595927556393,-0.180954518772307,0.9999427199363708,0.9997876286506652
7,0.116,10,MOUTH_RIGHT,0.515441272939955,0.4047881237098152,-0.18247553564253322,0.9999235272407532,0.9997085928916932
7,0.116,11,LEFT_SHOULDER,0.5721002533322295,0.43526741010802167,-0.057149164733432616,0.9999847412109376,0.9999549388885498
7,0.116,12,RIGHT_SHOULDER,0.4649307855537963,0.43435279812131644,-0.02345812524713217,0.9998428225517272,0.9997425675392152
7,0.116,13,LEFT_ELBOW,0.5919875445820042,0.4775075898284008,-0.030363675295596994,0.9929119348526,0.9998555183410645
7,0.116,14,RIGHT_ELBOW,0.44317370369320863,0.47676437667438004,0.007601869769305682,0.9574506878852844,0.999355971813202
7,0.116,15,LEFT_WRIST,0.5852431484631135,0.5188537126495729,-0.15011611226059152,0.9938254356384276,0.9999418258666992
7,0.116,16,RIGHT_WRIST,0.4490334349019191,0.5175074651127775,-0.10108471626327153,0.9605761766433716,0.9993294477462769
7,0.116,17,LEFT_PINKY,0.5860282494908293,0.5327825432731996,-0.189400613307953,0.9880290627479552,0.9998088479042052
7,0.116,18,RIGHT_PINKY,0.44686918315433355,0.5313402613004053,-0.135018615495591,0.9392483830451964,0.9988918900489808
7,0.116,19,LEFT_INDEX,0.5783320296378368,0.5312113307771233,-0.22324333517324377,0.9884116649627686,0.9998583793640136
7,0.116,20,RIGHT_INDEX,0.4542869868732638,0.529816797801427,-0.1709367505141668,0.9424173831939696,0.9990230798721312
7,0.116,21,LEFT_THUMB,0.5752988457679754,0.5269239204270504,-0.16504613132703883,0.9846107959747314,0.9999165534973145
7,0.116,22,RIGHT_THUMB,0.4575499310379941,0.5252335241862711,-0.11811635182017381,0.9359516501426696,0.9993038177490234
7,0.116,23,LEFT_HIP,0.5484033198583699,0.5286074933551612,-0.018681338411711497,0.9998322129249572,0.999701201915741
7,0.116,24,RIGHT_HIP,0.48679828927630514,0.5285958051681523,0.018676132318519365,0.9997732639312744,0.9997352957725524
7,0.116,25,LEFT_KNEE,0.5516020542099367,0.5932142280396966,0.011637360788881739,0.9933598041534424,0.9998817443847656
7,0.116,26,RIGHT_KNEE,0.4819556105704539,0.5908463710830331,0.056013005829992774,0.986434817314148,0.9997484087944032
7,0.116,27,LEFT_ANKLE,0.5537774761517849,0.6460232677913853,0.1924177628187908,0.9849543571472168,0.9981610178947448
7,0.116,28,RIGHT_ANKLE,0.48491575178645946,0.6455608521189014,0.24177709505671569,0.9842138290405272,0.9989401698112488
7,0.116,29,LEFT_HEEL,0.5498336496807286,0.6546643262817753,0.20198349938506188,0.8185809254646301,0.9962651133537292
7,0.116,30,RIGHT_HEEL,0.49274446141152195,0.6529941133090433,0.2532415134566173,0.8934839367866516,0.99780935049057
7,0.116,31,LEFT_FOOT_INDEX,0.550913824921563,0.663842536154248,0.07786771477687929,0.9749327301979064,0.9836826920509338
7,0.116,32,RIGHT_FOOT_INDEX,0.4652433778558463,0.6642387878327148,0.14249144849323103,0.9778660535812378,0.9892780780792236
8,0.133,0,NOSE,0.5235672394434616,0.39757048516046467,-0.22603086701461267,0.9999548196792604,0.9993270635604858
8,0.133,1,LEFT_EYE_INNER,0.52905399458749,0.39204955101013217,-0.20774616159143916,0.9998148679733276,0.9982510209083556
8,0.133,2,LEFT_EYE,0.5324236750602727,0.39223212713287026,-0.20778382534072526,0.999823033809662,0.998325765132904
8,0.133,3,LEFT_EYE_OUTER,0.5359459122021998,0.39248120642843737,-0.20776725170158222,0.9998180270195008,0.9983558058738708
8,0.133,4,RIGHT_EYE_INNER,0.517518403984252,0.39164096542767146,-0.2090674056893305,0.9997694492340088,0.9980480670928956
8,0.133,5,RIGHT_EYE,0.5127504808562147,0.39163748565174317,-0.20904998552231577,0.9997549057006836,0.9978140592575072
8,0.133,6,RIGHT_EYE_OUTER,0.5081264745621459,0.3916989011423932,-0.2090713665598916,0.9997268915176392,0.9976261258125304
8,0.133,7,LEFT_EAR,0.5393200885681884,0.39573489058585426,-0.09979105527911872,0.9997029900550842,0.9986227750778198
8,0.133,8,RIGHT_EAR,0.5014217836516248,0.394800268468403,-0.10598146276814605,0.999411940574646,0.9974053502082824
8,0.133,9,MOUTH_LEFT,0.5290330847104396,0.40485851679529494,-0.1848553206239429,0.9999417066574096,0.9996614456176758
8,0.133,10,MOUTH_RIGHT,0.5154145672207792,0.4048140815326149,-0.1867928923595521,0.9999225735664368,0.9995406866073608
8,0.133,11,LEFT_SHOULDER,0.5719709424745474,0.4352765878041589,-0.05907209661035314,0.9999842643737792,0.999927282333374
8,0.133,12,RIGHT_SHOULDER,0.4647106457324259,0.4343654726232805,-0.025702819937751385,0.9998425245285034,0.9996707439422609
8,0.133,13,LEFT_ELBOW,0.5918988926070082,0.4775140228725619,-0.03128020651638504,0.9928306937217712,0.999794900417328
8,0.133,14,RIGHT_ELBOW,0.44303578138351485,0.4768216070674719,0.003933245249624755,0.957239866256714,0.9992833733558656
8,0.133,15,LEFT_WRIST,0.5848590419405988,0.5188050014632093,-0.152602656256585,0.993800938129425,0.9999243021011353
8,0.133,16,RIGHT_WRIST,0.4490018699850359,0.5175270551726936,-0.10956624611502605,0.9603915214538574,0.9992697834968568
8,0.133,17,LEFT_PINKY,0.5855624987965544,0.5327279936699645,-0.1921475252934866,0.9880331754684448,0.9997696280479432
8,0.133,18,RIGHT_PINKY,0.44684301245780256,0.5313827225140169,-0.14422691436040974,0.9391412734985352,0.9988327622413636
8,0.133,19,LEFT_INDEX,0.5778491355123979,0.5311267404329214,-0.2262201883963178,0.9884129762649536,0.9998258948326112
8,0.133,20,RIGHT_INDEX,0.4543004546846666,0.5298075732730688,-0.18042778543063584,0.9423099160194396,0.9989493489265442
8,0.133,21,LEFT_THUMB,0.5748782129514791,0.5268666346867884,-0.16766414968740384,0.98458993434906,0.9998950958251952
8,0.133,22,RIGHT_THUMB,0.4575626112165909,0.5252101903869997,-0.1268154251433555,0.9359007477760316,0.9992443323135376
8,0.133,23,LEFT_HIP,0.5483980831645789,0.5285892600104927,-0.018653716271122285,0.9998311400413512,0.9996782541275024
8,0.133,24,RIGHT_HIP,0.48680416317213193,0.5285918854531793,0.018648917387638738,0.9997750520706176,0.9997465014457704
8,0.133,25,LEFT_KNEE,0.5516460736592617,0.5932076544988728,0.010042589978270532,0.9935731291770936,0.9998899698257446
8,0.133,26,RIGHT_KNEE,0.48193662223361833,0.5908702980904357,0.05657301612553144,0.9868000745773317,0.9997807145118712
8,0.133,27,LEFT_ANKLE,0.5538407677695869,0.6461497970989778,0.19437143348512212,0.9855057001113892,0.9986841082572936
8,0.133,28,RIGHT_ANKLE,0.4849021519933432,0.6455572957084299,0.24633080973511667,0.9846563339233398,0.999208390712738
8,0.133,29,LEFT_HEEL,0.5499944289525356,0.6548101731709077,0.20440825394221734,0.8221021890640259,0.9974472522735596
8,0.133,30,RIGHT_HEEL,0.4927976798443572,0.6530973939668571,0.25817450171425255,0.8952608704566956,0.9983869791030884
8,0.133,31,LEFT_FOOT_INDEX,0.55087617465428,0.663942007791429,0.0782938354781696,0.9756704568862916,0.9887582063674928
8,0.133,32,RIGHT_FOOT_INDEX,0.4653895568279997,0.6642565812383385,0.1462291699080241,0.978340744972229,0.9917550086975098
9,0.15,0,NOSE,0.5234997045426146,0.3975656628608707,-0.22516270265692773,0.9999558329582214,0.9995601773262024
9,0.15,1,LEFT_EYE_INNER,0.528895463262286,0.39207597289766616,-0.20674243995121563,0.9998193979263306,0.9988511800765992
9,0.15,2,LEFT_EYE,0.5323273113795695,0.3922533747695745,-0.2067807338067465,0.9998273849487304,0.9989157915115356
9,0.15,3,LEFT_EYE_OUTER,0.5358237567402073,0.39249179476783425,-0.20676483994438552,0.999822437763214,0.9989436268806458
9,0.15,4,RIGHT_EYE_INNER,0.5174217876933875,0.39168893865176646,-0.2081466778403238,0.9997755885124208,0.9986308217048644
9,0.15,5,RIGHT_EYE,0.5126694071860545,0.3916891401722321,-0.2081276696352733,0.9997614622116088,0.9984190464019777
9,0.15,6,RIGHT_EYE_OUTER,0.5080034051622668,0.3917496686890015,-0.208149355082285,0.9997341632843018,0.9982214570045472
9,0.15,7,LEFT_EAR,0.5390882861046569,0.39574661425181834,-0.09872828530413769,0.999710202217102,0.9991267323493958
9,0.15,8,RIGHT_EAR,0.5011093786784585,0.39480405336334623,-0.10546771224055979,0.99942809343338,0.9979356527328492
9,0.15,9,MOUTH_LEFT,0.5288664755367103,0.4048479795455936,-0.18405617986406614,0.9999424815177916,0.9997608065605164
9,0.15,10,MOUTH_RIGHT,0.5153943896293645,0.4048131122475582,-0.18614152428649738,0.9999238848686218,0.9996519088745116
9,0.15,11,LEFT_SHOULDER,0.5718283539726625,0.43528111917632006,-0.05876361667400315,0.9999844431877136,0.999951720237732
9,0.15,12,RIGHT_SHOULDER,0.46450806515557463,0.43436284859975216,-0.0257055341665234,0.999843180179596,0.999642848968506
9,0.15,13,LEFT_ELBOW,0.5917548707553324,0.47752260452225137,-0.03234685496205371,0.9928924441337584,0.9998592138290404
9,0.15,14,RIGHT_ELBOW,0.44286049547649603,0.4768854067439129,-0.0006280928251466531,0.9571327567100524,0.9992338418960572
9,0.15,15,LEFT_WRIST,0.5843973812602821,0.5187336234819326,-0.154701128602028,0.993928849697113,0.9999492168426514
9,0.15,16,RIGHT_WRIST,0.4489326477050785,0.5175488506044665,-0.11848725981655579,0.960496425628662,0.9992753863334656
9,0.15,17,LEFT_PINKY,0.5850463225727995,0.5326403123991834,-0.19439179060005018,0.9882712364196776,0.9998321533203124
9,0.15,18,RIGHT_PINKY,0.4467351379848666,0.531422064417885,-0.1536853959163031,0.9394788146018982,0.9988596439361572
9,0.15,19,LEFT_INDEX,0.5773148054168342,0.5310104148728512,-0.22831892612434584,0.9886488914489746,0.9998762607574464
9,0.15,20,RIGHT_INDEX,0.4542483971232464,0.5298081295830868,-0.19011241410459806,0.942642331123352,0.9989836812019348
9,0.15,21,LEFT_THUMB,0.5744047193300161,0.5267881382079357,-0.16973726522354862,0.9848690032958984,0.9999265670776368
9,0.15,22,RIGHT_THUMB,0.457523855425063,0.525190861452194,-0.13592623067753665,0.9362071752548218,0.9992716908454896
9,0.15,23,LEFT_HIP,0.5483727795737136,0.5285481469971798,-0.018521774116726137,0.9998315572738647,0.999726951122284
9,0.15,24,RIGHT_HIP,0.4867806931336725,0.5285586998576215,0.018519238169704147,0.9997754096984864,0.9997256398200988
9,0.15,25,LEFT_KNEE,0.5516614800407778,0.5931954156784789,0.00784422678961635,0.9936726689338684,0.9999032020568848
9,0.15,26,RIGHT_KNEE,0.4818766046138041,0.5909413439886917,0.0553588533685321,0.986896514892578,0.9997636675834656
9,0.15,27,LEFT_ANKLE,0.5538877646128342,0.6461620813324345,0.19108275643416828,0.9858364462852478,0.9987072944641112
9,0.15,28,RIGHT_ANKLE,0.48487343248866893,0.6455765990983877,0.2423606976157145,0.9848089814186096,0.9991223216056824
9,0.15,29,LEFT_HEEL,0.550117418879555,0.6547735674040664,0.20087772253013808,0.8246045708656311,0.9974473714828492
9,0.15,30,RIGHT_HEEL,0.4928469445024222,0.6532132483664019,0.2536591255948659,0.8952847719192505,0.9982467889785768
9,0.15,31,LEFT_FOOT_INDEX,0.5509633734112699,0.6639823260761449,0.07414307977472034,0.9760494232177734,0.9890946745872498
9,0.15,32,RIGHT_FOOT_INDEX,0.4655795068967914,0.664266915548416,0.14155846621309018,0.9784069061279296,0.9918562173843384
10,0.166,0,NOSE,0.5234379541306273,0.39759243953795687,-0.2263216191814061,0.9999563694000244,0.9994319081306458
10,0.166,1,LEFT_EYE_INNER,0.5287577055749444,0.39210742995852554,-0.20791929818335053,0.9998221397399902,0.9985262155532836
10,0.166,2,LEFT_EYE,0.5322435952368242,0.39227793046406373,-0.2079585038480306,0.9998297095298768,0.9985805749893188
10,0.166,3,LEFT_EYE_OUTER,0.5357218753723876,0.39250581179346394,-0.20794547455651435,0.9998247623443604,0.998599112033844
10,0.166,4,RIGHT_EYE_INNER,0.5173316966919677,0.3917448236828762,-0.20932421513966165,0.9997802376747132,0.9983919262886048
10,0.166,5,RIGHT_EYE,0.5125903033074883,0.39174801962716277,-0.20930294479642608,0.9997662901878356,0.9982056617736816
10,0.166,6,RIGHT_EYE_OUTER,0.5078857768149607,0.39181306674366945,-0.20932475371020198,0.9997403025627136,0.9980644583702089
10,0.166,7,LEFT_EAR,0.5388984424727308,0.3957583620434719,-0.09949122262852537,0.9997141361236572,0.998868465423584
10,0.166,8,RIGHT_EAR,0.5008162089756562,0.39483345832143546,-0.10626774139347538,0.9994425773620604,0.9979645013809204
10,0.166,9,MOUTH_LEFT,0.5287288257053925,0.4048771929173246,-0.185040634302866,0.9999434351921082,0.9997256398200988
10,0.166,10,MOUTH_RIGHT,0.5153764741761349,0.4048581520716352,-0.18717499290193845,0.9999254941940308,0.9996277093887328
10,0.166,11,LEFT_SHOULDER,0.5716471728824439,0.4352825922625409,-0.059104462287255695,0.999984085559845,0.999929666519165
10,0.166,12,RIGHT_SHOULDER,0.46435588456335564,0.43433259214673764,-0.026257532604393518,0.999843955039978,0.9996780157089232
10,0.166,13,LEFT_ELBOW,0.5915642323948094,0.4775367421763288,-0.0332085492887667,0.9926913380622864,0.9997536540031432
10,0.166,14,RIGHT_ELBOW,0.4426278429371974,0.4769397803715301,-0.005241241128671734,0.9569560289382936,0.9990962743759156
10,0.166,15,LEFT_WRIST,0.5839021291051597,0.5186575537636171,-0.15526257100559426,0.9938086867332458,0.9999117851257324
10,0.166,16,RIGHT_WRIST,0.4487867894626803,0.5176121791203822,-0.12611134740568347,0.960212230682373,0.9991772770881652
10,0.166,17,LEFT_PINKY,0.5844930807749436,0.5325452060926533,-0.19466518007573644,0.9881314039230348,0.9997454285621644
10,0.166,18,RIGHT_PINKY,0.4465438141709286,0.5314998711858482,-0.16203661901610245,0.939208447933197,0.998755693435669
10,0.166,19,LEFT_INDEX,0.5767360840524951,0.5308809138479692,-0.22860917519955426,0.9885110259056092,0.9998123049736024
10,0.166,20,RIGHT_INDEX,0.4541363985765552,0.5298355846177969,-0.1989299527236395,0.9423784613609314,0.998908758163452
10,0.166,21,LEFT_THUMB,0.5738634921255571,0.5267031277929038,-0.17026086293515713,0.9846524596214294,0.9998841285705566
10,0.166,22,RIGHT_THUMB,0.4574161498319539,0.5251910289128626,-0.14379385220153,0.9359650015830994,0.9992054104804992
10,0.166,23,LEFT_HIP,0.5483142790340247,0.5285230278968815,-0.01821251284508475,0.9998316168785096,0.9997096657752992
10,0.166,24,RIGHT_HIP,0.48671875255448516,0.5285440456299559,0.018211502581834786,0.9997770190238952,0.9997658133506776
10,0.166,25,LEFT_KNEE,0.5516397811117632,0.5932152611868728,0.005934291009214604,0.9939465522766112,0.9999152421951294
10,0.166,26,RIGHT_KNEE,0.48179450773057525,0.591073904718672,0.05388521633687473,0.9873859286308287,0.9998134970664978
10,0.166,27,LEFT_ANKLE,0.5539186852318905,0.6461211584863215,0.19147487978140532,0.986499547958374,0.9987671375274658
10,0.166,28,RIGHT_ANKLE,0.48484285246758274,0.6455907793272115,0.24187138605685476,0.9852976202964784,0.9992615580558776
10,0.166,29,LEFT_HEEL,0.5501603228705275,0.6546805132003064,0.20146736005942043,0.8282616138458252,0.9974700212478638
10,0.166,30,RIGHT_HEEL,0.49288182031540684,0.6532610484531953,0.2533288470336371,0.8966959714889526,0.998469054698944
10,0.166,31,LEFT_FOOT_INDEX,0.5513088334174389,0.6639606016022824,0.07442731942449299,0.9769080281257628,0.9882879853248596
10,0.166,32,RIGHT_FOOT_INDEX,0.46584317371958817,0.6642539785021834,0.14048707769030624,0.9789784550666808,0.9922662377357484
11,0.183,0,NOSE,0.5233881615457086,0.3976534590834666,-0.2251410228865489,0.99995756149292,0.9995670914649964
11,0.183,1,LEFT_EYE_INNER,0.528640278748104,0.3921590731257488,-0.20672133423033234,0.9998276233673096,0.9988678693771362
11,0.183,2,LEFT_EYE,0.5321604325657804,0.3923227318695617,-0.20676105221112584,0.9998347759246826,0.9989321827888488
11,0.183,3,LEFT_EYE_OUTER,0.535619023300353,0.392540317206156,-0.20674871475923642,0.99983012676239,0.9989571571350098
11,0.183,4,RIGHT_EYE_INNER,0.5172574576877418,0.39181560703686336,-0.20812434454758977,0.9997877478599548,0.9986703395843506
11,0.183,5,RIGHT_EYE,0.5125290950139368,0.3918177201634365,-0.20810124561900195,0.9997738599777222,0.9984662532806396
11,0.183,6,RIGHT_EYE_OUTER,0.5078016037032722,0.3918880664166954,-0.20812264865353008,0.999748706817627,0.9982790946960448
11,0.183,7,LEFT_EAR,0.5387143010184883,0.3957966324828923,-0.09842042837824144,0.9997236132621764,0.9991564750671388
11,0.183,8,RIGHT_EAR,0.5005876052947276,0.39488123286338117,-0.10513091974315197,0.9994637370109558,0.9980403780937196
11,0.183,9,MOUTH_LEFT,0.5286196668942774,0.404934481495903,-0.1839450122345063,0.9999448657035828,0.999760091304779
11,0.183,10,MOUTH_RIGHT,0.5153612693150843,0.40493492285410604,-0.1861031005779904,0.999927580356598,0.999652862548828
11,0.183,11,LEFT_SHOULDER,0.5714416560672584,0.43528565054848123,-0.05851412475818679,0.9999842047691344,0.9999486207962036
11,0.183,12,RIGHT_SHOULDER,0.46414899967965667,0.43432666716121526,-0.025616150083286403,0.9998455047607422,0.999639630317688
11,0.183,13,LEFT_ELBOW,0.5913932550521129,0.47754956994737946,-0.03337688956941874,0.9927229285240172,0.99982750415802
11,0.183,14,RIGHT_ELBOW,0.44238567778042426,0.4770037290595831,-0.008023853535719546,0.9566746354103088,0.9990885257720948
11,0.183,15,LEFT_WRIST,0.5834475840841027,0.5185979349272597,-0.15504409159932825,0.993910551071167,0.999940037727356
11,0.183,16,RIGHT_WRIST,0.4486170581408913,0.5176979785873781,-0.12969889172485904,0.9597644209861756,0.9990678429603576
11,0.183,17,LEFT_PINKY,0.5839867194493618,0.5324801178205586,-0.19426348521595926,0.9883280992507936,0.999804675579071
11,0.183,18,RIGHT_PINKY,0.44630561556134946,0.5316032738912678,-0.16615031588645218,0.93878436088562,0.9985357522964478
11,0.183,19,LEFT_INDEX,0.5761986545154032,0.5307772840772361,-0.22788149615128855,0.988703191280365,0.9998589754104614
11,0.183,20,RIGHT_INDEX,0.45397038828759007,0.52987152338028,-0.20335932288851072,0.9419735074043274,0.998719334602356
11,0.183,21,LEFT_THUMB,0.5733483717555097,0.5266268366859077,-0.16986536057222468,0.9848780035972596,0.9999157190322876
11,0.183,22,RIGHT_THUMB,0.45725351004373505,0.5252049480165759,-0.14751946287495757,0.9355610013008118,0.9990825653076172
11,0.183,23,LEFT_HIP,0.5482456882794704,0.5285166133017771,-0.01787801840830414,0.9998314380645752,0.999693751335144
11,0.183,24,RIGHT_HIP,0.48663893058186525,0.5285510903313051,0.01787866793927689,0.9997783899307252,0.9997228980064392
11,0.183,25,LEFT_KNEE,0.5516253880092081,0.593250453472138,0.004779041966512038,0.9941073060035706,0.999873161315918
11,0.183,26,RIGHT_KNEE,0.481707171315239,0.5912098487218227,0.05335985780471844,0.9877148866653442,0.9997376799583436
11,0.183,27,LEFT_ANKLE,0.5539281510171441,0.6461537139756345,0.1910990646907263,0.986846685409546,0.9982678890228271
11,0.183,28,RIGHT_ANKLE,0.4848168009803413,0.645607145059677,0.24120902092683896,0.9855904579162598,0.9988433122634888
11,0.183,29,LEFT_HEEL,0.550117276963734,0.654676448731196,0.20102711376689741,0.8322463631629944,0.9965033531188964
11,0.183,30,RIGHT_HEEL,0.4928911867595859,0.6533285805157258,0.2526356244371053,0.8976845145225525,0.9975685477256776
11,0.183,31,LEFT_FOOT_INDEX,0.5516705711682642,0.6639870433580314,0.07439952272744407,0.9772383570671082,0.9838255047798156
11,0.183,32,RIGHT_FOOT_INDEX,0.4658926796345488,0.6642730491501951,0.1401028377669199,0.9791182279586792,0.9876656532287598
12,0.2,0,NOSE,0.5233139963377095,0.3977141394501644,-0.22421890710081388,0.9999582767486572,0.9995334148406982
12,0.2,1,LEFT_EYE_INNER,0.5285019108227327,0.3921999335289005,-0.20568906764189418,0.999830722808838,0.9987704157829284
12,0.2,2,LEFT_EYE,0.5320529483613519,0.39235790712492846,-0.2057282960131056,0.9998376369476318,0.9988314509391784
12,0.2,3,LEFT_EYE_OUTER,0.5354841436658591,0.39256814122200046,-0.20571474518094757,0.999833047389984,0.9988492727279664
12,0.2,4,RIGHT_EYE_INNER,0.5171646731240414,0.39187099820091653,-0.2069771928446635,0.9997926354408264,0.9985939860343932
12,0.2,5,RIGHT_EYE,0.5124584691865108,0.39187310565085676,-0.20695394845235932,0.9997790455818176,0.9984055161476136
12,0.2,6,RIGHT_EYE_OUTER,0.5077112799599062,0.39194962808064093,-0.20697527485234413,0.9997545480728148,0.9982261061668396
12,0.2,7,LEFT_EAR,0.5385074501945863,0.395831447272074,-0.09763646054835551,0.9997276067733764,0.9990311861038208
12,0.2,8,RIGHT_EAR,0.5003911654154465,0.3949324644747238,-0.10379582820903696,0.999479353427887,0.9979900121688844
12,0.2,9,MOUTH_LEFT,0.5284901147796999,0.40498806749071425,-0.18325228492418938,0.9999454021453856,0.9997366070747375
12,0.2,10,MOUTH_RIGHT,0.5153242009026668,0.4050094712348215,-0.18525446809473506,0.9999288320541382,0.9996439218521118
12,0.2,11,LEFT_SHOULDER,0.5712952784129557,0.43529791207540647,-0.05857808444471586,0.9999842047691344,0.9999439716339112
12,0.2,12,RIGHT_SHOULDER,0.4639026692935403,0.4343574061280209,-0.025263463280030624,0.9998480677604676,0.999697208404541
12,0.2,13,LEFT_ELBOW,0.5912448508398879,0.47755698079154646,-0.03336413488501591,0.9926431179046632,0.9998425245285034
12,0.2,14,RIGHT_ELBOW,0.44216278337297027,0.4770940868627461,-0.009264261306573903,0.9568966031074524,0.9993038177490234
12,0.2,15,LEFT_WRIST,0.5828606287638352,0.5185582382338392,-0.1548986321403868,0.9939197897911072,0.9999427795410156
12,0.2,16,RIGHT_WRIST,0.4484216826302669,0.517799215657371,-0.13002504763149086,0.959569215774536,0.9992282390594482
12,0.2,17,LEFT_PINKY,0.5833666551680797,0.5324427826063978,-0.19422736196290896,0.9883750677108764,0.9998204112052916
12,0.2,18,RIGHT_PINKY,0.44606286429223607,0.5317242173921499,-0.16672483725207204,0.9386117458343506,0.9987611770629884
12,0.2,19,LEFT_INDEX,0.5755862423351839,0.5306985520181207,-0.22730891903241496,0.9887486100196838,0.9998654127120972
12,0.2,20,RIGHT_INDEX,0.4537791567189357,0.5299184606188825,-0.20402997519288757,0.9418030977249146,0.998900294303894
12,0.2,21,LEFT_THUMB,0.5727617485182631,0.5265521265211565,-0.16947895004635777,0.9849172234535216,0.9999191761016846
12,0.2,22,RIGHT_THUMB,0.4570603682881314,0.5252300273804442,-0.14789964542502457,0.9353802800178528,0.99921715259552
12,0.2,23,LEFT_HIP,0.5481859019824442,0.5285509853135977,-0.017585700200427115,0.9998327493667604,0.999745786190033
12,0.2,24,RIGHT_HIP,0.48656911367461836,0.5286017656326298,0.01758693948033307,0.9997817873954772,0.9997816681861876
12,0.2,25,LEFT_KNEE,0.5516069786889217,0.5932899855432061,0.005442485989381839,0.994294822216034,0.9999022483825684
12,0.2,26,RIGHT_KNEE,0.48163360499200414,0.5913347970871703,0.05337263253473097,0.988098442554474,0.9997976422309875
12,0.2,27,LEFT_ANKLE,0.5539386016981948,0.6461755633354194,0.19479519696462738,0.9873010516166688,0.9986959099769592
12,0.2,28,RIGHT_ANKLE,0.48480515252976236,0.6456519478843332,0.24151496234394276,0.9860117435455322,0.9991554021835328
12,0.2,29,LEFT_HEEL,0.5500843922297165,0.6546927207992197,0.20496644718306417,0.8371187448501587,0.9973799586296082
12,0.2,30,RIGHT_HEEL,0.492904418990726,0.6534321308135992,0.25293466803573444,0.8994427919387817,0.9982702732086182
12,0.2,31,LEFT_FOOT_INDEX,0.5522205999919352,0.6640106354440968,0.07907083736998699,0.9778779745101928,0.9873052835464478
12,0.2,32,RIGHT_FOOT_INDEX,0.4657871410960247,0.6643243630727138,0.1404936143330166,0.9795640707015992,0.9907352924346924
13,0.216,0,NOSE,0.5232394195738297,0.3977826407977516,-0.22068814152763022,0.9999585151672364,0.99949312210083
13,0.216,1,LEFT_EYE_INNER,0.528384163266137,0.3922446185634253,-0.20201525801704062,0.9998323917388916,0.998654007911682
13,0.216,2,LEFT_EYE,0.5319632263410664,0.39239829211008015,-0.2020545459928968,0.9998390674591064,0.9987058639526368
13,0.216,3,LEFT_EYE_OUTER,0.5353662172953293,0.39260220243817323,-0.2020411079838164,0.9998345971107484,0.9987252354621888
13,0.216,4,RIGHT_EYE_INNER,0.5170791688419528,0.3919314415681933,-0.20341309408346825,0.9997956156730652,0.998490571975708
13,0.216,5,RIGHT_EYE,0.5123928075744997,0.39193463467416345,-0.20338924229145067,0.9997822046279908,0.9982978701591492
13,0.216,6,RIGHT_EYE_OUTER,0.5076213677724206,0.392014658167249,-0.2034084988491877,0.9997585415840148,0.9981411695480348
13,0.216,7,LEFT_EAR,0.53832981699989,0.3958665671802706,-0.09420630726076314,0.9997301697731018,0.9989437460899352
13,0.216,8,RIGHT_EAR,0.5002127360729949,0.39497196106683674,-0.10093636385032115,0.9994866251945496,0.9979515671730042
13,0.216,9,MOUTH_LEFT,0.5283597225234626,0.40505188561621197,-0.17990714524473475,0.9999454021453856,0.9997398257255554
13,0.216,10,MOUTH_RIGHT,0.5152816517012464,0.4050929120608742,-0.1820531757104966,0.999929130077362,0.9996439218521118
13,0.216,11,LEFT_SHOULDER,0.5710872326578418,0.43531415434110765,-0.05709122972829001,0.9999840259552002,0.9999366998672484
13,0.216,12,RIGHT_SHOULDER,0.46363102538245105,0.43440559932163825,-0.022994791822774016,0.9998478889465332,0.9996862411499025
13,0.216,13,LEFT_ELBOW,0.5911425011498593,0.4775518136365077,-0.03233153541528039,0.9926542043685912,0.9998051524162292
13,0.216,14,RIGHT_ELBOW,0.44199595281056037,0.4771925963106614,-0.005759531321624881,0.956685185432434,0.9992635846138
13,0.216,15,LEFT_WRIST,0.5821552418527154,0.5185062204088489,-0.15344600947130305,0.9939800500869752,0.9999384880065918
13,0.216,16,RIGHT_WRIST,0.4482457864852183,0.5179262870833992,-0.12491066292637877,0.959746778011322,0.9993149042129515
13,0.216,17,LEFT_PINKY,0.5826290931020469,0.5323908754757478,-0.1931498817035132,0.9884986877441406,0.999810516834259
13,0.216,18,RIGHT_PINKY,0.44582532275290754,0.5318540306318379,-0.1613966382685163,0.9389943480491638,0.9989171028137208
13,0.216,19,LEFT_INDEX,0.5749230015845531,0.530605949106671,-0.2256626990579425,0.9888660311698914,0.9998635053634644
13,0.216,20,RIGHT_INDEX,0.4535634446711771,0.5299824078877772,-0.1988604054564523,0.9421698451042176,0.999049961566925
13,0.216,21,LEFT_THUMB,0.5721260507901516,0.5264422808374682,-0.16776717276800257,0.985036849975586,0.9999175071716307
13,0.216,22,RIGHT_THUMB,0.4568441382476266,0.525270331473578,-0.14282549917697915,0.9358059763908386,0.9993225336074828
13,0.216,23,LEFT_HIP,0.5481370176587791,0.5285657303673885,-0.01748863199637047,0.9998325109481812,0.9996895790100098
13,0.216,24,RIGHT_HIP,0.48653109584535914,0.5286356579689757,0.017492552687014808,0.9997840523719788,0.9997629523277284
13,0.216,25,LEFT_KNEE,0.5515768471218296,0.5933280303364714,0.006462321018001829,0.9943822622299194,0.999895453453064
13,0.216,26,RIGHT_KNEE,0.4816137523878192,0.5913943052291876,0.05273737740658576,0.9882103204727172,0.9997990727424622
13,0.216,27,LEFT_ANKLE,0.5539326611019322,0.6461955791427981,0.19324277838071202,0.9875706434249878,0.9987267851829528
13,0.216,28,RIGHT_ANKLE,0.4848099507036668,0.6457596279325946,0.2371790962559838,0.9861809611320496,0.9992194175720216
13,0.216,29,LEFT_HEEL,0.5500488508315319,0.6547291761352908,0.20304180965537127,0.838549017906189,0.9974827170372008
13,0.216,30,RIGHT_HEEL,0.4929271141688033,0.6536581062135248,0.2480662287700746,0.9001426696777344,0.9983735084533693
13,0.216,31,LEFT_FOOT_INDEX,0.5528207023938502,0.6640202403068549,0.0786372515417281,0.9781562685966492,0.98927104473114
13,0.216,32,RIGHT_FOOT_INDEX,0.4654195436409546,0.6644164494105753,0.1360770673269318,0.9796733260154724,0.9922043085098268
14,0.233,0,NOSE,0.5231447815895085,0.3977861248311546,-0.2184181965532759,0.9999594688415528,0.999611794948578
14,0.233,1,LEFT_EYE_INNER,0.5282325205348792,0.3922557163806192,-0.19960316518942536,0.9998368620872498,0.998978853225708
14,0.233,2,LEFT_EYE,0.5318411957649962,0.39240662256876657,-0.1996425482488815,0.9998431205749512,0.9990235567092896
14,0.233,3,LEFT_EYE_OUTER,0.53520603406997,0.3926048278808597,-0.1996290293477832,0.9998387098312378,0.9990371465682985
14,0.233,4,RIGHT_EYE_INNER,0.5169698113486885,0.3919552820069453,-0.20104072562285846,0.9998019337654114,0.9988313317298888
14,0.233,5,RIGHT_EYE,0.5123078652790619,0.3919626985277452,-0.201017166887011,0.9997885823249816,0.9986673593521118
14,0.233,6,RIGHT_EYE_OUTER,0.5075159895987742,0.3920474790391471,-0.20103453738348842,0.999765694141388,0.9985191226005554
14,0.233,7,LEFT_EAR,0.5380980996858511,0.3958770008314227,-0.09160918813376204,0.9997369050979614,0.999196708202362
14,0.233,8,RIGHT_EAR,0.4999979436397557,0.39501675395738545,-0.09857787014473057,0.9995024800300598,0.9983232617378236
14,0.233,9,MOUTH_LEFT,0.5282116276877272,0.40505137330009855,-0.1775875971430825,0.9999462962150574,0.9997804760932922
14,0.233,10,MOUTH_RIGHT,0.5152313680875874,0.4051051040490472,-0.17977876606441692,0.999930500984192,0.999695897102356
14,0.233,11,LEFT_SHOULDER,0.5709219518161961,0.4353313176404866,-0.05557639382424809,0.9999839067459106,0.999941349029541
14,0.233,12,RIGHT_SHOULDER,0.46341662037940295,0.43447230543409115,-0.020510638043993924,0.99984872341156,0.9996744394302368
14,0.233,13,LEFT_ELBOW,0.5909494587353303,0.4775499332518809,-0.03235639454353419,0.9926398396492004,0.9998074173927308
14,0.233,14,RIGHT_ELBOW,0.44183724692889664,0.4772941143739795,-0.003078568837649741,0.9563308954238892,0.9991596937179564
14,0.233,15,LEFT_WRIST,0.5813403385026119,0.5184255923543662,-0.15389378510770355,0.9940075874328612,0.9999403953552246
14,0.233,16,RIGHT_WRIST,0.4480646096524742,0.5180607324554811,-0.12222471726792203,0.9594570994377136,0.9991918206214904
14,0.233,17,LEFT_PINKY,0.5817186718895326,0.5323121945063278,-0.19405349805241556,0.9885474443435668,0.9998199343681335
14,0.233,18,RIGHT_PINKY,0.4455398150852752,0.531984184469496,-0.15837929930005767,0.9387407898902892,0.998771607875824
14,0.233,19,LEFT_INDEX,0.5741725819451473,0.5304718925839383,-0.22604401338668115,0.9889132380485536,0.9998708963394164
14,0.233,20,RIGHT_INDEX,0.45327902265957465,0.5300539959044689,-0.19595429868925202,0.9419326782226562,0.9989257454872132
14,0.233,21,LEFT_THUMB,0.571431492056166,0.5262718938645867,-0.1680704014641899,0.9850611686706544,0.9999208450317384
14,0.233,22,RIGHT_THUMB,0.4565573221161256,0.525322814782461,-0.14021746956166775,0.9355563521385192,0.999228835105896
14,0.233,23,LEFT_HIP,0.5480898278100155,0.5285732859656929,-0.01754027968716051,0.9998311400413512,0.9996641874313354
14,0.233,24,RIGHT_HIP,0.48650923087483405,0.5286613049961276,0.017546515290935788,0.999784529209137,0.9997355341911316
14,0.233,25,LEFT_KNEE,0.5515278265589765,0.5933459514663338,0.006705212229419288,0.9944710731506348,0.9998977184295654
14,0.233,26,RIGHT_KNEE,0.4815694150470556,0.5914182265599575,0.05213077472788944,0.9884091019630432,0.9998053908348083
14,0.233,27,LEFT_ANKLE,0.55393378791355,0.6462131312915262,0.1899776047184355,0.9878612160682678,0.998809576034546
14,0.233,28,RIGHT_ANKLE,0.4847916095029744,0.6458772392500021,0.23443570094449198,0.9864200949668884,0.9992210865020752
14,0.233,29,LEFT_HEEL,0.5500483087130961,0.6547531797772368,0.19933982619217477,0.8416585922241211,0.997626006603241
14,0.233,30,RIGHT_HEEL,0.49294645729519115,0.6539279932067514,0.24498378875709734,0.900977373123169,0.998354971408844
14,0.233,31,LEFT_FOOT_INDEX,0.5532819884163998,0.6640231978325623,0.07450069487094882,0.9784694910049438,0.9894911050796508
14,0.233,32,RIGHT_FOOT_INDEX,0.46504053331556816,0.6645113116218937,0.13277318222182147,0.9798271059989928,0.9921127557754515
15,0.25,0,NOSE,0.5230835363978437,0.3977966720149634,-0.21589806604953055,0.9999597072601318,0.9995335340499878
15,0.25,1,LEFT_EYE_INNER,0.5281264498120267,0.39228601115090544,-0.19708163397652778,0.9998384714126588,0.9988161325454712
15,0.25,2,LEFT_EYE,0.5317547207786928,0.3924345019317812,-0.1971222247396198,0.999844491481781,0.9988760352134703
15,0.25,3,LEFT_EYE_OUTER,0.5350809239205865,0.3926252382142207,-0.19711118439833336,0.9998403191566468,0.9989019632339478
15,0.25,4,RIGHT_EYE_INNER,0.5168922316460387,0.3920007646083835,-0.19857535050028857,0.9998048543930054,0.9986245632171632
15,0.25,5,RIGHT_EYE,0.5122423086847583,0.39201268269902223,-0.19854991492770985,0.9997912049293518,0.9984233379364014
15,0.25,6,RIGHT_EYE_OUTER,0.5074286971773424,0.39209780097007785,-0.1985653149230141,0.999768853187561,0.998241662979126
15,0.25,7,LEFT_EAR,0.5378908912340805,0.39589774608612094,-0.08896730414458688,0.9997402429580688,0.9990873336791992
15,0.25,8,RIGHT_EAR,0.49980194795699395,0.3950623415765312,-0.09629975685051513,0.9995096921920776,0.997975766658783
15,0.25,9,MOUTH_LEFT,0.5281044017700927,0.40505373052188365,-0.17495648917697737,0.9999461770057678,0.9997360110282898
15,0.25,10,MOUTH_RIGHT,0.5151989147776654,0.4051166829608739,-0.17721339137781245,0.9999305605888368,0.9996345043182372
15,0.25,11,LEFT_SHOULDER,0.5707148767652971,0.435346494118373,-0.05363557186155092,0.9999839663505554,0.9999443292617798
15,0.25,12,RIGHT_SHOULDER,0.46325626401674225,0.4345118985289623,-0.018066119225252187,0.9998486638069152,0.9996547698974608
15,0.25,13,LEFT_ELBOW,0.5906731571469994,0.47754524009568394,-0.032602918201259184,0.9926223754882812,0.9998192191123962
15,0.25,14,RIGHT_ELBOW,0.44167034398941807,0.47737433229173976,0.00015966421259299508,0.9552547335624696,0.999170184135437
15,0.25,15,LEFT_WRIST,0.580479502677918,0.5183304576646719,-0.15434131452015482,0.9940407276153564,0.999943733215332
15,0.25,16,RIGHT_WRIST,0.44786625390961093,0.5182203309876583,-0.11735908580677856,0.9587727189064026,0.9991230368614196
15,0.25,17,LEFT_PINKY,0.5807418993541178,0.5322144542421618,-0.19482177424998526,0.9886223673820496,0.9998227953910828
15,0.25,18,RIGHT_PINKY,0.44515595691544707,0.5321271533057808,-0.15260218225774325,0.938041627407074,0.9986134767532348
15,0.25,19,LEFT_INDEX,0.5733721000807631,0.5303296844164536,-0.22652770933650804,0.988986074924469,0.9998717308044434
15,0.25,20,RIGHT_INDEX,0.4529093759400508,0.5301502744356796,-0.19031280704907022,0.9412848353385924,0.998770534992218
15,0.25,21,LEFT_THUMB,0.5706769227981573,0.5260953846431919,-0.16845832623186574,0.985112488269806,0.9999228715896606
15,0.25,22,RIGHT_THUMB,0.4562163395541059,0.5253984105019347,-0.13538858649276558,0.9348670840263368,0.9991275668144226
15,0.25,23,LEFT_HIP,0.548017078921909,0.5285691193171915,-0.017690842971205684,0.999829113483429,0.9996496438980104
15,0.25,24,RIGHT_HIP,0.4864701983474554,0.5286799101602468,0.017701372326839496,0.9997837543487548,0.999716579914093
15,0.25,25,LEFT_KNEE,0.5514731747763503,0.5933645878519336,0.006595637760169406,0.994573175907135,0.9998886585235596
15,0.25,26,RIGHT_KNEE,0.4814856322038745,0.5915125182696757,0.050974279996894634,0.9885194897651672,0.9997840523719788
15,0.25,27,LEFT_ANKLE,0.5539387492906485,0.6462445684841707,0.18665643887860447,0.9881354570388794,0.9986844658851624
15,0.25,28,RIGHT_ANKLE,0.4847747711908254,0.6460068424542751,0.2305525214899156,0.9866599440574646,0.9991647005081176
15,0.25,29,LEFT_HEEL,0.5500685742923197,0.6547964073362811,0.19571802587736234,0.8441815376281738,0.9973843693733216
15,0.25,30,RIGHT_HEEL,0.49297571466082657,0.6541791246050885,0.2408550708066851,0.9021701216697692,0.9982166886329652
15,0.25,31,LEFT_FOOT_INDEX,0.5535656753040501,0.6640099939845863,0.070582603769643,0.9787607192993164,0.9884853363037108
15,0.25,32,RIGHT_FOOT_INDEX,0.4647270270756316,0.6645931743440181,0.1285725941970236,0.9799986481666564,0.9913404583930968
16,0.266,0,NOSE,0.5230534587587634,0.3978570373285388,-0.2161806616045181,0.9999585747718812,0.999392867088318
16,0.266,1,LEFT_EYE_INNER,0.5280519241378425,0.39233824894541824,-0.19753771097887146,0.9998338222503662,0.9984961748123168
16,0.266,2,LEFT_EYE,0.5316941000166397,0.39248382477533283,-0.19757943777810974,0.9998401999473572,0.9985727071762084
16,0.266,3,LEFT_EYE_OUTER,0.5349871629760384,0.3926691597416291,-0.19757140676180535,0.999835968017578,0.9986116886138916
16,0.266,4,RIGHT_EYE_INNER,0.5168424986657647,0.3920724902834214,-0.19912406944093264,0.99979966878891,0.9982876181602478
16,0.266,5,RIGHT_EYE,0.512198856898717,0.39209016306059735,-0.1990974162306106,0.999785542488098,0.9980655312538148
16,0.266,6,RIGHT_EYE_OUTER,0.507363339265188,0.3921814546698619,-0.19911244227772684,0.999763011932373,0.9978748559951782
16,0.266,7,LEFT_EAR,0.5377159657932468,0.3959410247348607,-0.08904560726313368,0.9997315406799316,0.9988542795181274
16,0.266,8,RIGHT_EAR,0.4996066732066023,0.3951534870125002,-0.09671817365146823,0.9994958639144896,0.9976000189781188
16,0.266,9,MOUTH_LEFT,0.5280425775618784,0.4051119316191904,-0.1749014719611124,0.9999443888664246,0.9996873140335084
16,0.266,10,MOUTH_RIGHT,0.515198205198561,0.405181440569106,-0.17727686819576094,0.99992835521698,0.9995614886283876
16,0.266,11,LEFT_SHOULDER,0.5704876354762491,0.43535970364298177,-0.05277242919518835,0.9999834895133972,0.999930500984192
16,0.266,12,RIGHT_SHOULDER,0.4631363366331377,0.4345260603087293,-0.017301832902289524,0.9998459815979004,0.999638557434082
16,0.266,13,LEFT_ELBOW,0.5903314068203886,0.4775419334570571,-0.03241682531578201,0.992407202720642,0.9997997879981996
16,0.266,14,RIGHT_ELBOW,0.4414528523172655,0.47745540312358353,0.0030082836081938595,0.9554201364517212,0.9991975426673888
16,0.266,15,LEFT_WRIST,0.5797494082223806,0.5182530823208041,-0.15323351323604595,0.9939296245574952,0.9999369382858276
16,0.266,16,RIGHT_WRIST,0.4476065962087544,0.518404106299083,-0.11203396213906157,0.9586443305015564,0.9991722106933594
16,0.266,17,LEFT_PINKY,0.579914856524695,0.5321343200547359,-0.1934411440576827,0.9884613752365112,0.9998156428337096
16,0.266,18,RIGHT_PINKY,0.44461372920445075,0.5322737353188656,-0.14654451750573672,0.9377834796905518,0.9987223744392396
16,0.266,19,LEFT_INDEX,0.5726867005938581,0.5302162283942817,-0.22532347979999737,0.9888281226158142,0.9998607635498048
16,0.266,20,RIGHT_INDEX,0.45239623671486306,0.5302498681204665,-0.18461885835443237,0.9410394430160522,0.9988449811935424
16,0.266,21,LEFT_THUMB,0.570016809872219,0.5259569485982263,-0.16742281331902467,0.9848801493644714,0.999914050102234
16,0.266,22,RIGHT_THUMB,0.4557430431956341,0.5254827737808232,-0.1301643390740668,0.934650421142578,0.99916672706604
16,0.266,23,LEFT_HIP,0.5479242688133608,0.5285883886473524,-0.017771370442850213,0.999827802181244,0.9997078776359558
16,0.266,24,RIGHT_HIP,0.4864139400777367,0.5287473286901206,0.01778504642702279,0.9997831583023072,0.9997548460960388
16,0.266,25,LEFT_KNEE,0.5514122900508704,0.5934172726812822,0.006587734578975563,0.9946656227111816,0.999913215637207
16,0.266,26,RIGHT_KNEE,0.4813945804323473,0.5916461178234651,0.050945960162650954,0.9886863827705384,0.9998123049736024
16,0.266,27,LEFT_ANKLE,0.5539557621592572,0.6462761106945225,0.18630044162273418,0.9884203672409058,0.9989412426948548
16,0.266,28,RIGHT_ANKLE,0.48476549131529717,0.6461021871793844,0.23105483537628557,0.9868652820587158,0.9993236064910888
16,0.266,29,LEFT_HEEL,0.5500930888312209,0.6548172604470033,0.19560997117133383,0.8457545042037964,0.9978860020637512
16,0.266,30,RIGHT_HEEL,0.493010840245656,0.6543225617635824,0.24158530363014782,0.902454674243927,0.998610019683838
16,0.266,31,LEFT_FOOT_INDEX,0.5537632192884179,0.664011819022043,0.0704985693806694,0.9791761636734008,0.9908171892166138
16,0.266,32,RIGHT_FOOT_INDEX,0.4646575692154117,0.6646348436673488,0.12934237150918879,0.9802553057670592,0.99323832988739
17,0.283,0,NOSE,0.5230102510679341,0.39791452458926646,-0.21759424677916947,0.9999585151672364,0.9994180202484132
17,0.283,1,LEFT_EYE_INNER,0.5279637603532705,0.39239515009380554,-0.19907394974004666,0.9998340606689452,0.9985887408256532
17,0.283,2,LEFT_EYE,0.5316146895999005,0.3925373185248605,-0.19911569285960437,0.9998403787612916,0.9986709356307985
17,0.283,3,LEFT_EYE_OUTER,0.5348763068517054,0.39271576915468526,-0.19910868363721043,0.9998365044593812,0.9987151622772216
17,0.283,4,RIGHT_EYE_INNER,0.5167819857597356,0.3921466256890982,-0.20062888591062472,0.9998000264167786,0.9983389377593994
17,0.283,5,RIGHT_EYE,0.5121443867683415,0.39216829907326506,-0.20060281881264294,0.9997851252555848,0.9980825185775756
17,0.283,6,RIGHT_EYE_OUTER,0.5072867331050697,0.39226506295658325,-0.20061895464147855,0.9997626543045044,0.9978567957878112
17,0.283,7,LEFT_EAR,0.5375321677752909,0.3959862745943527,-0.09043718058438532,0.9997335076332092,0.998965859413147
17,0.283,8,RIGHT_EAR,0.4994212956655597,0.39524292662030214,-0.0978756515043123,0.9994966387748718,0.9975190162658693
17,0.283,9,MOUTH_LEFT,0.5279542917297004,0.4051656637872972,-0.17615662515163433,0.9999445676803588,0.9996914863586426
17,0.283,10,MOUTH_RIGHT,0.5151742441313611,0.4052435415131709,-0.178475985924403,0.9999284744262696,0.999556005001068
17,0.283,11,LEFT_SHOULDER,0.5702396602857686,0.435371611799513,-0.053141814612206954,0.9999836087226868,0.9999436140060424
17,0.283,12,RIGHT_SHOULDER,0.4629765990234561,0.4345509764694036,-0.0175894006554569,0.9998443126678468,0.9996024966239928
17,0.283,13,LEFT_ELBOW,0.5899901475225182,0.4775361404532482,-0.03276907164780867,0.992353081703186,0.9998119473457336
17,0.283,14,RIGHT_ELBOW,0.4412134587764744,0.477556848809833,0.005098822570982375,0.9546930193901062,0.9990482926368712
17,0.283,15,LEFT_WRIST,0.579193390551068,0.5182072037742256,-0.1533087286211197,0.9939484000205994,0.9999414682388306
17,0.283,16,RIGHT_WRIST,0.44726433214687206,0.5185628703662333,-0.10722683086281734,0.9580613970756532,0.9989827275276184
17,0.283,17,LEFT_PINKY,0.5793123018173949,0.5320959573700319,-0.19338249876385658,0.9885209798812866,0.9998186230659484
17,0.283,18,RIGHT_PINKY,0.4440324079422728,0.5324206238701235,-0.1412352359011061,0.9371275305747986,0.998412013053894
17,0.283,19,LEFT_INDEX,0.5721544509842288,0.5301539756002885,-0.2254914974882491,0.9888822436332704,0.9998663663864136
17,0.283,20,RIGHT_INDEX,0.4518578208628159,0.5303428911027459,-0.17965373822620948,0.9404394030570984,0.9985857009887696
17,0.283,21,LEFT_THUMB,0.5694915709041419,0.5258752476601378,-0.1675940922328405,0.984916925430298,0.9999197721481324
17,0.283,22,RIGHT_THUMB,0.45521458841505547,0.5255723567236041,-0.1254668498323078,0.9340711832046508,0.9989872574806212
17,0.283,23,LEFT_HIP,0.5478258757364187,0.5286115266027909,-0.01790110997500869,0.9998281002044678,0.999691128730774
17,0.283,24,RIGHT_HIP,0.48633742758206,0.5288358813240419,0.017915944524464083,0.9997830986976624,0.9997193217277528
17,0.283,25,LEFT_KNEE,0.5513707370985127,0.5934668864522668,0.006784665021335725,0.9948604702949524,0.9999003410339355
17,0.283,26,RIGHT_KNEE,0.48130332004456333,0.5917541782061264,0.052074851734297586,0.9889465570449828,0.999767243862152
17,0.283,27,LEFT_ANKLE,0.5539961372103015,0.6462780066898897,0.1897034190949941,0.9888091087341307,0.9987284541130066
17,0.283,28,RIGHT_ANKLE,0.4847630915187658,0.6461394514356347,0.23528585405576816,0.9871891140937804,0.9991734623908995
17,0.283,29,LEFT_HEEL,0.5501479137511485,0.6547673855509082,0.19967077317692,0.8484655022621155,0.997448205947876
17,0.283,30,RIGHT_HEEL,0.49304269892828845,0.6543643389429371,0.24637928463163847,0.903905749320984,0.9982688426971436
17,0.283,31,LEFT_FOOT_INDEX,0.553706220218114,0.6640415702547351,0.07475014775991443,0.9797147512435912,0.988124430179596
17,0.283,32,RIGHT_FOOT_INDEX,0.46467032035191896,0.6646662950515754,0.13447606811920815,0.9806309938430786,0.9910734295845032
18,0.3,0,NOSE,0.5229286466326037,0.39794394090062135,-0.2206596597319559,0.9999576210975648,0.9993795156478882
18,0.3,1,LEFT_EYE_INNER,0.5278408612523765,0.39242681435176335,-0.20211566487948113,0.9998310208320618,0.9984588623046876
18,0.3,2,LEFT_EYE,0.5315024795986363,0.3925665432498572,-0.20215689497334632,0.9998375177383424,0.9985380172729492
18,0.3,3,LEFT_EYE_OUTER,0.5347358925001967,0.3927407576924282,-0.20214873055617028,0.9998337626457214,0.9985792636871338
18,0.3,4,RIGHT_EYE_INNER,0.51668926080068,0.39218999232564683,-0.20358400543530797,0.9997963309288024,0.9982247948646544
18,0.3,5,RIGHT_EYE,0.5120705053919843,0.3922161942436585,-0.20355929079509932,0.9997811913490297,0.9979859590530396
18,0.3,6,RIGHT_EYE_OUTER,0.5071969685100378,0.39231697434470797,-0.2035773268767767,0.9997586011886596,0.9977800250053406
18,0.3,7,LEFT_EAR,0.5373456620034722,0.39600947073527776,-0.0932987300412996,0.9997286200523376,0.9988264441490172
18,0.3,8,RIGHT_EAR,0.4992756630693167,0.3953088479382655,-0.10032554041771669,0.999485969543457,0.9974713325500488
18,0.3,9,MOUTH_LEFT,0.5278384203002571,0.4051852283023656,-0.17919405443327785,0.9999433755874634,0.999680519104004
18,0.3,10,MOUTH_RIGHT,0.51512889067332,0.4052757024765018,-0.1813853808811734,0.9999268054962158,0.9995490908622742
18,0.3,11,LEFT_SHOULDER,0.5700748193831676,0.43539545791489775,-0.05468527227640153,0.9999833703041076,0.9999328851699828
18,0.3,12,RIGHT_SHOULDER,0.4627990325291956,0.4346104718389969,-0.019714627858428674,0.9998417496681212,0.9996246099472046
18,0.3,13,LEFT_ELBOW,0.5896963562284202,0.4775434320881257,-0.03407882544256392,0.9922376871109008,0.9997994303703308
18,0.3,14,RIGHT_ELBOW,0.4409381534372061,0.4776897898742135,0.004914938671780433,0.9542987942695618,0.9991793036460876
18,0.3,15,LEFT_WRIST,0.5788006328401116,0.5181894132069184,-0.15482041097822652,0.993882179260254,0.9999362230300904
18,0.3,16,RIGHT_WRIST,0.446863201402483,0.518717848119282,-0.10583678562016718,0.9577022194862366,0.999135196208954
18,0.3,17,LEFT_PINKY,0.5789283826237639,0.5320822028886709,-0.19492324548108247,0.9884231090545654,0.9998131394386292
18,0.3,18,RIGHT_PINKY,0.4434538852600828,0.5326042260442466,-0.13981158889475334,0.9366833567619324,0.9986698627471924
18,0.3,19,LEFT_INDEX,0.5717989972659525,0.5301247579710828,-0.22706089062350154,0.988785684108734,0.9998598098754884
18,0.3,20,RIGHT_INDEX,0.4513535258315862,0.5304718301409772,-0.17828309110232776,0.94003564119339,0.9987952709197998
18,0.3,21,LEFT_THUMB,0.5691290582929344,0.5258348953156249,-0.16912647443158296,0.984764814376831,0.9999138116836548
18,0.3,22,RIGHT_THUMB,0.454677012704668,0.5256944128445221,-0.12410752936488113,0.9337091445922852,0.999133050441742
18,0.3,23,LEFT_HIP,0.5477364801225213,0.5286795440174289,-0.017955659400849054,0.9998286366462708,0.9997084736824036
18,0.3,24,RIGHT_HIP,0.4862549347536909,0.5289877823420939,0.017969327402256742,0.9997838735580444,0.9997443556785583
18,0.3,25,LEFT_KNEE,0.5513346479052594,0.5935409125827613,0.008121165047798773,0.9949375987052916,0.9999133348464966
18,0.3,26,RIGHT_KNEE,0.48122779244468367,0.59186506555194,0.0537601335062867,0.9890366792678832,0.9998045563697816
18,0.3,27,LEFT_ANKLE,0.554032839479901,0.6463144279661639,0.19431542640640637,0.9890553951263428,0.9990074038505554
18,0.3,28,RIGHT_ANKLE,0.4847686446848374,0.6461379130681362,0.24132660244192417,0.9873485565185548,0.9993541836738586
18,0.3,29,LEFT_HEEL,0.550181130568187,0.6547877930459528,0.20496880582400742,0.8498644828796387,0.9980556964874268
18,0.3,30,RIGHT_HEEL,0.49307048462686126,0.6543381696655644,0.2530409608568466,0.9044007658958436,0.9986888766288756
18,0.3,31,LEFT_FOOT_INDEX,0.553694747743153,0.6640691132772543,0.08028951358227507,0.9800946116447448,0.9914662837982178
18,0.3,32,RIGHT_FOOT_INDEX,0.46497347099440484,0.6646597328640171,0.14105695344152916,0.9808401465415956,0.9935966730117798
19,0.316,0,NOSE,0.522836497851781,0.39797979451361193,-0.22196915887651003,0.9999571442604064,0.9993941783905028
19,0.316,1,LEFT_EYE_INNER,0.5277169800940019,0.39247242751575684,-0.20337656140327467,0.9998295903205872,0.9985294342041016
19,0.316,2,LEFT_EYE,0.5313866308757242,0.392610026257379,-0.2034182321457637,0.9998363256454468,0.998615264892578
19,0.316,3,LEFT_EYE_OUTER,0.5345984498659775,0.3927788649286546,-0.20341032459622355,0.9998327493667604,0.998664140701294
19,0.316,4,RIGHT_EYE_INNER,0.5165996068999885,0.3922424727962134,-0.2048750384932474,0.9997941851615906,0.9982594847679138
19,0.316,5,RIGHT_EYE,0.512000333695185,0.3922702357882548,-0.2048497859920776,0.999778687953949,0.9979992508888244
19,0.316,6,RIGHT_EYE_OUTER,0.5071150234767374,0.3923674552213582,-0.204869112798146,0.999755859375,0.9977710247039796
19,0.316,7,LEFT_EAR,0.5371741311890743,0.3960361651011879,-0.09453663726647701,0.999726951122284,0.9988999366760254
19,0.316,8,RIGHT_EAR,0.49917442174184934,0.3953428240049457,-0.10165314128001537,0.9994773268699646,0.9974084496498108
19,0.316,9,MOUTH_LEFT,0.5277008896782289,0.40521234557742203,-0.18052564348493316,0.999942660331726,0.9996782541275024
19,0.316,10,MOUTH_RIGHT,0.515058298905691,0.40531095862388644,-0.18272880074523756,0.99992573261261,0.9995368719100952
19,0.316,11,LEFT_SHOULDER,0.5698583324750269,0.4354276657104496,-0.055654108346927744,0.9999833703041076,0.9999394416809082
19,0.316,12,RIGHT_SHOULDER,0.46263961281095267,0.43467933365276923,-0.020722675181570463,0.9998390674591064,0.9995961785316468
19,0.316,13,LEFT_ELBOW,0.5894720781417125,0.47755284536452564,-0.03515028332670529,0.9922176599502563,0.9998189806938172
19,0.316,14,RIGHT_ELBOW,0.44065845580328117,0.4778261653014596,0.006599578984259082,0.953730285167694,0.9991328120231628
19,0.316,15,LEFT_WRIST,0.5784608012153993,0.5181978855814258,-0.15631710986296346,0.9938894510269164,0.9999425411224364
19,0.316,16,RIGHT_WRIST,0.4463396796158386,0.518869553293501,-0.10284604912712463,0.9571616053581238,0.9990382194519044
19,0.316,17,LEFT_PINKY,0.578578889369965,0.5320951569648021,-0.19664849766663153,0.9884397387504578,0.9998255372047424
19,0.316,18,RIGHT_PINKY,0.44281067734672946,0.5328059310004829,-0.13674508602846247,0.9359921813011168,0.9985114932060242
19,0.316,19,LEFT_INDEX,0.5714719153585893,0.5301248573121575,-0.22885650964010348,0.9887989163398744,0.9998691082000732
19,0.316,20,RIGHT_INDEX,0.4507336261726565,0.5306222949709216,-0.17562722095421396,0.9394139647483826,0.9986492991447448
19,0.316,21,LEFT_THUMB,0.5688047352291294,0.5258225656691057,-0.17065270670822702,0.9847554564476012,0.9999207258224488
19,0.316,22,RIGHT_THUMB,0.4540778909410753,0.5258382757504786,-0.12125159019515636,0.933100402355194,0.9990283250808716
19,0.316,23,LEFT_HIP,0.547675938833328,0.5287532891545982,-0.018158749544194705,0.9998278617858888,0.9996968507766724
19,0.316,24,RIGHT_HIP,0.4861900238763722,0.5291336093630115,0.018173574070845303,0.9997825622558594,0.9997196793556212
19,0.316,25,LEFT_KNEE,0.5513079138029194,0.5936192557925275,0.007894469025943906,0.9950389862060548,0.9999053478240968
19,0.316,26,RIGHT_KNEE,0.4811860890615558,0.5919213465281901,0.05490413680672644,0.9891788363456726,0.9997779726982116
19,0.316,27,LEFT_ANKLE,0.5540560739380977,0.6463695111728855,0.1946276390836354,0.9893041849136353,0.9989394545555116
19,0.316,28,RIGHT_ANKLE,0.4847929392542162,0.646190864699228,0.24347715860321428,0.987584352493286,0.9993047714233398
19,0.316,29,LEFT_HEEL,0.5501916380155659,0.6548480703717192,0.2053207187425524,0.8512235879898071,0.9979440569877625
19,0.316,30,RIGHT_HEEL,0.49314823179017975,0.6544146537780768,0.2551605162166416,0.9053329825401306,0.998595893383026
19,0.316,31,LEFT_FOOT_INDEX,0.553649837062473,0.6641157524926329,0.0805952030987967,0.9804874658584596,0.9909809231758118
19,0.316,32,RIGHT_FOOT_INDEX,0.46499828213737165,0.6647555714561832,0.14292272286755706,0.9811592698097228,0.9930436611175536
20,0.333,0,NOSE,0.5227227608362839,0.3979753199077791,-0.22277706151916885,0.9999555945396424,0.999264657497406
20,0.333,1,LEFT_EYE_INNER,0.5275703725360693,0.39249381848744014,-0.20411659422374923,0.99982488155365,0.9982160925865172
20,0.333,2,LEFT_EYE,0.5312474653834394,0.3926302691300714,-0.204158826952889,0.9998318552970886,0.99832421541214
20,0.333,3,LEFT_EYE_OUTER,0.5344383858499078,0.3927949610210604,-0.20415117839972197,0.9998285174369812,0.9983892440795898
20,0.333,4,RIGHT_EYE_INNER,0.5164912229492555,0.39226613300187285,-0.20561355636233392,0.999788224697113,0.99789559841156
20,0.333,5,RIGHT_EYE,0.5119174832389473,0.39229619503021274,-0.2055880867299581,0.9997718334197998,0.997596800327301
20,0.333,6,RIGHT_EYE_OUTER,0.5070297746431265,0.3923899446214952,-0.2056079407533012,0.9997485280036926,0.9973377585411072
20,0.333,7,LEFT_EAR,0.5369915224256975,0.39604665977614306,-0.0950969801772209,0.9997196197509766,0.9987027645111084
20,0.333,8,RIGHT_EAR,0.4990798944518684,0.39537104680424684,-0.10213833728006913,0.9994601011276244,0.9969383478164672
20,0.333,9,MOUTH_LEFT,0.5275581081708277,0.4051965574423476,-0.18127121102242255,0.999941110610962,0.9996360540390016
20,0.333,10,MOUTH_RIGHT,0.5149754853475665,0.4052994166101732,-0.1834437400102617,0.9999234080314636,0.9994645714759828
20,0.333,11,LEFT_SHOULDER,0.5697115092050467,0.43545869418552985,-0.055838123673484445,0.999983012676239,0.9999314546585084
20,0.333,12,RIGHT_SHOULDER,0.46251611340613635,0.4347616292181473,-0.021402576583481922,0.9998335838317872,0.99954491853714
20,0.333,13,LEFT_ELBOW,0.5892626813479838,0.4775835403374268,-0.03646956969584737,0.9920915365219116,0.99978369474411
20,0.333,14,RIGHT_ELBOW,0.44036995229266973,0.477961027906055,0.007300454657524778,0.9529414772987366,0.9989868998527528
20,0.333,15,LEFT_WRIST,0.5782317632720589,0.5182006018502376,-0.15834260341667006,0.9938153624534608,0.9999319314956664
20,0.333,16,RIGHT_WRIST,0.44565585397538726,0.5190030676977979,-0.10052386351994108,0.9563201665878296,0.9989018440246582
20,0.333,17,LEFT_PINKY,0.5783040495145895,0.5321069359779362,-0.19891648704097398,0.988330602645874,0.9997995495796204
20,0.333,18,RIGHT_PINKY,0.44209599920681586,0.5329932087943672,-0.1342500334694273,0.9349461197853088,0.998330056667328
20,0.333,19,LEFT_INDEX,0.5712076397169209,0.5301247664860322,-0.23124122406755193,0.9886916279792786,0.9998506307601928
20,0.333,20,RIGHT_INDEX,0.44994595930689896,0.530769649006072,-0.17366307690030064,0.938443958759308,0.9984902143478394
20,0.333,21,LEFT_THUMB,0.5685490171114609,0.5258088168643774,-0.1727603546210699,0.984591782093048,0.999908208847046
20,0.333,22,RIGHT_THUMB,0.4533719164984571,0.5259763399759934,-0.11912794765971962,0.9321905374526978,0.9989148378372192
20,0.333,23,LEFT_HIP,0.5476268955639435,0.5288195297831586,-0.018266983152854986,0.999828040599823,0.9996898174285888
20,0.333,24,RIGHT_HIP,0.48611622197287463,0.5292542349724547,0.01828241880450928,0.999781370162964,0.9997069239616394
20,0.333,25,LEFT_KNEE,0.5512829337801257,0.5936732263792134,0.007820818262795563,0.9950496554374696,0.9999041557312012
20,0.333,26,RIGHT_KNEE,0.4811487538473951,0.5919590819449658,0.055515637355191355,0.98912250995636,0.9997649788856506
20,0.333,27,LEFT_ANKLE,0.5540770718029573,0.6464285424777445,0.19368849907602598,0.9894036054611206,0.9988369345664978
20,0.333,28,RIGHT_ANKLE,0.48480597280320714,0.6462585102944154,0.24436182564213182,0.9875051975250244,0.9992363452911376
20,0.333,29,LEFT_HEEL,0.5502104787599478,0.6549350080035987,0.2043203888904482,0.8516503572463989,0.99768328666687
20,0.333,30,RIGHT_HEEL,0.4932246591363639,0.654526971635365,0.2558811420486089,0.9048812985420228,0.9984591007232666
20,0.333,31,LEFT_FOOT_INDEX,0.5536586585498997,0.6641449360620414,0.07918261275404981,0.9805819988250732,0.9899441003799438
20,0.333,32,RIGHT_FOOT_INDEX,0.4651878745782947,0.6648901615824024,0.14292379362242572,0.981021523475647,0.9926540851593018
21,0.35,0,NOSE,0.5226406568572639,0.39801110823949215,-0.2242190653369542,0.999955713748932,0.9994688630104064
21,0.35,1,LEFT_EYE_INNER,0.5274488585335873,0.3925461456889201,-0.20558602469308052,0.9998252987861632,0.9987264275550842
21,0.35,2,LEFT_EYE,0.5311294595400498,0.3926808365753722,-0.20562936862309789,0.9998323917388916,0.998790442943573
21,0.35,3,LEFT_EYE_OUTER,0.5343027285167155,0.3928401910123374,-0.20562253395716362,0.9998290538787842,0.998820960521698
21,0.35,4,RIGHT_EYE_INNER,0.516398015476409,0.3923207521438602,-0.2071182394311543,0.9997889399528505,0.9985443353652954
21,0.35,5,RIGHT_EYE,0.5118373008001422,0.39235112071037326,-0.2070909305697397,0.999772310256958,0.9983452558517456
21,0.35,6,RIGHT_EYE_OUTER,0.506941329865229,0.39243994866098714,-0.20711115428379623,0.99974924325943,0.9981718063354492
21,0.35,7,LEFT_EAR,0.5368160491897951,0.3960862230686918,-0.09647458046674731,0.999721109867096,0.9990133047103882
21,0.35,8,RIGHT_EAR,0.4989476445175357,0.39541367264021043,-0.10353899711654305,0.9994620084762572,0.9979128241539
21,0.35,9,MOUTH_LEFT,0.5274528520447872,0.4052169734523413,-0.18264077249027444,0.9999408721923828,0.9996955394744872
21,0.35,10,MOUTH_RIGHT,0.5149019899822422,0.40532709729103844,-0.18481858642328364,0.9999232292175292,0.9995891451835632
21,0.35,11,LEFT_SHOULDER,0.569539762678601,0.43548567522139814,-0.05691419240264667,0.9999829530715942,0.9999328851699828
21,0.35,12,RIGHT_SHOULDER,0.4623809541974753,0.43483513451757927,-0.02274243852921891,0.9998331069946288,0.9996446371078492
21,0.35,13,LEFT_ELBOW,0.5890163438660764,0.4776249286674322,-0.037628301020179486,0.9920100569725036,0.9997839331626892
21,0.35,14,RIGHT_ELBOW,0.4401079132443387,0.4780804812908177,0.0073743289602653875,0.9526377320289612,0.9991286396980286
21,0.35,15,LEFT_WRIST,0.578062977109637,0.5182080325626197,-0.15975900065331244,0.9937534928321838,0.9999325275421144
21,0.35,16,RIGHT_WRIST,0.4448731371334625,0.5191152294476832,-0.09868500878413522,0.9562084674835204,0.9989920258522034
21,0.35,17,LEFT_PINKY,0.5780945278349383,0.532126386960348,-0.20047557921636688,0.9882487654685974,0.999804437160492
21,0.35,18,RIGHT_PINKY,0.44127772677512433,0.5331514818327772,-0.13218050627481376,0.9347822070121764,0.9984277486801147
21,0.35,19,LEFT_INDEX,0.5709852860087445,0.5301322681563245,-0.23303117212795094,0.9886095523834229,0.999853491783142
21,0.35,20,RIGHT_INDEX,0.44894593812170525,0.5309233665466313,-0.17210971315701812,0.9383453130722046,0.9985873699188232
21,0.35,21,LEFT_THUMB,0.5683263256436308,0.5258067023186461,-0.1742871872016363,0.9844640493392944,0.9999104738235474
21,0.35,22,RIGHT_THUMB,0.4525605865887237,0.5261079867680872,-0.1174862952459427,0.9321333765983582,0.9989888072013856
21,0.35,23,LEFT_HIP,0.5475804720606128,0.5288886683327816,-0.01829616503701323,0.9998239874839784,0.9996341466903688
21,0.35,24,RIGHT_HIP,0.4860171193168281,0.529389219624656,0.018312470810044355,0.9997783303260804,0.99972003698349
21,0.35,25,LEFT_KNEE,0.5512721027646751,0.5937373496237262,0.007777756301774829,0.9952124953269958,0.999896764755249
21,0.35,26,RIGHT_KNEE,0.48110308675538965,0.5920620872860869,0.05635775891797884,0.9893708825111388,0.9997981190681458
21,0.35,27,LEFT_ANKLE,0.5540983478228256,0.64645837034498,0.1940096680607116,0.9897360801696776,0.9987577199935912
21,0.35,28,RIGHT_ANKLE,0.4848132658572428,0.6463547462508799,0.24635036431607768,0.9878583550453186,0.9992526173591614
21,0.35,29,LEFT_HEEL,0.5502539873123173,0.6549879142216279,0.2047313693023865,0.8535732626914978,0.9975409507751464
21,0.35,30,RIGHT_HEEL,0.49328656707491236,0.6546359147344323,0.25791453179859003,0.9066988825798036,0.9983951449394226
21,0.35,31,LEFT_FOOT_INDEX,0.553769171237946,0.6641943312826617,0.07933309177557632,0.9810291528701782,0.9886752367019652
21,0.35,32,RIGHT_FOOT_INDEX,0.4654083989915398,0.6650401353836066,0.14464378924596888,0.98146253824234,0.991731345653534
22,0.366,0,NOSE,0.5225407140595577,0.3980568179062438,-0.22661178168796375,0.9999551773071288,0.9993305206298828
22,0.366,1,LEFT_EYE_INNER,0.5273100222860069,0.3925986446085433,-0.20799648903665102,0.9998236894607544,0.9983296990394592
22,0.366,2,LEFT_EYE,0.5309987976437529,0.392731226625897,-0.20804089733532513,0.9998311400413512,0.9984439015388488
22,0.366,3,LEFT_EYE_OUTER,0.5341598192850754,0.39288609652292195,-0.208033363733973,0.9998278617858888,0.9985058307647704
22,0.366,4,RIGHT_EYE_INNER,0.5162805886495685,0.3923777228309998,-0.20960481677736573,0.999786615371704,0.9980040192604064
22,0.366,5,RIGHT_EYE,0.5117414622079763,0.3924090195269815,-0.20957609656311232,0.9997698068618774,0.9977238774299622
22,0.366,6,RIGHT_EYE_OUTER,0.5068470608620421,0.3924953086035596,-0.20959693051519865,0.9997461438179016,0.9974651336669922
22,0.366,7,LEFT_EAR,0.536649814673833,0.3961299146924704,-0.09864051285244171,0.999718427658081,0.9988034963607788
22,0.366,8,RIGHT_EAR,0.4988053469430837,0.3954685514881501,-0.10588163030999055,0.9994560480117798,0.9970738887786864
22,0.366,9,MOUTH_LEFT,0.5273449733143766,0.40525136675153495,-0.18489194342068277,0.9999403357505798,0.9996711015701294
22,0.366,10,MOUTH_RIGHT,0.5148374324753175,0.405366101435253,-0.18712394861947934,0.9999223351478576,0.9995030164718628
22,0.366,11,LEFT_SHOULDER,0.5693840157418029,0.43551488007817984,-0.058703862130641965,0.9999827146530152,0.9999347925186156
22,0.366,12,RIGHT_SHOULDER,0.46225074927012166,0.4349177862916678,-0.02462403050490785,0.9998306035995485,0.9995689988136292
22,0.366,13,LEFT_ELBOW,0.5887745789119181,0.47766249378522285,-0.038387847443421705,0.9918693900108336,0.999800980091095
22,0.366,14,RIGHT_ELBOW,0.4398552974065149,0.47823202751931737,0.006199581770315005,0.9525800347328186,0.9990703463554382
22,0.366,15,LEFT_WRIST,0.5779694489070353,0.518224662258512,-0.16051913514023747,0.9936991930007936,0.9999366998672484
22,0.366,16,RIGHT_WRIST,0.4440881907939915,0.519223619075049,-0.09922760086400173,0.9557933807373048,0.998944103717804
22,0.366,17,LEFT_PINKY,0.5779908327829275,0.5321610882168729,-0.20123571157455458,0.988178551197052,0.9998137354850768
22,0.366,18,RIGHT_PINKY,0.44037727798734433,0.5332682359786266,-0.1326564415579751,0.93427175283432,0.9983905553817748
22,0.366,19,LEFT_INDEX,0.5708508009002327,0.5301448731195364,-0.23399029459272125,0.9885464310646056,0.9998595714569092
22,0.366,20,RIGHT_INDEX,0.44782649619238757,0.5310481815111074,-0.17268748510451554,0.9378843903541564,0.998534083366394
22,0.366,21,LEFT_THUMB,0.5681917894454235,0.525808575607482,-0.17515227908179884,0.9843705892562866,0.9999133348464966
22,0.366,22,RIGHT_THUMB,0.4516886046954567,0.5262072994595487,-0.1180893573023025,0.9317468404769896,0.9989475607872008
22,0.366,23,LEFT_HIP,0.5475471814473476,0.5289630776359926,-0.01825000452143805,0.999825358390808,0.9997233748435974
22,0.366,24,RIGHT_HIP,0.4859338189874381,0.5295445408139915,0.01826692248384153,0.999779224395752,0.9997319579124452
22,0.366,25,LEFT_KNEE,0.5512745352018452,0.5937954896972298,0.007904103291886169,0.9952252507209778,0.9999104738235474
22,0.366,26,RIGHT_KNEE,0.48108024966149143,0.5921910944439122,0.058645483283769534,0.9894012212753296,0.9997745156288148
22,0.366,27,LEFT_ANKLE,0.554100320452736,0.6465243782315941,0.19382565858818251,0.989810824394226,0.9987265467643738
22,0.366,28,RIGHT_ANKLE,0.48483929038047824,0.6464415561585205,0.2521071462404162,0.9877630472183228,0.999125063419342
22,0.366,29,LEFT_HEEL,0.5502853790918991,0.655055029051645,0.204495980626061,0.8542719483375549,0.9974061846733092
22,0.366,30,RIGHT_HEEL,0.4933782035396217,0.6547116154716134,0.26397678114119055,0.9055575728416444,0.9982267022132874
22,0.366,31,LEFT_FOOT_INDEX,0.5538889850888938,0.6643193137078064,0.07813350075767159,0.9810683727264404,0.988519847393036
22,0.366,32,RIGHT_FOOT_INDEX,0.4656908270858587,0.6652278729847505,0.15070469748406193,0.9812556505203248,0.9915395379066468
23,0.383,0,NOSE,0.5223806472051716,0.3980922698974613,-0.22700300386973807,0.9999558925628662,0.9994875192642212
23,0.383,1,LEFT_EYE_INNER,0.527125565778642,0.39264169335365334,-0.2083742710806076,0.9998265504837036,0.99874746799469
23,0.383,2,LEFT_EYE,0.5308224161465968,0.3927723907289054,-0.208419809029216,0.9998340010643004,0.9988301396369934
23,0.383,3,LEFT_EYE_OUTER,0.5339846100125999,0.3929228881994887,-0.2084120526200251,0.9998308420181274,0.9988734126091005
23,0.383,4,RIGHT_EYE_INNER,0.5161039517039349,0.39242578688122015,-0.20999668822402062,0.9997895956039428,0.998502254486084
23,0.383,5,RIGHT_EYE,0.5115934269768856,0.3924586872259779,-0.2099663146904538,0.9997725486755372,0.9982712268829346
23,0.383,6,RIGHT_EYE_OUTER,0.5067095274016975,0.39254333149819187,-0.20998794975734908,0.9997485876083374,0.998056709766388
23,0.383,7,LEFT_EAR,0.5364819765090947,0.3961632592337475,-0.09925507931482228,0.99972403049469,0.9990973472595216
23,0.383,8,RIGHT_EAR,0.4986538361935393,0.3955129541101913,-0.10649189282031293,0.9994628429412842,0.9977381229400636
23,0.383,9,MOUTH_LEFT,0.5272075335184738,0.40528035447711075,-0.1854233677898136,0.9999415278434752,0.9997287392616272
23,0.383,10,MOUTH_RIGHT,0.5147409524236412,0.4053963635649004,-0.18764620806489685,0.9999234676361084,0.9995964169502258
23,0.383,11,LEFT_SHOULDER,0.5692265516235719,0.4355364186423169,-0.059573884521211914,0.9999829530715942,0.999948024749756
23,0.383,12,RIGHT_SHOULDER,0.46212925939332916,0.43497849929900434,-0.025721733768780987,0.9998301863670348,0.9996222257614136
23,0.383,13,LEFT_ELBOW,0.5885265157336286,0.4776803893702375,-0.03832164424515908,0.9918787479400636,0.9998315572738647
23,0.383,14,RIGHT_ELBOW,0.4396500360398069,0.47836355368296346,0.006023628082835901,0.952214777469635,0.9991163611412048
23,0.383,15,LEFT_WRIST,0.5779380429358715,0.5182273898805896,-0.16067514958835794,0.9937529563903807,0.9999465942382812
23,0.383,16,RIGHT_WRIST,0.4433243388221381,0.5193065348125645,-0.09815283084199547,0.9554382562637328,0.9989320635795592
23,0.383,17,LEFT_PINKY,0.5779659776460562,0.5321944895244786,-0.20135309866496515,0.9882888793945312,0.9998378753662108
23,0.383,18,RIGHT_PINKY,0.43953132203647105,0.5333467523256943,-0.13153074220532468,0.933846116065979,0.9983524084091188
23,0.383,19,LEFT_INDEX,0.570781895092556,0.5301494683538169,-0.2342891671827863,0.9886517524719238,0.9998784065246582
23,0.383,20,RIGHT_INDEX,0.44675603508949313,0.5311517318089808,-0.17160403870400937,0.9375194311141968,0.9985119700431824
23,0.383,21,LEFT_THUMB,0.5681188702583317,0.5257951787539896,-0.17540571235475097,0.9845035672187804,0.9999266862869264
23,0.383,22,RIGHT_THUMB,0.4508155130204704,0.5262928122565864,-0.11705807986713598,0.9314776062965392,0.9989299178123474
23,0.383,23,LEFT_HIP,0.5475284372057239,0.528992320810046,-0.01815131484043029,0.999828040599823,0.999758780002594
23,0.383,24,RIGHT_HIP,0.48586539569355236,0.5296411173684261,0.018168794878181897,0.9997819662094116,0.9997771382331848
23,0.383,25,LEFT_KNEE,0.5512903077261794,0.593825913610913,0.007800958806737502,0.9953771233558656,0.999920129776001
23,0.383,26,RIGHT_KNEE,0.48105421662330666,0.5922923967951825,0.059372396518786785,0.9896490573883056,0.9998095631599426
23,0.383,27,LEFT_ANKLE,0.554134811673846,0.646620032333193,0.1926451602152417,0.9901266694068908,0.9989429116249084
23,0.383,28,RIGHT_ANKLE,0.4848408401012425,0.6465664165360593,0.25314016001565137,0.9880671501159668,0.9993088245391846
23,0.383,29,LEFT_HEEL,0.55035507395154,0.6551342180797037,0.20304352328890862,0.8571318984031677,0.997859537601471
23,0.383,30,RIGHT_HEEL,0.4934419648987911,0.6548246400696897,0.2650325241543,0.9072322845458984,0.998544692993164
23,0.383,31,LEFT_FOOT_INDEX,0.5540452599525457,0.6644727672849389,0.07604058299745839,0.9815667271614076,0.9893754720687866
23,0.383,32,RIGHT_FOOT_INDEX,0.46597264068467315,0.6654095110439124,0.15198246354148515,0.9816750288009644,0.9921412467956544
24,0.4,0,NOSE,0.5222132092430483,0.3981112014679685,-0.22892277652309068,0.999955415725708,0.9994561076164246
24,0.4,1,LEFT_EYE_INNER,0.5269343881379995,0.3926562496594024,-0.21028483907381712,0.999825119972229,0.9986881613731384
24,0.4,2,LEFT_EYE,0.5306396569524497,0.39278534480503663,-0.21033167626176574,0.9998326301574708,0.9987524747848512
24,0.4,3,LEFT_EYE_OUTER,0.5338095483325782,0.3929338142985393,-0.2103251644543241,0.9998294115066528,0.9987841248512268
24,0.4,4,RIGHT_EYE_INNER,0.515905380249024,0.3924486438433333,-0.21182386009466095,0.9997879266738892,0.9984915256500244
24,0.4,5,RIGHT_EYE,0.5114165090379266,0.3924876110894343,-0.2117923405908404,0.9997707009315492,0.998291552066803
24,0.4,6,RIGHT_EYE_OUTER,0.5065431623231802,0.39257836909521227,-0.21181501448154463,0.9997466206550598,0.9981157779693604
24,0.4,7,LEFT_EAR,0.5363238453865056,0.39618205172675036,-0.10124827034416659,0.9997210502624512,0.9989963173866272
24,0.4,8,RIGHT_EAR,0.4984860874357682,0.39558082677069195,-0.10802691394374495,0.9994574785232544,0.9978663325309752
24,0.4,9,MOUTH_LEFT,0.527088894730523,0.40529806557155823,-0.18742925425370552,0.999940812587738,0.9997102618217468
24,0.4,10,MOUTH_RIGHT,0.5146623338971823,0.4054208156608404,-0.18951631230967397,0.999922513961792,0.9995948672294616
24,0.4,11,LEFT_SHOULDER,0.5691147787230361,0.43555561701456746,-0.06158814384114175,0.9999828338623048,0.9999383687973022
24,0.4,12,RIGHT_SHOULDER,0.46199558320499645,0.43503730211939173,-0.026844134376872122,0.9998289346694946,0.9996459484100342
24,0.4,13,LEFT_ELBOW,0.58821927081971,0.47777252395947817,-0.038973275749456325,0.9917606711387634,0.99979966878891
24,0.4,14,RIGHT_ELBOW,0.43949412873813126,0.4784678689071115,0.006323295734113106,0.9520375728607178,0.9991511106491088
24,0.4,15,LEFT_WRIST,0.5778823438144871,0.5182653580393115,-0.16091346527848932,0.993636190891266,0.9999328851699828
24,0.4,16,RIGHT_WRIST,0.44264730527287477,0.5193705530393696,-0.09674459944168734,0.9553564786911012,0.9990583062171936
24,0.4,17,LEFT_PINKY,0.5779358631088625,0.532255263555618,-0.20142691759836123,0.9880977272987366,0.9998077750205994
24,0.4,18,RIGHT_PINKY,0.43862300969305534,0.5334128226552696,-0.13012462038369413,0.9336910843849182,0.9985507130622864
24,0.4,19,LEFT_INDEX,0.5707069465092256,0.5301736593246464,-0.23446573317050953,0.9884670376777648,0.9998537302017212
24,0.4,20,RIGHT_INDEX,0.44571226551419246,0.5312650374003824,-0.1702360844328291,0.937400221824646,0.99867981672287
24,0.4,21,LEFT_THUMB,0.5680200627871927,0.5258031941595536,-0.17570758646442786,0.9842621088027954,0.99990975856781
24,0.4,22,RIGHT_THUMB,0.44989543443634433,0.5263893178531107,-0.1157003371488481,0.9314003586769104,0.9990517497062684
24,0.4,23,LEFT_HIP,0.547429360094525,0.5290104349454249,-0.018084012149345265,0.9998294115066528,0.9997406601905824
24,0.4,24,RIGHT_HIP,0.48569266001383504,0.5297178257079357,0.01809989119924244,0.9997819066047668,0.999766170978546
24,0.4,25,LEFT_KNEE,0.5512915991601495,0.5938594426427575,0.008198317761222469,0.9953901171684264,0.9999204874038696
24,0.4,26,RIGHT_KNEE,0.4810250784669608,0.5924137404986796,0.05969473790554776,0.9895208477973938,0.9998130202293396
24,0.4,27,LEFT_ANKLE,0.5541780051730933,0.6466931076276876,0.19334847302663905,0.9901753664016724,0.998982846736908
24,0.4,28,RIGHT_ANKLE,0.4848635594050094,0.6466538877714254,0.25412150224049906,0.9879515767097472,0.9993828535079956
24,0.4,29,LEFT_HEEL,0.5504335647537599,0.6552113606816252,0.2036460176819848,0.8567574620246887,0.9979705214500428
24,0.4,30,RIGHT_HEEL,0.49351542194684395,0.6548957455725903,0.26608414735112895,0.9067637324333192,0.9987572431564332
24,0.4,31,LEFT_FOOT_INDEX,0.554177011762347,0.6646176179250087,0.07556123747712096,0.9816173315048218,0.9910266995429992
24,0.4,32,RIGHT_FOOT_INDEX,0.46629185761724246,0.6654920975367234,0.1528628362076624,0.9815710186958312,0.9941325783729552
25,0.416,0,NOSE,0.5220284745806745,0.39814476314045166,-0.23137884835402187,0.9999552369117736,0.999447762966156
25,0.416,1,LEFT_EYE_INNER,0.526714248316629,0.392686995721999,-0.21273745170661396,0.99982488155365,0.998643696308136
25,0.416,2,LEFT_EYE,0.5304239193598435,0.3928137435799557,-0.21278558032853273,0.9998326301574708,0.9987257122993468
25,0.416,3,LEFT_EYE_OUTER,0.5336130658785507,0.39295996228853897,-0.2127819685708911,0.9998295903205872,0.9987735152244568
25,0.416,4,RIGHT_EYE_INNER,0.5156709608577552,0.3924925114427298,-0.2141503500086922,0.9997872710227966,0.9984242916107178
25,0.416,5,RIGHT_EYE,0.5111869488443652,0.39254024340992916,-0.2141172800745284,0.9997700452804564,0.9982184767723083
25,0.416,6,RIGHT_EYE_OUTER,0.5063117515473143,0.3926415031864533,-0.21414067702634004,0.999746322631836,0.9980372786521912
25,0.416,7,LEFT_EAR,0.5361449321111048,0.39622076636269016,-0.10360375720830198,0.9997215270996094,0.9990018010139464
25,0.416,8,RIGHT_EAR,0.4982882340749109,0.39570008431162185,-0.10959335806823922,0.9994572401046752,0.9978041052818298
25,0.416,9,MOUTH_LEFT,0.5269430024283277,0.4053368582611996,-0.18984696836698642,0.9999405741691588,0.9997099041938782
25,0.416,10,MOUTH_RIGHT,0.5145423440706167,0.4054699951694129,-0.19172553221384697,0.9999219179153442,0.9995854496955872
25,0.416,11,LEFT_SHOULDER,0.5689951947757181,0.43563765145483513,-0.06414577116568886,0.9999825358390808,0.9999314546585084
25,0.416,12,RIGHT_SHOULDER,0.46185812637919516,0.435111319734937,-0.027320988032789432,0.99982887506485,0.9996376037597656
25,0.416,13,LEFT_ELBOW,0.5879104563168123,0.47792978088061056,-0.04018193270478931,0.9915855526924132,0.9997598528862
25,0.416,14,RIGHT_ELBOW,0.43933664617084367,0.47857492168744453,0.008514926081434528,0.9521568417549132,0.9991119503974916
25,0.416,15,LEFT_WRIST,0.5777731764884227,0.5183613896369939,-0.1613799667074568,0.9934791326522828,0.9999244213104248
25,0.416,16,RIGHT_WRIST,0.4419049705777854,0.519433838980539,-0.09232851685512639,0.9553855657577516,0.9989915490150452
25,0.416,17,LEFT_PINKY,0.5778245925903326,0.5323683647882376,-0.20167320682888956,0.9878512024879456,0.9997865557670592
25,0.416,18,RIGHT_PINKY,0.4376188913981124,0.5334800396646777,-0.12544837132805875,0.9336859583854676,0.9984363913536072
25,0.416,19,LEFT_INDEX,0.5705772780236749,0.5302690778459827,-0.23494920276460213,0.988230049610138,0.9998382329940796
25,0.416,20,RIGHT_INDEX,0.4446790360269096,0.5313808463868646,-0.1659779917626155,0.9374403357505798,0.9985641837120056
25,0.416,21,LEFT_THUMB,0.567867531662896,0.5259174988383343,-0.17629774056729824,0.9839484691619872,0.99989914894104
25,0.416,22,RIGHT_THUMB,0.4489675703502841,0.52650531133016,-0.11143443165790472,0.931526243686676,0.9989752769470216
25,0.416,23,LEFT_HIP,0.5472322021211902,0.5291425330298293,-0.018305100500583593,0.9998269081115724,0.999646782875061
25,0.416,24,RIGHT_HIP,0.4854462473165426,0.5298874122755873,0.018319583276197957,0.9997797012329102,0.9996993541717528
25,0.416,25,LEFT_KNEE,0.5512979853720897,0.593950212001801,0.007232132744753597,0.9953809380531312,0.9998886585235596
25,0.416,26,RIGHT_KNEE,0.4810039443629133,0.5926087044534234,0.060742043313525985,0.9895728826522828,0.9997692704200744
25,0.416,27,LEFT_ANKLE,0.5542581336838863,0.6469191681771057,0.19387444924740582,0.9901840090751648,0.9984992742538452
25,0.416,28,RIGHT_ANKLE,0.4849445422490442,0.6467886340050476,0.25494141167118456,0.9879207611083984,0.999044954776764
25,0.416,29,LEFT_HEEL,0.5505330335526244,0.6554050218491334,0.20400861970015946,0.8561263084411621,0.9969635605812072
25,0.416,30,RIGHT_HEEL,0.4936464712733319,0.6550428100994661,0.26680229675202166,0.9060698747634888,0.9979814291000366
25,0.416,31,LEFT_FOOT_INDEX,0.5542182269550511,0.6647521229017355,0.07418047743184228,0.9814868569374084,0.9870992302894592
25,0.416,32,RIGHT_FOOT_INDEX,0.4662302178995954,0.665617534092495,0.15335773783070705,0.9814311861991882,0.9903939366340636
26,0.433,0,NOSE,0.5218849011829927,0.3981924440179556,-0.23367312621502667,0.9999539852142334,0.99937504529953
26,0.433,1,LEFT_EYE_INNER,0.5265398990540282,0.3927416318938849,-0.215083610443842,0.9998199939727784,0.9985515475273132
26,0.433,2,LEFT_EYE,0.5302534727823172,0.3928679000763669,-0.21513199948129214,0.9998279809951782,0.9986334443092346
26,0.433,3,LEFT_EYE_OUTER,0.5334603956767495,0.3930137867019293,-0.21513015670435787,0.9998251795768738,0.9986773133277892
26,0.433,4,RIGHT_EYE_INNER,0.5154833850406471,0.3925562401612603,-0.21638160943985002,0.9997802376747132,0.9983415603637696
26,0.433,5,RIGHT_EYE,0.5109928165163318,0.39261060243561186,-0.21634833017985045,0.9997618198394777,0.9981270432472228
26,0.433,6,RIGHT_EYE_OUTER,0.5061049262682602,0.39271989180928213,-0.21637135602179042,0.9997374415397644,0.9979454874992372
26,0.433,7,LEFT_EAR,0.5359933858826051,0.3962768869740626,-0.10583001694508967,0.9997146129608154,0.9988911747932434
26,0.433,8,RIGHT_EAR,0.4981098856244773,0.39582349289031293,-0.11121747891108201,0.9994340538978576,0.9976556301116944
26,0.433,9,MOUTH_LEFT,0.526812851428986,0.4053915213970914,-0.19207658370335912,0.999939262866974,0.9996638298034668
26,0.433,10,MOUTH_RIGHT,0.5144192604791555,0.40553066276368677,-0.19376684938158317,0.9999195337295532,0.9995375871658324
26,0.433,11,LEFT_SHOULDER,0.5689141409737728,0.43576579718362757,-0.06616418702261789,0.9999821782112122,0.9999268054962158
26,0.433,12,RIGHT_SHOULDER,0.46172354051045056,0.4351958618277599,-0.02780377989013989,0.9998261332511902,0.9996402263641356
26,0.433,13,LEFT_ELBOW,0.5876777285621285,0.4781099742367158,-0.0413513384049847,0.991419792175293,0.999764621257782
26,0.433,14,RIGHT_ELBOW,0.43915267075811154,0.47869550614129974,0.01032242948366767,0.9514535069465636,0.9991604089736938
26,0.433,15,LEFT_WRIST,0.5776836162521731,0.5185620444161556,-0.16176732735974458,0.9932774901390076,0.9999278783798218
26,0.433,16,RIGHT_WRIST,0.4410922456355326,0.5194898105802994,-0.08850755365121937,0.9551170468330384,0.9990780353546144
26,0.433,17,LEFT_PINKY,0.5777238862855099,0.5325818118594947,-0.20183909648940696,0.987523078918457,0.9998067021369934
26,0.433,18,RIGHT_PINKY,0.4365871137096772,0.5335604065940498,-0.12134023507436122,0.9333556890487672,0.9986165761947632
26,0.433,19,LEFT_INDEX,0.570476719311306,0.5304748813311264,-0.23536228494984782,0.9879017472267152,0.9998483657836914
26,0.433,20,RIGHT_INDEX,0.4436946397735963,0.531498701799484,-0.1623122798545021,0.9371772408485411,0.9987201690673828
26,0.433,21,LEFT_THUMB,0.5677458899361751,0.5261478991735554,-0.17680912216504424,0.9835052490234376,0.999906063079834
26,0.433,22,RIGHT_THUMB,0.4480680752368204,0.526616874195281,-0.10779737326360889,0.9312953352928162,0.9990782737731934
26,0.433,23,LEFT_HIP,0.5469975414730259,0.5293141007423405,-0.018549879924172397,0.9998261332511902,0.9996984004974364
26,0.433,24,RIGHT_HIP,0.48516662064052807,0.5300719255492806,0.01856261278901776,0.9997790455818176,0.9997568726539612
26,0.433,25,LEFT_KNEE,0.5513046497390388,0.5940599100930355,0.007445722020098083,0.9955238699913024,0.999929904937744
26,0.433,26,RIGHT_KNEE,0.4809909434545612,0.5928390991120117,0.06201675871298427,0.9898675680160522,0.9998595714569092
26,0.433,27,LEFT_ANKLE,0.554314323834011,0.647240198793866,0.1940610465549289,0.990526556968689,0.9992871880531312
26,0.433,28,RIGHT_ANKLE,0.4850438208807087,0.6469424764315292,0.25527359900020435,0.9883421659469604,0.999601662158966
26,0.433,29,LEFT_HEEL,0.5505645842779255,0.6557054065522699,0.20403667432921285,0.8582605719566345,0.9985936284065248
26,0.433,30,RIGHT_HEEL,0.4937580355576111,0.6552373539833801,0.26686649095444476,0.9084043502807616,0.9991564750671388
26,0.433,31,LEFT_FOOT_INDEX,0.5543077957062499,0.6648463209470119,0.07329247962860837,0.9820869565010072,0.9934065341949464
26,0.433,32,RIGHT_FOOT_INDEX,0.46618310752369146,0.6657624074390962,0.15343186472143455,0.9820871353149414,0.9953782558441162
27,0.45,0,NOSE,0.5216400169190911,0.39825546599569817,-0.2363167284500033,0.999953031539917,0.9994789958000184
27,0.45,1,LEFT_EYE_INNER,0.5262756943702702,0.3928155828089944,-0.21784965622992758,0.9998152256011964,0.9987493753433228
27,0.45,2,LEFT_EYE,0.5299851128033234,0.3929412237235481,-0.2178976542892912,0.9998237490653992,0.9988086223602296
27,0.45,3,LEFT_EYE_OUTER,0.5332308042617075,0.3930867867810389,-0.21789598606881658,0.9998206496238708,0.9988355040550232
27,0.45,4,RIGHT_EYE_INNER,0.5151954321634207,0.3926386322293966,-0.21905131283260545,0.9997746348381042,0.9986032843589784
27,0.45,5,RIGHT_EYE,0.510685923553649,0.3926979771682198,-0.2190179562284835,0.9997553825378418,0.9984371066093444
27,0.45,6,RIGHT_EYE_OUTER,0.5057863876933149,0.39281209309895865,-0.21904090827419662,0.9997300505638124,0.9983002543449402
27,0.45,7,LEFT_EAR,0.5358048053014851,0.3963483245599841,-0.10859624757653195,0.99970805644989,0.9990158081054688
27,0.45,8,RIGHT_EAR,0.49790412045660515,0.395956920725959,-0.11343176946753553,0.9994189143180848,0.9981250166893004
27,0.45,9,MOUTH_LEFT,0.5266307336943494,0.4054612829571682,-0.19458811694667472,0.999937891960144,0.9997146725654602
27,0.45,10,MOUTH_RIGHT,0.5141846338907883,0.4056024154027307,-0.19617466486635673,0.999917447566986,0.9996163845062256
27,0.45,11,LEFT_SHOULDER,0.5688536564509079,0.43592705471175097,-0.06860870424480667,0.9999819397926332,0.9999359846115112
27,0.45,12,RIGHT_SHOULDER,0.46154834542955714,0.43530378739039144,-0.028864616173363857,0.9998260736465454,0.9997147917747498
27,0.45,13,LEFT_ELBOW,0.5874896049499517,0.47833752348309516,-0.043101470385278964,0.9912506937980652,0.9997777342796326
27,0.45,14,RIGHT_ELBOW,0.43895114461580953,0.47882752333368617,0.011320636607706503,0.9510040879249572,0.9992664456367492
27,0.45,15,LEFT_WRIST,0.5776250532695231,0.5188592729114355,-0.16268260989870353,0.9930541515350342,0.999921441078186
27,0.45,16,RIGHT_WRIST,0.44035182112739235,0.5195463555199764,-0.08691945920387908,0.9548604488372804,0.999143123626709
27,0.45,17,LEFT_PINKY,0.5776617839222868,0.5329068728855684,-0.20260895291964232,0.9871746897697448,0.999783217906952
27,0.45,18,RIGHT_PINKY,0.4356595263594677,0.5336481105713622,-0.11973118143422268,0.932896614074707,0.9986660480499268
27,0.45,19,LEFT_INDEX,0.570424343858447,0.5307796171733316,-0.23620465114003156,0.9875628352165222,0.999830722808838
27,0.45,20,RIGHT_INDEX,0.44284379056521866,0.5316175988742289,-0.16081808010737114,0.9367741346359252,0.9987741112709044
27,0.45,21,LEFT_THUMB,0.5676730672518417,0.5264685239110679,-0.17775551407110135,0.9830934405326844,0.9998959302902222
27,0.45,22,RIGHT_THUMB,0.44729959397088953,0.5267287634667901,-0.10622919599215197,0.930998921394348,0.9991188645362854
27,0.45,23,LEFT_HIP,0.5467588419005989,0.5295629529725943,-0.018844436055847527,0.999826967716217,0.999744951725006
27,0.45,24,RIGHT_HIP,0.4848728179931645,0.5303570088886084,0.018854240487728758,0.9997804760932922,0.9998037219047546
27,0.45,25,LEFT_KNEE,0.5513053167433971,0.5941869871956967,0.008556744549423408,0.9955984354019164,0.999929904937744
27,0.45,26,RIGHT_KNEE,0.4809855534916837,0.5930799841880804,0.0646336142505918,0.9900190234184264,0.9998699426651
27,0.45,27,LEFT_ANKLE,0.5543583659898672,0.6474897946630211,0.1964621841907503,0.9907023310661316,0.9991769194602966
27,0.45,28,RIGHT_ANKLE,0.48513842338607466,0.6470966537793483,0.2584780192091353,0.9885666370391846,0.999570906162262
27,0.45,29,LEFT_HEEL,0.550590642860958,0.6559124645732703,0.2066076624961128,0.8588665723800659,0.9983413219451904
27,0.45,30,RIGHT_HEEL,0.4938477277755742,0.6553944462821604,0.27006327538263253,0.9101184606552124,0.999075412750244
27,0.45,31,LEFT_FOOT_INDEX,0.5544312766620096,0.6649462410381868,0.07649887778929304,0.9823731780052184,0.9920732378959656
27,0.45,32,RIGHT_FOOT_INDEX,0.46606278419494673,0.6659236834162763,0.15773829392024458,0.9824531674385072,0.995005190372467
28,0.466,0,NOSE,0.5213828739665808,0.39835076814606113,-0.23894362648328163,0.9999540448188782,0.99960857629776
28,0.466,1,LEFT_EYE_INNER,0.5259807762645545,0.3929144200824559,-0.2204978189298086,0.9998192191123962,0.9990028738975524
28,0.466,2,LEFT_EYE,0.5296827583085928,0.3930394507589797,-0.22054463837827976,0.99982750415802,0.9990505576133728
28,0.466,3,LEFT_EYE_OUTER,0.5329734711419973,0.39318531609716906,-0.2205410940306529,0.999824285507202,0.9990649819374084
28,0.466,4,RIGHT_EYE_INNER,0.5148810290154961,0.3927467167377475,-0.2217820733785631,0.9997800588607788,0.9988685846328736
28,0.466,5,RIGHT_EYE,0.5103505452473963,0.3928102552890781,-0.22174926882698442,0.9997612237930298,0.9987228512763976
28,0.466,6,RIGHT_EYE_OUTER,0.5054418643315638,0.3929279872349334,-0.2217718284754528,0.9997362494468688,0.9985874891281128
28,0.466,7,LEFT_EAR,0.5355887753622878,0.39644231682732023,-0.11085971870592665,0.999713897705078,0.9991896748542786
28,0.466,8,RIGHT_EAR,0.4976546764373784,0.39609773244176627,-0.11596210691190906,0.9994348883628844,0.9983869791030884
28,0.466,9,MOUTH_LEFT,0.5264359372002743,0.40556921845390714,-0.19688707661061075,0.9999387860298156,0.999755322933197
28,0.466,10,MOUTH_RIGHT,0.5139287596657167,0.4057155208928248,-0.19863806523027888,0.9999189376831056,0.9996775388717652
28,0.466,11,LEFT_SHOULDER,0.5687598784764613,0.4361127827848711,-0.07038476140726183,0.9999819993972778,0.9999438524246216
28,0.466,12,RIGHT_SHOULDER,0.46134178411392984,0.4354514806043538,-0.03039582286562239,0.999829113483429,0.9997128844261168
28,0.466,13,LEFT_ELBOW,0.5873484384445923,0.47856866887637595,-0.04390197176308859,0.9912954568862916,0.9998156428337096
28,0.466,14,RIGHT_ELBOW,0.4386654070445473,0.4789784068153023,0.010918310399921144,0.9512727856636048,0.9992693066596984
28,0.466,15,LEFT_WRIST,0.57762113355455,0.5192206019446968,-0.1622907008443561,0.9930551052093506,0.9999321699142456
28,0.466,16,RIGHT_WRIST,0.43964093781652935,0.5196224025317606,-0.08748369238206322,0.9551633596420288,0.999117910861969
28,0.466,17,LEFT_PINKY,0.5776533739907406,0.5332857654208234,-0.20178634070214785,0.9871638417243958,0.9997983574867249
28,0.466,18,RIGHT_PINKY,0.43486529588699374,0.5337492766834446,-0.12027348613455185,0.9333330392837524,0.998577356338501
28,0.466,19,LEFT_INDEX,0.5704286524227693,0.5311634256726224,-0.23570537921928242,0.9875512719154358,0.9998472929000854
28,0.466,20,RIGHT_INDEX,0.44212148444993193,0.5317422123182393,-0.16122142260982886,0.9372188448905944,0.9987202882766724
28,0.466,21,LEFT_THUMB,0.567676254681179,0.5268804970241734,-0.17748153280644202,0.983116865158081,0.9999079704284668
28,0.466,22,RIGHT_THUMB,0.4466279220013395,0.5268420974413558,-0.10668599002418071,0.931525707244873,0.9991033673286438
28,0.466,23,LEFT_HIP,0.5465632932526729,0.5298116349038628,-0.019022283188643865,0.9998268485069276,0.999707281589508
28,0.466,24,RIGHT_HIP,0.4846393863360091,0.5306579271952316,0.019030761239784068,0.9997817277908324,0.9997698664665222
28,0.466,25,LEFT_KNEE,0.5513104654493791,0.5943517202422738,0.010477902633803196,0.9956243634223938,0.9998990297317504
28,0.466,26,RIGHT_KNEE,0.48099567634718804,0.5933076341946926,0.06782958851683707,0.9901528358459472,0.9998181462287904
28,0.466,27,LEFT_ANKLE,0.5543451479503092,0.6477516577357343,0.19885482532637477,0.9907824397087096,0.9987194538116456
28,0.466,28,RIGHT_ANKLE,0.485208650430044,0.6472319109099258,0.2640846669673922,0.988689661026001,0.9992806315422058
28,0.466,29,LEFT_HEEL,0.5505070629574009,0.6561529352551421,0.20905722606749777,0.8608779311180115,0.9973917007446288
28,0.466,30,RIGHT_HEEL,0.49391738431794346,0.6555262576966064,0.27590179443359397,0.911459982395172,0.9984365105628968
28,0.466,31,LEFT_FOOT_INDEX,0.5545552429698768,0.6651213566462205,0.07956709677264809,0.9824679493904114,0.9870772361755372
28,0.466,32,RIGHT_FOOT_INDEX,0.46597841382026717,0.6661353792463036,0.16459583597523836,0.982556402683258,0.9913890957832336
29,0.483,0,NOSE,0.5209954040391109,0.3984276311738154,-0.23838965665726453,0.999952495098114,0.99932861328125
29,0.483,1,LEFT_EYE_INNER,0.5256020398367024,0.39300020961534443,-0.21994710678146012,0.9998125433921814,0.9983147382736206
29,0.483,2,LEFT_EYE,0.5293019697779706,0.393125509931928,-0.21999412491208048,0.9998211860656738,0.998387336730957
29,0.483,3,LEFT_EYE_OUTER,0.5326410049483894,0.39327189326286355,-0.21998899323599697,0.9998178482055664,0.9984146356582642
29,0.483,4,RIGHT_EYE_INNER,0.5144881634485159,0.3928381587777822,-0.2212452008610682,0.9997724890708924,0.9981629252433776
29,0.483,5,RIGHT_EYE,0.509968513534183,0.39290349540256353,-0.22121286676043578,0.9997530579566956,0.9979695677757264
29,0.483,6,RIGHT_EYE_OUTER,0.505074642953419,0.3930203517278039,-0.22123712868917572,0.999727725982666,0.9978197813034058
29,0.483,7,LEFT_EAR,0.53534917320524,0.39651849723997606,-0.11067832687071394,0.9997037649154664,0.9986513257026672
29,0.483,8,RIGHT_EAR,0.49743029759043783,0.39618824635233235,-0.11593245679423925,0.999416172504425,0.9976599216461182
29,0.483,9,MOUTH_LEFT,0.5261458442324688,0.40565815000307026,-0.1964428325494132,0.999936819076538,0.9996442794799804
29,0.483,10,MOUTH_RIGHT,0.513592436200097,0.40580509106318197,-0.19828235535394595,0.9999162554740906,0.9995356798171996
29,0.483,11,LEFT_SHOULDER,0.5686189759345287,0.43627879733131086,-0.07051931711889449,0.9999812841415404,0.9999160766601562
29,0.483,12,RIGHT_SHOULDER,0.46113890267553825,0.4355856478214268,-0.031081120350531163,0.9998286366462708,0.9996908903121948
29,0.483,13,LEFT_ELBOW,0.5872694651285812,0.47873536319959775,-0.04355265200138092,0.9911459684371948,0.9997276663780212
29,0.483,14,RIGHT_ELBOW,0.43833567414964986,0.47909335721106805,0.010794111660548599,0.9509477019309998,0.9992455244064332
29,0.483,15,LEFT_WRIST,0.5776804146312537,0.5195527672767644,-0.1610716836793083,0.992889165878296,0.999907612800598
29,0.483,16,RIGHT_WRIST,0.4390125955854147,0.5197006889751984,-0.08742514394578482,0.9551964402198792,0.9991483688354492
29,0.483,17,LEFT_PINKY,0.5777282005264651,0.5336362549236848,-0.2000538004296168,0.9869306087493896,0.9997482895851136
29,0.483,18,RIGHT_PINKY,0.4342609672319325,0.5338254201979868,-0.12011824157975974,0.9334356188774108,0.998650848865509
29,0.483,19,LEFT_INDEX,0.5704911266054431,0.5315395934241164,-0.23427229835873575,0.9873168468475342,0.9998067021369934
29,0.483,20,RIGHT_INDEX,0.44151748078210057,0.5318497618039454,-0.16093177667685926,0.937344253063202,0.9987713694572448
29,0.483,21,LEFT_THUMB,0.5677444253649035,0.5272883432252071,-0.17636369026842585,0.982839822769165,0.999880313873291
29,0.483,22,RIGHT_THUMB,0.4460183112394246,0.5269555108887813,-0.10652205525409617,0.9317970871925354,0.9991266131401062
29,0.483,23,LEFT_HIP,0.5464492128008893,0.5300418393952511,-0.01902648150211287,0.9998260736465454,0.9996858835220336
29,0.483,24,RIGHT_HIP,0.4844889172485901,0.5309349412009834,0.019035442599228417,0.9997830390930176,0.9997816681861876
29,0.483,25,LEFT_KNEE,0.5513151713779999,0.5945442290533163,0.012151375590335701,0.995664119720459,0.9999011754989624
29,0.483,26,RIGHT_KNEE,0.48099467442149246,0.5934562966937116,0.06966371160177959,0.9902423620224,0.9998325109481812
29,0.483,27,LEFT_ANKLE,0.5543638780003507,0.6480739088285543,0.19880937039852153,0.9908583760261536,0.9987438321113586
29,0.483,28,RIGHT_ANKLE,0.4852542706898285,0.6474001776604431,0.2652703012738912,0.9887635707855223,0.9993429780006408
29,0.483,29,LEFT_HEEL,0.550425421623957,0.6565372858728687,0.20877016655036393,0.8606363534927368,0.9974710941314696
29,0.483,30,RIGHT_HEEL,0.49397892327535764,0.6556868893759598,0.2770668254012156,0.9122337102890016,0.998573899269104
29,0.483,31,LEFT_FOOT_INDEX,0.5547714715912234,0.6653562755811788,0.08074668794870382,0.9825229048728944,0.988103449344635
29,0.483,32,RIGHT_FOOT_INDEX,0.4659102473940172,0.6663650643257873,0.16707425103301102,0.9826458096504213,0.9922407865524292
30,0.5,0,NOSE,0.520595993314471,0.39850720479374874,-0.23579980149155588,0.9999520182609558,0.9994995594024658
30,0.5,1,LEFT_EYE_INNER,0.5252267207418174,0.39307149109386297,-0.21753727751118815,0.9998101592063904,0.9987898468971252
30,0.5,2,LEFT_EYE,0.5289325856027154,0.3931956433114555,-0.21758483492192784,0.9998189806938172,0.9988576173782348
30,0.5,3,LEFT_EYE_OUTER,0.5323079455466502,0.3933408700284507,-0.21758054267792487,0.9998157620429992,0.9988847374916076
30,0.5,4,RIGHT_EYE_INNER,0.5140874556132731,0.39291817375591853,-0.21868144827229655,0.9997699856758118,0.9986133575439452
30,0.5,5,RIGHT_EYE,0.5095882188706176,0.39298860799698637,-0.21864796039604023,0.9997497797012328,0.9984379410743712
30,0.5,6,RIGHT_EYE_OUTER,0.5047189763614114,0.3931103164241431,-0.21867394305410853,0.9997236132621764,0.9982726573944092
30,0.5,7,LEFT_EAR,0.5351144245692667,0.3965863131341483,-0.10928428527854742,0.9996986389160156,0.9990602135658264
30,0.5,8,RIGHT_EAR,0.4972183079946613,0.3962918931529639,-0.11406127505359198,0.9994099736213684,0.9980304837226868
30,0.5,9,MOUTH_LEFT,0.5258332263855712,0.4057425884973439,-0.19426348379680103,0.9999354481697084,0.9997102618217468
30,0.5,10,MOUTH_RIGHT,0.5132564760389786,0.4059062954925359,-0.1959560243856341,0.9999144077301024,0.999604880809784
30,0.5,11,LEFT_SHOULDER,0.5684391089848115,0.4363932098661154,-0.06977448435056777,0.999980926513672,0.9999330043792723
30,0.5,12,RIGHT_SHOULDER,0.46098992228508034,0.4356704680692586,-0.03065973546888145,0.9998283982276917,0.999677300453186
30,0.5,13,LEFT_ELBOW,0.5871119470823385,0.47890623836290314,-0.04236418594207082,0.9909197092056274,0.9997835755348206
30,0.5,14,RIGHT_ELBOW,0.437962202798753,0.47912219592503186,0.010095152116957143,0.9507651925086976,0.9991917014122008
30,0.5,15,LEFT_WRIST,0.5777082329704654,0.5198586639903846,-0.1585858329420999,0.9926795959472656,0.999921441078186
30,0.5,16,RIGHT_WRIST,0.4384272382372906,0.5197608641215739,-0.08826409954400292,0.9547319412231444,0.9989916682243348
30,0.5,17,LEFT_PINKY,0.5778098163150611,0.5339367332912632,-0.19696251267478593,0.9865739941596984,0.9997797608375548
30,0.5,18,RIGHT_PINKY,0.43369847819918717,0.5338697915985475,-0.12083411500567484,0.9327186346054076,0.9984176158905028
30,0.5,19,LEFT_INDEX,0.5705321459543142,0.5318994408562074,-0.23148244264579973,0.9869771003723145,0.9998263716697692
30,0.5,20,RIGHT_INDEX,0.44092407964524805,0.5319486033348815,-0.16142084272134885,0.9366807341575624,0.9985389709472656
30,0.5,21,LEFT_THUMB,0.5677768446150285,0.527696013450623,-0.17397594380946396,0.9824258685112,0.9998935461044312
30,0.5,22,RIGHT_THUMB,0.4453991977941426,0.5270586212476099,-0.10726031341723041,0.9311648607254028,0.9989644289016724
30,0.5,23,LEFT_HIP,0.5463284452756251,0.5302142103513087,-0.018866322668535367,0.9998251795768738,0.9997206330299376
30,0.5,24,RIGHT_HIP,0.4843078681400848,0.5311185973031185,0.01887594314203373,0.9997827410697936,0.9997838139533995
30,0.5,25,LEFT_KNEE,0.5513120094935104,0.594702439648765,0.013618344308010122,0.995659589767456,0.9999088048934937
30,0.5,26,RIGHT_KNEE,0.48094813880466325,0.5935823803856265,0.0702596704165141,0.9902986884117126,0.999841809272766
30,0.5,27,LEFT_ANKLE,0.5543717827115746,0.6483017149425694,0.19839152126085202,0.9908568263053894,0.9989570379257202
30,0.5,28,RIGHT_ANKLE,0.48529880103610856,0.6475163357598448,0.26494664663360257,0.9887951016426086,0.9994171857833862
30,0.5,29,LEFT_HEEL,0.5503220728465494,0.6568535396030977,0.20806768962315164,0.8616987466812134,0.9978981018066406
30,0.5,30,RIGHT_HEEL,0.49403856623740466,0.655745616980962,0.2768134375413261,0.9124924540519714,0.9987531900405884
30,0.5,31,LEFT_FOOT_INDEX,0.5550104464803428,0.6655353478022991,0.08124285758960823,0.9825093150138856,0.9899673461914062
30,0.5,32,RIGHT_FOOT_INDEX,0.46595705974669727,0.6665890812873846,0.16738723502272662,0.9826685786247252,0.9934048056602478
31,0.516,0,NOSE,0.5203266370864146,0.3985767818632584,-0.23214597929091704,0.9999512434005736,0.999473750591278
31,0.516,1,LEFT_EYE_INNER,0.5249331394831345,0.39312994196301443,-0.21400935309273875,0.9998070001602172,0.9986677169799804
31,0.516,2,LEFT_EYE,0.5286534059615366,0.3932517071564996,-0.21405776980377395,0.9998157024383544,0.9987228512763976
31,0.516,3,LEFT_EYE_OUTER,0.5320527837389997,0.3933947228250053,-0.2140569729464396,0.9998126029968262,0.9987395405769348
31,0.516,4,RIGHT_EYE_INNER,0.5137549837430323,0.3929882475308013,-0.21500661117689968,0.9997667074203492,0.9985307455062866
31,0.516,5,RIGHT_EYE,0.5092604699588962,0.3930663608369377,-0.21497073698611505,0.9997457265853882,0.9983627200126648
31,0.516,6,RIGHT_EYE_OUTER,0.5043979145231706,0.3931975591750375,-0.2149973816814878,0.999719500541687,0.9982195496559144
31,0.516,7,LEFT_EAR,0.5348902940750127,0.39664401184944914,-0.1066662967205048,0.9996935725212096,0.9989319443702698
31,0.516,8,RIGHT_EAR,0.49692707118533946,0.39640671724364906,-0.1107821712891261,0.9994046092033386,0.998084545135498
31,0.516,9,MOUTH_LEFT,0.5255888132821951,0.40581674519039374,-0.19097958079406208,0.9999343156814576,0.9997056126594543
31,0.516,10,MOUTH_RIGHT,0.5130306879679367,0.40600926251638536,-0.19245472550392168,0.999912977218628,0.9996163845062256
31,0.516,11,LEFT_SHOULDER,0.568260666869936,0.43650226507868123,-0.06797827425457181,0.999980628490448,0.9999322891235352
31,0.516,12,RIGHT_SHOULDER,0.46084782055446116,0.43578268374715573,-0.02914288302972199,0.9998292922973632,0.9997144341468812
31,0.516,13,LEFT_ELBOW,0.5869442110969911,0.4790436270691104,-0.0405334700785932,0.9908024668693542,0.9997612833976746
31,0.516,14,RIGHT_ELBOW,0.4375975571927574,0.4791934972717653,0.010667485451059663,0.9504290819168092,0.9992464780807496
31,0.516,15,LEFT_WRIST,0.5777291967755278,0.5201254912785127,-0.1555836910293217,0.9925414323806764,0.9999078512191772
31,0.516,16,RIGHT_WRIST,0.43787484225772716,0.5198653425489158,-0.0867269642296292,0.9546543955802916,0.9990575909614564
31,0.516,17,LEFT_PINKY,0.5779227358954299,0.5341887417293735,-0.19352211341971456,0.9863798022270204,0.9997369647026062
31,0.516,18,RIGHT_PINKY,0.4332243104775751,0.5339339687710721,-0.11911845207214361,0.932622492313385,0.9984686970710754
31,0.516,19,LEFT_INDEX,0.5705831987517226,0.532256336439224,-0.22809178914342626,0.9867841005325316,0.9997982382774352
31,0.516,20,RIGHT_INDEX,0.4404151624157319,0.5320683519045517,-0.15982412582352062,0.9366101026535034,0.9986047148704528
31,0.516,21,LEFT_THUMB,0.5678087330999834,0.528127062888373,-0.1709783325592678,0.9822220802307128,0.9998764991760254
31,0.516,22,RIGHT_THUMB,0.44483969467026885,0.5271996373221993,-0.10580243170261391,0.931246280670166,0.9990164041519164
31,0.516,23,LEFT_HIP,0.5461644785744808,0.530420425392333,-0.01883290087183316,0.9998263120651244,0.9997197985649108
31,0.516,24,RIGHT_HIP,0.48407890257381303,0.5313232683000115,0.018844239236343444,0.9997839331626892,0.9997885823249816
31,0.516,25,LEFT_KNEE,0.5513124465942387,0.5949270923932399,0.014521791910131731,0.9955814480781556,0.999887466430664
31,0.516,26,RIGHT_KNEE,0.4808939780507774,0.5937760727746151,0.07154939146268939,0.9901068806648254,0.9998082518577576
31,0.516,27,LEFT_ANKLE,0.5544427264304393,0.6487152576446539,0.19746882291067225,0.9906625747680664,0.998365581035614
31,0.516,28,RIGHT_ANKLE,0.48539138691765965,0.6477017374265768,0.2665523858297441,0.988500475883484,0.999185025691986
31,0.516,29,LEFT_HEEL,0.5503320864268717,0.6573079994746622,0.20695572169054136,0.8597267270088196,0.9966202974319458
31,0.516,30,RIGHT_HEEL,0.49411705420130814,0.6559216294969837,0.27866428522836617,0.9121355414390564,0.99821799993515
31,0.516,31,LEFT_FOOT_INDEX,0.5551302120799115,0.6657826588267377,0.08038607629991718,0.9820392727851868,0.9841736555099488
31,0.516,32,RIGHT_FOOT_INDEX,0.46585846514928947,0.6668413309823906,0.1691910056840807,0.9822587370872498,0.9907246232032776
32,0.533,0,NOSE,0.5200303878102989,0.3986531609580634,-0.22959260358696915,0.999951720237732,0.999555766582489
32,0.533,1,LEFT_EYE_INNER,0.5246481412932991,0.3931978032702495,-0.21163363116128123,0.99980890750885,0.9989036321640016
32,0.533,2,LEFT_EYE,0.5283738828840714,0.39331714879898827,-0.2116828227326985,0.9998179078102112,0.9989680051803588
32,0.533,3,LEFT_EYE_OUTER,0.5317960154442565,0.3934581591969448,-0.2116856582108,0.9998149275779724,0.9989946484565736
32,0.533,4,RIGHT_EYE_INNER,0.513424246084123,0.3930649629661019,-0.21237082495575874,0.9997689723968506,0.99873024225235
32,0.533,5,RIGHT_EYE,0.5089216658047272,0.3931476743448352,-0.21233229693912337,0.9997478723526,0.9985594153404236
32,0.533,6,RIGHT_EYE_OUTER,0.5040679942993895,0.3932836297012514,-0.21235807949588426,0.9997215270996094,0.9984014630317688
32,0.533,7,LEFT_EAR,0.5346590450831826,0.3966999990599499,-0.10491464251563667,0.9996981620788574,0.9991745352745056
32,0.533,8,RIGHT_EAR,0.4966528898193727,0.3964974028723584,-0.10787310273874376,0.999413251876831,0.998198926448822
32,0.533,9,MOUTH_LEFT,0.5253138797623775,0.4058965558097479,-0.18867010871569329,0.9999344944953918,0.9997485280036926
32,0.533,10,MOUTH_RIGHT,0.5127490531830565,0.40611549502327365,-0.18969720602035534,0.9999130964279176,0.9996386766433716
32,0.533,11,LEFT_SHOULDER,0.5680329373904642,0.4365853724025548,-0.06642739687647138,0.9999808669090272,0.9999454021453856
32,0.533,12,RIGHT_SHOULDER,0.4607502704574952,0.4359008584703722,-0.027389245551256873,0.9998317956924438,0.99970942735672
32,0.533,13,LEFT_ELBOW,0.5868081251780197,0.47911537970815427,-0.03918861775171187,0.990744173526764,0.9997915625572203
32,0.533,14,RIGHT_ELBOW,0.4372548531918302,0.4792864322662358,0.013465854782788514,0.9504252672195436,0.9992341995239258
32,0.533,15,LEFT_WRIST,0.5777810244333181,0.5203757655052916,-0.15397277616319216,0.992554485797882,0.9999274015426636
32,0.533,16,RIGHT_WRIST,0.43736889816465874,0.5199755912735353,-0.0827365514068377,0.9544512629508972,0.999016284942627
32,0.533,17,LEFT_PINKY,0.5781365264029735,0.5344308160600213,-0.1918085969629743,0.9864165782928468,0.9997820258140564
32,0.533,18,RIGHT_PINKY,0.43280657274382495,0.5340221836453397,-0.11501293416534158,0.9322742819786072,0.9983758926391602
32,0.533,19,LEFT_INDEX,0.5706873961857393,0.5326092186428257,-0.22648164346104593,0.9868241548538208,0.9998329877853394
32,0.533,20,RIGHT_INDEX,0.43999024232228634,0.5322075713248484,-0.15617560134047564,0.9362726211547852,0.998512327671051
32,0.533,21,LEFT_THUMB,0.5678672364779886,0.528530061244965,-0.16941680156049282,0.982298731803894,0.9998995065689088
32,0.533,22,RIGHT_THUMB,0.4443751218773074,0.5273447150275825,-0.10205888996521639,0.931043028831482,0.9989558458328248
32,0.533,23,LEFT_HIP,0.5459907168433784,0.5305503124282478,-0.01917849108576774,0.99982750415802,0.9997074007987976
32,0.533,24,RIGHT_HIP,0.48384523107892036,0.5314353221938729,0.019190955641014217,0.9997864961624146,0.9997705817222596
32,0.533,25,LEFT_KNEE,0.5513120322000418,0.5951860433533084,0.014806789700828823,0.995547652244568,0.9998767375946044
32,0.533,26,RIGHT_KNEE,0.48082666453861095,0.5939645625296098,0.0730834191753751,0.9900816082954408,0.999783456325531
32,0.533,27,LEFT_ANKLE,0.5545539685658051,0.6492583467846831,0.19559723493598768,0.9904971718788148,0.998149871826172
32,0.533,28,RIGHT_ANKLE,0.4855021820181896,0.6479507315726514,0.2690643994581134,0.9882912039756776,0.998976469039917
32,0.533,29,LEFT_HEEL,0.5504951647349772,0.6578702614420942,0.20484257808753437,0.8587374687194824,0.9961965084075928
32,0.533,30,RIGHT_HEEL,0.4941932573204953,0.656271256151654,0.28131901082538446,0.9112249612808228,0.9977501034736632
32,0.533,31,LEFT_FOOT_INDEX,0.5551854712622512,0.666197578112285,0.07767391346749807,0.9816223978996276,0.9823006391525269
32,0.533,32,RIGHT_FOOT_INDEX,0.4655223318508697,0.6671463279497061,0.17130068157400416,0.9818235635757446,0.988445520401001
33,0.55,0,NOSE,0.5194882977576487,0.3986880793457943,-0.2283307874486562,0.9999499320983888,0.9994407296180724
33,0.55,1,LEFT_EYE_INNER,0.5241772532463078,0.3932371210484281,-0.21047301022779394,0.9998006224632264,0.9986934065818788
33,0.55,2,LEFT_EYE,0.5278859223638267,0.3933526646523252,-0.2105224799542202,0.999810516834259,0.998754620552063
33,0.55,3,LEFT_EYE_OUTER,0.5313834292548048,0.393491747833434,-0.21052772587253954,0.9998076558113098,0.998788058757782
33,0.55,4,RIGHT_EYE_INNER,0.5128602754502074,0.39311620025407734,-0.2109043903294065,0.9997581839561462,0.9985370635986328
33,0.55,5,RIGHT_EYE,0.508318009830657,0.3932070107687091,-0.21086352921667567,0.9997356534004213,0.998357594013214
33,0.55,6,RIGHT_EYE_OUTER,0.5034860117094861,0.39335002359889837,-0.21088865115529026,0.9997082352638244,0.9982158541679382
33,0.55,7,LEFT_EAR,0.5343801691418608,0.3967388016836987,-0.1041212766653016,0.9996869564056396,0.9989804625511168
33,0.55,8,RIGHT_EAR,0.49627325506437436,0.3966188601085121,-0.10553072676772166,0.999380886554718,0.9980123043060304
33,0.55,9,MOUTH_LEFT,0.5249235942250211,0.40593820526486385,-0.18750635995751352,0.9999321103096008,0.9997005462646484
33,0.55,10,MOUTH_RIGHT,0.5122271407218211,0.4061878820260369,-0.18803123065403543,0.9999090433120728,0.9995959401130676
33,0.55,11,LEFT_SHOULDER,0.5678166661943713,0.4366628485066554,-0.06560252358516058,0.9999807476997375,0.9999394416809082
33,0.55,12,RIGHT_SHOULDER,0.4606191487539386,0.4360705174150925,-0.025770929154185974,0.9998291730880736,0.9997135996818542
33,0.55,13,LEFT_ELBOW,0.5866626444317051,0.4791954486143026,-0.0392179710879212,0.9906201958656312,0.9997840523719788
33,0.55,14,RIGHT_ELBOW,0.4369685749212905,0.47944130642073535,0.01666779217443294,0.9496684074401855,0.9992824196815492
33,0.55,15,LEFT_WRIST,0.5779072443644211,0.5205948608262203,-0.15444622224285504,0.9923440217971802,0.9999182224273682
33,0.55,16,RIGHT_WRIST,0.43702313162031664,0.5200953568731039,-0.07891843396992917,0.9543278813362122,0.9992092251777648
33,0.55,17,LEFT_PINKY,0.5784745386668619,0.5346722631227407,-0.19242287888413398,0.986077606678009,0.999772608280182
33,0.55,18,RIGHT_PINKY,0.4325124294984912,0.5341353529975532,-0.11128939652726771,0.9320263266563416,0.998752236366272
33,0.55,19,LEFT_INDEX,0.5709095852715633,0.5329262926464994,-0.2270852270580475,0.9864945411682128,0.9998181462287904
33,0.55,20,RIGHT_INDEX,0.4397313765117104,0.532354022775378,-0.1526594169083097,0.936074674129486,0.9988312125205994
33,0.55,21,LEFT_THUMB,0.5680115790594197,0.5288424236433851,-0.1698926545324781,0.9818927645683287,0.9998898506164552
33,0.55,22,RIGHT_THUMB,0.4440987777142302,0.5274939423515688,-0.09836975236733761,0.930868685245514,0.9991679191589355
33,0.55,23,LEFT_HIP,0.5457508535612202,0.5306462390082227,-0.019739603357655622,0.9998282194137572,0.9997500777244568
33,0.55,24,RIGHT_HIP,0.4835741236096341,0.5315289610908149,0.019750810716123793,0.9997860789299012,0.999800145626068
33,0.55,25,LEFT_KNEE,0.5513168772061672,0.5954189272153951,0.015248848347082006,0.9955869317054749,0.9999330043792723
33,0.55,26,RIGHT_KNEE,0.4807778469153817,0.5941264686130348,0.07445355185440611,0.99006849527359,0.999869465827942
33,0.55,27,LEFT_ANKLE,0.5546692780085978,0.6496996964727135,0.1957702118726005,0.9905989766120912,0.9992008805274964
33,0.55,28,RIGHT_ANKLE,0.4856752923556741,0.6482154443150481,0.2706216318266735,0.98841392993927,0.9996185302734376
33,0.55,29,LEFT_HEEL,0.5507476783934099,0.6582606264523103,0.20503610230627528,0.8564422130584717,0.9983776807785034
33,0.55,30,RIGHT_HEEL,0.4943705811387021,0.6566631197929389,0.2828258928798496,0.9121057391166688,0.9991770386695862
33,0.55,31,LEFT_FOOT_INDEX,0.5551032225290939,0.6666581942921599,0.07701235548371362,0.9818278551101683,0.9926504492759703
33,0.55,32,RIGHT_FOOT_INDEX,0.46507838652247513,0.6674518414906099,0.1718849369457791,0.9821290373802184,0.9955937266349792
34,0.566,0,NOSE,0.5189205720311124,0.39876112483796655,-0.2297409538711822,0.9999481439590454,0.9994335770606996
34,0.566,1,LEFT_EYE_INNER,0.5236509868076874,0.3933105142343616,-0.211855620855377,0.999791979789734,0.9986770749092102
34,0.566,2,LEFT_EYE,0.5273083505176367,0.39342151085535715,-0.2119046690918152,0.9998028874397278,0.9987378716468812
34,0.566,3,LEFT_EYE_OUTER,0.5309010630562196,0.3935626489775525,-0.21191150020985394,0.999800145626068,0.9987720847129822
34,0.566,4,RIGHT_EYE_INNER,0.512255381970179,0.3931987597828823,-0.21214629000141522,0.9997462630271912,0.9985151886940002
34,0.566,5,RIGHT_EYE,0.5076521379607069,0.3932963581312274,-0.21210372447967543,0.999721884727478,0.9983273148536682
34,0.566,6,RIGHT_EYE_OUTER,0.502831183728718,0.39344587922096286,-0.21212630612509606,0.9996928572654724,0.9981891512870787
34,0.566,7,LEFT_EAR,0.534018544923692,0.3968187726679306,-0.10486882179975514,0.9996762871742249,0.998955011367798
34,0.566,8,RIGHT_EAR,0.4958057034583323,0.39677602194604455,-0.1052829218762262,0.9993430972099304,0.9980108141899108
34,0.566,9,MOUTH_LEFT,0.5245068811234979,0.40602790032114333,-0.188558992175829,0.9999299645423888,0.9996947050094604
34,0.566,10,MOUTH_RIGHT,0.5116277478990106,0.4062995314598087,-0.18879337821687986,0.999904990196228,0.9995798468589784
34,0.566,11,LEFT_SHOULDER,0.5674723585446682,0.4367449198450365,-0.06561242611635303,0.9999806880950928,0.9999390840530396
34,0.566,12,RIGHT_SHOULDER,0.4604510012127108,0.4362687936850961,-0.025132984189050498,0.9998266696929932,0.9997100234031676
34,0.566,13,LEFT_ELBOW,0.5864580387160897,0.4792723655700688,-0.03948138973542618,0.9906142950057985,0.9997765421867372
34,0.566,14,RIGHT_ELBOW,0.43672995907919787,0.4796359822863629,0.019886597857943583,0.948762059211731,0.9992750287055968
34,0.566,15,LEFT_WRIST,0.5781096532231291,0.5207785282816211,-0.15490365170297182,0.9922285676002502,0.9999122619628906
34,0.566,16,RIGHT_WRIST,0.4367199071816039,0.5202551569257468,-0.07452988234304252,0.954138159751892,0.9991618394851683
34,0.566,17,LEFT_PINKY,0.5788744177137108,0.534882661842165,-0.19283147723901853,0.9858865141868592,0.9997532963752748
34,0.566,18,RIGHT_PINKY,0.4322492508661183,0.5342988740830199,-0.10687264871029634,0.9316332936286926,0.998671531677246
34,0.566,19,LEFT_INDEX,0.5712334485281086,0.5332187612851466,-0.22775493207431996,0.9863042235374452,0.9998032450675964
34,0.566,20,RIGHT_INDEX,0.439479639132818,0.532554373854683,-0.1485672536350433,0.9357261657714844,0.9987530708312988
34,0.566,21,LEFT_THUMB,0.5682340463002529,0.5291029952821282,-0.17047587746665605,0.981675624847412,0.9998812675476074
34,0.566,22,RIGHT_THUMB,0.4438209335009261,0.5276986105101454,-0.09412182512737463,0.9306055307388306,0.999104917049408
34,0.566,23,LEFT_HIP,0.545394292899541,0.5306702880632315,-0.020350630794252624,0.9998289346694946,0.999742329120636
34,0.566,24,RIGHT_HIP,0.4831834776060926,0.5315679453668145,0.020360718791683493,0.999785542488098,0.9997945427894592
34,0.566,25,LEFT_KNEE,0.5513213418778924,0.5956217873664135,0.014963832107328223,0.9955928921699524,0.999924898147583
34,0.566,26,RIGHT_KNEE,0.4807461031845642,0.5942418518520542,0.0750828062494596,0.9900276064872742,0.999858021736145
34,0.566,27,LEFT_ANKLE,0.5547877408209306,0.6499906437737608,0.1954000613519125,0.9906335473060608,0.9991027116775512
34,0.566,28,RIGHT_ANKLE,0.48588031530380293,0.6484328281311768,0.27172613285836744,0.9884918928146362,0.9995817542076112
34,0.566,29,LEFT_HEEL,0.5509623970304222,0.6585056980450954,0.2045532904920125,0.8536122441291809,0.9981786012649536
34,0.566,30,RIGHT_HEEL,0.4946127590678991,0.6570174126398003,0.2838379953588761,0.9130305051803588,0.999091863632202
34,0.566,31,LEFT_FOOT_INDEX,0.5549977109545758,0.6670637982232236,0.07497091378484455,0.98192036151886,0.991668701171875
34,0.566,32,RIGHT_FOOT_INDEX,0.4646593587739131,0.6676726908910848,0.17133003047534412,0.9823758602142334,0.9950746893882751
35,0.583,0,NOSE,0.5183124116488871,0.39882770038786425,-0.23458965619405125,0.9999472498893738,0.9994829893112184
35,0.583,1,LEFT_EYE_INNER,0.5230826224599571,0.3933873290107367,-0.21661641980920537,0.9997863173484802,0.998748779296875
35,0.583,2,LEFT_EYE,0.5266834582601279,0.39349441017423387,-0.2166657199462257,0.9997982382774352,0.998818337917328
35,0.583,3,LEFT_EYE_OUTER,0.5303676468985425,0.39363968940008287,-0.21667430585338973,0.9997951984405518,0.998853087425232
35,0.583,4,RIGHT_EYE_INNER,0.5116373641150342,0.3932798802852634,-0.21665903713021975,0.9997386932373048,0.9985716342926024
35,0.583,5,RIGHT_EYE,0.5069897373517359,0.39338115993000244,-0.21661663835956954,0.9997140169143676,0.998388171195984
35,0.583,6,RIGHT_EYE_OUTER,0.5021747180393769,0.39353375775473487,-0.2166383890878588,0.9996834993362428,0.9982372522354126
35,0.583,7,LEFT_EAR,0.5336230085009626,0.39689991161936844,-0.10844233064424427,0.999667465686798,0.9990280866622924
35,0.583,8,RIGHT_EAR,0.4953216825212755,0.3969162773518339,-0.10734181851148614,0.9993194341659546,0.9980225563049316
35,0.583,9,MOUTH_LEFT,0.5240381984483633,0.40611200815155424,-0.19288329780101787,0.999928057193756,0.9997181296348572
35,0.583,10,MOUTH_RIGHT,0.5109900207746602,0.4063932654403508,-0.19269763926665004,0.9999018311500548,0.9996045231819152
35,0.583,11,LEFT_SHOULDER,0.5670716819309058,0.436811684142976,-0.06765455255905792,0.9999805092811584,0.9999396800994872
35,0.583,12,RIGHT_SHOULDER,0.46025846543766247,0.43640929460525546,-0.025340306616964754,0.9998255968093872,0.9996966123580932
35,0.583,13,LEFT_ELBOW,0.5862693673088443,0.4793312123843606,-0.040601092435064726,0.9906120896339417,0.9998008608818054
35,0.583,14,RIGHT_ELBOW,0.43654553805078816,0.4798075528371906,0.022239228533137374,0.9485522508621216,0.99927419424057
35,0.583,15,LEFT_WRIST,0.5783716837565109,0.5209346016248072,-0.15633613651707068,0.9921764135360718,0.9999223947525024
35,0.583,16,RIGHT_WRIST,0.4365175948256542,0.5204280302638105,-0.07165665960028061,0.9540774822235109,0.9991851449012756
35,0.583,17,LEFT_PINKY,0.5793398192950663,0.5350598550978165,-0.19423062602678948,0.9857683181762696,0.9997802376747132
35,0.583,18,RIGHT_PINKY,0.43204912827128494,0.5344821413358057,-0.10407354505289176,0.931408941745758,0.9987313151359558
35,0.583,19,LEFT_INDEX,0.5716180716242114,0.5334656295322242,-0.22963977427709692,0.986192524433136,0.9998255372047424
35,0.583,20,RIGHT_INDEX,0.4392506764048626,0.532775739828746,-0.14594856117452903,0.9355169534683228,0.9988202452659608
35,0.583,21,LEFT_THUMB,0.5685045208249778,0.529313445091248,-0.1721084344954719,0.9815665483474731,0.9998935461044312
35,0.583,22,RIGHT_THUMB,0.44355623636926966,0.5279346477417723,-0.09132501660358341,0.930427312850952,0.9991549253463744
35,0.583,23,LEFT_HIP,0.5450140181041904,0.530682660284497,-0.02096153024051866,0.9998283982276917,0.9997336268424988
35,0.583,24,RIGHT_HIP,0.4827213230587192,0.5315966407457993,0.0209689584693738,0.999785304069519,0.9997808337211608
35,0.583,25,LEFT_KNEE,0.5513012011845911,0.595802525679271,0.01356810517609116,0.995612859725952,0.9999268054962158
35,0.583,26,RIGHT_KNEE,0.48070848271960354,0.5942759258406509,0.07658339504684725,0.9901852011680604,0.9998642206192015
35,0.583,27,LEFT_ANKLE,0.5548948390143262,0.6501544855889826,0.19999989157631298,0.990727424621582,0.9991876482963562
35,0.583,28,RIGHT_ANKLE,0.48609610682442117,0.648552216234662,0.27927994728088407,0.9886978268623352,0.9995608925819396
35,0.583,29,LEFT_HEEL,0.5511126291184203,0.6585937965483899,0.20994847374303013,0.8534570932388306,0.9983726143836976
35,0.583,30,RIGHT_HEEL,0.4948681082044334,0.6572160664058873,0.2920253688380834,0.913864254951477,0.9990509152412416
35,0.583,31,LEFT_FOOT_INDEX,0.554931004842123,0.6673358196303965,0.07804400970538458,0.9821179509162904,0.9922534823417664
35,0.583,32,RIGHT_FOOT_INDEX,0.46434835167158256,0.6677802460534239,0.1780325777473905,0.9827074408531188,0.9947534799575806
36,0.6,0,NOSE,0.5179094870885218,0.39890275256974395,-0.2393242879992441,0.9999473094940186,0.999556005001068
36,0.6,1,LEFT_EYE_INNER,0.522657366026016,0.3934645198640373,-0.2212211156175252,0.999785304069519,0.9989959597587584
36,0.6,2,LEFT_EYE,0.5262145002683009,0.3935690990516121,-0.22127009076731563,0.999797821044922,0.9990511536598206
36,0.6,3,LEFT_EYE_OUTER,0.529951739878882,0.39371938790593863,-0.22127938767274238,0.9997948408126832,0.9990843534469604
36,0.6,4,RIGHT_EYE_INNER,0.5112126781826932,0.39335478771300575,-0.2211803488788152,0.999735951423645,0.998843550682068
36,0.6,5,RIGHT_EYE,0.5065472126007085,0.39345832949592985,-0.2211380090032307,0.9997106194496156,0.9986838698387146
36,0.6,6,RIGHT_EYE_OUTER,0.5017238685062958,0.3936137287389668,-0.22115838243847818,0.9996793270111084,0.9985559582710266
36,0.6,7,LEFT_EAR,0.5332577483994625,0.39698296217691365,-0.11187359371355605,0.9996678829193116,0.9992425441741944
36,0.6,8,RIGHT_EAR,0.49494472146034285,0.39704128390266813,-0.11001296128545496,0.9993074536323548,0.9983826875686646
36,0.6,9,MOUTH_LEFT,0.5236731228374304,0.406194620189213,-0.19716243942578648,0.99992835521698,0.9997643828392028
36,0.6,10,MOUTH_RIGHT,0.5105505386988327,0.40647743003709014,-0.1968126651786624,0.9999013543128968,0.9996633529663086
36,0.6,11,LEFT_SHOULDER,0.5666513556525825,0.43688132933207957,-0.0695124669443994,0.9999810457229614,0.9999569654464722
36,0.6,12,RIGHT_SHOULDER,0.4600662475540528,0.4365053574244185,-0.025406835512036315,0.9998269081115724,0.9997389912605286
36,0.6,13,LEFT_ELBOW,0.5860758168356766,0.47940159269741645,-0.04121816087336764,0.9906421899795532,0.999822199344635
36,0.6,14,RIGHT_ELBOW,0.43637186005002015,0.4799511688096187,0.023176142058911747,0.9481459856033324,0.999300479888916
36,0.6,15,LEFT_WRIST,0.578711126531874,0.5211100833756588,-0.15710566228344336,0.9920774102211,0.9999256134033204
36,0.6,16,RIGHT_WRIST,0.4363232567196804,0.5206174538249067,-0.07149462543782736,0.9540181756019592,0.9992247819900512
36,0.6,17,LEFT_PINKY,0.5799008011817938,0.5352030538377313,-0.19495473092510598,0.9855720400810242,0.9997878670692444
36,0.6,18,RIGHT_PINKY,0.43184231292633823,0.5346717834472661,-0.10410687327384954,0.9311513900756836,0.9987866282463074
36,0.6,19,LEFT_INDEX,0.5720739137558715,0.5336643741244366,-0.23088904931431747,0.9860064387321472,0.9998270869255066
36,0.6,20,RIGHT_INDEX,0.43899581403959403,0.5330019763537821,-0.14587530848525831,0.9352911710739136,0.998849391937256
36,0.6,21,LEFT_THUMB,0.5688434839248663,0.5294990653083443,-0.1730832173710779,0.9813485145568848,0.9998964071273804
36,0.6,22,RIGHT_THUMB,0.443248645180748,0.52818037498565,-0.09114806495961691,0.9301875233650208,0.9991764426231384
36,0.6,23,LEFT_HIP,0.5446279588199803,0.5307628029868721,-0.021428452449895045,0.9998320937156676,0.9998013377189636
36,0.6,24,RIGHT_HIP,0.4822514823504861,0.5316751996676132,0.021432034139122223,0.9997871518135072,0.9998087286949158
36,0.6,25,LEFT_KNEE,0.5512604457991469,0.5959929114296327,0.012065184125233205,0.9956989884376526,0.999946117401123
36,0.6,26,RIGHT_KNEE,0.480649916898637,0.5943244724046621,0.07779562757128763,0.9902732372283936,0.9998764991760254
36,0.6,27,LEFT_ANKLE,0.554979040509179,0.6501080847921832,0.20723299043519172,0.9909031987190248,0.99934321641922
36,0.6,28,RIGHT_ANKLE,0.4863336767469138,0.6485857026917601,0.28684236464046325,0.9888753890991212,0.999668836593628
36,0.6,29,LEFT_HEEL,0.5511865729377388,0.6584221947760815,0.2183126771733876,0.8526422381401062,0.9986929297447203
36,0.6,30,RIGHT_HEEL,0.49514133163860913,0.6572233835856125,0.3002599860940663,0.9146196246147156,0.9993090629577636
36,0.6,31,LEFT_FOOT_INDEX,0.5547531530970624,0.6673662747655602,0.08451987270798006,0.982479214668274,0.9938341379165648
36,0.6,32,RIGHT_FOOT_INDEX,0.4642785943689805,0.6678632157189511,0.1852172421557564,0.9830944538116456,0.9962782263755798
37,0.616,0,NOSE,0.5177451343763447,0.3989979113851278,-0.24354802284921936,0.9999467730522156,0.9993677735328674
37,0.616,1,LEFT_EYE_INNER,0.522412050338019,0.3935512474605019,-0.22520547182787048,0.999781847000122,0.9985647797584534
37,0.616,2,LEFT_EYE,0.5259578142847339,0.3936530465171454,-0.22525434621742807,0.9997950792312622,0.9986616373062134
37,0.616,3,LEFT_EYE_OUTER,0.5297022291592194,0.39380655686060617,-0.22526399223577426,0.9997925162315368,0.9987295269966124
37,0.616,4,RIGHT_EYE_INNER,0.5109728517986485,0.39343673132714807,-0.22538025322414595,0.9997283816337584,0.9983009696006776
37,0.616,5,RIGHT_EYE,0.5062825935227535,0.39353775694256765,-0.22533823691663304,0.9997017979621888,0.9980483055114746
37,0.616,6,RIGHT_EYE_OUTER,0.5014358815692725,0.3936913084416166,-0.22535653554257906,0.999669075012207,0.9978475570678712
37,0.616,7,LEFT_EAR,0.5329348019191202,0.3970459359032771,-0.11449575637068073,0.9996658563613892,0.9989858269691468
37,0.616,8,RIGHT_EAR,0.49455955340748786,0.39711232128597473,-0.11323400657801408,0.999278724193573,0.9975740313529968
37,0.616,9,MOUTH_LEFT,0.5234395407495049,0.40629343191782674,-0.20086526870727556,0.9999290108680724,0.9997021555900574
37,0.616,10,MOUTH_RIGHT,0.5103477438290919,0.4065817793210351,-0.20077014679000507,0.9999006390571594,0.999542236328125
37,0.616,11,LEFT_SHOULDER,0.5663172091756553,0.43694992576326686,-0.07084777454535172,0.9999815821647644,0.999954104423523
37,0.616,12,RIGHT_SHOULDER,0.45983497159821685,0.4365852262292593,-0.026406148448586422,0.999825119972229,0.9996578693389891
37,0.616,13,LEFT_ELBOW,0.5859163204828903,0.47946774391900965,-0.04108887307700653,0.9907710552215576,0.9998212456703186
37,0.616,14,RIGHT_ELBOW,0.43623378021376513,0.4801077346007034,0.022237749149401957,0.947660505771637,0.999189794063568
37,0.616,15,LEFT_WRIST,0.5790410637855534,0.5213323065212799,-0.1568592141071956,0.9921388030052184,0.999931812286377
37,0.616,16,RIGHT_WRIST,0.43617581185840465,0.520863825366611,-0.07222313753196172,0.9539239406585692,0.9991301894187928
37,0.616,17,LEFT_PINKY,0.5804419489133931,0.535387413842338,-0.1947032404797419,0.9856540560722352,0.9998020529747008
37,0.616,18,RIGHT_PINKY,0.43172374793461427,0.534884407406762,-0.10494186587276919,0.9308959245681764,0.9986634254455566
37,0.616,19,LEFT_INDEX,0.572510197049096,0.5338918907301771,-0.2308860854023981,0.9860868453979492,0.9998390674591064
37,0.616,20,RIGHT_INDEX,0.438796155509495,0.5332484245300297,-0.14677355332033987,0.9350684881210328,0.9987297654151917
37,0.616,21,LEFT_THUMB,0.5691630244255071,0.5297119078182043,-0.17292095365978435,0.9814503192901612,0.9999043941497804
37,0.616,22,RIGHT_THUMB,0.44297153892971264,0.5284657024201898,-0.09192363279206416,0.9299665093421936,0.9990794658660888
37,0.616,23,LEFT_HIP,0.5441984250431974,0.5308631715320411,-0.02144943647796195,0.9998363852500916,0.999811351299286
37,0.616,24,RIGHT_HIP,0.48172297364189554,0.5317641979172121,0.02145260297471563,0.9997898936271667,0.9998050332069396
37,0.616,25,LEFT_KNEE,0.5512081952322102,0.5961778759956365,0.012098423870546413,0.9958233833312988,0.9999462366104126
37,0.616,26,RIGHT_KNEE,0.4805267013254624,0.5943848405565539,0.07815311175017134,0.9904282093048096,0.9998596906661988
37,0.616,27,LEFT_ANKLE,0.5550614283198407,0.650078679834094,0.2133958375170119,0.9911098480224608,0.9993409514427184
37,0.616,28,RIGHT_ANKLE,0.48654072199549037,0.6486234636533834,0.2921732990514667,0.9891022443771362,0.9996417760849
37,0.616,29,LEFT_HEEL,0.5512337202117562,0.6582777670451578,0.22502011628378024,0.8517889380455017,0.998722493648529
37,0.616,30,RIGHT_HEEL,0.4953347614833291,0.6572294490677977,0.3061732919443223,0.9153257012367249,0.9992758631706238
37,0.616,31,LEFT_FOOT_INDEX,0.5550485849380498,0.6673257379304801,0.09009356406472982,0.9829121232032776,0.9939824938774108
37,0.616,32,RIGHT_FOOT_INDEX,0.4643196406818576,0.6679146062760132,0.19048979807467703,0.9835484027862548,0.995984435081482
38,0.633,0,NOSE,0.517516658419655,0.39908642002514466,-0.24718595970244656,0.9999458193778992,0.9994137287139891
38,0.633,1,LEFT_EYE_INNER,0.5221778892335442,0.3936339517434442,-0.22868029915151156,0.9997764825820924,0.9986847043037416
38,0.633,2,LEFT_EYE,0.5257000951539907,0.39373367740994447,-0.22872816593874085,0.9997907280921936,0.998773157596588
38,0.633,3,LEFT_EYE_OUTER,0.5294429603077122,0.39389038227853357,-0.22873625088305719,0.9997883439064026,0.9988316893577576
38,0.633,4,RIGHT_EYE_INNER,0.5107284330186395,0.39350878624689045,-0.2290509165752503,0.9997197985649108,0.9984495639801024
38,0.633,5,RIGHT_EYE,0.5060135722160344,0.3936024251438326,-0.2290094956046061,0.9996920824050904,0.998224437236786
38,0.633,6,RIGHT_EYE_OUTER,0.5011731442951025,0.3937487105528517,-0.22902698247205658,0.9996572136878968,0.998043179512024
38,0.633,7,LEFT_EAR,0.5326349479811537,0.3971018180960705,-0.11710967407340099,0.9996602535247804,0.9990540146827698
38,0.633,8,RIGHT_EAR,0.4942582505089901,0.3971265213830134,-0.1166165112739518,0.9992472529411316,0.9977693557739258
38,0.633,9,MOUTH_LEFT,0.5231688590276814,0.4063829211961659,-0.2042129848684585,0.9999281764030457,0.9997172951698304
38,0.633,10,MOUTH_RIGHT,0.5100822477113638,0.40667444893292054,-0.20437548557917293,0.9998980164527892,0.9995818734169006
38,0.633,11,LEFT_SHOULDER,0.5660349244163155,0.43703392715681205,-0.07240566043626698,0.9999818205833436,0.9999507665634156
38,0.633,12,RIGHT_SHOULDER,0.45956724740210075,0.4366498632090436,-0.02855490352071463,0.9998222589492798,0.9996811151504515
38,0.633,13,LEFT_ELBOW,0.5858153530529573,0.4795524634066086,-0.04157132495726856,0.9908296465873718,0.9998143315315248
38,0.633,14,RIGHT_ELBOW,0.4360606542655404,0.48022392675990194,0.019284847680301875,0.946771800518036,0.9992031455039978
38,0.633,15,LEFT_WRIST,0.5793460948126662,0.5215627551078801,-0.1574942228339968,0.9921147227287292,0.9999282360076904
38,0.633,16,RIGHT_WRIST,0.4360656199001135,0.5210921253476829,-0.07561681206737245,0.9535411596298218,0.999129831790924
38,0.633,17,LEFT_PINKY,0.5810377938406813,0.5355831583340968,-0.19532864647252232,0.9855836033821106,0.9998005032539368
38,0.633,18,RIGHT_PINKY,0.431670100916,0.5350829391252432,-0.10862353053830925,0.9303898215293884,0.9986975193023682
38,0.633,19,LEFT_INDEX,0.5729039481707987,0.5341298182805385,-0.23189022995176792,0.9860206842422484,0.9998382329940796
38,0.633,20,RIGHT_INDEX,0.43868501555352024,0.5334710847763793,-0.15045565437702918,0.9346348643302916,0.9987627267837524
38,0.633,21,LEFT_THUMB,0.5694543265161065,0.5299467898550493,-0.17370898879709712,0.9813661575317384,0.999902367591858
38,0.633,22,RIGHT_THUMB,0.4427819237822582,0.5287159880002344,-0.09538092854477112,0.929504096508026,0.9991043210029602
38,0.633,23,LEFT_HIP,0.5438055339313694,0.5310383467447195,-0.02130254216137383,0.999837040901184,0.999760925769806
38,0.633,24,RIGHT_HIP,0.481269376618522,0.5319207566125057,0.02130671058382301,0.999789297580719,0.9997758269309998
38,0.633,25,LEFT_KNEE,0.5511552606310168,0.5964311247780215,0.01342810956495144,0.9959401488304138,0.9999507665634156
38,0.633,26,RIGHT_KNEE,0.480344082627978,0.5944528153964457,0.0789403319358826,0.9906365275382996,0.9998785257339478
38,0.633,27,LEFT_ANKLE,0.5551348129908249,0.6501586068244214,0.2163598658073518,0.9913733601570128,0.999439299106598
38,0.633,28,RIGHT_ANKLE,0.4866886238257095,0.6486935842604871,0.2958247363567355,0.9894017577171326,0.9997181296348572
38,0.633,29,LEFT_HEEL,0.5512509544690455,0.6582828533081787,0.22784846595355462,0.851932168006897,0.9988829493522644
38,0.633,30,RIGHT_HEEL,0.4955259618305029,0.6573110052517488,0.31010726519993403,0.9167653322219848,0.9994043111801147
38,0.633,31,LEFT_FOOT_INDEX,0.5557941198349003,0.667363950184414,0.09257124009586522,0.9834222197532654,0.9948028326034546
38,0.633,32,RIGHT_FOOT_INDEX,0.4642546829723181,0.6679687471616842,0.19444519990966452,0.9840737581253052,0.9966423511505128
39,0.65,0,NOSE,0.5172187827882317,0.3991714318593347,-0.24827309591429592,0.999946355819702,0.9995959401130676
39,0.65,1,LEFT_EYE_INNER,0.521922818252019,0.3937062237943926,-0.22971209883689897,0.9997782707214355,0.9990320205688475
39,0.65,2,LEFT_EYE,0.5254192664509734,0.3938038136277884,-0.22975884590830137,0.9997923970222472,0.9990910291671752
39,0.65,3,LEFT_EYE_OUTER,0.5291652594293872,0.3939618964989984,-0.22976419116769536,0.9997895956039428,0.9991187453269958
39,0.65,4,RIGHT_EYE_INNER,0.5104377723875505,0.3935736247471404,-0.23030993129525879,0.9997224807739258,0.9988666772842408
39,0.65,5,RIGHT_EYE,0.5056841714041578,0.39366117829368263,-0.2302694590318773,0.999694049358368,0.9987037181854248
39,0.65,6,RIGHT_EYE_OUTER,0.5008620108876913,0.3938021588893167,-0.2302877172118143,0.9996578693389891,0.998555600643158
39,0.65,7,LEFT_EAR,0.5323572442645124,0.39715264808563994,-0.11813485054742728,0.9996615052223206,0.9992687106132508
39,0.65,8,RIGHT_EAR,0.4939018871103019,0.397145958173843,-0.11882151734261291,0.9992550611495972,0.998339056968689
39,0.65,9,MOUTH_LEFT,0.5228617304847358,0.4064721848283499,-0.2053763830945607,0.99992835521698,0.9997795224189758
39,0.65,10,MOUTH_RIGHT,0.5097371737162277,0.4067789472284775,-0.2058829828387217,0.9998982548713684,0.9996722936630248
39,0.65,11,LEFT_SHOULDER,0.5657500369208204,0.43713130695479296,-0.07314861140080864,0.9999819993972778,0.999958634376526
39,0.65,12,RIGHT_SHOULDER,0.45924205865178824,0.4367194459551861,-0.031016106584242382,0.9998257756233216,0.9997348189353944
39,0.65,13,LEFT_ELBOW,0.5857365585508807,0.4796481515680045,-0.041948084497735606,0.9909119606018066,0.9998403787612916
39,0.65,14,RIGHT_ELBOW,0.4358245545909522,0.48032242911202605,0.015363855065689191,0.946771502494812,0.9992682337760924
39,0.65,15,LEFT_WRIST,0.5796314392771045,0.5217859773408804,-0.15802878921940222,0.992212414741516,0.9999381303787231
39,0.65,16,RIGHT_WRIST,0.43599556883176205,0.5212962854476206,-0.07978733841861997,0.9532160758972168,0.9991254210472108
39,0.65,17,LEFT_PINKY,0.5816058147521251,0.5358230131013058,-0.19574510909262172,0.9857015609741212,0.99981290102005
39,0.65,18,RIGHT_PINKY,0.431677205221994,0.5352897530510317,-0.11302271130539132,0.9298535585403442,0.9986181259155272
39,0.65,19,LEFT_INDEX,0.5732690947396419,0.5343937590008696,-0.23258767738228772,0.9861421585083008,0.999851942062378
39,0.65,20,RIGHT_INDEX,0.43867720592589643,0.5336772941407708,-0.15464219096161083,0.9340780973434448,0.9987195730209352
39,0.65,21,LEFT_THUMB,0.5697343888736912,0.5301834259714404,-0.17434819823219672,0.9815459847450256,0.9999128580093384
39,0.65,22,RIGHT_THUMB,0.44271385953539927,0.5289348051661542,-0.09949764928647453,0.9289124011993408,0.9990994930267334
39,0.65,23,LEFT_HIP,0.5434629377864661,0.5312595424197974,-0.020946671742768472,0.9998390078544616,0.9997774958610536
39,0.65,24,RIGHT_HIP,0.48092060713540974,0.5321178947176257,0.02095282397099899,0.9997928142547609,0.9998173117637634
39,0.65,25,LEFT_KNEE,0.5511245897838053,0.5966664325623291,0.016101097732427544,0.995908796787262,0.9999264478683472
39,0.65,26,RIGHT_KNEE,0.48011977899642255,0.5945071975390122,0.07936510940392816,0.9907751679420472,0.999876856803894
39,0.65,27,LEFT_ANKLE,0.5551651375634334,0.6502554047675366,0.2176519866500584,0.991366982460022,0.9992318153381348
39,0.65,28,RIGHT_ANKLE,0.4868129874978751,0.6487866129193993,0.29462918213435607,0.9894970059394836,0.999596893787384
39,0.65,29,LEFT_HEEL,0.5511725062415719,0.6583533031599869,0.2287627784978778,0.8546241521835327,0.9984700083732604
39,0.65,30,RIGHT_HEEL,0.49574189952441666,0.6574084815524879,0.3086787632533485,0.9173835515975952,0.9991199374198914
39,0.65,31,LEFT_FOOT_INDEX,0.5566943656830565,0.6674402838661564,0.09419829824141099,0.9834549427032472,0.9921789169311525
39,0.65,32,RIGHT_FOOT_INDEX,0.464183540571304,0.6680654117039277,0.19359825551509874,0.984147608280182,0.9950770735740662
40,0.666,0,NOSE,0.5168195622307918,0.39926836320332154,-0.24741784660589147,0.9999455213546752,0.9993832111358644
40,0.666,1,LEFT_EYE_INNER,0.5215580520175757,0.39378568104335276,-0.22893988234656212,0.999772846698761,0.9985328912734984
40,0.666,2,LEFT_EYE,0.5250397352945242,0.39388164452144114,-0.22898600569793173,0.9997873306274414,0.998607337474823
40,0.666,3,LEFT_EYE_OUTER,0.5288080544698811,0.3940426380861377,-0.22898950534207496,0.9997841715812684,0.9986487030982972
40,0.666,4,RIGHT_EYE_INNER,0.5100414696193881,0.3936471059208828,-0.22961880053792696,0.9997164011001588,0.998362362384796
40,0.666,5,RIGHT_EYE,0.505264174370539,0.39372981162298326,-0.22957919467063198,0.999687135219574,0.9981626868247986
40,0.666,6,RIGHT_EYE_OUTER,0.5004709419750036,0.39386504320871296,-0.22959836607887646,0.9996492266654968,0.998016595840454
40,0.666,7,LEFT_EAR,0.5320479869842534,0.3972296516100569,-0.117988954342547,0.9996519684791564,0.998874843120575
40,0.666,8,RIGHT_EAR,0.49351074582054544,0.39718119729132917,-0.11931213842970988,0.9992373585700988,0.9978370070457458
40,0.666,9,MOUTH_LEFT,0.5224841918264121,0.4065784244310292,-0.20481253876572575,0.999927580356598,0.9997001886367798
40,0.666,10,MOUTH_RIGHT,0.5093010067939763,0.40689180578504325,-0.20547097495624014,0.9998970627784728,0.9995796084403992
40,0.666,11,LEFT_SHOULDER,0.5654103245053977,0.4372216775303799,-0.07336220535494034,0.9999819397926332,0.9999445676803588
40,0.666,12,RIGHT_SHOULDER,0.4588982548032492,0.43677786702201515,-0.03283027878829409,0.9998258948326112,0.9997096657752992
40,0.666,13,LEFT_ELBOW,0.5856633526938309,0.47976695781662393,-0.0427622537882555,0.9909297823905944,0.9997963309288024
40,0.666,14,RIGHT_ELBOW,0.4355435697805317,0.4804127216339116,0.01287308355261171,0.9463930130004884,0.9992092251777648
40,0.666,15,LEFT_WRIST,0.5798934357506893,0.5220263288134626,-0.15894078995500305,0.9922255277633668,0.999920129776001
40,0.666,16,RIGHT_WRIST,0.4359880075568249,0.5215021627289913,-0.0816058711636634,0.9531526565551758,0.9991661310195924
40,0.666,17,LEFT_PINKY,0.5821816779318315,0.5360752826645265,-0.1965973426898322,0.9857224822044371,0.9997708201408386
40,0.666,18,RIGHT_PINKY,0.4317503387019752,0.5355518289974762,-0.11501093953847893,0.9297856688499452,0.9987165927886964
40,0.666,19,LEFT_INDEX,0.5736619603066223,0.5346952506474091,-0.23355977308182507,0.9861603379249572,0.9998179078102112
40,0.666,20,RIGHT_INDEX,0.43874109500930464,0.5339051399912158,-0.1564832457474301,0.93397718667984,0.9988202452659608
40,0.666,21,LEFT_THUMB,0.5700428485870367,0.5304817670867562,-0.17532033650648038,0.9815763831138612,0.9998915195465088
40,0.666,22,RIGHT_THUMB,0.4427478469553452,0.5291582942008977,-0.10126457505282907,0.9287795424461364,0.9991521835327148
40,0.666,23,LEFT_HIP,0.5431006494022557,0.5315324437050597,-0.02063379543168201,0.9998405575752258,0.9997866749763488
40,0.666,24,RIGHT_HIP,0.4805106180054805,0.5323383666220171,0.020642036838190863,0.9997951984405518,0.9998291730880736
40,0.666,25,LEFT_KNEE,0.551119412694659,0.5969051179431739,0.01862383922118516,0.9960234761238098,0.9999433755874634
40,0.666,26,RIGHT_KNEE,0.4797775858924507,0.5945405960083013,0.08016065614564082,0.9910398721694946,0.9998891353607178
40,0.666,27,LEFT_ANKLE,0.5552249692735223,0.6503509368215294,0.21592467384678996,0.9915945529937744,0.9993280172348022
40,0.666,28,RIGHT_ANKLE,0.48691009197916346,0.6489105224609382,0.29110455229168875,0.9897795915603638,0.9996778964996338
40,0.666,29,LEFT_HEEL,0.551098451727913,0.6584628054073884,0.22630087250754966,0.8563402891159058,0.9986342787742616
40,0.666,30,RIGHT_HEEL,0.4959364874022352,0.6574996227309823,0.3046553291025618,0.918899655342102,0.9993047714233398
40,0.666,31,LEFT_FOOT_INDEX,0.5574954152107243,0.6674942658061078,0.09252650077853888,0.9838896989822388,0.9929882884025574
40,0.666,32,RIGHT_FOOT_INDEX,0.4641091326872511,0.6681850070045114,0.19047487207821454,0.9845974445343018,0.995902955532074
41,0.683,0,NOSE,0.5163566470146184,0.3993396347477326,-0.24937298184349443,0.9999443292617798,0.9993178844451904
41,0.683,1,LEFT_EYE_INNER,0.5211354039964227,0.3938445420492267,-0.23099205820333407,0.9997671842575072,0.9984371066093444
41,0.683,2,LEFT_EYE,0.524596024127234,0.3939382618381867,-0.23103553837253954,0.9997824430465698,0.998540997505188
41,0.683,3,LEFT_EYE_OUTER,0.5284050617899219,0.3941020270188653,-0.23103749681086783,0.9997797608375548,0.9986063838005066
41,0.683,4,RIGHT_EYE_INNER,0.5095354205086122,0.3937044526849478,-0.23143841893900027,0.9997077584266664,0.9981630444526672
41,0.683,5,RIGHT_EYE,0.5047211618650531,0.3937865850471318,-0.23140056644167237,0.9996776580810548,0.9979019165039062
41,0.683,6,RIGHT_EYE_OUTER,0.4999785054297679,0.39392065292313017,-0.23142110804716765,0.9996387958526612,0.9976866245269777
41,0.683,7,LEFT_EAR,0.5317502419153854,0.3972924564565935,-0.120065029178347,0.9996445775032043,0.9988633394241332
41,0.683,8,RIGHT_EAR,0.49301625859169773,0.39722756970496437,-0.12066642762649632,0.9992125034332277,0.9973927736282348
41,0.683,9,MOUTH_LEFT,0.5221113392284943,0.4066725217160728,-0.2068065759681521,0.999926507472992,0.999668836593628
41,0.683,10,MOUTH_RIGHT,0.508801658948263,0.40699856479962704,-0.2072024487313772,0.99989515542984,0.9995112419128418
41,0.683,11,LEFT_SHOULDER,0.5651342215992161,0.43730529575120874,-0.07454951107501986,0.9999821782112122,0.9999490976333618
41,0.683,12,RIGHT_SHOULDER,0.4585754573345188,0.43679197629292843,-0.03460319570842241,0.999824285507202,0.9996541738510132
41,0.683,13,LEFT_ELBOW,0.5856005293982375,0.47996276191302745,-0.043987125335704716,0.9909785389900208,0.999811589717865
41,0.683,14,RIGHT_ELBOW,0.43524872972851736,0.4805004923116597,0.009925348878217218,0.9459304213523864,0.99915874004364
41,0.683,15,LEFT_WRIST,0.5802014243035095,0.5222646338599073,-0.16061924965608698,0.9922647476196288,0.9999244213104248
41,0.683,16,RIGHT_WRIST,0.43604731134006,0.5217197140057886,-0.08710522098200663,0.9528846144676208,0.9990537762641908
41,0.683,17,LEFT_PINKY,0.5827723996979854,0.5363503382319501,-0.19835600469793604,0.9857871532440186,0.9997745156288148
41,0.683,18,RIGHT_PINKY,0.43184782351766354,0.5358575781186427,-0.12122729243267158,0.9294001460075378,0.9985047578811646
41,0.683,19,LEFT_INDEX,0.5740657874516084,0.5350320140520737,-0.23559138107867483,0.986226499080658,0.9998186230659484
41,0.683,20,RIGHT_INDEX,0.43882747349284984,0.5341714336758573,-0.16232208552814675,0.9336227774620056,0.9986050724983216
41,0.683,21,LEFT_THUMB,0.5703989976928352,0.5308226772717073,-0.17710878522623164,0.981672465801239,0.9998929500579834
41,0.683,22,RIGHT_THUMB,0.4428477159568246,0.5293990543910441,-0.10664977878332144,0.9283854365348816,0.998995840549469
41,0.683,23,LEFT_HIP,0.542814555622283,0.5317763856479105,-0.020528395970662396,0.9998410940170288,0.9997658133506776
41,0.683,24,RIGHT_HIP,0.48008948138782,0.5325026654061822,0.02053642068945223,0.99979430437088,0.9997705817222596
41,0.683,25,LEFT_KNEE,0.5511043242045817,0.597138887359983,0.019931662472940617,0.9960561394691468,0.9999270439147948
41,0.683,26,RIGHT_KNEE,0.47940123081207314,0.5945529937744146,0.08147293364717852,0.9910792112350464,0.99982750415802
41,0.683,27,LEFT_ANKLE,0.5552627870014741,0.6504328307651344,0.21793640511376533,0.9915915131568908,0.9989940524101256
41,0.683,28,RIGHT_ANKLE,0.486935138702393,0.6490614243916109,0.29461352740015323,0.989783525466919,0.9994980096817015
41,0.683,29,LEFT_HEEL,0.5509576229822073,0.6584898602394836,0.22858539081755158,0.8543133735656738,0.9980261921882628
41,0.683,30,RIGHT_HEEL,0.4960023817561926,0.6575701520556501,0.3084433007807961,0.9187545776367188,0.998969316482544
41,0.683,31,LEFT_FOOT_INDEX,0.5579792601721633,0.6675999959309902,0.0943459130468823,0.9839010834693908,0.9908074736595154
41,0.683,32,RIGHT_FOOT_INDEX,0.4640139497461777,0.6683631312279481,0.19347071221896595,0.984685480594635,0.994288206100464
42,0.7,0,NOSE,0.5157484156744825,0.3993856623059231,-0.25137390338239235,0.9999436140060424,0.9993867874145508
42,0.7,1,LEFT_EYE_INNER,0.5206582177253001,0.39387429895855164,-0.2330407259010135,0.999763011932373,0.9985443353652954
42,0.7,2,LEFT_EYE,0.52406899985813,0.39396680820555946,-0.233081842462222,0.9997786283493042,0.9986201524734496
42,0.7,3,LEFT_EYE_OUTER,0.527903727122716,0.39413330384663203,-0.23308325452463985,0.9997760653495787,0.9986622333526612
42,0.7,4,RIGHT_EYE_INNER,0.5088905606951037,0.39373590690749066,-0.2333072878065565,0.9997024536132812,0.9983705878257751
42,0.7,5,RIGHT_EYE,0.5040300772303632,0.3938211401303612,-0.2332702953191032,0.9996716976165771,0.9981676340103148
42,0.7,6,RIGHT_EYE_OUTER,0.4993741143317454,0.3939586352734342,-0.2332919907002224,0.9996324777603148,0.99801766872406
42,0.7,7,LEFT_EAR,0.5314527466183623,0.39734883535475995,-0.1220726938474747,0.9996383190155028,0.9988837838172911
42,0.7,8,RIGHT_EAR,0.49246564223652833,0.39729032488096355,-0.1218858155466262,0.9991958737373352,0.9978466033935548
42,0.7,9,MOUTH_LEFT,0.5217012904939202,0.40674547922043613,-0.20877132600262066,0.9999260902404784,0.9997010231018066
42,0.7,10,MOUTH_RIGHT,0.5081578038987664,0.40708044597080806,-0.20893669270333803,0.9998942017555236,0.9995768666267396
42,0.7,11,LEFT_SHOULDER,0.5649161849703113,0.4373990666298644,-0.07554406885589875,0.9999821782112122,0.999944806098938
42,0.7,12,RIGHT_SHOULDER,0.4581874254203982,0.43683098469461756,-0.035382872181279286,0.999824583530426,0.9997099041938782
42,0.7,13,LEFT_ELBOW,0.5855322281519577,0.4802633594898955,-0.04459023564344361,0.9910828471183776,0.9997835755348206
42,0.7,14,RIGHT_ELBOW,0.43492073814074234,0.4806479769093654,0.008567822168559017,0.9457375407218932,0.9992077946662904
42,0.7,15,LEFT_WRIST,0.5806013714699524,0.5224945403280717,-0.16164484691052222,0.992285966873169,0.9999130964279176
42,0.7,16,RIGHT_WRIST,0.4361088190759935,0.5219686400322692,-0.09173089372260232,0.9529497027397156,0.9992121458053588
42,0.7,17,LEFT_PINKY,0.5834388931592311,0.5366166432698573,-0.1996127416690192,0.9858021140098572,0.9997519850730896
42,0.7,18,RIGHT_PINKY,0.43191201772008664,0.5361681069646568,-0.1265172039469084,0.9294180274009703,0.9987775683403016
42,0.7,19,LEFT_INDEX,0.5745902827807841,0.5353739346776695,-0.23706723040058514,0.986238658428192,0.9998027682304382
42,0.7,20,RIGHT_INDEX,0.438884034043267,0.5344395694278541,-0.1672525498129074,0.9336075186729432,0.9988755583763124
42,0.7,21,LEFT_THUMB,0.5708937957173307,0.5312036219097325,-0.17822037992023299,0.98170405626297,0.9998823404312134
42,0.7,22,RIGHT_THUMB,0.44292604355585047,0.5296378731727605,-0.11117262535151987,0.9283444881439208,0.999188244342804
42,0.7,23,LEFT_HIP,0.5425821372440889,0.5320670122192024,-0.020706140569278126,0.999841809272766,0.999755322933197
42,0.7,24,RIGHT_HIP,0.47962758370808234,0.5327237078121735,0.020711477668512404,0.9997953176498412,0.999793827533722
42,0.7,25,LEFT_KNEE,0.551083970637549,0.5974024193627498,0.020255214845140743,0.9961097836494446,0.9999346733093262
42,0.7,26,RIGHT_KNEE,0.4790180524190271,0.5945959261485514,0.08335496201401671,0.9912344217300416,0.9998672008514404
42,0.7,27,LEFT_ANKLE,0.5553138823736287,0.6504197688329794,0.22061521666390574,0.9916946887969972,0.9991632699966432
42,0.7,28,RIGHT_ANKLE,0.4869768392472044,0.6492288737069999,0.2991047146774476,0.9899085164070128,0.9996113181114196
42,0.7,29,LEFT_HEEL,0.5508768586885366,0.6583964767910191,0.23188531540689034,0.8538572192192078,0.9983360171318054
42,0.7,30,RIGHT_HEEL,0.4960497518380488,0.6576111941110525,0.3132411170573465,0.9194770455360411,0.9991725087165833
42,0.7,31,LEFT_FOOT_INDEX,0.5577905376752222,0.6677239054725289,0.09715498806465245,0.9840871095657348,0.9919712543487548
42,0.7,32,RIGHT_FOOT_INDEX,0.46400729815165237,0.6686005620729362,0.19807934406257827,0.9849144220352172,0.9952387809753418
43,0.716,0,NOSE,0.5145844391414103,0.3994414919898627,-0.2553283359323231,0.9999446868896484,0.9994587302207948
43,0.716,1,LEFT_EYE_INNER,0.5198974637758169,0.39390772581100497,-0.23710988532929209,0.99976646900177,0.998687207698822
43,0.716,2,LEFT_EYE,0.5232548458235609,0.39399823546409635,-0.23714721131892447,0.9997819066047668,0.9987505674362184
43,0.716,3,LEFT_EYE_OUTER,0.5270839333534245,0.3941651341461003,-0.23714528694039316,0.9997788667678832,0.9987825751304626
43,0.716,4,RIGHT_EYE_INNER,0.507826563857851,0.3937725254467559,-0.23706970683165976,0.9997069835662842,0.9985275268554688
43,0.716,5,RIGHT_EYE,0.502944395655678,0.3938588429064981,-0.2370346096299945,0.9996770024299622,0.9983444213867188
43,0.716,6,RIGHT_EYE_OUTER,0.498473608777637,0.39399953115554115,-0.23705695640473157,0.9996375441551208,0.9982080459594728
43,0.716,7,LEFT_EAR,0.5310399078187493,0.39740070842561304,-0.12596937198014496,0.999643087387085,0.9989922642707824
43,0.716,8,RIGHT_EAR,0.49184242600486433,0.3973415394624077,-0.12453409142437444,0.9992074370384216,0.9980669617652892
43,0.716,9,MOUTH_LEFT,0.5209590849422278,0.4068276229358858,-0.2126475714501882,0.9999279975891112,0.9997475743293762
43,0.716,10,MOUTH_RIGHT,0.5070207346053355,0.4071654961222698,-0.21243924328259073,0.9998969435691832,0.9996349811553956
43,0.716,11,LEFT_SHOULDER,0.5646775052660993,0.43749267430532585,-0.07792758161113378,0.9999825954437256,0.9999555349349976
43,0.716,12,RIGHT_SHOULDER,0.4577830717677166,0.436858306328456,-0.0375830183426539,0.999828577041626,0.9997404217720032
43,0.716,13,LEFT_ELBOW,0.5854659335953853,0.4805693413530082,-0.046227741276934034,0.9911943078041076,0.9998204112052916
43,0.716,14,RIGHT_ELBOW,0.43449802341915356,0.4807866116364802,0.004458914017526535,0.9458794593811036,0.9992528557777404
43,0.716,15,LEFT_WRIST,0.5811063022840597,0.5226854483286545,-0.16312555188224442,0.9923856854438782,0.9999253749847412
43,0.716,16,RIGHT_WRIST,0.43615401642663176,0.52222414243789,-0.09964265213126232,0.9533817768096924,0.9992948770523072
43,0.716,17,LEFT_PINKY,0.5840844597135277,0.5368745355379019,-0.20117043668315537,0.9859617948532104,0.9997803568840028
43,0.716,18,RIGHT_PINKY,0.4319565324556264,0.5364390526499072,-0.13489074189038514,0.930014669895172,0.9989088773727416
43,0.716,19,LEFT_INDEX,0.5752044490405497,0.5357056033043639,-0.23864809104374496,0.986398220062256,0.9998231530189514
43,0.716,20,RIGHT_INDEX,0.43893219175792914,0.5346757485753019,-0.1751242457401186,0.9341071248054504,0.9989970326423644
43,0.716,21,LEFT_THUMB,0.5715202093124394,0.5315617521603907,-0.1796749979257585,0.9819117188453674,0.9998966455459596
43,0.716,22,RIGHT_THUMB,0.44297735605921107,0.5298526684443161,-0.11890914823327753,0.9287626147270204,0.9992802739143372
43,0.716,23,LEFT_HIP,0.5423408264205574,0.5323110535031279,-0.020759043771596125,0.9998452663421632,0.9998108744621276
43,0.716,24,RIGHT_HIP,0.4791037355150499,0.5329021016756699,0.02076240744264351,0.9997990131378174,0.999829888343811
43,0.716,25,LEFT_KNEE,0.5510334599585766,0.5975665677161449,0.021172798637832883,0.9962024688720704,0.9999470710754396
43,0.716,26,RIGHT_KNEE,0.4786387554236825,0.5946294892401928,0.08736667001531243,0.991393744945526,0.9998762607574464
43,0.716,27,LEFT_ANKLE,0.555355330308279,0.6504349595024479,0.22308679208869045,0.9918361902236938,0.9993128776550292
43,0.716,28,RIGHT_ANKLE,0.48699053696223715,0.6493291230428793,0.30795065845762004,0.9900312423706056,0.999643087387085
43,0.716,29,LEFT_HEEL,0.5508399804433193,0.6582905564989369,0.23466614314488018,0.8544883131980896,0.998645842075348
43,0.716,30,RIGHT_HEEL,0.4960104113533388,0.6575515497298474,0.32263673345247934,0.9197700619697572,0.9992775321006776
43,0.716,31,LEFT_FOOT_INDEX,0.5577880825315208,0.6678309270313814,0.09919907897710806,0.9843916296958924,0.9931411147117616
43,0.716,32,RIGHT_FOOT_INDEX,0.46407248718398,0.6687855890819011,0.2075222241027016,0.9851627349853516,0.995948612689972
44,0.733,0,NOSE,0.5131211990401863,0.39947632238978464,-0.25977797025725974,0.9999436736106871,0.999327540397644
44,0.733,1,LEFT_EYE_INNER,0.5189552477427897,0.39392873786744653,-0.24159863945983717,0.9997605681419371,0.9983525276184082
44,0.733,2,LEFT_EYE,0.5222187865348094,0.3940177417936782,-0.2416311488265085,0.9997764825820924,0.998430073261261
44,0.733,3,LEFT_EYE_OUTER,0.5260444822765536,0.39418510312125826,-0.24162286732878024,0.9997730255126952,0.9984626770019532
44,0.733,4,RIGHT_EYE_INNER,0.5065621449833829,0.39379638007708995,-0.24131631993112126,0.999700963497162,0.9982041120529176
44,0.733,5,RIGHT_EYE,0.5016656972113114,0.3938842571917037,-0.24128254964238136,0.9996708631515504,0.9980177879333496
44,0.733,6,RIGHT_EYE_OUTER,0.49739920667239645,0.3940308335281557,-0.24130470554033936,0.999630331993103,0.9978898167610168
44,0.733,7,LEFT_EAR,0.530547528039842,0.3974640227499465,-0.1301840611156964,0.9996315240859984,0.9986932873725892
44,0.733,8,RIGHT_EAR,0.49115375819660406,0.39740146341778015,-0.12782826913254608,0.9991912245750428,0.9978068470954896
44,0.733,9,MOUTH_LEFT,0.5200335922695346,0.4068898175443926,-0.21704628921690458,0.9999269247055054,0.9996719360351562
44,0.733,10,MOUTH_RIGHT,0.5056244390351436,0.4072235865252362,-0.2165695052771343,0.9998955130577089,0.9995536208152772
44,0.733,11,LEFT_SHOULDER,0.5643929924283714,0.4375927902403336,-0.08074035885788146,0.9999822974205016,0.9999370574951172
44,0.733,12,RIGHT_SHOULDER,0.4572100639343266,0.436916896275112,-0.04095147656542912,0.999829649925232,0.9997164607048036
44,0.733,13,LEFT_ELBOW,0.5853982567787176,0.4808618355365031,-0.04918820836714337,0.9911661148071288,0.9997499585151672
44,0.733,14,RIGHT_ELBOW,0.4340166492121564,0.4809399318127409,-0.0042080288569974755,0.9451375603675842,0.9991558790206908
44,0.733,15,LEFT_WRIST,0.5817353186153236,0.5227971559479128,-0.16657877748920813,0.9923079013824464,0.9998914003372192
44,0.733,16,RIGHT_WRIST,0.4361952259427029,0.522455025286902,-0.11492878021228888,0.9531865119934082,0.99919992685318
44,0.733,17,LEFT_PINKY,0.5848539613542107,0.53705568540664,-0.2047085208552226,0.9858441948890686,0.9996962547302246
44,0.733,18,RIGHT_PINKY,0.4319883996532081,0.5366489745321733,-0.1509136444046385,0.9298412203788756,0.9987671375274658
44,0.733,19,LEFT_INDEX,0.5759975427672982,0.5359520912170415,-0.24215181526683646,0.9862903952598572,0.9997552037239076
44,0.733,20,RIGHT_INDEX,0.438993742068609,0.5348420313426432,-0.19042313027949573,0.9338891506195068,0.998873770236969
44,0.733,21,LEFT_THUMB,0.5723355582782206,0.5318163292748592,-0.18312232054415217,0.9818113446235656,0.9998537302017212
44,0.733,22,RIGHT_THUMB,0.4430083433787032,0.5299935085432875,-0.13398800683873047,0.9285162091255188,0.9991863369941713
44,0.733,23,LEFT_HIP,0.542163369201479,0.532536455563137,-0.020705457865482217,0.9998459815979004,0.9997678399086
44,0.733,24,RIGHT_HIP,0.4786871657485058,0.5331379345485148,0.020707817038609834,0.999799907207489,0.999810516834259
44,0.733,25,LEFT_KNEE,0.5509905900274009,0.5976654234386631,0.022374264275034247,0.9962039589881896,0.9999302625656128
44,0.733,26,RIGHT_KNEE,0.4783186217149103,0.5946316548756196,0.09193911793686099,0.991413414478302,0.9998623132705688
44,0.733,27,LEFT_ANKLE,0.555350576128279,0.6506448813847139,0.21919318253085746,0.9917990565299988,0.9989842772483826
44,0.733,28,RIGHT_ANKLE,0.48699754902294745,0.6494117861702334,0.315285982120605,0.9899346828460692,0.999543070793152
44,0.733,29,LEFT_HEEL,0.5507197919346043,0.6584718142236987,0.22971677922067205,0.8538312911987305,0.9979645013809204
44,0.733,30,RIGHT_HEEL,0.49602833390235945,0.6576194763183599,0.3301038557574866,0.9197288155555724,0.9990447163581848
44,0.733,31,LEFT_FOOT_INDEX,0.5583126232737592,0.6679622985067828,0.09237876037756607,0.9843209981918336,0.9898090362548828
44,0.733,32,RIGHT_FOOT_INDEX,0.46409337577365734,0.6688806641669507,0.21508494941961215,0.9850841760635376,0.9945806860923768
45,0.75,0,NOSE,0.5119123969759265,0.3995257885683154,-0.26267798315911084,0.9999449253082277,0.9996132254600524
45,0.75,1,LEFT_EYE_INNER,0.5180814124289017,0.3939624272641685,-0.2444782945371811,0.999764084815979,0.9990021586418152
45,0.75,2,LEFT_EYE,0.5212771864164448,0.3940502490316122,-0.24450851338250312,0.9997791051864624,0.9990211725234984
45,0.75,3,LEFT_EYE_OUTER,0.5250940237726489,0.3942174060004101,-0.24449536984875106,0.9997747540473938,0.9990129470825196
45,0.75,4,RIGHT_EYE_INNER,0.5055359005928044,0.3938336116927015,-0.2441941762254353,0.999707818031311,0.9989638328552246
45,0.75,5,RIGHT_EYE,0.5006657711097177,0.39392335641951826,-0.24416026331129545,0.9996782541275024,0.9988635778427124
45,0.75,6,RIGHT_EYE_OUTER,0.4965223670005803,0.3940753425870626,-0.2441818643183937,0.9996377825737,0.9987965822219848
45,0.75,7,LEFT_EAR,0.5299842754999802,0.3975455235867277,-0.1330041786034903,0.9996303915977478,0.9991100430488586
45,0.75,8,RIGHT_EAR,0.4905082171871553,0.3974701889923644,-0.13055089541843967,0.9992052912712096,0.9987488985061646
45,0.75,9,MOUTH_LEFT,0.5191745048477541,0.40696928756577666,-0.21987200563862225,0.999927818775177,0.9997811913490297
45,0.75,10,MOUTH_RIGHT,0.5044530800410684,0.4072931621755876,-0.21943268321809334,0.9998974800109864,0.9997254014015198
45,0.75,11,LEFT_SHOULDER,0.5639020630291535,0.4376788877305534,-0.0831117562594868,0.9999821186065674,0.9999483823776244
45,0.75,12,RIGHT_SHOULDER,0.45644648727916576,0.4370052757717318,-0.04390310460612888,0.9998344779014589,0.999803364276886
45,0.75,13,LEFT_ELBOW,0.5852877157075069,0.4811209922745119,-0.05180266588216738,0.9912595748901368,0.9998072981834412
45,0.75,14,RIGHT_ELBOW,0.43347250138010335,0.4810645012628469,-0.011925192732763035,0.9450840950012208,0.999365508556366
45,0.75,15,LEFT_WRIST,0.5824232413655241,0.5228430486860735,-0.16988260405404237,0.9922982454299928,0.9999114274978638
45,0.75,16,RIGHT_WRIST,0.43622617494492344,0.5226277794156761,-0.12688617443754566,0.953503429889679,0.9994261264801024
45,0.75,17,LEFT_PINKY,0.5856437541189653,0.5371764018422086,-0.2081130601110914,0.985763669013977,0.9997544884681702
45,0.75,18,RIGHT_PINKY,0.43205827332678337,0.5367953266416282,-0.16321862311590296,0.9302047491073608,0.9991260170936584
45,0.75,19,LEFT_INDEX,0.5769096641313467,0.5361092771802635,-0.24546718668370038,0.9862151741981506,0.9998025298118592
45,0.75,20,RIGHT_INDEX,0.4391688108444218,0.5349318555423197,-0.20243381176676087,0.934143602848053,0.9992104768753052
45,0.75,21,LEFT_THUMB,0.5732545426913676,0.5319473204158606,-0.1864652378218516,0.9817368984222412,0.9998819828033448
45,0.75,22,RIGHT_THUMB,0.4431064299174722,0.5300721469379612,-0.14583867220651545,0.9286919832229614,0.9994346499443054
45,0.75,23,LEFT_HIP,0.542059285300119,0.5327320411091764,-0.020661735463709995,0.9998496174812316,0.9998390674591064
45,0.75,24,RIGHT_HIP,0.47844131361870584,0.5334543330328809,0.02066482860772379,0.9998050928115844,0.999883770942688
45,0.75,25,LEFT_KNEE,0.5511436547551841,0.5976664849690034,0.02362177893519401,0.9962553977966307,0.9999592304229736
45,0.75,26,RIGHT_KNEE,0.47806934799466855,0.5946109834171482,0.09619362723259704,0.9915412664413452,0.99993097782135
45,0.75,27,LEFT_ANKLE,0.5553785562515264,0.6509303677649732,0.21560640987895802,0.99200177192688,0.9995977282524108
45,0.75,28,RIGHT_ANKLE,0.4870252481528695,0.6495034581138981,0.320937256018321,0.9901394844055176,0.9998155236244202
45,0.75,29,LEFT_HEEL,0.5506315004257933,0.6587932989710859,0.22513486515908032,0.8576529026031494,0.9992006421089172
45,0.75,30,RIGHT_HEEL,0.4960885487851647,0.6577924433208653,0.33576252630778747,0.9213493466377258,0.999612033367157
45,0.75,31,LEFT_FOOT_INDEX,0.5589899080140255,0.668150771231879,0.08615905685084209,0.984780251979828,0.9956536293029784
45,0.75,32,RIGHT_FOOT_INDEX,0.46411561256363315,0.668990952628,0.221691844718797,0.98543381690979,0.997794508934021
46,0.766,0,NOSE,0.5108547210693364,0.39959028221312054,-0.2619521717230481,0.999946117401123,0.9997077584266664
46,0.766,1,LEFT_EYE_INNER,0.5171544920830504,0.3940203019550872,-0.24362472480251696,0.9997677803039552,0.9992350339889526
46,0.766,2,LEFT_EYE,0.5203663990611127,0.3941109577814741,-0.24365443133172554,0.9997816681861876,0.9992406368255616
46,0.766,3,LEFT_EYE_OUTER,0.524235001632146,0.3942840851488571,-0.24363814081464513,0.9997761845588684,0.9992269277572632
46,0.766,4,RIGHT_EYE_INNER,0.5046334153129945,0.39388942860421716,-0.24350883705275417,0.9997156262397766,0.9992210865020752
46,0.766,5,RIGHT_EYE,0.4998261403469817,0.3939796274616608,-0.2434754591612591,0.9996863007545472,0.9991471767425536
46,0.766,6,RIGHT_EYE_OUTER,0.4957042166164948,0.3941315767310918,-0.2434955821150827,0.9996461272239684,0.999096155166626
46,0.766,7,LEFT_EAR,0.5293607513109848,0.39769240220387814,-0.13248872260252645,0.9996281266212464,0.9993046522140504
46,0.766,8,RIGHT_EAR,0.48986082417624377,0.397540017252877,-0.1310520881698246,0.9992240071296692,0.999054491519928
46,0.766,9,MOUTH_LEFT,0.5182818827174964,0.40707451105117837,-0.21933822972433925,0.9999279379844666,0.9998273849487304
46,0.766,10,MOUTH_RIGHT,0.5034126327151349,0.4073705517110374,-0.21921102631659753,0.9998992085456848,0.999794065952301
46,0.766,11,LEFT_SHOULDER,0.5631504910332821,0.43777539048876124,-0.08380277845121567,0.9999818801879884,0.9999538660049438
46,0.766,12,RIGHT_SHOULDER,0.45548364520072976,0.43711008486293657,-0.04541445434803054,0.9998397827148438,0.9998464584350586
46,0.766,13,LEFT_ELBOW,0.5850450566836771,0.48134431242942854,-0.054042276881989995,0.9912534356117249,0.999821960926056
46,0.766,14,RIGHT_ELBOW,0.432800677560625,0.48119039053008716,-0.01671218561352269,0.945264220237732,0.999434769153595
46,0.766,15,LEFT_WRIST,0.5830411598795942,0.5228874172483177,-0.17196927113192434,0.9923030734062196,0.9999269247055054
46,0.766,16,RIGHT_WRIST,0.4362524620124276,0.5227507210913164,-0.13266754079432722,0.9541467428207396,0.999519944190979
46,0.766,17,LEFT_PINKY,0.586490134398143,0.5372384360858378,-0.2102492089782444,0.985733926296234,0.9997978806495668
46,0.766,18,RIGHT_PINKY,0.4321868802819937,0.5369334675016862,-0.16888392042546058,0.9310389757156372,0.9992581009864808
46,0.766,19,LEFT_INDEX,0.5778700113296513,0.5362112635657905,-0.2469915910845713,0.986194670200348,0.9998419284820556
46,0.766,20,RIGHT_INDEX,0.439442865905308,0.5349817758514772,-0.20779531626474307,0.9348666667938232,0.9993507266044616
46,0.766,21,LEFT_THUMB,0.5741617651212788,0.5320378797394893,-0.18845143133685716,0.9817302823066713,0.9999054670333862
46,0.766,22,RIGHT_THUMB,0.4432704377742045,0.5301065246264145,-0.15146439061278397,0.9293645024299622,0.9995429515838624
46,0.766,23,LEFT_HIP,0.541933811846234,0.5330305071104144,-0.020538298413157408,0.9998520612716676,0.9998310804367064
46,0.766,24,RIGHT_HIP,0.4782927362691793,0.5339386860529587,0.020540932104701048,0.9998101592063904,0.9998972415924072
46,0.766,25,LEFT_KNEE,0.5514872471491501,0.5976577287628542,0.028257123859865323,0.9962934851646424,0.9999657869338988
46,0.766,26,RIGHT_KNEE,0.47780038913091066,0.5945745252427606,0.09862539101214643,0.991640329360962,0.9999502897262572
46,0.766,27,LEFT_ANKLE,0.5554338296254482,0.6512185335159308,0.21494421504792724,0.9922003746032716,0.999710500240326
46,0.766,28,RIGHT_ANKLE,0.48709152709870157,0.6496758290699556,0.32157359094846844,0.9903444051742554,0.9998681545257568
46,0.766,29,LEFT_HEEL,0.5505411426226303,0.6591606934865322,0.2236744193803698,0.8617283701896667,0.9994078874588012
46,0.766,30,RIGHT_HEEL,0.4961895829155336,0.658090546017602,0.33612150805337115,0.9230805039405824,0.99970942735672
46,0.766,31,LEFT_FOOT_INDEX,0.5596975854464945,0.6683148060526173,0.08654664811633886,0.985209822654724,0.9968138337135316
46,0.766,32,RIGHT_FOOT_INDEX,0.46396521869159923,0.6691082574072345,0.2223214840605147,0.9857441186904908,0.9983946681022644
47,0.783,0,NOSE,0.5101855766205565,0.3996609619685585,-0.2602629959583284,0.9999464154243468,0.9996458292007446
47,0.783,1,LEFT_EYE_INNER,0.5163661411830363,0.39409520228703854,-0.24165748627412909,0.9997689127922058,0.9990962743759156
47,0.783,2,LEFT_EYE,0.5196743635904226,0.3941870062124165,-0.24168678337619437,0.9997816681861876,0.9991074204444884
47,0.783,3,LEFT_EYE_OUTER,0.5236297618775145,0.39436517301059937,-0.24166905950932294,0.9997752904891968,0.9990959167480468
47,0.783,4,RIGHT_EYE_INNER,0.5040018217904232,0.3939660617283416,-0.24187097875844885,0.9997193813323976,0.9990671277046204
47,0.783,5,RIGHT_EYE,0.49925263296990213,0.3940584162871046,-0.2418392768927985,0.9996902346611024,0.9989720582962036
47,0.783,6,RIGHT_EYE_OUTER,0.49504749973615053,0.3942095140616102,-0.24185774652730865,0.9996505975723268,0.9988937973976136
47,0.783,7,LEFT_EAR,0.5287725386165442,0.39784940651484935,-0.130502669229394,0.9996252655982972,0.9991924166679382
47,0.783,8,RIGHT_EAR,0.48918973973819224,0.3976132486547746,-0.13066499290012185,0.99923574924469,0.9988213181495668
47,0.783,9,MOUTH_LEFT,0.5175479451815292,0.4071953424385619,-0.21763777378059587,0.9999274611473083,0.9997780919075012
47,0.783,10,MOUTH_RIGHT,0.5027250079881582,0.4074705157961168,-0.21804480680397598,0.9999001026153564,0.9997417330741882
47,0.783,11,LEFT_SHOULDER,0.5622682429495317,0.4379153649012252,-0.08284798193545573,0.9999815821647644,0.9999434947967528
47,0.783,12,RIGHT_SHOULDER,0.4544505888507484,0.43721329456283975,-0.04571681930905297,0.9998420476913452,0.9998041987419128
47,0.783,13,LEFT_ELBOW,0.5846625452949892,0.4815573493639632,-0.05365136620544253,0.9911112189292908,0.9997908473014832
47,0.783,14,RIGHT_ELBOW,0.4319859587010887,0.4813339128380734,-0.01741906075317054,0.9452018737792968,0.9993597865104676
47,0.783,15,LEFT_WRIST,0.5835200945536301,0.5229160955974038,-0.17087249670709898,0.9921523332595824,0.9999096393585204
47,0.783,16,RIGHT_WRIST,0.43627543108803923,0.522904529458001,-0.1321887849342256,0.9545490145683287,0.9994432330131532
47,0.783,17,LEFT_PINKY,0.58723852464131,0.5372766114416582,-0.20898772705168964,0.9854671359062196,0.9997534155845642
47,0.783,18,RIGHT_PINKY,0.4322854748794015,0.537085782913935,-0.16801903929029202,0.931588888168335,0.9991263747215272
47,0.783,19,LEFT_INDEX,0.5787622957002554,0.5362876937502912,-0.2450994033189049,0.9859437942504884,0.9998045563697816
47,0.783,20,RIGHT_INDEX,0.43967463856651706,0.535051272028969,-0.20698262538228734,0.935366153717041,0.999229907989502
47,0.783,21,LEFT_THUMB,0.5749549099377229,0.5320843373026172,-0.18729697309789217,0.9814571142196656,0.999881625175476
47,0.783,22,RIGHT_THUMB,0.4434083586647401,0.5301661888758347,-0.1509545189993723,0.929860293865204,0.9994532465934752
47,0.783,23,LEFT_HIP,0.5417242986815322,0.5334010351271861,-0.020325010465014497,0.9998540878295898,0.9998072981834412
47,0.783,24,RIGHT_HIP,0.47817220006670313,0.5344924217178713,0.020326027025779056,0.9998135566711426,0.999870777130127
47,0.783,25,LEFT_KNEE,0.552030361834027,0.5976231410389861,0.033097302541136714,0.9962651133537292,0.999948501586914
47,0.783,26,RIGHT_KNEE,0.47760901280811896,0.5946074525515244,0.0974376485461281,0.991469383239746,0.999919056892395
47,0.783,27,LEFT_ANKLE,0.5555064224061517,0.6514461806842266,0.22028491681530377,0.9921417832374572,0.9995074272155762
47,0.783,28,RIGHT_ANKLE,0.48720134723754194,0.6499254902203884,0.3204171033132647,0.990281105041504,0.9997768998146056
47,0.783,29,LEFT_HEEL,0.5504002173741663,0.6594394473802481,0.22933158420381108,0.8619950413703918,0.9990467429161072
47,0.783,30,RIGHT_HEEL,0.4963689134234478,0.6584422531582066,0.33502390271141447,0.923839271068573,0.9995261430740356
47,0.783,31,LEFT_FOOT_INDEX,0.5601908734866556,0.6684962511062629,0.09522249301274624,0.9851752519607544,0.995328426361084
47,0.783,32,RIGHT_FOOT_INDEX,0.4638749389421376,0.6692689061164863,0.21990786847614122,0.9857006072998048,0.9974193572998048
48,0.8,0,NOSE,0.5096977920759297,0.39974089463551876,-0.2568332112970808,0.9999451637268066,0.9996170997619628
48,0.8,1,LEFT_EYE_INNER,0.5156835204079042,0.3942054084369118,-0.23790902892748533,0.9997631311416626,0.9989657402038574
48,0.8,2,LEFT_EYE,0.5191145936648056,0.3943008056708748,-0.2379390512193954,0.9997740387916564,0.9989639520645142
48,0.8,3,LEFT_EYE_OUTER,0.5231278737386073,0.39448174550419796,-0.237923114072709,0.9997663497924804,0.9989332556724548
48,0.8,4,RIGHT_EYE_INNER,0.5035254643076946,0.39407569879577303,-0.2386318416822526,0.999716818332672,0.9989752769470216
48,0.8,5,RIGHT_EYE,0.4988226493199671,0.39416869481404654,-0.23860167747452166,0.9996872544288636,0.9988942742347716
48,0.8,6,RIGHT_EYE_OUTER,0.49448265631993654,0.3943134305023015,-0.23861828233514532,0.9996481537818908,0.9988254904747008
48,0.8,7,LEFT_EAR,0.5281244942120148,0.3980365523270202,-0.1267222847257342,0.9996047019958496,0.9990068078041076
48,0.8,8,RIGHT_EAR,0.48852324627694665,0.39769850316501837,-0.12933767551467543,0.9992321729660034,0.9987828135490416
48,0.8,9,MOUTH_LEFT,0.516860703627269,0.4073232540062499,-0.21411322695868373,0.9999232292175292,0.9997527003288268
48,0.8,10,MOUTH_RIGHT,0.5021862302507677,0.40757748626527374,-0.2153335362672808,0.9998977184295654,0.9997313618659972
48,0.8,11,LEFT_SHOULDER,0.5612546858333411,0.4380881445748469,-0.08049926232723967,0.999980092048645,0.9999234676361084
48,0.8,12,RIGHT_SHOULDER,0.45329796274503115,0.4373283414613637,-0.04467152200994037,0.9998445510864258,0.9998194575309752
48,0.8,13,LEFT_ELBOW,0.5841009730384469,0.4817953194890708,-0.051787496145282476,0.990822732448578,0.9997645020484924
48,0.8,14,RIGHT_ELBOW,0.4309414454868865,0.4814695815245315,-0.01667788899725387,0.9448375701904296,0.999447762966156
48,0.8,15,LEFT_WRIST,0.5837691511426659,0.5229441097804484,-0.16933863077844905,0.9918981790542604,0.999891757965088
48,0.8,16,RIGHT_WRIST,0.4362976721354897,0.5230503280957545,-0.1311824555907931,0.9545110464096068,0.9994725584983826
48,0.8,17,LEFT_PINKY,0.5878679894265679,0.5372987985610966,-0.20765349056039553,0.9850184321403505,0.99970680475235
48,0.8,18,RIGHT_PINKY,0.4324920518057691,0.5372066696484888,-0.1670138921056476,0.9315707683563232,0.9991514682769777
48,0.8,19,LEFT_INDEX,0.5795051966394702,0.5363596989994963,-0.24311937533673803,0.9855135083198548,0.9997681975364684
48,0.8,20,RIGHT_INDEX,0.44007852389698976,0.5351097413471771,-0.2056076157660713,0.9352967739105223,0.9992541670799256
48,0.8,21,LEFT_THUMB,0.5755332339377636,0.5321422020594284,-0.18567950243041642,0.9809765219688416,0.999857783317566
48,0.8,22,RIGHT_THUMB,0.44364361961682675,0.5302253166834519,-0.14978518727279852,0.9298037886619568,0.9994786381721495
48,0.8,23,LEFT_HIP,0.5414373221851536,0.5338104111807692,-0.02039158211222713,0.9998539686203004,0.9997941851615906
48,0.8,24,RIGHT_HIP,0.47801266255832897,0.5350985725720728,0.020392085026417442,0.999817669391632,0.9998899698257446
48,0.8,25,LEFT_KNEE,0.5526367454301748,0.597605154627846,0.03764047846198078,0.9960841536521912,0.9999314546585084
48,0.8,26,RIGHT_KNEE,0.4774638655639834,0.5946882622582578,0.09759603653635301,0.9913250207901,0.999929428100586
48,0.8,27,LEFT_ANKLE,0.5555818137668433,0.6514449602081669,0.23069759493782427,0.9919297099113464,0.9995187520980836
48,0.8,28,RIGHT_ANKLE,0.4873241640272599,0.6501416847819379,0.3230496687548504,0.990254819393158,0.9997749924659728
48,0.8,29,LEFT_HEEL,0.5502970019976303,0.6593490810621359,0.2409335651568006,0.8634600043296814,0.99910306930542
48,0.8,30,RIGHT_HEEL,0.4965807071753915,0.6586442334311355,0.3381615650086179,0.924560248851776,0.9995121955871582
48,0.8,31,LEFT_FOOT_INDEX,0.5602449462527326,0.6685933953239811,0.11018273802030662,0.9849216341972352,0.995550274848938
48,0.8,32,RIGHT_FOOT_INDEX,0.463918343895958,0.6694052446456189,0.22262002598671704,0.9856067299842834,0.9972802400588988
49,0.816,0,NOSE,0.5091318119139903,0.39982679060527293,-0.2554862172830675,0.999945342540741,0.9996089339256288
49,0.816,1,LEFT_EYE_INNER,0.5149894697325574,0.3943492940493996,-0.2362367127622879,0.9997640252113342,0.9990288019180298
49,0.816,2,LEFT_EYE,0.5185541283516661,0.3944454803353268,-0.2362659083945412,0.9997742772102356,0.99904602766037
49,0.816,3,LEFT_EYE_OUTER,0.5225434218134204,0.39462337749344994,-0.23624979243392052,0.999765932559967,0.9990392923355104
49,0.816,4,RIGHT_EYE_INNER,0.5030351593380887,0.3942304225195025,-0.23744089972405222,0.999718964099884,0.9989877343177797
49,0.816,5,RIGHT_EYE,0.4984057928834647,0.3943241834640506,-0.23741510439486752,0.999690055847168,0.9988880753517152
49,0.816,6,RIGHT_EYE_OUTER,0.4939872565723605,0.3944664356254399,-0.2374290965852285,0.9996515512466432,0.9988019466400146
49,0.816,7,LEFT_EAR,0.5273522763025198,0.39824059321766847,-0.12453789405879526,0.9996008276939392,0.999135196208954
49,0.816,8,RIGHT_EAR,0.4879529774189,0.3978378077348077,-0.12879274004981645,0.99923837184906,0.9987088441848756
49,0.816,9,MOUTH_LEFT,0.5161055127779648,0.40742050607999203,-0.212557606753849,0.9999225735664368,0.9997482895851136
49,0.816,10,MOUTH_RIGHT,0.5016269570305238,0.40764323586509377,-0.21430321676390532,0.9998984336853028,0.9997088313102722
49,0.816,11,LEFT_SHOULDER,0.5601566575822381,0.43827732120241475,-0.078915101431665,0.9999794960021972,0.9999295473098756
49,0.816,12,RIGHT_SHOULDER,0.45231260714076854,0.4375595280102325,-0.044484177160830723,0.9998454451560974,0.9997774958610536
49,0.816,13,LEFT_ELBOW,0.5834577339036129,0.4819589030174986,-0.05067045915694464,0.9905651211738586,0.9997640252113342
49,0.816,14,RIGHT_ELBOW,0.4297208402838029,0.4816062535558432,-0.01859665183084347,0.9452801942825316,0.9993191957473756
49,0.816,15,LEFT_WRIST,0.5838878438586286,0.522950493154072,-0.16918320031393153,0.9915733337402344,0.9998875856399536
49,0.816,16,RIGHT_WRIST,0.43631665337653425,0.5231773285638723,-0.13344142834345507,0.9545609951019288,0.9993684887886048
49,0.816,17,LEFT_PINKY,0.5883985218547645,0.5372929573059086,-0.20787539581457787,0.9844318628311156,0.9997074007987976
49,0.816,18,RIGHT_PINKY,0.43283001439912017,0.5373211105664576,-0.16939845042569307,0.9314329028129578,0.9990307092666626
49,0.816,19,LEFT_INDEX,0.5801147052219942,0.5363864501317347,-0.24292373302437026,0.9849570393562316,0.9997575879096984
49,0.816,20,RIGHT_INDEX,0.4406056659562251,0.5351725504511884,-0.2070177112306869,0.9351335167884828,0.9991257786750792
49,0.816,21,LEFT_THUMB,0.5759498760813764,0.5321477878661387,-0.18542921330247622,0.980311632156372,0.9998502731323242
49,0.816,22,RIGHT_THUMB,0.4439791738986973,0.5302826875732063,-0.15164222461836685,0.9295329451560974,0.9993707537651062
49,0.816,23,LEFT_HIP,0.5411121533030561,0.5342038273811345,-0.019860698885860853,0.9998544454574584,0.9997979998588562
49,0.816,24,RIGHT_HIP,0.4778370105084923,0.5356735558736897,0.01985629080306915,0.999819040298462,0.9998522996902466
49,0.816,25,LEFT_KNEE,0.5530985934393752,0.5975102640333636,0.043258637012470305,0.9960685968399048,0.9999401569366456
49,0.816,26,RIGHT_KNEE,0.47734001846540586,0.5948113742328831,0.10050076672009062,0.9913055896759032,0.9999085664749146
49,0.816,27,LEFT_ANKLE,0.5556454913956783,0.6512944102287299,0.24205889233521072,0.9919021129608154,0.999549686908722
49,0.816,28,RIGHT_ANKLE,0.48741942644119307,0.6502573064395366,0.3289597800799781,0.9903148412704468,0.999776303768158
49,0.816,29,LEFT_HEEL,0.5502345618747534,0.658980480262212,0.25362371617839474,0.8641532063484192,0.9991913437843324
49,0.816,30,RIGHT_HEEL,0.4967457212152939,0.6586137101763776,0.34436169124784954,0.9251368045806884,0.9995526671409608
49,0.816,31,LEFT_FOOT_INDEX,0.5604037897927425,0.6686058697246376,0.12585051748014642,0.984994888305664,0.9961851239204408
49,0.816,32,RIGHT_FOOT_INDEX,0.46402974781535966,0.6694727681932001,0.23033540234679287,0.9857252836227416,0.9976041913032532
50,0.833,0,NOSE,0.5087582440603352,0.3999661249773847,-0.25482311277162484,0.9999473094940186,0.9997150301933287
50,0.833,1,LEFT_EYE_INNER,0.5144678127197997,0.3945507421380001,-0.23519094217391262,0.9997727274894714,0.9992457628250122
50,0.833,2,LEFT_EYE,0.518115341663361,0.3946468844300228,-0.2352199568634943,0.999782145023346,0.9992535710334778
50,0.833,3,LEFT_EYE_OUTER,0.5220087454432538,0.39481279395875507,-0.2352026466812408,0.9997732639312744,0.9992388486862184
50,0.833,4,RIGHT_EYE_INNER,0.5026994319189166,0.3944506531669983,-0.23699893483093823,0.9997305870056152,0.9992165565490724
50,0.833,5,RIGHT_EYE,0.4981165485722683,0.39454750219980905,-0.23697706205504304,0.9997027516365052,0.999129831790924
50,0.833,6,RIGHT_EYE_OUTER,0.4936383877481737,0.3946885026636581,-0.23698719697339213,0.9996650815010072,0.9990547299385072
50,0.833,7,LEFT_EAR,0.5265334560757596,0.39845208326975545,-0.12255752086639408,0.9996134638786316,0.9993354678153992
50,0.833,8,RIGHT_EAR,0.4873696750118623,0.3980559238365722,-0.129150546022824,0.9992706179618835,0.9989857077598572
50,0.833,9,MOUTH_LEFT,0.5155157588777093,0.40753509742873095,-0.21164885092349295,0.999924898147583,0.9998186230659484
50,0.833,10,MOUTH_RIGHT,0.5012808924629579,0.40772560948417336,-0.2140127491383327,0.9999024868011476,0.999786913394928
50,0.833,11,LEFT_SHOULDER,0.5591129518690569,0.4385154885905133,-0.07755103352523984,0.9999797344207764,0.9999504089355468
50,0.833,12,RIGHT_SHOULDER,0.4513801180181053,0.4379491153217502,-0.04608794195311411,0.99984872341156,0.9998210072517396
50,0.833,13,LEFT_ELBOW,0.582887694949196,0.4821107983589177,-0.05051477200218607,0.9906848073005676,0.9998264908790588
50,0.833,14,RIGHT_ELBOW,0.42853337526321444,0.4818246534892495,-0.0263313313147851,0.9460609555244446,0.999413251876831
50,0.833,15,LEFT_WRIST,0.5840169390042629,0.5229991049993611,-0.17075819415705554,0.9917483329772948,0.9999258518218994
50,0.833,16,RIGHT_WRIST,0.4363337386222116,0.5233577575002403,-0.14483845517748886,0.9553382396697998,0.9994741082191468
50,0.833,17,LEFT_PINKY,0.5889827580679037,0.5372997039840339,-0.2100305848178411,0.984713852405548,0.9997867941856384
50,0.833,18,RIGHT_PINKY,0.43336113577797336,0.5375191257113507,-0.18130014127209088,0.9324148893356324,0.999165415763855
50,0.833,19,LEFT_INDEX,0.5807829754693172,0.5364059976169047,-0.24500864318438956,0.985238552093506,0.999833345413208
50,0.833,20,RIGHT_INDEX,0.4413617281686696,0.5353099590256105,-0.21756938170819073,0.9360081553459167,0.9992867112159728
50,0.833,21,LEFT_THUMB,0.5764204547518781,0.5321493631317507,-0.18694799145062782,0.9806721210479736,0.9999006986618042
50,0.833,22,RIGHT_THUMB,0.4445013701915745,0.5304141101383033,-0.16252207472210847,0.9303534626960754,0.9994877576828004
50,0.833,23,LEFT_HIP,0.540823726426988,0.5345534171376914,-0.01888730660790486,0.9998576045036316,0.9998249411582948
50,0.833,24,RIGHT_HIP,0.4776534125918438,0.5362319094794141,0.018875381598869943,0.9998239874839784,0.9998838901519777
50,0.833,25,LEFT_KNEE,0.5533458051227393,0.5974087147485647,0.04834704260740959,0.9961162805557252,0.9999500513076782
50,0.833,26,RIGHT_KNEE,0.4771729948974795,0.5949504914737889,0.10290521383285528,0.9912846684455872,0.999924898147583
50,0.833,27,LEFT_ANKLE,0.5556513667106634,0.651204387346904,0.24743842652865838,0.9919813871383668,0.9995917677879332
50,0.833,28,RIGHT_ANKLE,0.4874665410745716,0.6503034319196435,0.33045144450096886,0.9904221892356871,0.999810516834259
50,0.833,29,LEFT_HEEL,0.5500544735363557,0.6587307964052479,0.2592054896411444,0.8659956455230713,0.9992349147796632
50,0.833,30,RIGHT_HEEL,0.4968460145450779,0.6585781006585989,0.3455671072006229,0.926626443862915,0.9996015429496764
50,0.833,31,LEFT_FOOT_INDEX,0.5609261024565929,0.6685800126620708,0.1333095942224776,0.9852204918861388,0.996200144290924
50,0.833,32,RIGHT_FOOT_INDEX,0.464093726305735,0.6694831365630747,0.2337840064650492,0.9858988523483276,0.9977971315383912
51,0.85,0,NOSE,0.50864566223962,0.4002137028035667,-0.2578152716159823,0.9999479055404664,0.9996833801269532
51,0.85,1,LEFT_EYE_INNER,0.5141611354691646,0.39482027150335797,-0.23808732699780255,0.9997757077217102,0.9991334080696106
51,0.85,2,LEFT_EYE,0.5178659473146716,0.3949168267704195,-0.23811458547910072,0.9997838735580444,0.999141812324524
51,0.85,3,LEFT_EYE_OUTER,0.5216241649218973,0.39506628967466845,-0.23809322998637264,0.9997743368148804,0.9991218447685242
51,0.85,4,RIGHT_EYE_INNER,0.5025792065120883,0.3947355307283859,-0.24045262876011092,0.9997370839118958,0.9991161227226256
51,0.85,5,RIGHT_EYE,0.4980428332374214,0.394836878492719,-0.24043481690543062,0.9997096061706544,0.9990339279174804
51,0.85,6,RIGHT_EYE_OUTER,0.4935160492147722,0.3949690120560786,-0.24044259531157375,0.9996727705001832,0.9989583492279052
51,0.85,7,LEFT_EAR,0.525854505243756,0.3986884909016749,-0.12437051215342117,0.999609649181366,0.9992280006408693
51,0.85,8,RIGHT_EAR,0.48692241027241706,0.39830142401513635,-0.13350592695531405,0.9992916584014891,0.998898983001709
51,0.85,9,MOUTH_LEFT,0.515138183321272,0.4077489404451283,-0.21428464495000402,0.9999237060546876,0.9997954964637756
51,0.85,10,MOUTH_RIGHT,0.5011964809326903,0.40789836928958023,-0.21727122792175854,0.9999033212661744,0.9997671246528624
51,0.85,11,LEFT_SHOULDER,0.5582808795429417,0.43879826154027707,-0.07839906818809965,0.9999786019325256,0.9999322891235352
51,0.85,12,RIGHT_SHOULDER,0.4505234232970651,0.4385001545860657,-0.0514930243648234,0.999851405620575,0.9998093247413636
51,0.85,13,LEFT_ELBOW,0.5823929309844976,0.4823548509961087,-0.05144249541418891,0.9905957579612732,0.9998106360435486
51,0.85,14,RIGHT_ELBOW,0.42731349950745023,0.48212629414740105,-0.03772054931947159,0.9468850493431092,0.9993821382522584
51,0.85,15,LEFT_WRIST,0.5842779789652148,0.5231694976488754,-0.17293255173024685,0.9917775988578796,0.9999128580093384
51,0.85,16,RIGHT_WRIST,0.4363363441966832,0.523518786543892,-0.15878436182226463,0.9553418755531312,0.9993816614151
51,0.85,17,LEFT_PINKY,0.5896216971533645,0.5374383926391606,-0.21253799895445524,0.9847009181976318,0.999751627445221
51,0.85,18,RIGHT_PINKY,0.43408499161402425,0.5377717188426432,-0.19544755773884925,0.9322326183319092,0.9990314245224
51,0.85,19,LEFT_INDEX,0.5814914249238519,0.5365402670133687,-0.24774677554766358,0.9852380752563475,0.9998077750205994
51,0.85,20,RIGHT_INDEX,0.44245393645195774,0.5354922981489277,-0.23035732834112094,0.9357455372810364,0.999173104763031
51,0.85,21,LEFT_THUMB,0.57695845479057,0.532265322549003,-0.18912432236330867,0.9806969165802002,0.9998824596405028
51,0.85,22,RIGHT_THUMB,0.4453204827649257,0.5305946611222772,-0.17583919139135462,0.9299811720848083,0.9994149208068848
51,0.85,23,LEFT_HIP,0.5404612365223118,0.5348127711386912,-0.01771057592261404,0.9998575448989868,0.9998192191123962
51,0.85,24,RIGHT_HIP,0.4774138331413274,0.5366928265208295,0.017688546773223627,0.9998281002044678,0.9998948574066162
51,0.85,25,LEFT_KNEE,0.5534433012916933,0.5969650546709702,0.05283623064557709,0.995999813079834,0.999935269355774
51,0.85,26,RIGHT_KNEE,0.47698736332711766,0.5950636182512561,0.10527014909755622,0.9913756251335144,0.9999326467514038
51,0.85,27,LEFT_ANKLE,0.5557172979627342,0.651006962571826,0.2494796947354364,0.9919626116752625,0.9996334314346312
51,0.85,28,RIGHT_ANKLE,0.4874579835505717,0.6503058047521688,0.33043803913252723,0.9905803203582764,0.9997983574867249
51,0.85,29,LEFT_HEEL,0.5499205362229125,0.6583887508937296,0.26105840433211575,0.8702375888824463,0.9993170499801636
51,0.85,30,RIGHT_HEEL,0.4968365061850779,0.658445210683914,0.34513248857997747,0.927465319633484,0.9995636343955994
51,0.85,31,LEFT_FOOT_INDEX,0.561497188749768,0.6685806966963275,0.13600606719652822,0.985339105129242,0.996425211429596
51,0.85,32,RIGHT_FOOT_INDEX,0.46428937713305196,0.669505982171922,0.23593632593041391,0.9860299229621888,0.9975200295448304
52,0.867,0,NOSE,0.5085426654134482,0.40058571384066666,-0.25997098996525747,0.9999492168426514,0.9996966123580932
52,0.867,1,LEFT_EYE_INNER,0.5139384667078659,0.3951709085986731,-0.24044657037371697,0.9997816681861876,0.999161958694458
52,0.867,2,LEFT_EYE,0.5176686786469964,0.3952714318320868,-0.240471572393463,0.9997887015342712,0.9991687536239624
52,0.867,3,LEFT_EYE_OUTER,0.5213091855957399,0.3954067698546822,-0.24044531938575583,0.9997783899307252,0.9991458654403688
52,0.867,4,RIGHT_EYE_INNER,0.5024794822647463,0.39509324658484724,-0.24306699633598344,0.9997462630271912,0.9991430044174194
52,0.867,5,RIGHT_EYE,0.4979680223124372,0.39519677417618915,-0.24305213349206126,0.999719500541687,0.9990538954734802
52,0.867,6,RIGHT_EYE_OUTER,0.4934152648562481,0.39532259958131005,-0.24305900576568804,0.999683439731598,0.9989720582962036
52,0.867,7,LEFT_EAR,0.5252707799275721,0.39898017474583247,-0.126439698395275,0.9996154308319092,0.9992595314979552
52,0.867,8,RIGHT_EAR,0.48649045399257157,0.39858707785606423,-0.13751120155765906,0.9993191361427308,0.9989023208618164
52,0.867,9,MOUTH_LEFT,0.5148546269961771,0.40805699853670063,-0.2164502817960014,0.9999244809150696,0.9998002648353576
52,0.867,10,MOUTH_RIGHT,0.5011083029565362,0.40817922353744546,-0.21981627955323188,0.9999058842658995,0.9997729659080504
52,0.867,11,LEFT_SHOULDER,0.5576373140017197,0.43910090412412417,-0.07951952800864268,0.999978244304657,0.9999417066574096
52,0.867,12,RIGHT_SHOULDER,0.4498080369972051,0.4390711968853364,-0.056852453521319804,0.9998540282249452,0.9998103976249696
52,0.867,13,LEFT_ELBOW,0.5818549054009579,0.48267146803083916,-0.05269171723297661,0.9906712770462036,0.9998327493667604
52,0.867,14,RIGHT_ELBOW,0.42606240369024767,0.4824362865516122,-0.04896719984355422,0.9476924538612366,0.9993834495544434
52,0.867,15,LEFT_WRIST,0.5846863389015202,0.5234275148028424,-0.17377499881244848,0.9919199347496032,0.9999195337295532
52,0.867,16,RIGHT_WRIST,0.4363018629096807,0.5236398776372279,-0.1732414279665267,0.9557632803916932,0.9994394183158876
52,0.867,17,LEFT_PINKY,0.5903179986136307,0.5376951041675754,-0.21327292351495666,0.9848987460136414,0.9997602105140686
52,0.867,18,RIGHT_PINKY,0.434875906932922,0.5380218596685505,-0.2099004494292397,0.9327455163002014,0.9991183876991272
52,0.867,19,LEFT_INDEX,0.5821824754987449,0.5368018888291863,-0.24852796608493466,0.9854370951652528,0.9998156428337096
52,0.867,20,RIGHT_INDEX,0.4436722993850712,0.5356815741175702,-0.24333911282675627,0.9361528158187866,0.9992583394050598
52,0.867,21,LEFT_THUMB,0.5775215058099661,0.5325147424425403,-0.18984180192152678,0.9809874892234802,0.999889612197876
52,0.867,22,RIGHT_THUMB,0.4462668938296186,0.5307778460638869,-0.18966240755149313,0.9303005337715148,0.9994742274284364
52,0.867,23,LEFT_HIP,0.5400351626532423,0.5350060548101158,-0.016560948054705333,0.999858558177948,0.9998156428337096
52,0.867,24,RIGHT_HIP,0.47712585330009505,0.5370411447116312,0.01652917398938107,0.9998316168785096,0.9998852014541626
52,0.867,25,LEFT_KNEE,0.5533388938222618,0.5962108316875645,0.05775005104286328,0.9959293007850648,0.9999440908432008
52,0.867,26,RIGHT_KNEE,0.4767887351058782,0.5951235890388494,0.10562495461532055,0.991327464580536,0.9999310970306396
52,0.867,27,LEFT_ANKLE,0.5555846946580074,0.6507679224014289,0.2479665243909474,0.9919933080673218,0.9996722936630248
52,0.867,28,RIGHT_ANKLE,0.4874175815355214,0.6503079874174942,0.32580391707874506,0.990686297416687,0.9998282194137572
52,0.867,29,LEFT_HEEL,0.5493110702151349,0.6580932083584019,0.258888322682608,0.8738095164299011,0.9993934631347656
52,0.867,30,RIGHT_HEEL,0.4968440163703196,0.6583141429083694,0.3399437864621483,0.9287020564079284,0.9996308088302612
52,0.867,31,LEFT_FOOT_INDEX,0.5620634669349313,0.6685839295387275,0.13596309366680337,0.9855663776397704,0.9967437982559204
52,0.867,32,RIGHT_FOOT_INDEX,0.4643987559136894,0.669520176592328,0.2319123815922512,0.9861806631088256,0.9977978467941284
53,0.883,0,NOSE,0.5085452369281229,0.4010045854818257,-0.2639773970558532,0.99995094537735,0.9997643828392028
53,0.883,1,LEFT_EYE_INNER,0.5138182923907331,0.3955561064538505,-0.24456972238563374,0.9997888207435608,0.999321699142456
53,0.883,2,LEFT_EYE,0.517558424245744,0.39565684681847013,-0.24459317823251112,0.9997952580451964,0.9993137121200562
53,0.883,3,LEFT_EYE_OUTER,0.5211019799822858,0.395775716929209,-0.24456495259489353,0.999783456325531,0.9992781281471252
53,0.883,4,RIGHT_EYE_INNER,0.5024486695017139,0.39549142831847817,-0.24726720792906648,0.999756634235382,0.9993457198143004
53,0.883,5,RIGHT_EYE,0.4979445040225987,0.3956007943266917,-0.24725471507935318,0.9997313618659972,0.9992928504943848
53,0.883,6,RIGHT_EYE_OUTER,0.4933655744507204,0.39573303716523334,-0.24726351386024858,0.9996962547302246,0.9992438554763794
53,0.883,7,LEFT_EAR,0.5247910107885092,0.3992732323351364,-0.13002132659866705,0.999622106552124,0.9993398785591124
53,0.883,8,RIGHT_EAR,0.48609509354546004,0.39894080162048373,-0.14226388647442778,0.9993512630462646,0.9992194175720216
53,0.883,9,MOUTH_LEFT,0.5147442505473188,0.40838600482259513,-0.22030416556767068,0.9999254941940308,0.9998288154602052
53,0.883,10,MOUTH_RIGHT,0.5011283953984583,0.40851746570496367,-0.223919580380122,0.9999091029167176,0.9998205304145812
53,0.883,11,LEFT_SHOULDER,0.5572358710425245,0.4394086372284667,-0.08118136936709999,0.999977707862854,0.9999340772628784
53,0.883,12,RIGHT_SHOULDER,0.44934263115837497,0.43958047600019584,-0.06191950451050487,0.9998595118522644,0.999863624572754
53,0.883,13,LEFT_ELBOW,0.5813082314672929,0.48309752628916824,-0.05308673725951283,0.9905716180801392,0.999810516834259
53,0.883,14,RIGHT_ELBOW,0.42497626656577736,0.4827226641632266,-0.05460541642137934,0.949273407459259,0.9994869232177734
53,0.883,15,LEFT_WRIST,0.585216275283269,0.5237068732579554,-0.1722461460601717,0.9918721914291382,0.9998985528945924
53,0.883,16,RIGHT_WRIST,0.4363715166137336,0.5237268663588028,-0.17795507467928398,0.9565510749816896,0.9995563626289368
53,0.883,17,LEFT_PINKY,0.5909412645158318,0.5380054485230223,-0.21114219157468722,0.9847812056541444,0.9997244477272034
53,0.883,18,RIGHT_PINKY,0.4357579052448277,0.5382037418229244,-0.21408983142603027,0.9335170984268188,0.9993085861206056
53,0.883,19,LEFT_INDEX,0.5828219481876924,0.5371397364707226,-0.2464828569264641,0.9853444695472716,0.9997768998146056
53,0.883,20,RIGHT_INDEX,0.4449249165398738,0.5358304807118012,-0.24719109776474202,0.9367790222167968,0.9994105100631714
53,0.883,21,LEFT_THUMB,0.5781105813525977,0.5328342148235872,-0.18825484244596405,0.9809145331382751,0.999861478805542
53,0.883,22,RIGHT_THUMB,0.44732969857397575,0.530924552962894,-0.1941578586896262,0.93080735206604,0.9995781779289246
53,0.883,23,LEFT_HIP,0.5395339642252246,0.5351195874668309,-0.01590829245036553,0.9998580813407898,0.9998039603233336
53,0.883,24,RIGHT_HIP,0.47679041255088117,0.5372188062894917,0.015868937463632625,0.9998342990875244,0.999886155128479
53,0.883,25,LEFT_KNEE,0.5528375023887275,0.5952208950406035,0.059011754003309054,0.995832622051239,0.9999518394470216
53,0.883,26,RIGHT_KNEE,0.476634271088101,0.5951678298768548,0.10377113733972827,0.9913007020950316,0.9999440908432008
53,0.883,27,LEFT_ANKLE,0.5550600006466826,0.6504975841158918,0.24860174812021726,0.9920734167099,0.9997411370277404
53,0.883,28,RIGHT_ANKLE,0.487394811142059,0.650299943628766,0.322175577992485,0.990804135799408,0.9998595714569092
53,0.883,29,LEFT_HEEL,0.5482205067362109,0.6577549576759345,0.2595331143765225,0.8772530555725098,0.9995310306549072
53,0.883,30,RIGHT_HEEL,0.4969488240423661,0.6581127274604077,0.3362361405576981,0.9298816919326782,0.9997028708457948
53,0.883,31,LEFT_FOOT_INDEX,0.5617584671292991,0.6685851982661661,0.1372349006789072,0.9858903884887696,0.997490167617798
53,0.883,32,RIGHT_FOOT_INDEX,0.4645901081107916,0.6695433486075635,0.2270829918838684,0.9863535761833192,0.9983018636703492
54,0.9,0,NOSE,0.5085588296254481,0.4013520862374991,-0.2684155617441452,0.999951422214508,0.9996778964996338
54,0.9,1,LEFT_EYE_INNER,0.5137330918085012,0.3959054237320313,-0.2489788063934873,0.999791383743286,0.9991494417190552
54,0.9,2,LEFT_EYE,0.517463346322378,0.3960061257793793,-0.2490016200712751,0.9997974038124084,0.9991600513458252
54,0.9,3,LEFT_EYE_OUTER,0.5209353566169743,0.3961090630009064,-0.2489730559644247,0.9997841715812684,0.999142289161682
54,0.9,4,RIGHT_EYE_INNER,0.5024332716351468,0.3958495983055663,-0.25169897079467796,0.9997612237930298,0.9991211295127868
54,0.9,5,RIGHT_EYE,0.4979276231357034,0.3959658741950992,-0.25168699877602735,0.999736189842224,0.9990226030349731
54,0.9,6,RIGHT_EYE_OUTER,0.4933171470959986,0.39610613527752137,-0.2516985854932242,0.9997005462646484,0.9989336133003236
54,0.9,7,LEFT_EAR,0.5243503564880012,0.39951460134415434,-0.1335783444699788,0.999625325202942,0.9992826581001282
54,0.9,8,RIGHT_EAR,0.4857833924747653,0.399273073389417,-0.14685717508906415,0.9993693828582764,0.9988802075386048
54,0.9,9,MOUTH_LEFT,0.5147022888773969,0.40864507641111136,-0.22442042472816665,0.9999254941940308,0.9998083710670472
54,0.9,10,MOUTH_RIGHT,0.5011523933637714,0.4088128265880407,-0.22834050584407098,0.9999104738235474,0.9997721314430236
54,0.9,11,LEFT_SHOULDER,0.5569533876010355,0.43965320927756213,-0.08316113551457728,0.9999777674674988,0.999946355819702
54,0.9,12,RIGHT_SHOULDER,0.4490369898932325,0.4398943114848368,-0.06605913614233336,0.9998623728752136,0.9998258948326112
54,0.9,13,LEFT_ELBOW,0.5805745295115885,0.4835731500671027,-0.05440546217418849,0.990530252456665,0.9998083710670472
54,0.9,14,RIGHT_ELBOW,0.4241900103432795,0.4829088747501378,-0.058989380264566044,0.949616014957428,0.9993108510971068
54,0.9,15,LEFT_WRIST,0.5857110931759795,0.5239291105951587,-0.17365603716600522,0.9919329881668092,0.9999033212661744
54,0.9,16,RIGHT_WRIST,0.4366357326507573,0.5237253648894179,-0.18331233305590505,0.9563727378845216,0.9993477463722228
54,0.9,17,LEFT_PINKY,0.5914583944139031,0.5382517803282969,-0.21224910091786175,0.9848693013191224,0.9997230172157288
54,0.9,18,RIGHT_PINKY,0.43685644297372767,0.5382541616757716,-0.21946003039677955,0.9331103563308716,0.9989948868751526
54,0.9,19,LEFT_INDEX,0.5833751190276378,0.5374250128155668,-0.24751114490486348,0.9854460954666138,0.999782383441925
54,0.9,20,RIGHT_INDEX,0.44634304302079375,0.5358818627539139,-0.2524617470446089,0.9362752437591552,0.9991574287414552
54,0.9,21,LEFT_THUMB,0.5786579393205193,0.5330993306069152,-0.18965354632763648,0.981074333190918,0.9998691082000732
54,0.9,22,RIGHT_THUMB,0.44856066221282637,0.530981302261353,-0.19940561694758296,0.9301767945289612,0.9993935823440552
54,0.9,23,LEFT_HIP,0.5389831520262224,0.5350810317766104,-0.015715091799696247,0.99985671043396,0.999756395816803
54,0.9,24,RIGHT_HIP,0.4764245336964021,0.537246601922172,0.015679631293529527,0.9998348355293274,0.9998509883880616
54,0.9,25,LEFT_KNEE,0.5519504376820161,0.5942496401923049,0.05762016081384249,0.9957498908042908,0.9999442100524902
54,0.9,26,RIGHT_KNEE,0.47653769879114105,0.595128306320736,0.09941870328925909,0.9911493062973022,0.9999291896820068
54,0.9,27,LEFT_ANKLE,0.5540216111001519,0.6502482124737337,0.24542554361479643,0.9920673966407776,0.9997076392173768
54,0.9,28,RIGHT_ANKLE,0.487341077554794,0.6502997335933509,0.3162668957596736,0.990792453289032,0.999847412109375
54,0.9,29,LEFT_HEEL,0.5465642327354073,0.6576048164140615,0.2559353411197664,0.8796558976173401,0.9994713664054872
54,0.9,30,RIGHT_HEEL,0.4970937044847584,0.6580499126797636,0.3301214419660117,0.9306318759918212,0.9996744394302368
54,0.9,31,LEFT_FOOT_INDEX,0.5608437572206775,0.6686391035715745,0.1318983169538635,0.986031413078308,0.9971531629562378
54,0.9,32,RIGHT_FOOT_INDEX,0.46463441990670745,0.6696042929376881,0.21739349833556598,0.9863824248313904,0.9981143474578856
55,0.917,0,NOSE,0.5086301082656501,0.40160392721494076,-0.27250911082540263,0.9999504685401917,0.9995747208595276
55,0.917,1,LEFT_EYE_INNER,0.5136764929408124,0.3961813336326966,-0.2529315707229435,0.9997878074645996,0.9989148378372192
55,0.917,2,LEFT_EYE,0.5173871971312028,0.39627752275694017,-0.2529547320944925,0.9997930526733398,0.9989136457443236
55,0.917,3,LEFT_EYE_OUTER,0.5208026624861222,0.39636849647476596,-0.2529271450780689,0.9997780919075012,0.9988874793052672
55,0.917,4,RIGHT_EYE_INNER,0.5024597616422748,0.3961422571114135,-0.25573951573598974,0.9997593760490416,0.9989232420921326
55,0.917,5,RIGHT_EYE,0.49795285151118374,0.39626588140215224,-0.2557270853292376,0.9997342824935912,0.9988211989402772
55,0.917,6,RIGHT_EYE_OUTER,0.4933171371618911,0.39642986655235324,-0.2557414145696733,0.9996984004974364,0.9987369179725648
55,0.917,7,LEFT_EAR,0.5239498104367942,0.3997109177566714,-0.1368435011023568,0.9996123313903807,0.9990485310554504
55,0.917,8,RIGHT_EAR,0.48558687170346626,0.3996241802260993,-0.1504738479852677,0.9993700981140136,0.9987106323242188
55,0.917,9,MOUTH_LEFT,0.5147381169455396,0.4087953922294439,-0.22825545924050483,0.9999228715896606,0.9997525811195374
55,0.917,10,MOUTH_RIGHT,0.5012348351024452,0.4090211022467844,-0.23232316545077747,0.999909520149231,0.99972003698349
55,0.917,11,LEFT_SHOULDER,0.5566728966576717,0.43980011911619316,-0.08533180646953134,0.9999771118164062,0.9999284744262696
55,0.917,12,RIGHT_SHOULDER,0.4489423121724814,0.4400977066585,-0.0698190654317538,0.9998633861541748,0.999805510044098
55,0.917,13,LEFT_ELBOW,0.5796969107219156,0.48395092288653097,-0.055196254381111656,0.9903926849365234,0.9997674822807312
55,0.917,14,RIGHT_ELBOW,0.4238076068106156,0.48304577952339584,-0.06253525721175329,0.9502856135368348,0.9992534518241882
55,0.917,15,LEFT_WRIST,0.5862072649456211,0.5240221960203992,-0.1749107362259003,0.9918562769889832,0.999880313873291
55,0.917,16,RIGHT_WRIST,0.43724796317872583,0.5236766934394841,-0.18868372979618267,0.9563925862312316,0.9993725419044496
55,0.917,17,LEFT_PINKY,0.5919644492013119,0.5383857658931193,-0.2129985711404257,0.9846930503845216,0.9996747970581056
55,0.917,18,RIGHT_PINKY,0.43828355414526843,0.5382225172860287,-0.2249840966292792,0.9327769875526428,0.9990488886833192
55,0.917,19,LEFT_INDEX,0.5839987964857198,0.5376168943586809,-0.24848044982978296,0.985289990901947,0.999739110469818
55,0.917,20,RIGHT_INDEX,0.4478704063665303,0.53586814233235,-0.2579363392932077,0.935835599899292,0.9991989731788636
55,0.917,21,LEFT_THUMB,0.5793255652700157,0.5332967780885247,-0.19107922273022804,0.9809062480926514,0.9998407363891602
55,0.917,22,RIGHT_THUMB,0.4500234084469935,0.5309681381498069,-0.2046992700724376,0.92951101064682,0.999421238899231
55,0.917,23,LEFT_HIP,0.5385028436070401,0.5349581383523492,-0.01485679852997969,0.9998544454574584,0.9997486472129822
55,0.917,24,RIGHT_HIP,0.47613527661278177,0.5371879481133965,0.014832977515955723,0.9998338222503662,0.9998477697372437
55,0.917,25,LEFT_KNEE,0.5508950494584588,0.5934591094652817,0.055886642741305476,0.9956173896789552,0.9999436140060424
55,0.917,26,RIGHT_KNEE,0.47648853915078343,0.5952170491218572,0.09416899901060832,0.9909541606903076,0.9999297857284546
55,0.917,27,LEFT_ANKLE,0.5525923201016023,0.6503432903970996,0.23563129135540573,0.992016851902008,0.999751627445221
55,0.917,28,RIGHT_ANKLE,0.487438600687754,0.6503063099724912,0.31010135014851914,0.9907658100128174,0.9998687505722046
55,0.917,29,LEFT_HEEL,0.5445557719185243,0.6579035236721953,0.24510997320924505,0.8807026743888855,0.9995619654655457
55,0.917,30,RIGHT_HEEL,0.4975984777723045,0.658074577649435,0.32360655353182866,0.930652379989624,0.9997298121452332
55,0.917,31,LEFT_FOOT_INDEX,0.5603776148387369,0.668862538678306,0.11885079386688421,0.9861319065093994,0.997742772102356
55,0.917,32,RIGHT_FOOT_INDEX,0.46490391237395196,0.6696657226199201,0.20843589447793526,0.9864476919174194,0.998479187488556
56,0.933,0,NOSE,0.5087856423287169,0.40177116223744025,-0.2702533049242839,0.9999504089355468,0.9996055960655212
56,0.933,1,LEFT_EYE_INNER,0.5137024947575165,0.3963765487784434,-0.25024757356870764,0.9997885823249816,0.9989797472953796
56,0.933,2,LEFT_EYE,0.5173905633744744,0.39646859537987517,-0.2502753060488476,0.9997931718826294,0.9989939332008362
56,0.933,3,LEFT_EYE_OUTER,0.5207633631570003,0.39655176230839356,-0.2502523426498688,0.9997770190238952,0.9989787340164183
56,0.933,4,RIGHT_EYE_INNER,0.5025466368311933,0.3963482848235543,-0.2532904403550286,0.9997624158859252,0.99893981218338
56,0.933,5,RIGHT_EYE,0.49802647318158877,0.3964771202632363,-0.2532740817183542,0.9997371435165404,0.9988178610801696
56,0.933,6,RIGHT_EYE_OUTER,0.493358174959819,0.3966638829026907,-0.2532878156219212,0.9997008442878724,0.9987119436264038
56,0.933,7,LEFT_EAR,0.5236597203073052,0.3998445967833205,-0.13331455134210143,0.9996084570884703,0.9991507530212402
56,0.933,8,RIGHT_EAR,0.485414727812722,0.399912292049045,-0.1478342009442194,0.9993823170661926,0.9986617565155028
56,0.933,9,MOUTH_LEFT,0.5148369244166788,0.40888736077717414,-0.22575519908042196,0.9999213814735411,0.9997710585594176
56,0.933,10,MOUTH_RIGHT,0.5013774519874941,0.4091633643422812,-0.2300981176751002,0.99990975856781,0.999728500843048
56,0.933,11,LEFT_SHOULDER,0.5563493342626668,0.4398917201019472,-0.08249930434283759,0.999976396560669,0.9999343156814576
56,0.933,12,RIGHT_SHOULDER,0.4488764376867389,0.44019991727102403,-0.06803351516524953,0.9998631477355956,0.9997699856758118
56,0.933,13,LEFT_ELBOW,0.5789054717336388,0.4842202308632083,-0.05332056450701893,0.9901697635650636,0.999787986278534
56,0.933,14,RIGHT_ELBOW,0.42385517557462093,0.48322011033693996,-0.06517721623891876,0.9504910111427308,0.999113142490387
56,0.933,15,LEFT_WRIST,0.5866632972444812,0.5240231837545127,-0.17516724410511209,0.9917824268341064,0.9998865127563475
56,0.933,16,RIGHT_WRIST,0.43824061041786594,0.5236556132634486,-0.19017885554404496,0.9556444883346558,0.9992417097091676
56,0.933,17,LEFT_PINKY,0.592452554475694,0.5384078082584205,-0.2130031280574346,0.9845687747001648,0.9996800422668456
56,0.933,18,RIGHT_PINKY,0.4399862246853969,0.5381967084748409,-0.22668557436693304,0.9316063523292542,0.9988657236099244
56,0.933,19,LEFT_INDEX,0.5846815790448876,0.5376859307289128,-0.2489562233289085,0.9851889610290528,0.999751627445221
56,0.933,20,RIGHT_INDEX,0.4494842078004569,0.5358592640785949,-0.26008481071108885,0.9346079230308532,0.9990563988685608
56,0.933,21,LEFT_THUMB,0.5800948001089555,0.5333974645251325,-0.19167773496536994,0.9808088541030884,0.9998490810394288
56,0.933,22,RIGHT_THUMB,0.4516419924440842,0.5309621805236457,-0.20637832936786488,0.9280173182487488,0.9993220567703248
56,0.933,23,LEFT_HIP,0.53814599059877,0.5348355117298313,-0.014004901761100374,0.999851644039154,0.9997707009315492
56,0.933,24,RIGHT_HIP,0.4759366327808021,0.5371320701780778,0.014002074310112527,0.9998319149017334,0.999853014945984
56,0.933,25,LEFT_KNEE,0.5498404644784478,0.5932589599064424,0.0486048183270863,0.9955295920372008,0.9999450445175172
56,0.933,26,RIGHT_KNEE,0.47645176876158984,0.5955924107914885,0.08806048901308153,0.9908908009529114,0.9999285936355592
56,0.933,27,LEFT_ANKLE,0.5511035010928205,0.6511735887754537,0.21914663414160424,0.9920701384544371,0.999758780002594
56,0.933,28,RIGHT_ANKLE,0.4876259494395488,0.6503476103146877,0.3022194220906215,0.990835964679718,0.9998553991317748
56,0.933,29,LEFT_HEEL,0.5427927970886235,0.6589725897425702,0.2274207770824434,0.8835620284080505,0.9995450377464294
56,0.933,30,RIGHT_HEEL,0.4982418176673712,0.6583313317525961,0.31522927823520863,0.9309290051460266,0.9996942281723022
56,0.933,31,LEFT_FOOT_INDEX,0.5586604078610743,0.669948611940657,0.09823881683959848,0.9863330125808716,0.9974879026412964
56,0.933,32,RIGHT_FOOT_INDEX,0.46516938578514866,0.6698146292141511,0.19815188788232369,0.9865459203720092,0.9982839226722716
57,0.95,0,NOSE,0.5088675987152831,0.40193323294321737,-0.26542403726350716,0.9999523758888244,0.9997153878211976
57,0.95,1,LEFT_EYE_INNER,0.513717529319582,0.3965109984080001,-0.2451290949469523,0.9997975826263428,0.9992644190788268
57,0.95,2,LEFT_EYE,0.5174011843545101,0.39659894080389146,-0.24516073366006236,0.9998016953468324,0.9992828965187072
57,0.95,3,LEFT_EYE_OUTER,0.5207601842426124,0.3966787216209234,-0.2451409825256895,0.999785542488098,0.9992747902870178
57,0.95,4,RIGHT_EYE_INNER,0.5025855984006614,0.3964877440815884,-0.24835910754544413,0.9997735023498536,0.9992247819900512
57,0.95,5,RIGHT_EYE,0.4980563308511466,0.3966188870725181,-0.24833876107420264,0.9997491836547852,0.9991344809532166
57,0.95,6,RIGHT_EYE_OUTER,0.4933622805845174,0.3968207552319485,-0.2483506117548263,0.9997137188911438,0.9990530610084534
57,0.95,7,LEFT_EAR,0.5235884359904702,0.399944174857367,-0.1276743216883569,0.9996227622032166,0.9994083642959596
57,0.95,8,RIGHT_EAR,0.4853288304238097,0.4001095223994485,-0.14293631272656585,0.9994157552719116,0.9990050196647644
57,0.95,9,MOUTH_LEFT,0.5148871228808453,0.40902798658325595,-0.22077239269302024,0.99992436170578,0.9998340606689452
57,0.95,10,MOUTH_RIGHT,0.5014592068535946,0.40934831897417745,-0.22534385252566583,0.9999139308929444,0.9997945427894592
57,0.95,11,LEFT_SHOULDER,0.5561138845625383,0.4399720700014209,-0.07733441569975447,0.9999768733978271,0.9999569654464722
57,0.95,12,RIGHT_SHOULDER,0.4488045601617726,0.44026851795968597,-0.0641062328858035,0.9998655915260316,0.999794065952301
57,0.95,13,LEFT_ELBOW,0.5783227227983025,0.48440835305622687,-0.04987679191288493,0.9900264143943788,0.9998294115066528
57,0.95,14,RIGHT_ELBOW,0.4240144931134727,0.48343374899455516,-0.06591504510669483,0.9510524868965148,0.999077558517456
57,0.95,15,LEFT_WRIST,0.5871797175634481,0.5240113905497965,-0.1746688634157182,0.9918242692947388,0.9999061822891236
57,0.95,16,RIGHT_WRIST,0.4394560541425436,0.5236351575170249,-0.19001223927452465,0.9554625153541564,0.999272882938385
57,0.95,17,LEFT_PINKY,0.5929732237543384,0.5384357770284023,-0.2122718876316435,0.984683394432068,0.9997238516807556
57,0.95,18,RIGHT_PINKY,0.4417348007361098,0.5381937367575514,-0.22687553791772772,0.9313834309577942,0.998927652835846
57,0.95,19,LEFT_INDEX,0.5854098087265384,0.5377592756634672,-0.24869694525287286,0.98531836271286,0.99978369474411
57,0.95,20,RIGHT_INDEX,0.45110907299178027,0.5358607712246128,-0.2603978174073358,0.9342727661132812,0.9991160035133362
57,0.95,21,LEFT_THUMB,0.5809379645756318,0.5335064927736923,-0.1914835401943753,0.9809795618057252,0.9998717308044434
57,0.95,22,RIGHT_THUMB,0.45328803857167604,0.5309702470189054,-0.2062465434982665,0.9274123311042786,0.999362051486969
57,0.95,23,LEFT_HIP,0.5377811562447325,0.5347758559953604,-0.013285434583113279,0.999855101108551,0.9998531341552734
57,0.95,24,RIGHT_HIP,0.4757826768216637,0.5370607574780787,0.013305445157346225,0.9998334050178528,0.999881386756897
57,0.95,25,LEFT_KNEE,0.5489622609955929,0.5934447901589535,0.03640682574006771,0.9955950379371644,0.9999620914459229
57,0.95,26,RIGHT_KNEE,0.47643399664333935,0.5962396860122686,0.08560734242200854,0.9909952878952026,0.9999345541000366
57,0.95,27,LEFT_ANKLE,0.5500193522090009,0.6527810721170341,0.19367949025971562,0.9922657012939452,0.9997361302375792
57,0.95,28,RIGHT_ANKLE,0.4878343570800059,0.6503873864809678,0.29900063503356233,0.9909339547157288,0.9998505115509032
57,0.95,29,LEFT_HEEL,0.5417749399230598,0.6608949814523974,0.20028178535756624,0.8875529170036316,0.9994633793830872
57,0.95,30,RIGHT_HEEL,0.49885313425745326,0.6586106873693927,0.31174178776286926,0.9315778613090516,0.999687433242798
57,0.95,31,LEFT_FOOT_INDEX,0.5556170372735891,0.671528203146799,0.06696003786332551,0.986721694469452,0.9966092109680176
57,0.95,32,RIGHT_FOOT_INDEX,0.4655389005229591,0.6700080661546622,0.19492040574550643,0.9867329597473145,0.9981358051300048
58,0.967,0,NOSE,0.5089301580474495,0.40212895189012837,-0.259557271287555,0.9999538660049438,0.9997021555900574
58,0.967,1,LEFT_EYE_INNER,0.5137587530272353,0.39665832831746095,-0.23915636752332975,0.99980491399765,0.9992783665657043
58,0.967,2,LEFT_EYE,0.5174447439965753,0.39674602377982404,-0.23919118444124876,0.9998089671134948,0.9992965459823608
58,0.967,3,LEFT_EYE_OUTER,0.5207990748541701,0.39682360915910664,-0.2391749741066072,0.9997931718826294,0.9993003606796264
58,0.967,4,RIGHT_EYE_INNER,0.5026172569819863,0.3966289063294732,-0.24240264154615876,0.9997817277908324,0.9992250204086304
58,0.967,5,RIGHT_EYE,0.498078245492209,0.3967576353322896,-0.24237737911088147,0.999758243560791,0.999123752117157
58,0.967,6,RIGHT_EYE_OUTER,0.49336764500254715,0.3969664020197735,-0.2423862389155798,0.9997239708900452,0.999039351940155
58,0.967,7,LEFT_EAR,0.5236329947199145,0.40004378131457774,-0.1214067148310798,0.9996379017829896,0.9994505047798156
58,0.967,8,RIGHT_EAR,0.4852976188773205,0.40026476127760785,-0.136713478536833,0.9994420409202576,0.9990200996398926
58,0.967,9,MOUTH_LEFT,0.514930611565,0.40921077699888353,-0.2148097150382543,0.9999269247055054,0.9998408555984496
58,0.967,10,MOUTH_RIGHT,0.5015203441892356,0.40956803162892697,-0.21938107340108798,0.999917209148407,0.9997972846031188
58,0.967,11,LEFT_SHOULDER,0.5559667008263729,0.4400514775798438,-0.07148832756848565,0.9999777674674988,0.9999620914459229
58,0.967,12,RIGHT_SHOULDER,0.44876399920100296,0.440302350691387,-0.05831561627842134,0.9998663067817688,0.9997939467430116
58,0.967,13,LEFT_ELBOW,0.5780136982599899,0.48448661821229155,-0.04547875055244991,0.9899908900260924,0.9998093247413636
58,0.967,14,RIGHT_ELBOW,0.42412342344011617,0.4835877716541294,-0.06498689328630766,0.9505802989006042,0.9990394711494446
58,0.967,15,LEFT_WRIST,0.5878499008360369,0.5240279918625246,-0.17309290809290762,0.9918636083602904,0.9998947381973268
58,0.967,16,RIGHT_WRIST,0.4408932924270634,0.523634118693216,-0.19236046714442132,0.9548693299293518,0.9992544054985046
58,0.967,17,LEFT_PINKY,0.5936525265375778,0.5384691584677929,-0.21067921036765702,0.9848328232765198,0.9996861219406128
58,0.967,18,RIGHT_PINKY,0.443491671766554,0.5381898709705903,-0.2299368402787619,0.930528461933136,0.9988859295845032
58,0.967,19,LEFT_INDEX,0.5863540428025387,0.537834173157102,-0.24751505752404554,0.9854782819747924,0.999757707118988
58,0.967,20,RIGHT_INDEX,0.4527484590098975,0.5358265411286132,-0.2631512412003111,0.9333804249763488,0.9990711212158204
58,0.967,21,LEFT_THUMB,0.5819846221378877,0.5336053286279956,-0.19016275448458553,0.9811573028564452,0.9998569488525392
58,0.967,22,RIGHT_THUMB,0.4548804178124386,0.5309503248759684,-0.2084996948639553,0.926227331161499,0.9993177652359008
58,0.967,23,LEFT_HIP,0.5374495699292142,0.5348669545991085,-0.012924505841164335,0.9998580813407898,0.9998268485069276
58,0.967,24,RIGHT_HIP,0.47564794903709817,0.5370132866359898,0.01296233106404539,0.9998317360877992,0.999843955039978
58,0.967,25,LEFT_KNEE,0.5482362820988615,0.5946073532104498,0.02036179783975793,0.9956205487251282,0.9999587535858154
58,0.967,26,RIGHT_KNEE,0.47645561468033604,0.5971691551662632,0.08731261853660859,0.9908100962638856,0.9999104738235474
58,0.967,27,LEFT_ANKLE,0.5493415054820838,0.6553880118188409,0.16505998869736999,0.9923616647720336,0.9996156692504884
58,0.967,28,RIGHT_ANKLE,0.4880319961479736,0.6504652159554625,0.3023730346134733,0.9908066987991332,0.9998000264167786
58,0.967,29,LEFT_HEEL,0.5412500387146364,0.6638327836990363,0.17001328865687065,0.8871943354606628,0.9992043375968932
58,0.967,30,RIGHT_HEEL,0.499398366326378,0.6589028750147145,0.3153102256002883,0.93124520778656,0.9995846152305604
58,0.967,31,LEFT_FOOT_INDEX,0.5521753458749685,0.6739890405109956,0.031378701595323424,0.9868686199188232,0.9957183003425598
58,0.967,32,RIGHT_FOOT_INDEX,0.465992112954458,0.6702457609630773,0.20009399595714764,0.9867023229599,0.9978134632110596
59,0.983,0,NOSE,0.5090052059718545,0.4023585220177972,-0.25521299526804986,0.9999564290046692,0.9997983574867249
59,0.983,1,LEFT_EYE_INNER,0.5138210824557717,0.39684492349624667,-0.2345207489672163,0.9998160004615784,0.9994935989379884
59,0.983,2,LEFT_EYE,0.517515551476252,0.39693352438154705,-0.23455676933129646,0.999819815158844,0.9995014667510986
59,0.983,3,LEFT_EYE_OUTER,0.5208593947546827,0.39700657271203577,-0.2345432192087175,0.999804675579071,0.9994996786117554
59,0.983,4,RIGHT_EYE_INNER,0.5026709891500932,0.39680413830848005,-0.23779396996611663,0.999794602394104,0.9994745850563048
59,0.983,5,RIGHT_EYE,0.4981251997607099,0.39692868363289646,-0.23776647164708115,0.9997726678848268,0.9994137287139891
59,0.983,6,RIGHT_EYE_OUTER,0.49339893602189605,0.3971380662350431,-0.23777229303405412,0.9997402429580688,0.9993643164634703
59,0.983,7,LEFT_EAR,0.5237091098512927,0.40017792156764476,-0.11591884990533197,0.9996580481529236,0.9996079802513124
59,0.983,8,RIGHT_EAR,0.48531537396567254,0.4004192309720179,-0.1312109416439421,0.9994789361953736,0.9993849992752076
59,0.983,9,MOUTH_LEFT,0.5149750567617876,0.40943893080665983,-0.21020905957335534,0.9999310374259948,0.9998931884765624
59,0.983,10,MOUTH_RIGHT,0.5016016761461899,0.4098184051967806,-0.2147814915293741,0.9999222755432128,0.999868392944336
59,0.983,11,LEFT_SHOULDER,0.5559364954630539,0.44021701954660003,-0.06579228064843588,0.9999788403511048,0.999972939491272
59,0.983,12,RIGHT_SHOULDER,0.4487938994453071,0.4404200358050214,-0.052015255072287186,0.9998700618743896,0.9998420476913452
59,0.983,13,LEFT_ELBOW,0.57802107504436,0.4845507556483863,-0.039746250779855816,0.9900269508361816,0.9998430013656616
59,0.983,14,RIGHT_ELBOW,0.42420344551404354,0.4837310683159605,-0.059303876899537616,0.950864553451538,0.9990967512130736
59,0.983,15,LEFT_WRIST,0.5885969599088039,0.5240871537299387,-0.16880173413526456,0.9918934106826782,0.9998934268951416
59,0.983,16,RIGHT_WRIST,0.44233146026021,0.5235780193692167,-0.189385575197992,0.9550268650054932,0.9993847608566284
59,0.983,17,LEFT_PINKY,0.5943030459540236,0.5385089545022879,-0.20623440472852633,0.9849489331245422,0.999675154685974
59,0.983,18,RIGHT_PINKY,0.44509039464451056,0.5380935158048362,-0.22764654599484963,0.930641233921051,0.9991031885147096
59,0.983,19,LEFT_INDEX,0.5873559684980489,0.5379091955366594,-0.24335750582672322,0.9856043457984924,0.9997461438179016
59,0.983,20,RIGHT_INDEX,0.4542527326515747,0.535706275985355,-0.2606818945634935,0.9333449006080629,0.999257743358612
59,0.983,21,LEFT_THUMB,0.5830893942287996,0.5336752477146335,-0.1860329132704509,0.9812873601913452,0.9998511075973512
59,0.983,22,RIGHT_THUMB,0.45628641049067215,0.5308397696131757,-0.20548246020362504,0.9257993698120116,0.9994526505470276
59,0.983,23,LEFT_HIP,0.5370991684141617,0.5351450102669857,-0.01326157698141674,0.9998643398284912,0.9999027252197266
59,0.983,24,RIGHT_HIP,0.47553461222421595,0.5370067358016972,0.013308481756775112,0.999832808971405,0.9998937845230104
59,0.983,25,LEFT_KNEE,0.5473696390787766,0.5963328537486854,0.0037840493023395525,0.9956899285316468,0.9999756813049316
59,0.983,26,RIGHT_KNEE,0.4765019643874399,0.5981907560711821,0.09142551890441353,0.9906460046768188,0.9999351501464844
59,0.983,27,LEFT_ANKLE,0.5489004623322264,0.6580481245404204,0.14534181108077376,0.99256032705307,0.999687910079956
59,0.983,28,RIGHT_ANKLE,0.4881703427859719,0.6505691778092164,0.31081038429623586,0.990638256072998,0.9998388290405272
59,0.983,29,LEFT_HEEL,0.5413054171062656,0.6664567901974638,0.14970358425662644,0.8883943557739258,0.9993077516555786
59,0.983,30,RIGHT_HEEL,0.49969227824892365,0.6590373345783784,0.324328993047987,0.9304518103599548,0.9996700286865234
59,0.983,31,LEFT_FOOT_INDEX,0.5480392773946131,0.6765842551276804,0.006228428200951648,0.987204134464264,0.9958502054214478
59,0.983,32,RIGHT_FOOT_INDEX,0.4662444094816848,0.6704890756379996,0.21035519597076247,0.9867364168167114,0.998319923877716
60,1.0,0,NOSE,0.5090581235431494,0.4025835863181526,-0.25471553916022915,0.999958634376526,0.9997727274894714
60,1.0,1,LEFT_EYE_INNER,0.5138323193504701,0.39707356691360507,-0.23386522417976763,0.9998252987861632,0.9994352459907532
60,1.0,2,LEFT_EYE,0.5175447492372427,0.3971656262874607,-0.23390245011874625,0.9998289942741394,0.999450147151947
60,1.0,3,LEFT_EYE_OUTER,0.5208812185696198,0.39722842119988977,-0.23389122954436725,0.9998143315315248,0.9994534850120544
60,1.0,4,RIGHT_EYE_INNER,0.5026847663379855,0.3970140587715879,-0.2371357963198709,0.9998053908348083,0.9994022846221924
60,1.0,5,RIGHT_EYE,0.49813763016746204,0.3971345069862551,-0.2371081873064951,0.9997849464416504,0.9993280172348022
60,1.0,6,RIGHT_EYE_OUTER,0.4933911476816454,0.39732812841733334,-0.23711278608867115,0.9997539520263672,0.999270498752594
60,1.0,7,LEFT_EAR,0.5237757875805814,0.40032784853662795,-0.11484632073413761,0.999674677848816,0.9995803236961364
60,1.0,8,RIGHT_EAR,0.48534981693540347,0.4005614547502431,-0.13042357776846217,0.9995101690292358,0.9992846846580504
60,1.0,9,MOUTH_LEFT,0.514974795636677,0.4096633465517139,-0.20964188164188768,0.999934732913971,0.9998855590820312
60,1.0,10,MOUTH_RIGHT,0.5016747656322665,0.4100573772475837,-0.2142176351376944,0.999926745891571,0.9998533725738524
60,1.0,11,LEFT_SHOULDER,0.55602263552802,0.440486026661737,-0.06394823782500769,0.999979853630066,0.9999741315841676
60,1.0,12,RIGHT_SHOULDER,0.44887685775756875,0.440581933373497,-0.05074572900221463,0.9998720288276672,0.9998074173927308
60,1.0,13,LEFT_ELBOW,0.5781278666995826,0.4845930465630127,-0.03923575083414713,0.9901588559150696,0.9998584985733032
60,1.0,14,RIGHT_ELBOW,0.42428007579985155,0.48381914837019824,-0.05808121870671002,0.9515249729156494,0.998958945274353
60,1.0,15,LEFT_WRIST,0.5893559768086394,0.5241825154849467,-0.17316898987406787,0.991917610168457,0.9998890161514282
60,1.0,16,RIGHT_WRIST,0.4437154162497752,0.5234823368844537,-0.1929851812975749,0.9552546739578248,0.9993578791618348
60,1.0,17,LEFT_PINKY,0.5949387465204516,0.5385073650450938,-0.21136519951479793,0.9850143194198608,0.9996591806411744
60,1.0,18,RIGHT_PINKY,0.44657214766457,0.5379254392215189,-0.23178416348639005,0.9308345317840576,0.9991093277931212
60,1.0,19,LEFT_INDEX,0.5884735896473845,0.537925833747501,-0.24814705266839,0.9856823682785034,0.9997301697731018
60,1.0,20,RIGHT_INDEX,0.45565506106331277,0.535507630734217,-0.2640210673922586,0.933384895324707,0.9992584586143494
60,1.0,21,LEFT_THUMB,0.5843074463662652,0.5336581326666336,-0.19031817714373284,0.981368124485016,0.9998407363891602
60,1.0,22,RIGHT_THUMB,0.45750783454804234,0.5306467981565571,-0.2086943104153589,0.92536461353302,0.9994428753852844
60,1.0,23,LEFT_HIP,0.5366737445195521,0.5354648970422295,-0.013701493585748303,0.999869465827942,0.9999113082885742
60,1.0,24,RIGHT_HIP,0.4753799821649283,0.5370306684857328,0.013752088571588156,0.9998312592506408,0.999880075454712
60,1.0,25,LEFT_KNEE,0.5461257639385411,0.5979858750388742,-0.0074564628746537805,0.9957739114761353,0.9999792575836182
60,1.0,26,RIGHT_KNEE,0.4765362611838754,0.5989524069286534,0.0970513001084328,0.9905123710632324,0.9999303817749025
60,1.0,27,LEFT_ANKLE,0.5481709468932383,0.6600916470800133,0.1302307301333973,0.9927976727485656,0.9997087121009828
60,1.0,28,RIGHT_ANKLE,0.48818012362434793,0.6505848850522729,0.32105106541088674,0.9904974102973938,0.999837040901184
60,1.0,29,LEFT_HEEL,0.5410046747752604,0.6685177343232298,0.13398847161304392,0.8899509906768799,0.9993448853492736
60,1.0,30,RIGHT_HEEL,0.4996591409047449,0.658802977630071,0.33519402288255273,0.9293559193611144,0.999675989151001
60,1.0,31,LEFT_FOOT_INDEX,0.5451531466983619,0.6785867952165157,-0.011793166842488994,0.9876096248626708,0.9959936141967772
60,1.0,32,RIGHT_FOOT_INDEX,0.4663876735028771,0.6706651023456034,0.2231017038935708,0.9868078827857972,0.998362362384796
61,1.017,0,NOSE,0.5094435498827985,0.40293091961315736,-0.2585853934288027,0.9999602437019348,0.9997430443763732
61,1.017,1,LEFT_EYE_INNER,0.5141121063913623,0.3974022666613264,-0.23782753447691618,0.9998325109481812,0.999377191066742
61,1.017,2,LEFT_EYE,0.5177955542291919,0.39749840185755814,-0.23786499812489484,0.9998363852500916,0.9993952512741088
61,1.017,3,LEFT_EYE_OUTER,0.5210649541446146,0.3975598769528529,-0.23785540319624415,0.9998220205307008,0.9994022846221924
61,1.017,4,RIGHT_EYE_INNER,0.5030536452929184,0.39728659817150697,-0.24140116359506347,0.9998135566711426,0.9993306398391724
61,1.017,5,RIGHT_EYE,0.4985380754584362,0.3973846549079535,-0.241374887880825,0.9997945427894592,0.9992458820343018
61,1.017,6,RIGHT_EYE_OUTER,0.4937583349999932,0.39754112987291285,-0.24138028848738918,0.9997645616531372,0.999178111553192
61,1.017,7,LEFT_EAR,0.5238033107348856,0.40059054607436806,-0.11903553456068044,0.9996891617774964,0.9995500445365906
61,1.017,8,RIGHT_EAR,0.4854372867516113,0.4006990960666116,-0.13559563457965862,0.9995359778404236,0.9991979002952576
61,1.017,9,MOUTH_LEFT,0.5151382344109676,0.409998490696862,-0.2136186538707644,0.9999377727508544,0.9998788833618164
61,1.017,10,MOUTH_RIGHT,0.5020637313524887,0.4103658639249351,-0.218598986665408,0.9999303221702576,0.999842405319214
61,1.017,11,LEFT_SHOULDER,0.5560904060091296,0.4408259193102522,-0.06669071636029655,0.9999808073043824,0.9999734163284302
61,1.017,12,RIGHT_SHOULDER,0.4489068303789415,0.4407923789251422,-0.05549771906364535,0.9998729228973388,0.9997944235801696
61,1.017,13,LEFT_ELBOW,0.5782157778739935,0.4846270141147436,-0.04229402488895824,0.9902648329734802,0.9998400211334229
61,1.017,14,RIGHT_ELBOW,0.42437412199519964,0.48389581555411976,-0.06229849727380843,0.9517764449119568,0.9988757967948914
61,1.017,15,LEFT_WRIST,0.5901878731591366,0.5243120307014106,-0.1796020432597116,0.9919358491897584,0.9998745918273926
61,1.017,16,RIGHT_WRIST,0.44501049319903097,0.5233002077965514,-0.20426776153700707,0.9554990530014038,0.9992952346801758
61,1.017,17,LEFT_PINKY,0.5956227665855776,0.538533142634801,-0.2183181026152204,0.9851072430610656,0.999614953994751
61,1.017,18,RIGHT_PINKY,0.4479949119545168,0.5376205955232898,-0.24356960824557733,0.9311505556106568,0.999016523361206
61,1.017,19,LEFT_INDEX,0.589632752395812,0.5379608983085273,-0.2547393916618258,0.9857879281044006,0.9996981620788574
61,1.017,20,RIGHT_INDEX,0.4570097752979828,0.5351816898300539,-0.27481314397993567,0.9336003065109252,0.9991832375526428
61,1.017,21,LEFT_THUMB,0.5855671224139991,0.5336644053459172,-0.1965633339825132,0.9814987778663636,0.9998229146003724
61,1.017,22,RIGHT_THUMB,0.45868479354041003,0.5303194608007163,-0.21948506576674337,0.9252204895019532,0.9993815422058104
61,1.017,23,LEFT_HIP,0.5362765051069719,0.5357300014722919,-0.01394694333984735,0.9998735785484314,0.9998862743377686
61,1.017,24,RIGHT_HIP,0.47518810913676346,0.5370460322925028,0.013995141500518385,0.9998276829719543,0.9998403787612916
61,1.017,25,LEFT_KNEE,0.5447710156440739,0.5992603160086138,-0.012359342404774234,0.9957912564277648,0.9999732971191406
61,1.017,26,RIGHT_KNEE,0.47656778636432867,0.5995816815467113,0.10473185387395681,0.9901100993156432,0.9998997449874878
61,1.017,27,LEFT_ANKLE,0.5472943243526283,0.6617651808829541,0.11586583973396399,0.9928764700889589,0.9995198249816896
61,1.017,28,RIGHT_ANKLE,0.48824139719917703,0.6504826432182682,0.33472775845300606,0.9900242686271667,0.9997524619102478
61,1.017,29,LEFT_HEEL,0.5404415953727001,0.6700340935162141,0.11856340936252055,0.8884519338607788,0.9989293217658995
61,1.017,30,RIGHT_HEEL,0.4997458954652155,0.6582121877443229,0.34984040969894076,0.9274659156799316,0.9995137453079224
61,1.017,31,LEFT_FOOT_INDEX,0.5438410128865928,0.679927167438326,-0.02760093707946082,0.987689733505249,0.9939514398574828
61,1.017,32,RIGHT_FOOT_INDEX,0.466963302521479,0.6707418277150115,0.2396671885535832,0.9865084290504456,0.9976420998573304
62,1.033,0,NOSE,0.5099354386329655,0.4034413595994317,-0.25953261341367473,0.9999622106552124,0.9997928738594056
62,1.033,1,LEFT_EYE_INNER,0.5145203925314409,0.39784250940595395,-0.23889089836960764,0.9998415112495422,0.9994625449180604
62,1.033,2,LEFT_EYE,0.5181589694250203,0.3979348682221916,-0.23893017924967283,0.9998452663421632,0.999485731124878
62,1.033,3,LEFT_EYE_OUTER,0.5213394704319188,0.39800444529170115,-0.23892245477154156,0.99983149766922,0.9994927644729614
62,1.033,4,RIGHT_EYE_INNER,0.5035672244571509,0.39767169668560975,-0.24270383658863265,0.9998239278793336,0.9994088411331176
62,1.033,5,RIGHT_EYE,0.4990991453329726,0.3977376974764328,-0.2426783761807852,0.9998059272766112,0.9993311166763306
62,1.033,6,RIGHT_EYE_OUTER,0.4942818752356943,0.3978634292171118,-0.2426812641677404,0.9997770190238952,0.9992676377296448
62,1.033,7,LEFT_EAR,0.5238944206918994,0.401003779399963,-0.12085069006397617,0.9997043013572692,0.9996163845062256
62,1.033,8,RIGHT_EAR,0.48554236690203395,0.40096351362410076,-0.1381258694898516,0.999565064907074,0.999293565750122
62,1.033,9,MOUTH_LEFT,0.515361158620744,0.4105036812169215,-0.2149085849523546,0.9999412894248962,0.9998959302902222
62,1.033,10,MOUTH_RIGHT,0.5025439546221784,0.4108108466579804,-0.22025350020045342,0.9999344348907472,0.9998631477355956
62,1.033,11,LEFT_SHOULDER,0.5561555425326035,0.4412015633923671,-0.06819719324509307,0.9999816417694092,0.9999775886535645
62,1.033,12,RIGHT_SHOULDER,0.44889136865025514,0.44102961676461394,-0.05878596451310886,0.9998751878738404,0.9997852444648744
62,1.033,13,LEFT_ELBOW,0.5782649431909839,0.4846863675685161,-0.046861394175461354,0.9904252290725708,0.9998569488525392
62,1.033,14,RIGHT_ELBOW,0.42441639304161105,0.4840306809970315,-0.06626772259672481,0.9525163769721984,0.9986709356307985
62,1.033,15,LEFT_WRIST,0.591095387935639,0.5244785320191161,-0.18773977600392855,0.9919836521148682,0.9998798370361328
62,1.033,16,RIGHT_WRIST,0.4461163552034473,0.5231005776496165,-0.2085762236799514,0.9558468461036682,0.9991986155509948
62,1.033,17,LEFT_PINKY,0.5964198963982723,0.5386510122390026,-0.2273597852105188,0.985228717327118,0.99961519241333
62,1.033,18,RIGHT_PINKY,0.4491767783959711,0.5372778971989954,-0.2477867617493586,0.9317164421081544,0.998898148536682
62,1.033,19,LEFT_INDEX,0.5906436613627848,0.5380825088137677,-0.26348771864459647,0.9859206676483154,0.9997056126594543
62,1.033,20,RIGHT_INDEX,0.4580743766966324,0.5348019940512525,-0.2786020679133281,0.9339929223060608,0.999110996723175
62,1.033,21,LEFT_THUMB,0.5866310539699742,0.5337797176270263,-0.20456366524809894,0.9816839694976808,0.9998283386230468
62,1.033,22,RIGHT_THUMB,0.459599960417975,0.5299311762764345,-0.22353331886586703,0.9251890182495116,0.9993269443511964
62,1.033,23,LEFT_HIP,0.5358490319479083,0.5359436103275849,-0.014167409079770203,0.9998783469200134,0.9999274015426636
62,1.033,24,RIGHT_HIP,0.47494034965833065,0.5370658096813025,0.014214454307442564,0.999824285507202,0.9998743534088136
62,1.033,25,LEFT_KNEE,0.5435330158188234,0.6000134178570344,-0.01810366123737322,0.9956183433532716,0.9999728202819824
62,1.033,26,RIGHT_KNEE,0.47657719396409576,0.6000576161202936,0.10983415870439445,0.9893011450767516,0.999901533126831
62,1.033,27,LEFT_ANKLE,0.546577638103849,0.6631699005762742,0.09610787122732123,0.9927260279655457,0.9995195865631104
62,1.033,28,RIGHT_ANKLE,0.488287115380878,0.650485501402901,0.33506442251659596,0.9889103770256042,0.9997403025627136
62,1.033,29,LEFT_HEEL,0.5399912879580548,0.6715412054743092,0.09732181720790416,0.8892433047294617,0.9988903403282166
62,1.033,30,RIGHT_HEEL,0.4998341812973935,0.6578848730950135,0.34976449183055364,0.9236462116241456,0.9994992017745972
62,1.033,31,LEFT_FOOT_INDEX,0.5430047909418747,0.6807557003838682,-0.04745328665844031,0.9874995350837708,0.992954432964325
62,1.033,32,RIGHT_FOOT_INDEX,0.46754817877497035,0.67079493261519,0.24197228110971924,0.9855133295059204,0.997683048248291
63,1.05,0,NOSE,0.510529532319024,0.40401761304764555,-0.2568820785908474,0.999964714050293,0.9998341798782348
63,1.05,1,LEFT_EYE_INNER,0.515025621368772,0.3983100652694706,-0.23647970670745502,0.9998525977134703,0.999570906162262
63,1.05,2,LEFT_EYE,0.5186130007108057,0.3983945392426994,-0.23652368642035,0.9998561143875122,0.9995846152305604
63,1.05,3,LEFT_EYE_OUTER,0.5217034334228157,0.39848098584583863,-0.23652096873237988,0.999843180179596,0.9995898604393004
63,1.05,4,RIGHT_EYE_INNER,0.5042024538630536,0.3981028397878015,-0.24043433510121862,0.999836802482605,0.9995515942573548
63,1.05,5,RIGHT_EYE,0.4997895005203433,0.39813872320311444,-0.24040776491165178,0.9998201727867126,0.9995039701461792
63,1.05,6,RIGHT_EYE_OUTER,0.494937563226337,0.3982565133344563,-0.24040880373546075,0.9997932314872742,0.9994692206382751
63,1.05,7,LEFT_EAR,0.5240478231793363,0.4015213378838134,-0.12022219314461667,0.9997252225875854,0.9997001886367798
63,1.05,8,RIGHT_EAR,0.4857206387179243,0.401359502758299,-0.13804096480210631,0.999600112438202,0.9995206594467164
63,1.05,9,MOUTH_LEFT,0.515704765206292,0.4110973590896247,-0.21294983369963527,0.9999455213546752,0.9999164342880248
63,1.05,10,MOUTH_RIGHT,0.5031243761380517,0.41135063483601564,-0.2185709895122621,0.9999393820762634,0.9999021291732788
63,1.05,11,LEFT_SHOULDER,0.5562064789590386,0.44160470792225465,-0.06789680907414078,0.99998277425766,0.9999819993972778
63,1.05,12,RIGHT_SHOULDER,0.44888746880349695,0.4412249638920743,-0.061195529642559233,0.9998807311058044,0.9998613595962524
63,1.05,13,LEFT_ELBOW,0.5782720134371808,0.48483375708262166,-0.04919276954162689,0.9906099438667296,0.9998507499694824
63,1.05,14,RIGHT_ELBOW,0.4244089240119575,0.4841727217038477,-0.06951218949896949,0.953807771205902,0.9988806843757628
63,1.05,15,LEFT_WRIST,0.5919537288802017,0.5246288606098725,-0.19211304329690493,0.9919908046722412,0.999842882156372
63,1.05,16,RIGHT_WRIST,0.447017739216487,0.5229148694447113,-0.21246741499219635,0.9569839835166932,0.9992639422416688
63,1.05,17,LEFT_PINKY,0.5972790434246977,0.5388229489326481,-0.23243895173072832,0.9853044748306274,0.9994612336158752
63,1.05,18,RIGHT_PINKY,0.4501754442850753,0.536964371090844,-0.2515514542659126,0.9334405660629272,0.9988914132118224
63,1.05,19,LEFT_INDEX,0.591564780189878,0.5382945565950308,-0.2678783841076353,0.9859979748725892,0.9995957016944884
63,1.05,20,RIGHT_INDEX,0.4590866125765305,0.5344327063787556,-0.28167276155381,0.9355736970901488,0.9991318583488464
63,1.05,21,LEFT_THUMB,0.5875494394983569,0.533989236468361,-0.20864360885960728,0.9818200469017028,0.9997712969779968
63,1.05,22,RIGHT_THUMB,0.46047475934028664,0.5295582583972391,-0.2271034511781876,0.9265708327293396,0.999367654323578
63,1.05,23,LEFT_HIP,0.5354646415937518,0.5360959966977442,-0.014192431145125865,0.999882161617279,0.999924898147583
63,1.05,24,RIGHT_HIP,0.474638334342412,0.537070186365219,0.014242188605878975,0.9998207688331604,0.9998840093612672
63,1.05,25,LEFT_KNEE,0.5425353419213073,0.6002792205129357,-0.023006508082506198,0.995632827281952,0.999974250793457
63,1.05,26,RIGHT_KNEE,0.4765607473396124,0.6003953587441222,0.11400981708651504,0.9889250993728638,0.9999027252197266
63,1.05,27,LEFT_ANKLE,0.5458897721199767,0.6642393923941119,0.07512439627732553,0.9928210377693176,0.9993844032287598
63,1.05,28,RIGHT_ANKLE,0.48838336127144993,0.6505146736190438,0.33116237890152733,0.988387405872345,0.9997133612632751
63,1.05,29,LEFT_HEEL,0.5395606727827168,0.6733139497893204,0.07473600655794146,0.8903014063835144,0.9984423518180848
63,1.05,30,RIGHT_HEEL,0.5000350461119702,0.6577901017098206,0.3451435168584191,0.9221253991127014,0.9993937015533448
63,1.05,31,LEFT_FOOT_INDEX,0.5425020541463584,0.6808948942593173,-0.06692651464116005,0.9876463413238524,0.9893741011619568
63,1.05,32,RIGHT_FOOT_INDEX,0.4680143552167079,0.6708148008301151,0.24173287337734606,0.9851616621017456,0.9967920184135436
64,1.067,0,NOSE,0.5111876555851533,0.4047255629584906,-0.253796669698897,0.9999669790267944,0.9998931884765624
64,1.067,1,LEFT_EYE_INNER,0.5155763881547115,0.39892240507262133,-0.23358611691565756,0.9998624920845032,0.999707043170929
64,1.067,2,LEFT_EYE,0.5191157346680055,0.39900354402405913,-0.2336341036217555,0.9998657703399658,0.9997133612632751
64,1.067,3,LEFT_EYE_OUTER,0.5221526707921714,0.3991108309654966,-0.2336364189783734,0.9998533725738524,0.9997121691703796
64,1.067,4,RIGHT_EYE_INNER,0.5048993315015525,0.3986669991697588,-0.2375887774285818,0.9998483657836914,0.9996953010559082
64,1.067,5,RIGHT_EYE,0.5004979897113078,0.39865863465127527,-0.23756068235351943,0.9998328685760498,0.9996618032455444
64,1.067,6,RIGHT_EYE_OUTER,0.49562550300643604,0.39876797227632466,-0.2375605056683224,0.9998075366020204,0.9996343851089478
64,1.067,7,LEFT_EAR,0.5243293841679896,0.40218541168031274,-0.11838111955495112,0.99974262714386,0.9997724890708924
64,1.067,8,RIGHT_EAR,0.4859826635746733,0.4018825775101075,-0.13694678388890774,0.99963116645813,0.99966561794281
64,1.067,9,MOUTH_LEFT,0.5161521945680896,0.41181508983884574,-0.21031722568330327,0.9999489784240724,0.9999361038208008
64,1.067,10,MOUTH_RIGHT,0.5037732351393931,0.41201864679654476,-0.2161202373958771,0.9999436140060424,0.9999268054962158
64,1.067,11,LEFT_SHOULDER,0.5562377884274443,0.44202681808244654,-0.06608271793950177,0.9999834895133972,0.999980092048645
64,1.067,12,RIGHT_SHOULDER,0.4488808810710911,0.44146021065257884,-0.06260414652171589,0.9998862147331238,0.9998773336410522
64,1.067,13,LEFT_ELBOW,0.5782926593508044,0.48509340059189615,-0.04830066788764227,0.9907849431037904,0.999854326248169
64,1.067,14,RIGHT_ELBOW,0.4243656964529132,0.4843424913429083,-0.07323227255117326,0.9550688862800598,0.9990634322166444
64,1.067,15,LEFT_WRIST,0.5928251601400836,0.5247754880360199,-0.1919573509976979,0.9919868111610411,0.9998596906661988
64,1.067,16,RIGHT_WRIST,0.44781591211046534,0.5227818091710413,-0.22064259506407252,0.9577341675758362,0.9994125366210938
64,1.067,17,LEFT_PINKY,0.5982635588873007,0.5390198344276069,-0.232477977871895,0.985330045223236,0.999530792236328
64,1.067,18,RIGHT_PINKY,0.4510326697712857,0.5367269629523872,-0.26015817054680435,0.9344223141670228,0.9991104006767272
64,1.067,19,LEFT_INDEX,0.5925083898362664,0.5385346469425024,-0.2673085289342065,0.9860280752182008,0.999653697013855
64,1.067,20,RIGHT_INDEX,0.4599715528034033,0.5341031778426403,-0.28953367329779145,0.9363999962806702,0.9993174076080322
64,1.067,21,LEFT_THUMB,0.5884148308209016,0.5342142979304001,-0.20827058951059996,0.9818947315216064,0.9998016953468324
64,1.067,22,RIGHT_THUMB,0.4612378208410176,0.5292404379163473,-0.23499170726253893,0.927129089832306,0.9995054006576538
64,1.067,23,LEFT_HIP,0.5352048987434028,0.5362714614186973,-0.013963918245973993,0.9998847246170044,0.9999125003814696
64,1.067,24,RIGHT_HIP,0.4743176570960458,0.5371193516822094,0.014019093032748889,0.9998181462287904,0.9998937845230104
64,1.067,25,LEFT_KNEE,0.5418215649468563,0.6006724238395696,-0.02681945415125006,0.9954368472099304,0.9999657869338988
64,1.067,26,RIGHT_KNEE,0.47655748611404825,0.6008811082158775,0.11496358826046901,0.9886314272880554,0.9999234676361084
64,1.067,27,LEFT_ANKLE,0.5453754635084248,0.6651880145072944,0.0603430514179525,0.9927409291267396,0.999480664730072
64,1.067,28,RIGHT_ANKLE,0.4885729125567849,0.6506972852207371,0.3249143731026425,0.9880247116088868,0.9997475743293762
64,1.067,29,LEFT_HEEL,0.5393101941971556,0.6754123511768528,0.058926160136858634,0.8928643465042114,0.99873286485672
64,1.067,30,RIGHT_HEEL,0.5003303814501994,0.6580555155163725,0.3382148842016859,0.921675741672516,0.9994576573371888
64,1.067,31,LEFT_FOOT_INDEX,0.5425386372066684,0.681208042871385,-0.08111385433446794,0.98749178647995,0.9913564920425416
64,1.067,32,RIGHT_FOOT_INDEX,0.4688090227899101,0.67085954121181,0.23735786264851003,0.9847371578216552,0.997208297252655
65,1.083,0,NOSE,0.5118135043552948,0.4054854498023083,-0.24820713911737735,0.9999688267707824,0.9998761415481568
65,1.083,1,LEFT_EYE_INNER,0.5161149785632184,0.39961728595552026,-0.22803168779327776,0.9998711943626404,0.999659299850464
65,1.083,2,LEFT_EYE,0.5196370425678439,0.39969857675688647,-0.22808282148270395,0.999874234199524,0.9996697902679444
65,1.083,3,LEFT_EYE_OUTER,0.5226412585803446,0.3998234868049625,-0.228087650878089,0.9998623728752136,0.999669909477234
65,1.083,4,RIGHT_EYE_INNER,0.5055669631276816,0.3993208578654701,-0.23191579750606012,0.999858558177948,0.9996401071548462
65,1.083,5,RIGHT_EYE,0.5011580529667087,0.399263516778038,-0.23188778616133207,0.9998440146446228,0.9995978474617004
65,1.083,6,RIGHT_EYE_OUTER,0.4962732210045774,0.3993652760982517,-0.2318879188526246,0.999820113182068,0.9995617270469666
65,1.083,7,LEFT_EAR,0.5246789796011793,0.4029352622372767,-0.11353930972871329,0.99975848197937,0.999752938747406
65,1.083,8,RIGHT_EAR,0.4864056933493846,0.4024881152879628,-0.13231561155546287,0.9996600151062012,0.9995927214622498
65,1.083,9,MOUTH_LEFT,0.5166410690262209,0.41261334930147475,-0.20507797385965087,0.9999521374702454,0.9999328851699828
65,1.083,10,MOUTH_RIGHT,0.5043884033248542,0.4127588697842193,-0.21082758974461346,0.9999473690986632,0.9999184608459472
65,1.083,11,LEFT_SHOULDER,0.5562789468538198,0.44246795915422027,-0.06205201468297416,0.9999841451644896,0.9999816417694092
65,1.083,12,RIGHT_SHOULDER,0.44892334370386067,0.44180512570199554,-0.06032180342645872,0.9998908638954164,0.9998574256896972
65,1.083,13,LEFT_ELBOW,0.5783479128565112,0.48553359508514443,-0.042662615754774626,0.9906570911407472,0.9998294115066528
65,1.083,14,RIGHT_ELBOW,0.4243525295030507,0.484619178942272,-0.07273303788332715,0.955666959285736,0.9987251162528992
65,1.083,15,LEFT_WRIST,0.5935944801285158,0.5249212809971405,-0.1855450570583345,0.9917727708816528,0.9998134970664978
65,1.083,16,RIGHT_WRIST,0.44867075057256833,0.522729961645036,-0.22255680887472082,0.9579982161521912,0.9992367029190063
65,1.083,17,LEFT_PINKY,0.5992150136402681,0.5392272245316283,-0.22563444148926523,0.9850801229476928,0.9993889331817628
65,1.083,18,RIGHT_PINKY,0.45197294297672497,0.5365803383645562,-0.26240566940534704,0.935056447982788,0.9988933205604552
65,1.083,19,LEFT_INDEX,0.5934200911294851,0.53877451873961,-0.26006225248177867,0.9858108162879944,0.9995429515838624
65,1.083,20,RIGHT_INDEX,0.46110056127820737,0.5338763395945236,-0.29142062578882516,0.9368829727172852,0.999142289161682
65,1.083,21,LEFT_THUMB,0.5891520267441165,0.5344075418653946,-0.20172570078145907,0.9816681146621704,0.9997377991676332
65,1.083,22,RIGHT_THUMB,0.4621807620638897,0.5290290429478605,-0.2368090379805794,0.9273537993431092,0.9993736147880554
65,1.083,23,LEFT_HIP,0.5350101845605038,0.5365362025442583,-0.01371965881082269,0.9998878240585328,0.9999001026153564
65,1.083,24,RIGHT_HIP,0.47399836069061685,0.5372197883469723,0.013783655705906058,0.9998148083686828,0.9998562335968018
65,1.083,25,LEFT_KNEE,0.5413337151209519,0.6011004220871703,-0.02827169861467111,0.99500972032547,0.9999475479125975
65,1.083,26,RIGHT_KNEE,0.47655791469982733,0.6014025041035249,0.11109080165624621,0.9872806072235109,0.9998579025268556
65,1.083,27,LEFT_ANKLE,0.5449872868401668,0.66568957907813,0.05684874295478777,0.9921630024909972,0.9988213181495668
65,1.083,28,RIGHT_ANKLE,0.48888982477642284,0.6509488395282206,0.3148952169077739,0.985931158065796,0.9994221925735474
65,1.083,29,LEFT_HEEL,0.5394133045559842,0.6770882322674712,0.05534550015415466,0.8920286297798157,0.9971078038215636
65,1.083,30,RIGHT_HEEL,0.5007524007842659,0.6584931583631612,0.32758013549305176,0.9168391823768616,0.9987788796424866
65,1.083,31,LEFT_FOOT_INDEX,0.5425319416182387,0.6815756758054103,-0.08332170829886484,0.9864494800567628,0.9812488555908204
65,1.083,32,RIGHT_FOOT_INDEX,0.4695393045743311,0.670906495480311,0.22759353333995477,0.9824264049530028,0.9944690465927124
66,1.1,0,NOSE,0.5125554856799903,0.40618374801817436,-0.24520636740184987,0.99997079372406,0.9998937845230104
66,1.1,1,LEFT_EYE_INNER,0.5167825477463863,0.400322475603649,-0.22500853169532067,0.9998799562454224,0.9996997117996216
66,1.1,2,LEFT_EYE,0.5202925517445524,0.40041091328575534,-0.22506086883090803,0.9998827576637268,0.9997063279151917
66,1.1,3,LEFT_EYE_OUTER,0.5232666844413398,0.4005448207968761,-0.22506867278189904,0.9998714327812196,0.9997032284736632
66,1.1,4,RIGHT_EYE_INNER,0.5063530149913974,0.399982761769068,-0.22887987749917188,0.9998686909675598,0.9996846914291382
66,1.1,5,RIGHT_EYE,0.5019151965777084,0.399874853236335,-0.2288472609860558,0.9998552203178406,0.999647617340088
66,1.1,6,RIGHT_EYE_OUTER,0.4969915478002462,0.39995541459038175,-0.2288465485686349,0.9998327493667604,0.9996153116226196
66,1.1,7,LEFT_EAR,0.525169548534212,0.4036696595805036,-0.1104362507661184,0.9997745156288148,0.9997739195823668
66,1.1,8,RIGHT_EAR,0.48702036199115617,0.4030690292517348,-0.1301048859244302,0.9996873140335084,0.9996384382247924
66,1.1,9,MOUTH_LEFT,0.5172585788227267,0.4133352282501406,-0.2020451149770193,0.9999552965164183,0.9999414682388306
66,1.1,10,MOUTH_RIGHT,0.5051311566716153,0.41343806613059303,-0.20781371352218464,0.9999511241912842,0.9999302625656128
66,1.1,11,LEFT_SHOULDER,0.5564099862462003,0.44295521861030984,-0.05850262975408919,0.999984860420227,0.9999829530715942
66,1.1,12,RIGHT_SHOULDER,0.44900493962424176,0.4422229301361814,-0.059420029677095865,0.9998959302902222,0.9998719692230223
66,1.1,13,LEFT_ELBOW,0.5785044233004257,0.48609284276054054,-0.03829006513669376,0.99072265625,0.9998589754104614
66,1.1,14,RIGHT_ELBOW,0.4244398318585899,0.4849308558872772,-0.07637659815095722,0.9568514227867126,0.998965620994568
66,1.1,15,LEFT_WRIST,0.5942889707429073,0.5251978295189998,-0.18027862551666454,0.9917433857917786,0.9998563528060912
66,1.1,16,RIGHT_WRIST,0.4497505170958387,0.5227615350768684,-0.23035602342514783,0.959065079689026,0.999462902545929
66,1.1,17,LEFT_PINKY,0.6001617511113491,0.5394654529435299,-0.22001046297096086,0.9850614070892334,0.9995341300964355
66,1.1,18,RIGHT_PINKY,0.4530258278052016,0.5365406473477686,-0.2708589470102676,0.9367412328720092,0.9992196559906006
66,1.1,19,LEFT_INDEX,0.594595991429829,0.5390504712150215,-0.2541768777938118,0.9858169555664062,0.999650239944458
66,1.1,20,RIGHT_INDEX,0.4625030741805126,0.5337874066262023,-0.2994100848833723,0.938435435295105,0.9993971586227416
66,1.1,21,LEFT_THUMB,0.5902139430954348,0.5346329666319353,-0.19635242507571282,0.9816874861717224,0.9997989535331726
66,1.1,22,RIGHT_THUMB,0.46344149822280567,0.5289568191482912,-0.24448292879831246,0.9287148118019104,0.9995625615119934
66,1.1,23,LEFT_HIP,0.5348861586479918,0.5368591745694483,-0.013505983654232213,0.999890923500061,0.9998937845230104
66,1.1,24,RIGHT_HIP,0.4737280990396232,0.5373341838518784,0.013580188776055942,0.9998133778572084,0.9998475313186646
66,1.1,25,LEFT_KNEE,0.5408491889635727,0.6013929645220444,-0.02528566893722329,0.9946944713592528,0.9999555349349976
66,1.1,26,RIGHT_KNEE,0.4765696866171704,0.6017872407322844,0.11211339135964714,0.9862548112869264,0.9998712539672852
66,1.1,27,LEFT_ANKLE,0.5444892588115879,0.66553035520372,0.06483985785217514,0.991738736629486,0.9991666078567504
66,1.1,28,RIGHT_ANKLE,0.4893233932199937,0.6510987565630963,0.3195325959296456,0.984400987625122,0.9995427131652832
66,1.1,29,LEFT_HEEL,0.5394206217357096,0.6777677223795942,0.06394100898788091,0.8920459151268005,0.9980003237724304
66,1.1,30,RIGHT_HEEL,0.5013083361444024,0.6586367062159952,0.3327818328426001,0.912744402885437,0.9990721940994264
66,1.1,31,LEFT_FOOT_INDEX,0.5426074692181183,0.6819083633876988,-0.07419001062711084,0.9857807159423828,0.9880120754241944
66,1.1,32,RIGHT_FOOT_INDEX,0.47027383389927135,0.6709229378473197,0.23376133825097783,0.9806913137435912,0.9960348010063172
67,1.117,0,NOSE,0.5135243052528022,0.4068960660979865,-0.2515479581696649,0.9999723434448242,0.9998725652694702
67,1.117,1,LEFT_EYE_INNER,0.517671454520453,0.4010379796936402,-0.23149678465865928,0.9998870491981506,0.9996585845947266
67,1.117,2,LEFT_EYE,0.5211418157532106,0.40113083521525095,-0.2315461926517034,0.9998897314071656,0.9996738433837892
67,1.117,3,LEFT_EYE_OUTER,0.5240838073548821,0.4012693138349628,-0.23155709320590628,0.9998788237571716,0.9996787309646606
67,1.117,4,RIGHT_EYE_INNER,0.5073965333756951,0.4006599358149941,-0.23557153060322736,0.9998769164085388,0.9996272325515748
67,1.117,5,RIGHT_EYE,0.5029435242925376,0.40050904523758696,-0.23553388814131432,0.9998642802238464,0.9995781779289246
67,1.117,6,RIGHT_EYE_OUTER,0.49796958764394167,0.4005521876471386,-0.2355353229102636,0.999842882156372,0.9995354413986206
67,1.117,7,LEFT_EAR,0.5258101508730939,0.40435462622415486,-0.11582966397205995,0.9997875690460204,0.9997593760490416
67,1.117,8,RIGHT_EAR,0.4878855234100709,0.4036033976645701,-0.13636749911875962,0.9997105598449708,0.9995532631874084
67,1.117,9,MOUTH_LEFT,0.5180228494462518,0.4140511098362154,-0.20772905931586325,0.9999578595161438,0.999932050704956
67,1.117,10,MOUTH_RIGHT,0.5060958067576095,0.4141396496977128,-0.21373320690223163,0.9999541640281676,0.9999146461486816
67,1.117,11,LEFT_SHOULDER,0.5567495170093724,0.4434815560068407,-0.06007334483521326,0.9999855160713196,0.9999843835830688
67,1.117,12,RIGHT_SHOULDER,0.4492320276442032,0.44262666077840934,-0.06457047164440158,0.999899446964264,0.9998486042022704
67,1.117,13,LEFT_ELBOW,0.5787783577328642,0.48679461791401857,-0.03509669750928877,0.9907329082489014,0.9998664855957032
67,1.117,14,RIGHT_ELBOW,0.424678811005184,0.4852599061670762,-0.08531738888649718,0.9574508666992188,0.9987890124320984
67,1.117,15,LEFT_WRIST,0.5951430229913626,0.5257408193179545,-0.1732424135719028,0.9917334914207458,0.9998589754104614
67,1.117,16,RIGHT_WRIST,0.451125386215392,0.5228259421530229,-0.2414042020127889,0.9594270586967468,0.9993508458137512
67,1.117,17,LEFT_PINKY,0.6013142012414483,0.5398622921534952,-0.21192612960225077,0.9851101040840148,0.9995242357254028
67,1.117,18,RIGHT_PINKY,0.4542708822659087,0.5365761603627891,-0.28233397716567654,0.9374332427978516,0.9990742206573486
67,1.117,19,LEFT_INDEX,0.596232272329785,0.5394701560338343,-0.24648468409265809,0.9858790040016174,0.9996435642242432
67,1.117,20,RIGHT_INDEX,0.4643209250200367,0.533801532927014,-0.3108587066332502,0.938997745513916,0.9992823004722596
67,1.117,21,LEFT_THUMB,0.5919199358849304,0.5350344039144975,-0.18934101150149407,0.981787919998169,0.9997970461845398
67,1.117,22,RIGHT_THUMB,0.4651422287736624,0.5289648033323747,-0.255512554730688,0.9290051460266112,0.999473750591278
67,1.117,23,LEFT_HIP,0.5348525473049713,0.5371973315874741,-0.013366667021598075,0.9998939037322998,0.9999041557312012
67,1.117,24,RIGHT_HIP,0.4735058900855841,0.5374287480399726,0.013445667745101999,0.9998111724853516,0.9998430013656616
67,1.117,25,LEFT_KNEE,0.5405692883900239,0.601653987453098,-0.019592721591747922,0.9944962859153748,0.999963879585266
67,1.117,26,RIGHT_KNEE,0.47662862851506227,0.6020608998480302,0.11627261872802466,0.9856192469596864,0.999881148338318
67,1.117,27,LEFT_ANKLE,0.5440333286921188,0.6651662588119513,0.08041770064405036,0.991627037525177,0.9992021918296814
67,1.117,28,RIGHT_ANKLE,0.489935193743025,0.6511470136188331,0.3327569010711854,0.983522355556488,0.9995829463005066
67,1.117,29,LEFT_HEEL,0.539284365517753,0.6773182096935461,0.08057593270426708,0.8929534554481506,0.99800306558609
67,1.117,30,RIGHT_HEEL,0.5021387253488818,0.6587083737055467,0.347225870404925,0.910826563835144,0.999121367931366
67,1.117,31,LEFT_FOOT_INDEX,0.5420716149466382,0.6822211628868473,-0.05780253346477238,0.9855103492736816,0.9864761233329772
67,1.117,32,RIGHT_FOOT_INDEX,0.47101000944773397,0.6709795253617429,0.24718564535890325,0.9797899127006532,0.9958433508872986
68,1.133,0,NOSE,0.5145166005407066,0.4075413459823249,-0.2639381672654835,0.9999741315841676,0.9999067783355712
68,1.133,1,LEFT_EYE_INNER,0.5186816084952587,0.40167854371525025,-0.2440107039042884,0.999894917011261,0.999744951725006
68,1.133,2,LEFT_EYE,0.5221417603038612,0.4017687681175417,-0.24405438559395945,0.9998973608016968,0.999749481678009
68,1.133,3,LEFT_EYE_OUTER,0.5250891106469295,0.40190969194684745,-0.24406467945802796,0.999886989593506,0.9997454285621644
68,1.133,4,RIGHT_EYE_INNER,0.5084748268127446,0.40129430521102216,-0.24810257199264726,0.9998858571052552,0.9997403025627136
68,1.133,5,RIGHT_EYE,0.5039991622879396,0.40112110972404513,-0.24806344296251043,0.9998741149902344,0.9997084736824036
68,1.133,6,RIGHT_EYE_OUTER,0.49898210451716507,0.4011378969464987,-0.2480673243602119,0.9998540878295898,0.999680519104004
68,1.133,7,LEFT_EAR,0.526739378770193,0.4049562840234669,-0.1267881758865857,0.999802589416504,0.9998074173927308
68,1.133,8,RIGHT_EAR,0.4889616412775861,0.40414217256364404,-0.1471702413899559,0.9997341632843018,0.9997009038925172
68,1.133,9,MOUTH_LEFT,0.5188373781385881,0.41468227761132415,-0.2192819913228355,0.9999607801437378,0.9999449253082277
68,1.133,10,MOUTH_RIGHT,0.5070126113437475,0.4147672993796216,-0.2252679701362339,0.99995756149292,0.9999362230300904
68,1.133,11,LEFT_SHOULDER,0.5574003089041941,0.4440954568840212,-0.06606511239494597,0.9999862313270568,0.9999845027923584
68,1.133,12,RIGHT_SHOULDER,0.4496349380129863,0.44302097104844634,-0.07328357849092715,0.999903678894043,0.999885320663452
68,1.133,13,LEFT_ELBOW,0.5792121291160589,0.48758495847384176,-0.034697501964512295,0.9907506704330444,0.9998481273651124
68,1.133,14,RIGHT_ELBOW,0.4250352283318841,0.4856087111291435,-0.09346512492213935,0.9581447839736938,0.99889475107193
68,1.133,15,LEFT_WRIST,0.5963127442768648,0.5265746712684636,-0.16875811488855463,0.9917147159576416,0.9998399019241332
68,1.133,16,RIGHT_WRIST,0.4524843834695366,0.5229661067326868,-0.24750703928016501,0.9603275060653688,0.999472200870514
68,1.133,17,LEFT_PINKY,0.6027195964540759,0.5404693512689505,-0.2065686193250476,0.985149621963501,0.999491572380066
68,1.133,18,RIGHT_PINKY,0.45548895143327295,0.5367170118150262,-0.28827409801029047,0.93880295753479,0.9992433786392212
68,1.133,19,LEFT_INDEX,0.5982167011215578,0.5400808567092538,-0.24189062487511423,0.9859312772750854,0.9996145963668824
68,1.133,20,RIGHT_INDEX,0.46609587896437915,0.5338777956508459,-0.3171596839314418,0.9402630925178528,0.9994266033172609
68,1.133,21,LEFT_THUMB,0.5941807712827416,0.5356929784729372,-0.18500008469536203,0.9818732738494872,0.9997798800468444
68,1.133,22,RIGHT_THUMB,0.4667773417064126,0.5290216576485411,-0.2616369553974699,0.930170476436615,0.9995784163475036
68,1.133,23,LEFT_HIP,0.5347957384018676,0.5375543832778935,-0.013293445199018379,0.9998973608016968,0.9998916387557985
68,1.133,24,RIGHT_HIP,0.4733344103608817,0.5375193783215119,0.013372442818113712,0.9998114705085754,0.9998499155044556
68,1.133,25,LEFT_KNEE,0.540382564067841,0.6018133617582782,-0.016685059471499335,0.9945815205574036,0.9999663829803468
68,1.133,26,RIGHT_KNEE,0.47672749559084615,0.6022199789683029,0.12035166614112407,0.9853628277778624,0.9998931884765624
68,1.133,27,LEFT_ANKLE,0.5438532460303538,0.6648172906466899,0.08925471135548185,0.9917309284210204,0.9991065859794616
68,1.133,28,RIGHT_ANKLE,0.4905730315617157,0.6514628188950682,0.3417809747514273,0.983018159866333,0.99959534406662
68,1.133,29,LEFT_HEEL,0.5391416038785667,0.6769642744745534,0.08990681348812016,0.8928818106651306,0.9977208971977234
68,1.133,30,RIGHT_HEEL,0.5029465953509017,0.659154185226986,0.35677208503087393,0.9105179309844972,0.9991027116775512
68,1.133,31,LEFT_FOOT_INDEX,0.5417202540806366,0.6824049183300569,-0.050051363805929845,0.98552143573761,0.9843236804008484
68,1.133,32,RIGHT_FOOT_INDEX,0.4714387215319138,0.6710808333896461,0.2546079293602991,0.9793657064437866,0.9954596161842346
69,1.15,0,NOSE,0.5156051999046694,0.4080408187139606,-0.2763604876540958,0.9999750256538392,0.9998493194580078
69,1.15,1,LEFT_EYE_INNER,0.5197890684718183,0.4021489350568684,-0.2565651457934155,0.99989914894104,0.999576985836029
69,1.15,2,LEFT_EYE,0.5232687251908443,0.4022282489708495,-0.25660437345504783,0.999901294708252,0.999579131603241
69,1.15,3,LEFT_EYE_OUTER,0.5262618263562525,0.4023681240422389,-0.2566158594120118,0.9998908042907716,0.9995662569999696
69,1.15,4,RIGHT_EYE_INNER,0.5096150125776023,0.40180610049338605,-0.26058657751196923,0.999891459941864,0.9995939135551452
69,1.15,5,RIGHT_EYE,0.5050981584049411,0.4016418868587135,-0.2605461272455399,0.999880313873291,0.9995561242103576
69,1.15,6,RIGHT_EYE_OUTER,0.5000364141804836,0.40165388016473713,-0.2605525276490622,0.9998610019683838,0.999527096748352
69,1.15,7,LEFT_EAR,0.5278957826750624,0.40539081039882874,-0.13806495460725976,0.9998091459274292,0.9996421337127686
69,1.15,8,RIGHT_EAR,0.49017350872357734,0.40463398467926787,-0.15777445761930387,0.9997513294219972,0.9995684027671814
69,1.15,9,MOUTH_LEFT,0.5197818336032691,0.41515160174596916,-0.2309485028187436,0.9999622106552124,0.999903440475464
69,1.15,10,MOUTH_RIGHT,0.508012555894398,0.4152794764155437,-0.2367858340342841,0.9999596476554872,0.9998992681503296
69,1.15,11,LEFT_SHOULDER,0.5584168235460922,0.4447562070119952,-0.07275129233797395,0.9999860525131226,0.9999701976776124
69,1.15,12,RIGHT_SHOULDER,0.450219632614227,0.443396627902985,-0.08146778760211812,0.9999068975448608,0.9998680353164672
69,1.15,13,LEFT_ELBOW,0.5798221599488037,0.4883938062758677,-0.034443534378494484,0.9905938506126404,0.999792754650116
69,1.15,14,RIGHT_ELBOW,0.425612820046289,0.4859995274316702,-0.09981365466401695,0.95874685049057,0.9989018440246582
69,1.15,15,LEFT_WRIST,0.5976332738285979,0.5276049772898361,-0.1642474120571501,0.9914652705192566,0.9997766613960266
69,1.15,16,RIGHT_WRIST,0.45366775421869227,0.5231621549243024,-0.2526161606822697,0.9608377814292908,0.999462902545929
69,1.15,17,LEFT_PINKY,0.6042244292440875,0.5412026899201534,-0.2013445879731861,0.9847647547721864,0.9993484616279602
69,1.15,18,RIGHT_PINKY,0.456643287624632,0.5369666644505097,-0.29314448578017127,0.9395201206207277,0.9992421865463256
69,1.15,19,LEFT_INDEX,0.6003567803473705,0.5408110788890299,-0.23714608024983197,0.9855861067771912,0.9994875192642212
69,1.15,20,RIGHT_INDEX,0.46775828372864536,0.5340349929673336,-0.32238443692525254,0.9408594369888306,0.999414563179016
69,1.15,21,LEFT_THUMB,0.5967234685307463,0.5365168452262883,-0.18058089202358618,0.9814798831939696,0.9996991157531738
69,1.15,22,RIGHT_THUMB,0.46829806055341483,0.5291213506744026,-0.26680679335480667,0.9305295944213868,0.9995678067207336
69,1.15,23,LEFT_HIP,0.534743638265701,0.5378806278819135,-0.013394281135073703,0.9998974800109864,0.9998438358306884
69,1.15,24,RIGHT_HIP,0.47320303462800567,0.5375972418558035,0.01347216710980446,0.9998098611831664,0.999836564064026
69,1.15,25,LEFT_KNEE,0.5402124666032342,0.6019564526421688,-0.01562843420764519,0.9945164322853088,0.999948024749756
69,1.15,26,RIGHT_KNEE,0.47689837359246795,0.6024169041996916,0.12410848658709306,0.9851903915405272,0.9998998641967772
69,1.15,27,LEFT_ANKLE,0.5437119177409586,0.6646967927614854,0.0947001533848899,0.9916831851005554,0.9992151260375975
69,1.15,28,RIGHT_ANKLE,0.4912168085575108,0.6519757537614738,0.34947045644124375,0.9827709794044496,0.9996565580368042
69,1.15,29,LEFT_HEEL,0.5389343102773035,0.6767851568403704,0.09576798159451716,0.8941455483436584,0.9981675148010254
69,1.15,30,RIGHT_HEEL,0.5036502480506901,0.6598329402151568,0.36483566392035743,0.9106916785240172,0.9992458820343018
69,1.15,31,LEFT_FOOT_INDEX,0.5414588933899294,0.6826372458821257,-0.046351107458273595,0.985413372516632,0.9875810146331788
69,1.15,32,RIGHT_FOOT_INDEX,0.471513702755883,0.6712470423607606,0.26080423238731587,0.9791053533554076,0.9961546063423156
70,1.167,0,NOSE,0.5169610437892738,0.40858693491844944,-0.2869485389618649,0.9999763369560242,0.999885320663452
70,1.167,1,LEFT_EYE_INNER,0.521192902610416,0.4026760799544202,-0.2672179220687778,0.9999045729637146,0.999669313430786
70,1.167,2,LEFT_EYE,0.5246906138601762,0.4027326121216732,-0.2672539246933803,0.9999064803123474,0.9996671676635742
70,1.167,3,LEFT_EYE_OUTER,0.527717598846981,0.4028513928254449,-0.2672645123231981,0.9998961687088012,0.999653935432434
70,1.167,4,RIGHT_EYE_INNER,0.511052821363722,0.4023935440040774,-0.27119637529055296,0.999898076057434,0.999685525894165
70,1.167,5,RIGHT_EYE,0.5064820845921839,0.4022435531729747,-0.2711584546736311,0.9998877048492432,0.9996564388275146
70,1.167,6,RIGHT_EYE_OUTER,0.5013691570077627,0.40223951282955384,-0.2711676763636728,0.9998694062232972,0.9996345043182372
70,1.167,7,LEFT_EAR,0.52935403585434,0.4057950859978089,-0.1476849303359078,0.9998183250427246,0.9997187256813048
70,1.167,8,RIGHT_EAR,0.4915745059649154,0.40515379962467046,-0.16721800466378545,0.9997692108154296,0.9996727705001832
70,1.167,9,MOUTH_LEFT,0.5209975583212721,0.4156343922728588,-0.24101819807574884,0.9999642372131348,0.9999276399612428
70,1.167,10,MOUTH_RIGHT,0.5092433889706934,0.41582412237212807,-0.2467902586573648,0.9999621510505676,0.9999250173568726
70,1.167,11,LEFT_SHOULDER,0.5596562084697547,0.4455647993655436,-0.07889182918838097,0.999986171722412,0.999975085258484
70,1.167,12,RIGHT_SHOULDER,0.45085262116931774,0.44386194291568976,-0.08919029647395726,0.9999105930328368,0.999886393547058
70,1.167,13,LEFT_ELBOW,0.5806186511403044,0.4892822475660419,-0.034854871353932754,0.9905505776405334,0.9997958540916444
70,1.167,14,RIGHT_ELBOW,0.42648344806262467,0.4865189450127742,-0.10633331111499247,0.95966637134552,0.9989041090011596
70,1.167,15,LEFT_WRIST,0.5991410471144183,0.5286857003257392,-0.16229452689488744,0.991162657737732,0.9997479319572448
70,1.167,16,RIGHT_WRIST,0.45444577648526185,0.5234230671610156,-0.26060500173341683,0.961740493774414,0.9995193481445312
70,1.167,17,LEFT_PINKY,0.6058117917605814,0.5420142440568838,-0.1988940877573832,0.9842734932899476,0.9992849230766296
70,1.167,18,RIGHT_PINKY,0.4574439894585387,0.5373427697590424,-0.30114993594941664,0.9407516717910768,0.9993294477462769
70,1.167,19,LEFT_INDEX,0.6023407436552508,0.5415728858539042,-0.23501212398211177,0.985148787498474,0.999437153339386
70,1.167,20,RIGHT_INDEX,0.46869262201445483,0.534303418227605,-0.3306072453657789,0.9419880509376526,0.999485731124878
70,1.167,21,LEFT_THUMB,0.5991131436257141,0.5373839906283793,-0.17868527982916163,0.980958878993988,0.9996657371520996
70,1.167,22,RIGHT_THUMB,0.4691651023569565,0.5292996395201914,-0.27485504746437095,0.9314960837364196,0.9996188879013062
70,1.167,23,LEFT_HIP,0.5348063082922078,0.5383172006834126,-0.013310228119648618,0.9998976588249208,0.9998352527618408
70,1.167,24,RIGHT_HIP,0.4731613284065614,0.5378288655054007,0.013383969309784088,0.9998050928115844,0.9997970461845398
70,1.167,25,LEFT_KNEE,0.5400916366350088,0.6021769926661542,-0.013463991594367768,0.9944818019866944,0.999956488609314
70,1.167,26,RIGHT_KNEE,0.4772975984073825,0.6027993503071019,0.12473532557487493,0.9846883416175842,0.9998856782913208
70,1.167,27,LEFT_ANKLE,0.5436898441541768,0.6650712263016479,0.09706561728602367,0.9916638135910034,0.9991745352745056
70,1.167,28,RIGHT_ANKLE,0.4916999112992064,0.6526676785378235,0.35281181903112535,0.9820745587348938,0.9995930790901184
70,1.167,29,LEFT_HEEL,0.5387015399478735,0.6770426829655971,0.09789991414263138,0.8939418196678162,0.9980295300483704
70,1.167,30,RIGHT_HEEL,0.5040383026713422,0.6606624069668003,0.3683922375951497,0.9091343879699708,0.9991274476051332
70,1.167,31,LEFT_FOOT_INDEX,0.5417347862606962,0.6830954892294754,-0.04417262900443307,0.98531836271286,0.9876090288162231
70,1.167,32,RIGHT_FOOT_INDEX,0.47164361107917097,0.6715208121708467,0.26213669351169067,0.9784085154533386,0.9961318969726562
71,1.183,0,NOSE,0.5184892557916192,0.40908665316445525,-0.2896186510721845,0.999977707862854,0.9999098777770996
71,1.183,1,LEFT_EYE_INNER,0.5228513706298106,0.40316063449496353,-0.2698868967237929,0.9999104738235474,0.9997416138648988
71,1.183,2,LEFT_EYE,0.5263750638280601,0.4031938456353691,-0.26992413969267004,0.9999122023582458,0.9997410178184508
71,1.183,3,LEFT_EYE_OUTER,0.5293774860245846,0.40328810470444854,-0.26993271140825204,0.9999021887779236,0.9997301697731018
71,1.183,4,RIGHT_EYE_INNER,0.5127357868921194,0.4029418584846318,-0.27380938189370313,0.9999049305915833,0.9997518658638
71,1.183,5,RIGHT_EYE,0.5081564670517336,0.4028099661781678,-0.27377821292196025,0.9998953342437744,0.999727427959442
71,1.183,6,RIGHT_EYE_OUTER,0.5030024392264235,0.40279233739489634,-0.27379120105788846,0.9998780488967896,0.99970680475235
71,1.183,7,LEFT_EAR,0.531042683692206,0.4061759355522341,-0.15051987199556266,0.999829113483429,0.9997790455818176
71,1.183,8,RIGHT_EAR,0.4931633969148005,0.4056393489951182,-0.17010533525830235,0.9997869729995728,0.9997310042381288
71,1.183,9,MOUTH_LEFT,0.5224554623876304,0.4161058337915515,-0.24382927091348758,0.9999663829803468,0.9999393224716188
71,1.183,10,MOUTH_RIGHT,0.5107256940432962,0.4163250085853399,-0.24958075015317843,0.9999646544456482,0.9999371767044068
71,1.183,11,LEFT_SHOULDER,0.5610918714886625,0.4463994744278139,-0.08165738305875236,0.999986469745636,0.9999786615371704
71,1.183,12,RIGHT_SHOULDER,0.4517883857091272,0.4443288218407408,-0.09282532972948893,0.9999144673347472,0.99989652633667
71,1.183,13,LEFT_ELBOW,0.5815536805561616,0.4902236688704722,-0.034737869387581194,0.990455448627472,0.999816596508026
71,1.183,14,RIGHT_ELBOW,0.42760792800358405,0.48710924812725653,-0.10929105750152049,0.9600946307182312,0.9989840388298036
71,1.183,15,LEFT_WRIST,0.6006345975966686,0.5296703520275302,-0.16187603558812835,0.9909348487854004,0.9997808337211608
71,1.183,16,RIGHT_WRIST,0.4549753538199837,0.5237579799833757,-0.2626439602602098,0.9624654054641724,0.9995582699775696
71,1.183,17,LEFT_PINKY,0.6073476274808254,0.5428318012328379,-0.19829653913066517,0.9839364886283876,0.999373972415924
71,1.183,18,RIGHT_PINKY,0.45806852550733695,0.5378374712807796,-0.30279688040415476,0.9418832659721376,0.9993847608566284
71,1.183,19,LEFT_INDEX,0.6040358231181195,0.542347805840629,-0.23435408870379146,0.9848573207855223,0.9995098114013672
71,1.183,20,RIGHT_INDEX,0.46922754531814975,0.5347512704985488,-0.33223848541577683,0.9430445432662964,0.9995290040969848
71,1.183,21,LEFT_THUMB,0.6010309628077921,0.5382276972134913,-0.17828639419305906,0.980620801448822,0.999710738658905
71,1.183,22,RIGHT_THUMB,0.4696752159368428,0.52961696329571,-0.2768422095548541,0.9324420094490052,0.9996533393859864
71,1.183,23,LEFT_HIP,0.5348988175392155,0.538950812248957,-0.012775269558741918,0.9998995065689088,0.999860405921936
71,1.183,24,RIGHT_HIP,0.47318889697392824,0.538288187412989,0.01284198507311794,0.999805510044098,0.9998337030410768
71,1.183,25,LEFT_KNEE,0.53999959571021,0.6027560120537173,-0.011102910630316223,0.9945603013038636,0.9999650716781616
71,1.183,26,RIGHT_KNEE,0.4780073946430574,0.6034151883352376,0.1215388001430603,0.984643280506134,0.9999125003814696
71,1.183,27,LEFT_ANKLE,0.5436811787741529,0.6662696883791975,0.09547509962604166,0.9918162822723388,0.9993528723716736
71,1.183,28,RIGHT_ANKLE,0.49202355316707114,0.6532770991325385,0.34964807118688346,0.9820147156715392,0.9996764659881592
71,1.183,29,LEFT_HEEL,0.5385502009164724,0.6785021253994539,0.09565419632764094,0.8955421447753906,0.9984257221221924
71,1.183,30,RIGHT_HEEL,0.5041391253471379,0.6613089981533238,0.36521874439148705,0.9093652367591858,0.9992867112159728
71,1.183,31,LEFT_FOOT_INDEX,0.5424460655166994,0.6839489340782172,-0.044262677608501375,0.9854995608329772,0.9891515970230104
71,1.183,32,RIGHT_FOOT_INDEX,0.47173721023968324,0.6718017316999896,0.2586474475406467,0.9783326387405396,0.9965657591819764
72,1.2,0,NOSE,0.5202414223126007,0.4095585289455599,-0.2904257447946642,0.9999783635139464,0.999862790107727
72,1.2,1,LEFT_EYE_INNER,0.5247644611767366,0.40360255468459394,-0.27067142015411766,0.9999133944511414,0.9995929598808287
72,1.2,2,LEFT_EYE,0.5283119110834036,0.40362185665539374,-0.27071083159673803,0.999914824962616,0.9995948672294616
72,1.2,3,LEFT_EYE_OUTER,0.5312537891524183,0.4036963113716674,-0.2707182055427917,0.999904453754425,0.9995800852775574
72,1.2,4,RIGHT_EYE_INNER,0.514654485952287,0.403414695035844,-0.27483170373099214,0.999908983707428,0.999605357646942
72,1.2,5,RIGHT_EYE,0.510063060692379,0.40328628392446647,-0.27480115351222834,0.9998999834060668,0.9995706677436828
72,1.2,6,RIGHT_EYE_OUTER,0.5048495190484188,0.403251926104228,-0.2748131340458282,0.999882996082306,0.9995406866073608
72,1.2,7,LEFT_EAR,0.5329396753084097,0.40655010654812807,-0.15139787111963554,0.9998319745063782,0.9996505975723268
72,1.2,8,RIGHT_EAR,0.4948211794807802,0.4060461904321401,-0.17236206432183593,0.9997997283935548,0.9995700716972352
72,1.2,9,MOUTH_LEFT,0.5241441641535083,0.41655832245236385,-0.2447524567445121,0.9999673366546632,0.999915361404419
72,1.2,10,MOUTH_RIGHT,0.5125009672982357,0.41677858574049853,-0.25085218392667336,0.9999662041664124,0.9999121427536012
72,1.2,11,LEFT_SHOULDER,0.5627335650580275,0.4472197961239592,-0.0831905259262948,0.999986171722412,0.9999724626541138
72,1.2,12,RIGHT_SHOULDER,0.452848620357968,0.4447605553127474,-0.09585983341648469,0.9999173283576964,0.9998775720596312
72,1.2,13,LEFT_ELBOW,0.5826837250164583,0.4911282289595835,-0.036128307204870924,0.9903025031089784,0.999833345413208
72,1.2,14,RIGHT_ELBOW,0.4287496450401492,0.4877274589879176,-0.1137685215189344,0.9610632061958312,0.9991024732589722
72,1.2,15,LEFT_WRIST,0.6020414062908723,0.5306070446968083,-0.16263022876921165,0.990829050540924,0.9998125433921814
72,1.2,16,RIGHT_WRIST,0.45526083736192646,0.5241734044892452,-0.26807955616996426,0.9634826183319092,0.9995819926261902
72,1.2,17,LEFT_PINKY,0.6087408690225515,0.5437328730310718,-0.1990003273600625,0.983761191368103,0.999444305896759
72,1.2,18,RIGHT_PINKY,0.4583720791907542,0.5385008851687119,-0.3083551554452808,0.9434351325035096,0.9994045495986938
72,1.2,19,LEFT_INDEX,0.6054829756418869,0.5432401327859793,-0.23513778689361772,0.9847171902656556,0.9995595812797546
72,1.2,20,RIGHT_INDEX,0.4693331746827992,0.5354275958878658,-0.33775392316636615,0.944505214691162,0.9995338916778564
72,1.2,21,LEFT_THUMB,0.6025692934081673,0.5391465539023994,-0.17913436392943077,0.9804927706718444,0.9997418522834778
72,1.2,22,RIGHT_THUMB,0.46989472139449384,0.5301232394717993,-0.28228182735897267,0.933915376663208,0.9996623992919922
72,1.2,23,LEFT_HIP,0.5351108568055294,0.5398394181614835,-0.012055961370822925,0.99990051984787,0.9998669624328612
72,1.2,24,RIGHT_HIP,0.4733599168913709,0.5389939773650401,0.012116555257567283,0.999806582927704,0.999855637550354
72,1.2,25,LEFT_KNEE,0.5399971604347233,0.6038754241807126,-0.007443991578405768,0.9943901300430298,0.999955415725708
72,1.2,26,RIGHT_KNEE,0.47899850919133186,0.6041282443773184,0.12453477013678783,0.9842739105224608,0.9999151229858398
72,1.2,27,LEFT_ANKLE,0.5437121164231078,0.6679161105837147,0.0957291722297669,0.9917004108428956,0.9994198083877563
72,1.2,28,RIGHT_ANKLE,0.492225499380203,0.6536245090620865,0.3574200102261138,0.9815760850906372,0.9996932744979858
72,1.2,29,LEFT_HEEL,0.5385673982756483,0.6801687053271709,0.09558040790614632,0.8979707360267639,0.9986737966537476
72,1.2,30,RIGHT_HEEL,0.5040760948544462,0.6615699047134043,0.37359802921613094,0.908409059047699,0.999357283115387
72,1.2,31,LEFT_FOOT_INDEX,0.5430748320761186,0.6850541744913379,-0.041912073890368155,0.9853713512420654,0.99087393283844
72,1.2,32,RIGHT_FOOT_INDEX,0.4717805655229663,0.6720090990974796,0.2685647393975942,0.9778565168380736,0.997020184993744
73,1.217,0,NOSE,0.5220078740801135,0.410010309446426,-0.29282469550768564,0.9999789595603944,0.9998596906661988
73,1.217,1,LEFT_EYE_INNER,0.5266653725079132,0.4040196679887321,-0.27305701800755117,0.9999159574508668,0.9996013045310974
73,1.217,2,LEFT_EYE,0.5302237442561564,0.40403701861699454,-0.2730983098347984,0.9999173283576964,0.9996140599250792
73,1.217,3,LEFT_EYE_OUTER,0.5331040649187002,0.40410303076108334,-0.2731046449570431,0.9999068975448608,0.9996108412742616
73,1.217,4,RIGHT_EYE_INNER,0.5165697790327531,0.4038373317037313,-0.2775074087438132,0.9999122023582458,0.9995812773704528
73,1.217,5,RIGHT_EYE,0.5119689702987675,0.4037096911952613,-0.2774775851340523,0.9999036192893982,0.9995319843292236
73,1.217,6,RIGHT_EYE_OUTER,0.5066929118973873,0.4036692877610528,-0.2774896635895686,0.9998867511749268,0.9994854927062988
73,1.217,7,LEFT_EAR,0.5348272011393598,0.4069541494051619,-0.15358369123368049,0.9998346567153932,0.9996891021728516
73,1.217,8,RIGHT_EAR,0.4964562952518467,0.40645084778467844,-0.17606356881913693,0.9998103976249696,0.9994966983795166
73,1.217,9,MOUTH_LEFT,0.5258924535342631,0.41702842712402377,-0.24706850945949577,0.9999682307243348,0.9999185800552368
73,1.217,10,MOUTH_RIGHT,0.5143253122057239,0.4172291684718363,-0.2535887027070638,0.9999674558639526,0.999903678894043
73,1.217,11,LEFT_SHOULDER,0.5643704505193806,0.44798107800029613,-0.08546809213502068,0.999986171722412,0.9999786615371704
73,1.217,12,RIGHT_SHOULDER,0.45414115559487156,0.4451166277840028,-0.09982897731519884,0.9999189376831056,0.9998449087142944
73,1.217,13,LEFT_ELBOW,0.5839064263162164,0.4920127562114175,-0.0379307951245989,0.990169882774353,0.9998607635498048
73,1.217,14,RIGHT_ELBOW,0.4299488081818539,0.4883837274142678,-0.11782774080832807,0.9618387818336488,0.9989105463027954
73,1.217,15,LEFT_WRIST,0.6032740133149288,0.5314640629859202,-0.16444311468374173,0.9908115863800048,0.9998390674591064
73,1.217,16,RIGHT_WRIST,0.4555525978406274,0.5249926760083158,-0.2707978572164266,0.963835835456848,0.9994089603424072
73,1.217,17,LEFT_PINKY,0.6099944370133541,0.5447043180465703,-0.20074692794254864,0.9837595224380492,0.9994993209838868
73,1.217,18,RIGHT_PINKY,0.45863092513311515,0.5396009201095223,-0.31097794856343974,0.943973183631897,0.9991758465766908
73,1.217,19,LEFT_INDEX,0.6067752440770473,0.5442214381127135,-0.23719127618131203,0.9847411513328552,0.999601423740387
73,1.217,20,RIGHT_INDEX,0.4694038558573954,0.5365901617776785,-0.34039623112905626,0.9449616074562072,0.9993423819541932
73,1.217,21,LEFT_THUMB,0.6038224328131908,0.5400762047086448,-0.18110609693186636,0.9805479049682616,0.9997676014900208
73,1.217,22,RIGHT_THUMB,0.4701209536620553,0.5311334161531363,-0.285032011213757,0.9342253804206848,0.9995145797729492
73,1.217,23,LEFT_HIP,0.5356577805110392,0.5409014111473451,-0.011165583772318681,0.9999027252197266,0.9999029636383056
73,1.217,24,RIGHT_HIP,0.47376091991152125,0.5398963008608142,0.011219322415334802,0.9998062252998352,0.9998505115509032
73,1.217,25,LEFT_KNEE,0.5401044062205729,0.6051602562268581,-0.0031284999207681604,0.9941975474357604,0.999961256980896
73,1.217,26,RIGHT_KNEE,0.4802350515411018,0.6048939909253808,0.13107193509737658,0.983698070049286,0.9998959302902222
73,1.217,27,LEFT_ANKLE,0.5436565478642786,0.6694827846118387,0.10172027917135333,0.9915801286697388,0.9993140697479248
73,1.217,28,RIGHT_ANKLE,0.49247498029754316,0.6537984410921738,0.3718246363458183,0.9806911945343018,0.9996200799942015
73,1.217,29,LEFT_HEEL,0.538435646465847,0.6811446717807231,0.10214518046095261,0.8999744057655334,0.9983652234077454
73,1.217,30,RIGHT_HEEL,0.5040767306373237,0.6615985262961621,0.3889215801443376,0.905945897102356,0.9992296695709229
73,1.217,31,LEFT_FOOT_INDEX,0.5436287862913954,0.6865208007040484,-0.032634445155660316,0.9852330088615416,0.9886687397956848
73,1.217,32,RIGHT_FOOT_INDEX,0.47182786606607025,0.6722404360771186,0.2856444730645137,0.9770185351371764,0.9966642260551452
74,1.233,0,NOSE,0.523640618437813,0.4102831582228346,-0.2949098121552243,0.999979853630066,0.9998860359191896
74,1.233,1,LEFT_EYE_INNER,0.5284723611105061,0.4042937713009974,-0.27501126840001083,0.9999195337295532,0.9996752738952636
74,1.233,2,LEFT_EYE,0.5320657207852323,0.40432466353688956,-0.27505459104265506,0.9999207258224488,0.9996823072433472
74,1.233,3,LEFT_EYE_OUTER,0.5349210046586541,0.4044002464839394,-0.27505922317504905,0.9999104738235474,0.9996756315231324
74,1.233,4,RIGHT_EYE_INNER,0.5182505987939385,0.40408649047215817,-0.27951063002858867,0.99991637468338,0.9996633529663086
74,1.233,5,RIGHT_EYE,0.5136137065433326,0.4039599114940283,-0.2794828940005532,0.9999081492424012,0.9996222257614136
74,1.233,6,RIGHT_EYE_OUTER,0.5083065458706452,0.4039235157626019,-0.2794968698705948,0.9998916983604432,0.999582588672638
74,1.233,7,LEFT_EAR,0.5367769343512404,0.4073182599885127,-0.15520024086747863,0.999839961528778,0.99974125623703
74,1.233,8,RIGHT_EAR,0.4980549869083227,0.4067649018196836,-0.17790961407479794,0.9998216032981871,0.99958735704422
74,1.233,9,MOUTH_LEFT,0.527591310796284,0.41734854947953026,-0.24904910013789244,0.999969720840454,0.9999324083328248
74,1.233,10,MOUTH_RIGHT,0.5159248142015371,0.4174945297695345,-0.25563917557398497,0.9999691247940063,0.9999210834503174
74,1.233,11,LEFT_SHOULDER,0.5661140424864638,0.4486383625439239,-0.08789810112544469,0.999986469745636,0.9999819993972778
74,1.233,12,RIGHT_SHOULDER,0.4555604543004721,0.4454701968601775,-0.1005367328013693,0.9999207258224488,0.9998610019683838
74,1.233,13,LEFT_ELBOW,0.5853076548803425,0.49288626369975913,-0.040279254494678396,0.9901571273803712,0.9998693466186525
74,1.233,14,RIGHT_ELBOW,0.4311749197187882,0.4891137310436798,-0.11695247498296563,0.962500810623169,0.9988942742347716
74,1.233,15,LEFT_WRIST,0.6045863231023159,0.5323027656191877,-0.1680593838294348,0.9908404350280762,0.999852180480957
74,1.233,16,RIGHT_WRIST,0.4558016303039737,0.5263263299351653,-0.2678500130063014,0.9641234278678894,0.999407172203064
74,1.233,17,LEFT_PINKY,0.6112610044933506,0.545788603169578,-0.2049010041214173,0.9838163256645204,0.99954491853714
74,1.233,18,RIGHT_PINKY,0.4589047219072073,0.5410937610126683,-0.307902093444552,0.9443861842155457,0.9991858601570128
74,1.233,19,LEFT_INDEX,0.6080354196684707,0.5453098813692734,-0.24162326043560414,0.9848144054412842,0.9996390342712402
74,1.233,20,RIGHT_INDEX,0.4695206085840865,0.5381222083455046,-0.337532331546148,0.9453099370002748,0.999357044696808
74,1.233,21,LEFT_THUMB,0.6050009784244361,0.541069456509182,-0.1848822271540053,0.980654239654541,0.999790370464325
74,1.233,22,RIGHT_THUMB,0.47036555551347325,0.5326463466598879,-0.28218305394763066,0.9344725608825684,0.9995193481445312
74,1.233,23,LEFT_HIP,0.5364609275545398,0.54197032678695,-0.01092626779739341,0.9999056458473206,0.9999212026596068
74,1.233,24,RIGHT_HIP,0.47443657971563835,0.5408964440936139,0.010975832252630147,0.9998072981834412,0.9998741149902344
74,1.233,25,LEFT_KNEE,0.5401550162406199,0.6065857609113063,-9.82447028425584e-05,0.9942595362663268,0.9999732971191406
74,1.233,26,RIGHT_KNEE,0.48149405774616094,0.6056402666228164,0.13805183661835546,0.983481228351593,0.9999158382415771
74,1.233,27,LEFT_ANKLE,0.5436315139134731,0.6709703434081311,0.1067295400869279,0.9917230606079102,0.9994192123413086
74,1.233,28,RIGHT_ANKLE,0.4927398392132355,0.6541367002895906,0.3851774122033804,0.980260968208313,0.9996891021728516
74,1.233,29,LEFT_HEEL,0.5384881638345269,0.6821073208536428,0.10783584380433676,0.9020462036132812,0.9985851049423218
74,1.233,30,RIGHT_HEEL,0.5040479188873659,0.6617658336957302,0.40298190287181346,0.9050679206848145,0.999362289905548
74,1.233,31,LEFT_FOOT_INDEX,0.5436648868379144,0.6883116591544385,-0.025716184682789314,0.9854722619056702,0.989539921283722
74,1.233,32,RIGHT_FOOT_INDEX,0.4718574129399803,0.6725963183811738,0.30051893563497656,0.9767553806304932,0.99708491563797
75,1.25,0,NOSE,0.5251966260728387,0.4104379500661581,-0.30320878114019145,0.999980092048645,0.9998558759689332
75,1.25,1,LEFT_EYE_INNER,0.530197245734079,0.40443974733352694,-0.28307147820790635,0.999920666217804,0.9996067881584167
75,1.25,2,LEFT_EYE,0.533816692375002,0.4044895654632935,-0.2831135888894401,0.9999218583106996,0.999614119529724
75,1.25,3,LEFT_EYE_OUTER,0.5366644632248656,0.4045874235175908,-0.2831143069834938,0.9999114871025084,0.9996077418327332
75,1.25,4,RIGHT_EYE_INNER,0.5197595215979082,0.40419822363626423,-0.28764464032082354,0.9999178051948548,0.9995837807655334
75,1.25,5,RIGHT_EYE,0.5150496136574523,0.4040714587484091,-0.28761832628931344,0.9999098181724548,0.9995298385620116
75,1.25,6,RIGHT_EYE_OUTER,0.5097120489392967,0.40404859894797945,-0.2876327591282983,0.9998931288719176,0.9994747042655944
75,1.25,7,LEFT_EAR,0.5385800032388601,0.40761105361438965,-0.16119803417296646,0.9998397827148438,0.9996840953826904
75,1.25,8,RIGHT_EAR,0.4995707983062385,0.4069755403768452,-0.18386797252155498,0.9998262524604796,0.9994632601737976
75,1.25,9,MOUTH_LEFT,0.5292072523207896,0.41759454494430936,-0.256473671112742,0.9999700784683228,0.9999178647994996
75,1.25,10,MOUTH_RIGHT,0.517330618131729,0.4176744719346368,-0.2630719485737031,0.9999696612358092,0.9999003410339355
75,1.25,11,LEFT_SHOULDER,0.5678820581663228,0.44913153137479545,-0.09315171837806704,0.9999867081642152,0.9999808073043824
75,1.25,12,RIGHT_SHOULDER,0.4568766469047187,0.44590787092844686,-0.1019652162988981,0.9999203085899352,0.9998480081558228
75,1.25,13,LEFT_ELBOW,0.5869450966517136,0.49363600640069916,-0.04620014237506047,0.9900177717208862,0.9998846054077148
75,1.25,14,RIGHT_ELBOW,0.4323484486057649,0.4899538173562009,-0.11289326953036452,0.9622772336006165,0.999051868915558
75,1.25,15,LEFT_WRIST,0.6059534067199349,0.5331406933920728,-0.17753501520270404,0.9907494783401488,0.9998794794082642
75,1.25,16,RIGHT_WRIST,0.4560464606398632,0.5281196151460925,-0.26123953575179715,0.9637188911437988,0.9994410872459412
75,1.25,17,LEFT_PINKY,0.6125895125525345,0.5469472096079877,-0.21563289562861143,0.9837087392807008,0.9996366500854492
75,1.25,18,RIGHT_PINKY,0.4591394478366492,0.542959956895738,-0.3011902074019117,0.943814754486084,0.9992315769195556
75,1.25,19,LEFT_INDEX,0.6093065256164193,0.5464490283103222,-0.2525203994342261,0.984732747077942,0.9997037053108216
75,1.25,20,RIGHT_INDEX,0.4696928461392724,0.5400687569663642,-0.3320548832416538,0.944709062576294,0.9993616938591005
75,1.25,21,LEFT_THUMB,0.6061868809518365,0.5420886930965247,-0.1944749781063626,0.9805423021316528,0.9998254179954528
75,1.25,22,RIGHT_THUMB,0.47066295430773825,0.5346197485923772,-0.27607445915540085,0.9336549639701844,0.9995231628417968
75,1.25,23,LEFT_HIP,0.5375580759275531,0.5430280764897669,-0.011492684350482011,0.999909520149231,0.9999361038208008
75,1.25,24,RIGHT_HIP,0.4753754167329702,0.5419678347451351,0.011545363591895216,0.9998101592063904,0.999889612197876
75,1.25,25,LEFT_KNEE,0.5403455495834355,0.6077861104692738,-0.0033152154729967076,0.9940502643585204,0.999980926513672
75,1.25,26,RIGHT_KNEE,0.48253274247759903,0.6063047448794052,0.15340325733025884,0.9819596409797668,0.9999254941940308
75,1.25,27,LEFT_ANKLE,0.5436700752803263,0.6723941763242092,0.10445597696871992,0.991569995880127,0.999642848968506
75,1.25,28,RIGHT_ANKLE,0.49307633865447315,0.6545506659008213,0.41698553164800045,0.9789645671844482,0.999797523021698
75,1.25,29,LEFT_HEEL,0.5387140909830734,0.6827089928445369,0.10605527637969886,0.9008802771568298,0.999170184135437
75,1.25,30,RIGHT_HEEL,0.5040938002722608,0.6619991546585453,0.4364412355990641,0.9018181562423706,0.9996138215065002
75,1.25,31,LEFT_FOOT_INDEX,0.5431154682522733,0.690253845282964,-0.03224478515663319,0.9854222536087036,0.9947592616081238
75,1.25,32,RIGHT_FOOT_INDEX,0.47193813749722113,0.6730179247402016,0.3329924657231288,0.9759136438369752,0.9984423518180848
76,1.267,0,NOSE,0.5267279431933454,0.4105185852164318,-0.31155682319686556,0.9999802708625792,0.9998335838317872
76,1.267,1,LEFT_EYE_INNER,0.5320716698964442,0.40454528871036743,-0.29126175386565095,0.999921441078186,0.9995508790016174
76,1.267,2,LEFT_EYE,0.535724316324507,0.4046130535148442,-0.29130024569375196,0.9999226927757264,0.9995582699775696
76,1.267,3,LEFT_EYE_OUTER,0.5385634161177141,0.4047283104487831,-0.29129373317673113,0.9999122023582458,0.9995515942573548
76,1.267,4,RIGHT_EYE_INNER,0.52126233350663,0.4042675963469917,-0.2957273310139068,0.999918818473816,0.9995326995849608
76,1.267,5,RIGHT_EYE,0.5164846777915959,0.40413946339062323,-0.29570329331216383,0.9999110698699952,0.9994760155677797
76,1.267,6,RIGHT_EYE_OUTER,0.5111492588406522,0.4041174210253219,-0.29571684201558457,0.9998942613601683,0.9994229078292848
76,1.267,7,LEFT_EAR,0.5406284814789186,0.4078656278905418,-0.16769416843141838,0.9998405575752258,0.9996360540390016
76,1.267,8,RIGHT_EAR,0.5012083238079439,0.4070986097767243,-0.1895009520507996,0.9998299479484558,0.9994338154792786
76,1.267,9,MOUTH_LEFT,0.5308397213617966,0.4177945582639607,-0.26412465316908723,0.9999706745147704,0.9999021291732788
76,1.267,10,MOUTH_RIGHT,0.5185430106662574,0.4177891952650892,-0.27047600632622154,0.999970316886902,0.999884843826294
76,1.267,11,LEFT_SHOULDER,0.5696656590416324,0.4495551245553157,-0.09910773663293751,0.999987006187439,0.9999788999557496
76,1.267,12,RIGHT_SHOULDER,0.45825126057579446,0.4463494859990623,-0.10288591257163462,0.9999199509620668,0.9998366832733154
76,1.267,13,LEFT_ELBOW,0.5887656836282644,0.49433131586937723,-0.05295826654349052,0.9900466799736024,0.9998573064804076
76,1.267,14,RIGHT_ELBOW,0.433510997465679,0.4907692372798924,-0.10895319070134851,0.9620798230171204,0.9989197254180908
76,1.267,15,LEFT_WRIST,0.6073888426735293,0.5339874284608028,-0.1869612087806067,0.9906968474388124,0.9998403787612916
76,1.267,16,RIGHT_WRIST,0.45620675881703737,0.529911958035969,-0.25547681181203774,0.963797390460968,0.9994075298309326
76,1.267,17,LEFT_PINKY,0.6139462788899746,0.5481759338151846,-0.22609017434574324,0.9836491346359252,0.9995242357254028
76,1.267,18,RIGHT_PINKY,0.4592575615360628,0.5447895072755364,-0.29517697578384794,0.943928599357605,0.9991760849952698
76,1.267,19,LEFT_INDEX,0.610431367442722,0.5476215538524452,-0.26315436689626626,0.9846893548965454,0.9996114373207092
76,1.267,20,RIGHT_INDEX,0.4697144613379528,0.5420025189717615,-0.3264319485142121,0.944817066192627,0.9993166923522948
76,1.267,21,LEFT_THUMB,0.6071703433990485,0.5431098654156644,-0.2039683716637749,0.9805117845535278,0.9997711777687072
76,1.267,22,RIGHT_THUMB,0.470806391466232,0.5366615908486507,-0.2703344325224561,0.9337271451950072,0.9994882345199584
76,1.267,23,LEFT_HIP,0.5388005461011619,0.5441620094435561,-0.012705020562169048,0.9999119639396667,0.9999169111251832
76,1.267,24,RIGHT_HIP,0.47647250266302243,0.5430375905263997,0.012755746997538061,0.9998088479042052,0.9998499155044556
76,1.267,25,LEFT_KNEE,0.540876155807859,0.6087090713637222,-0.003240834993665031,0.993925929069519,0.9999737739562988
76,1.267,26,RIGHT_KNEE,0.4832074486073997,0.6066298825400223,0.16507495868773703,0.9804195761680604,0.9998891353607178
76,1.267,27,LEFT_ANKLE,0.5437819815817339,0.6733347205888663,0.10999590938999547,0.99142587184906,0.9993854761123656
76,1.267,28,RIGHT_ANKLE,0.49336554606755617,0.6549319738433481,0.4386198378744583,0.9773597717285156,0.999675750732422
76,1.267,29,LEFT_HEEL,0.5390591224034632,0.6826802066394267,0.11206789456662683,0.8982101678848267,0.9985741376876832
76,1.267,30,RIGHT_HEEL,0.5041437659944812,0.6622412885938378,0.4590154290199284,0.8984631896018982,0.9993846416473388
76,1.267,31,LEFT_FOOT_INDEX,0.5421442048890255,0.6921055515607204,-0.031301962987830265,0.9852441549301147,0.9913197159767152
76,1.267,32,RIGHT_FOOT_INDEX,0.4721086380027593,0.6734929113161002,0.35444339967909344,0.9747830033302308,0.9975703358650208
77,1.283,0,NOSE,0.5283872485160832,0.41047341057232484,-0.31937410292171325,0.999980330467224,0.9998427629470824
77,1.283,1,LEFT_EYE_INNER,0.5340618008659004,0.4045363820734482,-0.2989986127331146,0.9999216794967652,0.9995848536491394
77,1.283,2,LEFT_EYE,0.5377456063315986,0.4046249829587486,-0.29903612392289325,0.9999227523803712,0.9995939135551452
77,1.283,3,LEFT_EYE_OUTER,0.5405902380035041,0.40476028975986333,-0.29902402559916197,0.9999122023582458,0.999586284160614
77,1.283,4,RIGHT_EYE_INNER,0.5228955688930698,0.4042232306230639,-0.30330517462321716,0.999919056892395,0.9995564818382264
77,1.283,5,RIGHT_EYE,0.5180894477026808,0.4040968659378237,-0.30328430306343834,0.9999110698699952,0.9994971752166748
77,1.283,6,RIGHT_EYE_OUTER,0.5127781913394025,0.4040735747132986,-0.30329963564872764,0.9998937249183656,0.9994370341300964
77,1.283,7,LEFT_EAR,0.5427875320116684,0.4080092949526654,-0.174297142596472,0.999837040901184,0.9996689558029176
77,1.283,8,RIGHT_EAR,0.5030623035771511,0.4070785088198529,-0.19508562130587456,0.999829351902008,0.9994192123413086
77,1.283,9,MOUTH_LEFT,0.5325858763286051,0.41787420426096267,-0.2715111743836178,0.9999711513519288,0.9999141693115234
77,1.283,10,MOUTH_RIGHT,0.5198977845055721,0.4177905207588563,-0.27755363072667827,0.9999707341194152,0.9998925924301147
77,1.283,11,LEFT_SHOULDER,0.571726969310216,0.4498981705733712,-0.10581245592662272,0.9999873638153076,0.9999840259552002
77,1.283,12,RIGHT_SHOULDER,0.4598427741300496,0.44666846309389424,-0.10503415053799045,0.9999186396598816,0.9998319149017334
77,1.283,13,LEFT_ELBOW,0.5906328189940685,0.4949782433963962,-0.061680212439525685,0.9900379776954652,0.9998971223831176
77,1.283,14,RIGHT_ELBOW,0.4348877909637637,0.4915411954834352,-0.10589607308308291,0.962270975112915,0.9989060163497924
77,1.283,15,LEFT_WRIST,0.608887116114299,0.5348696396464399,-0.19829406128043234,0.9905753135681152,0.9998840093612672
77,1.283,16,RIGHT_WRIST,0.45621936094193277,0.5316340724627182,-0.2509298367159709,0.9633031487464904,0.9993287324905396
77,1.283,17,LEFT_PINKY,0.6152744889259344,0.5494162298384172,-0.23839345361505254,0.9834482073783876,0.9996622800827026
77,1.283,18,RIGHT_PINKY,0.45925451886086277,0.5465636026291625,-0.29027997170175845,0.9430679082870485,0.99911230802536
77,1.283,19,LEFT_INDEX,0.6115064677738014,0.548815718718938,-0.27540308946654934,0.9845105409622192,0.9997186064720154
77,1.283,20,RIGHT_INDEX,0.46967372298240706,0.5439760287602747,-0.32149747297877385,0.9439484477043152,0.9992450475692748
77,1.283,21,LEFT_THUMB,0.6081084012985235,0.5441526940890726,-0.2153284620671047,0.9802740216255188,0.9998328685760498
77,1.283,22,RIGHT_THUMB,0.47073391647565976,0.5388125947543558,-0.2655522014413564,0.9326281547546388,0.9994274377822876
77,1.283,23,LEFT_HIP,0.5401080193973727,0.5451848819142302,-0.014290018583692214,0.9999162554740906,0.9999605417251588
77,1.283,24,RIGHT_HIP,0.4776888432956881,0.5440145702589131,0.014336736030167023,0.9998098015785216,0.9999043941497804
77,1.283,25,LEFT_KNEE,0.5416285821369721,0.6094391175678804,-0.001908450939005164,0.9938998818397522,0.9999879598617554
77,1.283,26,RIGHT_KNEE,0.4835273410592764,0.6067286162149343,0.17566401546909713,0.9785066246986388,0.9999226331710817
77,1.283,27,LEFT_ANKLE,0.5438487586520973,0.6739074871653608,0.11700877298911422,0.9914790391921996,0.999670147895813
77,1.283,28,RIGHT_ANKLE,0.49360774954160097,0.6551570466586527,0.45905301542509214,0.9752849340438844,0.9998155236244202
77,1.283,29,LEFT_HEEL,0.5394232500167124,0.6828768764223377,0.11935961920590632,0.8966304063796997,0.9992231130599976
77,1.283,30,RIGHT_HEEL,0.5041921280679253,0.6624142385664447,0.48045648705391697,0.8943647742271423,0.9996745586395264
77,1.283,31,LEFT_FOOT_INDEX,0.541063711756752,0.6934101212592358,-0.02841618654894687,0.9854437112808228,0.9949207901954652
77,1.283,32,RIGHT_FOOT_INDEX,0.47175027075268006,0.6739112933476772,0.37573510550317346,0.9736157655715942,0.9987786412239076
78,1.3,0,NOSE,0.5299080922490079,0.41039526604470794,-0.3265330450875421,0.999979853630066,0.9998378753662108
78,1.3,1,LEFT_EYE_INNER,0.5358130165508821,0.4044735488437474,-0.3061765276250388,0.9999194145202636,0.9995853304862976
78,1.3,2,LEFT_EYE,0.5395648053714213,0.40457920942987746,-0.3062140061741786,0.9999207258224488,0.9995937943458556
78,1.3,3,LEFT_EYE_OUTER,0.5424843061537974,0.40472907111758316,-0.3061989517438982,0.9999099969863892,0.999588429927826
78,1.3,4,RIGHT_EYE_INNER,0.524394123327165,0.4041307838190173,-0.31027808927354383,0.9999162554740906,0.9995625615119934
78,1.3,5,RIGHT_EYE,0.5195851382755103,0.4040029744307204,-0.3102583941959202,0.999908447265625,0.9995089769363404
78,1.3,6,RIGHT_EYE_OUTER,0.5143312698318849,0.40397509790602215,-0.3102760584581469,0.999890387058258,0.9994576573371888
78,1.3,7,LEFT_EAR,0.5449025403885619,0.40803633985065313,-0.18085962959698282,0.9998310208320618,0.9996591806411744
78,1.3,8,RIGHT_EAR,0.5049937367439274,0.4069736316090542,-0.20047331707818178,0.999822735786438,0.9994500279426576
78,1.3,9,MOUTH_LEFT,0.5342020364034749,0.4178752643721448,-0.2784364223480227,0.999970555305481,0.9999085664749146
78,1.3,10,MOUTH_RIGHT,0.5212277656509767,0.41774565407208075,-0.2841196883292428,0.999970018863678,0.999890685081482
78,1.3,11,LEFT_SHOULDER,0.5739865019207915,0.4501913232462751,-0.11246976682118012,0.9999876022338868,0.9999817609786988
78,1.3,12,RIGHT_SHOULDER,0.46139628688494405,0.4468550653684711,-0.10832281446173084,0.99991637468338,0.999853253364563
78,1.3,13,LEFT_ELBOW,0.5923942469415215,0.4955656854879293,-0.06998379191472417,0.9900660514831544,0.99989116191864
78,1.3,14,RIGHT_ELBOW,0.43629732444172853,0.49218663147517655,-0.10573531332470129,0.961194097995758,0.9991512298583984
78,1.3,15,LEFT_WRIST,0.6103137277421502,0.5357180947349189,-0.20725625824360638,0.990522027015686,0.9998810291290284
78,1.3,16,RIGHT_WRIST,0.4560699562231704,0.5330179362069998,-0.2475119651783082,0.96265310049057,0.999435007572174
78,1.3,17,LEFT_PINKY,0.616539997713907,0.5506055071240386,-0.2477941591115227,0.983363389968872,0.999647855758667
78,1.3,18,RIGHT_PINKY,0.4591099108968466,0.5481423678852267,-0.2865254141035537,0.9422020316123962,0.999212384223938
78,1.3,19,LEFT_INDEX,0.6124460924239391,0.5499740271341238,-0.28488175074259464,0.984433650970459,0.999706208705902
78,1.3,20,RIGHT_INDEX,0.4694877068201705,0.5458527235757742,-0.31911993168649244,0.9431798458099364,0.9993228912353516
78,1.3,21,LEFT_THUMB,0.6089134471757076,0.5452095156624208,-0.2243645844005405,0.9802379012107848,0.9998263716697692
78,1.3,22,RIGHT_THUMB,0.4705864361354287,0.5408515703110472,-0.26250599608534875,0.931942582130432,0.999487280845642
78,1.3,23,LEFT_HIP,0.5413727703548619,0.5460336179960347,-0.016056630405641696,0.9999189972877502,0.9999505281448364
78,1.3,24,RIGHT_HIP,0.4789171843301686,0.5448295161837629,0.01609652351942796,0.9998115301132202,0.9999058246612548
78,1.3,25,LEFT_KNEE,0.5426082809766138,0.6101501271838239,0.0012610849724816065,0.9938731789588928,0.999985694885254
78,1.3,26,RIGHT_KNEE,0.48354495281264936,0.6066073746908285,0.18354298458212914,0.977690041065216,0.99992835521698
78,1.3,27,LEFT_ANKLE,0.5439808340299702,0.6740518552916397,0.13034290004344223,0.9914770126342772,0.9996575117111206
78,1.3,28,RIGHT_ANKLE,0.4937529251689007,0.6552255863235117,0.4749156009583251,0.9747413992881776,0.9998437166213988
78,1.3,29,LEFT_HEEL,0.5397130506379268,0.682870229085287,0.1335823766532399,0.8930847644805908,0.9992270469665528
78,1.3,30,RIGHT_HEEL,0.5042074890363789,0.6625750291915173,0.4971658119133545,0.8931713700294495,0.9997157454490662
78,1.3,31,LEFT_FOOT_INDEX,0.5402059157689417,0.6940274863016045,-0.01708149074000259,0.9855142831802368,0.9952240586280824
78,1.3,32,RIGHT_FOOT_INDEX,0.4703652205921359,0.6742444549288075,0.39284540783791344,0.9735632538795472,0.9987700581550598
79,1.317,0,NOSE,0.5316022776422051,0.41030511260032687,-0.32913058144705665,0.9999787211418152,0.9997702240943908
79,1.317,1,LEFT_EYE_INNER,0.5375039691016792,0.4043915243375873,-0.30876954964229064,0.9999148845672609,0.9993910789489746
79,1.317,2,LEFT_EYE,0.5412904847235911,0.40450764128140076,-0.3088095897719977,0.999915599822998,0.999399185180664
79,1.317,3,LEFT_EYE_OUTER,0.5442952769143246,0.4046658589726406,-0.3087948475565232,0.9999043941497804,0.9993845224380492
79,1.317,4,RIGHT_EYE_INNER,0.525988530545008,0.404032035952523,-0.312876451583136,0.9999118447303772,0.9993744492530824
79,1.317,5,RIGHT_EYE,0.5212078435080397,0.40390432022866785,-0.31285951676822876,0.9999030828475952,0.9993085861206056
79,1.317,6,RIGHT_EYE_OUTER,0.5159902828080318,0.4038787313870025,-0.3128828207651777,0.9998838305473328,0.9992458820343018
79,1.317,7,LEFT_EAR,0.5467855930328374,0.40799583423705366,-0.18357968898046598,0.9998151659965516,0.9994854927062988
79,1.317,8,RIGHT_EAR,0.5068865475200476,0.40687462687492404,-0.20280475417772942,0.9998102188110352,0.9992436170578004
79,1.317,9,MOUTH_LEFT,0.5359203332946418,0.41781456981386494,-0.2810564310777758,0.999969244003296,0.9998712539672852
79,1.317,10,MOUTH_RIGHT,0.5229191553025023,0.4176625722930549,-0.286635315134412,0.9999685287475586,0.9998503923416138
79,1.317,11,LEFT_SHOULDER,0.576337011087509,0.45040276788529937,-0.11609574158986416,0.9999874234199524,0.9999762773513794
79,1.317,12,RIGHT_SHOULDER,0.46299695542880515,0.44691249586287035,-0.11048452236822678,0.9999135732650756,0.9998250603675842
79,1.317,13,LEFT_ELBOW,0.5939962438174662,0.49596112682705873,-0.07485355472280866,0.9899066686630248,0.9998666048049928
79,1.317,14,RIGHT_ELBOW,0.4381083817709064,0.49275153023856066,-0.10449396393128811,0.960228443145752,0.998991310596466
79,1.317,15,LEFT_WRIST,0.6112824451355714,0.5362840578669599,-0.21171088232880564,0.9902780652046204,0.9998618364334106
79,1.317,16,RIGHT_WRIST,0.4559851217837565,0.5342290742056716,-0.24161272957211466,0.9619914889335632,0.9993219375610352
79,1.317,17,LEFT_PINKY,0.6173864773341593,0.5514047372908825,-0.2522347562369848,0.9829806685447692,0.999611794948578
79,1.317,18,RIGHT_PINKY,0.45891461202076544,0.5496577081226173,-0.2801955725465505,0.9413291215896606,0.9990691542625428
79,1.317,19,LEFT_INDEX,0.6128977253323515,0.5507502981594636,-0.28923267409915043,0.9840748310089112,0.9996738433837892
79,1.317,20,RIGHT_INDEX,0.4690832254432501,0.5476939195678352,-0.3147437231881281,0.942351758480072,0.9991855025291444
79,1.317,21,LEFT_THUMB,0.6091529499916808,0.5458625186057322,-0.22880917432762343,0.9798163771629332,0.999805748462677
79,1.317,22,RIGHT_THUMB,0.47038708130518636,0.5427992287136265,-0.2573575412943252,0.9311370849609376,0.9993950128555298
79,1.317,23,LEFT_HIP,0.5429743216151288,0.5465635912758968,-0.01751009011197654,0.9999217987060548,0.9999477863311768
79,1.317,24,RIGHT_HIP,0.4802312297480451,0.5453817787624546,0.017542444524310835,0.9998130202293396,0.99990975856781
79,1.317,25,LEFT_KNEE,0.5436362936383207,0.6105448575246908,0.0049901143315114515,0.9936757683753968,0.9999833106994628
79,1.317,26,RIGHT_KNEE,0.4833115949517208,0.606440805253529,0.18949931079433097,0.9753485918045044,0.999929904937744
79,1.317,27,LEFT_ANKLE,0.5441541104089651,0.673777926535834,0.1452469765430406,0.9912674427032472,0.9996585845947266
79,1.317,28,RIGHT_ANKLE,0.4938094772043687,0.6547540681702756,0.4909698509034661,0.9727661609649658,0.9998433589935304
79,1.317,29,LEFT_HEEL,0.5398251698130658,0.6824487618037639,0.1497224579964366,0.8903299570083618,0.9992536902427672
79,1.317,30,RIGHT_HEEL,0.5041664185978122,0.6619320426668447,0.5144009164401468,0.8904576897621155,0.9997186064720154
79,1.317,31,LEFT_FOOT_INDEX,0.5398728223074055,0.6945030660856344,-0.0016236516114856306,0.985321581363678,0.995465099811554
79,1.317,32,RIGHT_FOOT_INDEX,0.46833866834640536,0.6744981777100343,0.41143428711664143,0.9724228978157043,0.9989288449287416
80,1.333,0,NOSE,0.5333458213579092,0.4101970295111342,-0.3270625869433088,0.9999765157699584,0.9996755123138428
80,1.333,1,LEFT_EYE_INNER,0.5391617332186023,0.4043060654685614,-0.30650806427001975,0.9999052286148072,0.9991921782493592
80,1.333,2,LEFT_EYE,0.5429628973915468,0.40441964637665556,-0.3065485911709924,0.9999059438705444,0.99919992685318
80,1.333,3,LEFT_EYE_OUTER,0.5460330957458138,0.4045771786144805,-0.30653540435291504,0.9998936653137208,0.9991864562034608
80,1.333,4,RIGHT_EYE_INNER,0.5276304994310657,0.403958991879509,-0.31081193543615826,0.999901533126831,0.9991913437843324
80,1.333,5,RIGHT_EYE,0.5228663257190165,0.40383377813157617,-0.31079810857772855,0.999892234802246,0.9991230368614196
80,1.333,6,RIGHT_EYE_OUTER,0.5177020317032228,0.403815241087051,-0.31082687775294016,0.9998712539672852,0.999062478542328
80,1.333,7,LEFT_EAR,0.5485352306138906,0.4078968805926191,-0.18123716328825284,0.999789834022522,0.9993189573287964
80,1.333,8,RIGHT_EAR,0.5086525820550469,0.40681635340054867,-0.2011772358701344,0.9997859001159668,0.9990886449813844
80,1.333,9,MOUTH_LEFT,0.537690088862465,0.41767205936568164,-0.27896697180611774,0.9999663829803468,0.9998264908790588
80,1.333,10,MOUTH_RIGHT,0.5247627638635186,0.4175379702023101,-0.28477944362731233,0.9999653100967408,0.999805748462677
80,1.333,11,LEFT_SHOULDER,0.5786445453053435,0.4505204430648262,-0.11500205347935365,0.9999871253967284,0.9999693632125854
80,1.333,12,RIGHT_SHOULDER,0.46432486744154106,0.4469226783230195,-0.10984765809206742,0.9999096989631652,0.999826729297638
80,1.333,13,LEFT_ELBOW,0.5956434692655297,0.4963246541363857,-0.0740728055437406,0.989482879638672,0.9998388290405272
80,1.333,14,RIGHT_ELBOW,0.4402183081422537,0.49327794426963484,-0.10132094188815077,0.959108829498291,0.99909508228302
80,1.333,15,LEFT_WRIST,0.6122632849784131,0.5368591915993468,-0.20973679281416407,0.9897386431694032,0.9998401403427124
80,1.333,16,RIGHT_WRIST,0.4557295697075984,0.5351287665821263,-0.2342956960201265,0.9611886739730836,0.9993257522583008
80,1.333,17,LEFT_PINKY,0.6182776292165126,0.5522491733233139,-0.24989420317468214,0.9821866750717164,0.9995750784873962
80,1.333,18,RIGHT_PINKY,0.45807365008762946,0.5508572487604055,-0.2724997954709192,0.940212607383728,0.999049961566925
80,1.333,19,LEFT_INDEX,0.6132413801692786,0.5515404939651494,-0.2872380018234255,0.9833229780197144,0.9996322393417358
80,1.333,20,RIGHT_INDEX,0.4678365644954504,0.5491318362099789,-0.30934862437702393,0.9413514733314514,0.999151349067688
80,1.333,21,LEFT_THUMB,0.6092862827437271,0.5466840919994178,-0.22699494447026952,0.978965699672699,0.9997765421867372
80,1.333,22,RIGHT_THUMB,0.46972172742798257,0.5443201717876258,-0.2510487905570441,0.9302629828453064,0.9993682503700256
80,1.333,23,LEFT_HIP,0.5451804853620988,0.5468506671133501,-0.018310568783254814,0.9999245405197144,0.99994957447052
80,1.333,24,RIGHT_HIP,0.4819758208025074,0.5458769855045142,0.018336106712619413,0.9998157024383544,0.9999191761016846
80,1.333,25,LEFT_KNEE,0.5450254054296589,0.6110432431811383,0.010168133924404698,0.9936267733573914,0.999984860420227
80,1.333,26,RIGHT_KNEE,0.4830192242349901,0.6063212468510588,0.18898183533123575,0.974124789237976,0.9999330043792723
80,1.333,27,LEFT_ANKLE,0.5443906329926995,0.6737483001890643,0.15960612893104564,0.9911593794822692,0.9997079968452454
80,1.333,28,RIGHT_ANKLE,0.49379615698541957,0.6541175075939729,0.49575099774769416,0.9719310998916626,0.9998763799667358
80,1.333,29,LEFT_HEEL,0.5399139211291364,0.6821897966521133,0.1655138291063764,0.8869426250457764,0.999382495880127
80,1.333,30,RIGHT_HEEL,0.5040088750067215,0.6609333441371016,0.5197689476467319,0.8888217210769653,0.9997894167900084
80,1.333,31,LEFT_FOOT_INDEX,0.5397925178209946,0.6947033944584081,0.015619233272792334,0.9853172302246094,0.996386170387268
80,1.333,32,RIGHT_FOOT_INDEX,0.4665516728446601,0.6747162909734823,0.41676454175086286,0.9722126722335817,0.9991301894187928
81,1.35,0,NOSE,0.5347940467652825,0.41012327018238287,-0.33392385925565476,0.9999744296073914,0.9995529055595398
81,1.35,1,LEFT_EYE_INNER,0.5406196599914919,0.4042401044141682,-0.3132780676796325,0.9998971819877625,0.9988682270050048
81,1.35,2,LEFT_EYE,0.5444197512808305,0.40434907021976685,-0.3133163154125217,0.9998975396156312,0.9988874793052672
81,1.35,3,LEFT_EYE_OUTER,0.5475551911762788,0.4045019689060396,-0.31330368490446214,0.9998844861984252,0.9988741278648376
81,1.35,4,RIGHT_EYE_INNER,0.5290779017266778,0.40390607998484696,-0.31777745769137455,0.9998927116394044,0.998844027519226
81,1.35,5,RIGHT_EYE,0.524328333990915,0.4037762624876844,-0.317767387344724,0.9998826384544371,0.9987452030181884
81,1.35,6,RIGHT_EYE_OUTER,0.5192116470563983,0.4037526008628667,-0.3178029883475534,0.9998599290847778,0.9986553192138672
81,1.35,7,LEFT_EAR,0.5501196980476385,0.4077978276071098,-0.18561833458287388,0.9997669458389282,0.999077320098877
81,1.35,8,RIGHT_EAR,0.5101848216283893,0.40674675078619127,-0.20644585859207892,0.999765157699585,0.9986518025398254
81,1.35,9,MOUTH_LEFT,0.5391749569347932,0.41755176016262635,-0.28477881210190936,0.999964714050293,0.9997856020927428
81,1.35,10,MOUTH_RIGHT,0.5263570859318693,0.41744078340984564,-0.29084431273596656,0.999963104724884,0.9997437596321106
81,1.35,11,LEFT_SHOULDER,0.5807683694930309,0.4505334141708559,-0.11649078059764142,0.9999870657920836,0.99997079372406
81,1.35,12,RIGHT_SHOULDER,0.46551297959827287,0.44695177390461915,-0.11383892879599625,0.9999062418937684,0.9997808337211608
81,1.35,13,LEFT_ELBOW,0.5973672327541175,0.4966267560209552,-0.07571878993795034,0.9890915751457214,0.9998493194580078
81,1.35,14,RIGHT_ELBOW,0.44218099684942375,0.4936550557613377,-0.09977215670403985,0.9587996602058412,0.9989718198776244
81,1.35,15,LEFT_WRIST,0.613147221860432,0.537496597993942,-0.21526758514699496,0.989388346672058,0.9998549222946168
81,1.35,16,RIGHT_WRIST,0.45532969491822417,0.5358162891297118,-0.22857397865681436,0.9611137509346008,0.9992089867591858
81,1.35,17,LEFT_PINKY,0.6191424301692423,0.553096785431817,-0.25594128171602903,0.9816963076591492,0.9996036887168884
81,1.35,18,RIGHT_PINKY,0.45633363156091644,0.5517115422657564,-0.2666921487876349,0.940229833126068,0.9988833069801332
81,1.35,19,LEFT_INDEX,0.6135806271008089,0.5523420231682918,-0.29428456085068866,0.9828604459762572,0.9996589422225952
81,1.35,20,RIGHT_INDEX,0.4655656686850961,0.5501286926723667,-0.3066377994560063,0.941455900669098,0.9989948868751526
81,1.35,21,LEFT_THUMB,0.6094527585165846,0.5476784961564205,-0.2329295660768238,0.9784114360809326,0.99979430437088
81,1.35,22,RIGHT_THUMB,0.4682401191620604,0.5452560526984083,-0.24671054808866427,0.930505096912384,0.999262273311615
81,1.35,23,LEFT_HIP,0.5476923499788562,0.5471025449889051,-0.018091381128345196,0.9999276995658876,0.9999576807022096
81,1.35,24,RIGHT_HIP,0.4839638116813846,0.5462804266384675,0.018114265320556468,0.9998175501823424,0.9999151229858398
81,1.35,25,LEFT_KNEE,0.5466466091928033,0.6115227824165713,0.007792435542103734,0.9936290979385376,0.9999855756759644
81,1.35,26,RIGHT_KNEE,0.48276117869785895,0.6062898777780085,0.19641349571091804,0.9725065231323242,0.999910831451416
81,1.35,27,LEFT_ANKLE,0.5445903369358612,0.674209614594778,0.16081217357090552,0.991066575050354,0.9996222257614136
81,1.35,28,RIGHT_ANKLE,0.4937514932382679,0.6533066999344604,0.5235243638356532,0.9700719118118286,0.9998214840888976
81,1.35,29,LEFT_HEEL,0.5398877575283965,0.6823216506413057,0.16657634647119623,0.8844092488288879,0.9991844296455384
81,1.35,30,RIGHT_HEEL,0.5037285288174951,0.6596113869122102,0.5495994999295194,0.8845980167388916,0.9997137188911438
81,1.35,31,LEFT_FOOT_INDEX,0.5399755182720372,0.694950577758608,0.014978767527888192,0.9853057265281676,0.9952678084373474
81,1.35,32,RIGHT_FOOT_INDEX,0.4655348261197412,0.6748868255388175,0.44411833797182393,0.971182346343994,0.998928725719452
82,1.367,0,NOSE,0.5360884098779592,0.41004080006054505,-0.3494541545708977,0.9999743103981018,0.9996274709701538
82,1.367,1,LEFT_EYE_INNER,0.5420539776484177,0.40415146946907077,-0.3287200899351213,0.9998964071273804,0.9990567564964294
82,1.367,2,LEFT_EYE,0.5458758359863649,0.40426667531331417,-0.328751250391915,0.999896764755249,0.9990863800048828
82,1.367,3,LEFT_EYE_OUTER,0.5490458579290486,0.40442297146433914,-0.3287340374219988,0.9998839497566224,0.999082326889038
82,1.367,4,RIGHT_EYE_INNER,0.530371629056477,0.40381162791025105,-0.3334577963465739,0.9998915791511536,0.9989872574806212
82,1.367,5,RIGHT_EYE,0.5255850212914608,0.4036774394058049,-0.3334535786083769,0.9998812675476074,0.9988958835601808
82,1.367,6,RIGHT_EYE_OUTER,0.5204866187913082,0.4036400573594233,-0.3334947100707466,0.999858021736145,0.9988061189651488
82,1.367,7,LEFT_EAR,0.5517873536972777,0.40772361698604803,-0.19699470982665124,0.9997603297233582,0.9992293119430542
82,1.367,8,RIGHT_EAR,0.5114361019361592,0.4066067352181393,-0.21913368929000143,0.9997583627700806,0.9987481832504272
82,1.367,9,MOUTH_LEFT,0.5405372210911348,0.41748164807047194,-0.2985640026274184,0.9999648332595824,0.999811351299286
82,1.367,10,MOUTH_RIGHT,0.5276818332217994,0.4173829711618881,-0.30498115505491014,0.9999628663063048,0.9997597336769104
82,1.367,11,LEFT_SHOULDER,0.5827555429367797,0.45045362200055844,-0.12238281397592458,0.9999871253967284,0.9999704360961914
82,1.367,12,RIGHT_SHOULDER,0.4668012403306511,0.4469478556088043,-0.1230210959911347,0.9999047517776488,0.9997673630714417
82,1.367,13,LEFT_ELBOW,0.5991865311350146,0.4968760666393102,-0.08078205266169139,0.9888027906417848,0.9998642206192015
82,1.367,14,RIGHT_ELBOW,0.4438083115078158,0.4938006046272464,-0.10171596634955637,0.9585788249969482,0.998985469341278
82,1.367,15,LEFT_WRIST,0.6140374626432152,0.5381660660107935,-0.2308695216973624,0.989299774169922,0.9998953342437744
82,1.367,16,RIGHT_WRIST,0.4546006662505018,0.536177760078794,-0.22831558471634292,0.9607197642326356,0.9991360306739808
82,1.367,17,LEFT_PINKY,0.6199515178090056,0.5539371683484038,-0.27302119845435757,0.9815393686294556,0.9997180104255676
82,1.367,18,RIGHT_PINKY,0.45349687337875405,0.5520685627346953,-0.26690019738106524,0.939807951450348,0.9988269209861756
82,1.367,19,LEFT_INDEX,0.6138460579372593,0.5531292018436256,-0.31328829413368614,0.9827216863632202,0.9997504353523254
82,1.367,20,RIGHT_INDEX,0.4620378996644705,0.5505375436374125,-0.30851740496499225,0.941123068332672,0.998915195465088
82,1.367,21,LEFT_THUMB,0.6095554459662671,0.5486804871332083,-0.24937702076775703,0.9781959652900696,0.9998500347137452
82,1.367,22,RIGHT_THUMB,0.4655130448795505,0.545594922133855,-0.24712895921298458,0.930150866508484,0.9992029070854188
82,1.367,23,LEFT_HIP,0.5504414893331987,0.5474235500608177,-0.017222581032131375,0.9999307990074158,0.999966025352478
82,1.367,24,RIGHT_HIP,0.4860701149418245,0.546689493315561,0.017239812805893834,0.9998217821121216,0.9999300241470336
82,1.367,25,LEFT_KNEE,0.5483754475911464,0.6119104056131277,0.0026210255566097257,0.993772029876709,0.9999891519546508
82,1.367,26,RIGHT_KNEE,0.4825360037031632,0.6062655193465103,0.2082761639640446,0.9724346399307252,0.9999313354492188
82,1.367,27,LEFT_ANKLE,0.5447592536608383,0.6748045995121916,0.1611525615056357,0.9911617040634156,0.9997716546058656
82,1.367,28,RIGHT_ANKLE,0.49370266993840584,0.6518416007359829,0.5628295980748681,0.9695913791656494,0.9998701810836792
82,1.367,29,LEFT_HEEL,0.539842858200982,0.6823999030249466,0.16725172386282977,0.8859546184539795,0.9995113611221312
82,1.367,30,RIGHT_HEEL,0.5033663539659414,0.6573179506120234,0.5916132132212326,0.8805243968963623,0.999799907207489
82,1.367,31,LEFT_FOOT_INDEX,0.54023441814241,0.6951252789724447,0.01109995551052543,0.9857038855552672,0.9971635937690736
82,1.367,32,RIGHT_FOOT_INDEX,0.4659054222561068,0.6747822051956546,0.4828558720293503,0.9710772037506104,0.999278724193573
83,1.383,0,NOSE,0.537242574351175,0.4099374129658657,-0.36515585865293265,0.999973475933075,0.999401330947876
83,1.383,1,LEFT_EYE_INNER,0.5433552889596853,0.40400777686209943,-0.34434130645933636,0.9998934864997864,0.9985828399658204
83,1.383,2,LEFT_EYE,0.5472154418627426,0.4041365881760919,-0.34436745161101967,0.9998934864997864,0.9986429810523988
83,1.383,3,LEFT_EYE_OUTER,0.5504117693219871,0.404298849049069,-0.3443472413789661,0.999881148338318,0.9986671209335328
83,1.383,4,RIGHT_EYE_INNER,0.5314737132617411,0.40365146455310674,-0.3493239837033411,0.9998865723609924,0.9984026551246644
83,1.383,5,RIGHT_EYE,0.5266296040444152,0.40351633514676816,-0.34932364310537095,0.9998741149902344,0.9982162117958068
83,1.383,6,RIGHT_EYE_OUTER,0.521517864295415,0.40345788853509124,-0.34937007086617633,0.9998495578765868,0.9980586171150208
83,1.383,7,LEFT_EAR,0.5533055606342503,0.4076145560968494,-0.20909596482912712,0.999747097492218,0.9989117383956908
83,1.383,8,RIGHT_EAR,0.5124954581260686,0.40639142904962844,-0.23262080834025448,0.9997352361679076,0.997911274433136
83,1.383,9,MOUTH_LEFT,0.5417310595512395,0.41743802314712924,-0.31278285809925654,0.999964952468872,0.999733030796051
83,1.383,10,MOUTH_RIGHT,0.5287746531622755,0.41733862814449163,-0.3195748499461586,0.9999621510505676,0.9996091723442078
83,1.383,11,LEFT_SHOULDER,0.5847143644378304,0.45035251265480447,-0.12954059456075948,0.9999874830245972,0.9999760389328004
83,1.383,12,RIGHT_SHOULDER,0.4679638573101593,0.4469175622576763,-0.13339667625370483,0.9999024271965028,0.9996887445449828
83,1.383,13,LEFT_ELBOW,0.601084220977057,0.4970911131018689,-0.09030474793343318,0.9888176918029784,0.9998840093612672
83,1.383,14,RIGHT_ELBOW,0.4452447337763654,0.4939158615611853,-0.10739890486001971,0.9590905904769896,0.9988682270050048
83,1.383,15,LEFT_WRIST,0.6149363262312759,0.5387892978531978,-0.2489628117708935,0.9895619750022888,0.9999196529388428
83,1.383,16,RIGHT_WRIST,0.4534567126205993,0.536575093155816,-0.23449211248329727,0.961167335510254,0.9989872574806212
83,1.383,17,LEFT_PINKY,0.6206755411057251,0.5546256502469387,-0.29268044517153813,0.9819371104240416,0.9997692704200744
83,1.383,18,RIGHT_PINKY,0.45017175447373203,0.5523118518647698,-0.27456368151165217,0.9403249621391296,0.9985920786857604
83,1.383,19,LEFT_INDEX,0.6141395852679303,0.5538028507005606,-0.33328115798178204,0.9830870032310486,0.9997968077659608
83,1.383,20,RIGHT_INDEX,0.45805452409244757,0.5507726811227349,-0.31722996774173945,0.9417073130607604,0.998661994934082
83,1.383,21,LEFT_THUMB,0.6097565804209033,0.5495501075472156,-0.26769807509013605,0.97856605052948,0.9998807907104492
83,1.383,22,RIGHT_THUMB,0.46209135935420126,0.545778354008993,-0.2538943638404213,0.9308162927627563,0.9990342855453492
83,1.383,23,LEFT_HIP,0.5532666615077433,0.5479119618733729,-0.015886785506847342,0.999934732913971,0.9999771118164062
83,1.383,24,RIGHT_HIP,0.48810359693708916,0.547249833742778,0.01589959048266918,0.9998252391815186,0.999930500984192
83,1.383,25,LEFT_KNEE,0.5498562540326806,0.6127179747536075,-0.004774311291319956,0.9938552975654602,0.9999895095825196
83,1.383,26,RIGHT_KNEE,0.48241413349197065,0.6063143241973156,0.21951994228930716,0.9712539911270142,0.9999016523361206
83,1.383,27,LEFT_ANKLE,0.5449258401280362,0.675350793770382,0.16371707121531182,0.991209864616394,0.9997578263282776
83,1.383,28,RIGHT_ANKLE,0.4936511630103706,0.6500120815776649,0.6025947871662327,0.967523455619812,0.9998503923416138
83,1.383,29,LEFT_HEEL,0.5398885494186769,0.6825869480768846,0.17072182184173956,0.8862045407295227,0.9994908571243286
83,1.383,30,RIGHT_HEEL,0.5029715271223163,0.6545798977216091,0.6344026894796468,0.8732429146766663,0.999786913394928
83,1.383,31,LEFT_FOOT_INDEX,0.5404092783019661,0.6952925012225203,0.01022798488182679,0.9860714673995972,0.9971750974655152
83,1.383,32,RIGHT_FOOT_INDEX,0.46722607811292055,0.6744971275329597,0.5234594543774926,0.9702049493789672,0.999350607395172
84,1.4,0,NOSE,0.5380245844523117,0.40979961270377785,-0.37333177810623563,0.9999728798866272,0.9994233846664428
84,1.4,1,LEFT_EYE_INNER,0.5442806141717098,0.403798246667499,-0.35228727119309594,0.99989116191864,0.9985902905464172
84,1.4,2,LEFT_EYE,0.5482118044580737,0.40394571139698976,-0.35231202840805087,0.999890923500061,0.9986488223075868
84,1.4,3,LEFT_EYE_OUTER,0.5514523046357296,0.40411595645405035,-0.3522909340404332,0.999878704547882,0.9986714124679564
84,1.4,4,RIGHT_EYE_INNER,0.5322032769521082,0.40341511084919923,-0.3573678504853025,0.9998823404312134,0.9984005093574524
84,1.4,5,RIGHT_EYE,0.5273130167098277,0.4032866898037142,-0.3573686650821144,0.9998687505722046,0.998222291469574
84,1.4,6,RIGHT_EYE_OUTER,0.5221907269387023,0.4032062590122226,-0.3574205069314869,0.9998427033424376,0.9980620741844176
84,1.4,7,LEFT_EAR,0.5545743703842169,0.40746179364976465,-0.21504077244372613,0.9997335076332092,0.9988945126533508
84,1.4,8,RIGHT_EAR,0.5133189104852227,0.40611227495329755,-0.2390618998379936,0.9997138381004332,0.997875452041626
84,1.4,9,MOUTH_LEFT,0.5426011596407214,0.4174004778975535,-0.3201346468357815,0.9999653100967408,0.9997478127479552
84,1.4,10,MOUTH_RIGHT,0.5294717465128222,0.41727975720451027,-0.3270799432482041,0.9999616742134094,0.9996339082717896
84,1.4,11,LEFT_SHOULDER,0.5864497848919465,0.45025716792969517,-0.13353725097009123,0.9999879002571106,0.9999768733978271
84,1.4,12,RIGHT_SHOULDER,0.4689493335428696,0.44687308725856645,-0.1377637194735664,0.9999005794525146,0.9996832609176636
84,1.4,13,LEFT_ELBOW,0.6029516799109329,0.4972926974296574,-0.09866808780602049,0.9888361692428588,0.999902606010437
84,1.4,14,RIGHT_ELBOW,0.44637086845579643,0.4939926252478649,-0.10751990761075705,0.960366427898407,0.9990503191947936
84,1.4,15,LEFT_WRIST,0.6157316480364123,0.5392972543126067,-0.2581099101475309,0.9898164868354796,0.9999321699142456
84,1.4,16,RIGHT_WRIST,0.452003752901441,0.5369137781006954,-0.23379184873331177,0.962309181690216,0.999190866947174
84,1.4,17,LEFT_PINKY,0.621299042588189,0.5551244985489623,-0.30244969328244553,0.9822951555252076,0.999810755252838
84,1.4,18,RIGHT_PINKY,0.4467474335715888,0.5524799710228335,-0.27546872411455453,0.941823661327362,0.9988759160041808
84,1.4,19,LEFT_INDEX,0.6144030491511032,0.5543573555492225,-0.34172162697428776,0.9834316968917848,0.9998292922973632
84,1.4,20,RIGHT_INDEX,0.4541402203696119,0.55099577279318,-0.3204633451643447,0.9432536363601683,0.9989175796508788
84,1.4,21,LEFT_THUMB,0.609956133933295,0.5502439907618937,-0.27635898334639436,0.97891503572464,0.9998985528945924
84,1.4,22,RIGHT_THUMB,0.45863365843182563,0.5459642722493131,-0.25439016662892855,0.9325060844421388,0.9992187023162842
84,1.4,23,LEFT_HIP,0.5557663554237008,0.5487049903188438,-0.015115962275082122,0.999938666820526,0.9999805688858032
84,1.4,24,RIGHT_HIP,0.48991177337510283,0.548041218803043,0.015124695464259076,0.9998287558555604,0.9999338388442992
84,1.4,25,LEFT_KNEE,0.5509343402726314,0.6139234304428106,-0.009930284006432352,0.9939367771148682,0.999990940093994
84,1.4,26,RIGHT_KNEE,0.48229834437370345,0.6065033589090625,0.2222332628000352,0.9697406888008118,0.9998956918716432
84,1.4,27,LEFT_ANKLE,0.5452342515900026,0.6757559123493382,0.17837881332352062,0.9911908507347108,0.999800741672516
84,1.4,28,RIGHT_ANKLE,0.4935959946541564,0.6482194321496153,0.6225796994708839,0.9647036194801332,0.999865174293518
84,1.4,29,LEFT_HEEL,0.5405166461354215,0.6826807487578626,0.18739206805115666,0.8868812322616577,0.9996028542518616
84,1.4,30,RIGHT_HEEL,0.5027064397221525,0.6519639009521128,0.656622571604593,0.8650119304656982,0.9998291730880736
84,1.4,31,LEFT_FOOT_INDEX,0.5396414484296531,0.695409550553277,0.023310840262898373,0.9864062666893004,0.9980363249778748
84,1.4,32,RIGHT_FOOT_INDEX,0.46884488491785004,0.6741759635153277,0.5461759155704866,0.9689120650291444,0.9995396137237548
85,1.417,0,NOSE,0.5388219328153706,0.40960323100998325,-0.3711657850515278,0.999970018863678,0.998689353466034
85,1.417,1,LEFT_EYE_INNER,0.545131813912165,0.4035196857792994,-0.35003443417095037,0.9998794198036194,0.997016429901123
85,1.417,2,LEFT_EYE,0.5491023347491315,0.40368684274809735,-0.3500624370007291,0.9998799562454224,0.9972411394119264
85,1.417,3,LEFT_EYE_OUTER,0.5523808598518376,0.4038602496896475,-0.3500433748676666,0.9998685717582704,0.9973875880241394
85,1.417,4,RIGHT_EYE_INNER,0.5328456674303332,0.40310944971584173,-0.35522884414309575,0.9998646378517152,0.9963802695274352
85,1.417,5,RIGHT_EYE,0.5279290846415933,0.4029968707334431,-0.35522839710826,0.9998491406440736,0.995945155620575
85,1.417,6,RIGHT_EYE_OUTER,0.5227823456128443,0.4029059537819457,-0.35528500023342346,0.9998205304145812,0.995564877986908
85,1.417,7,LEFT_EAR,0.5556157259714041,0.4072349000544779,-0.21350404407296875,0.9997079372406006,0.9979641437530518
85,1.417,8,RIGHT_EAR,0.5140644709269211,0.4057950136207402,-0.23803700435729272,0.9996660947799684,0.9950580596923828
85,1.417,9,MOUTH_LEFT,0.5434603520802094,0.41733707842372747,-0.31830134845915325,0.9999641180038452,0.9995365142822266
85,1.417,10,MOUTH_RIGHT,0.5302737866129199,0.4171645513602669,-0.32539651649338885,0.9999585151672364,0.9992443323135376
85,1.417,11,LEFT_SHOULDER,0.5880830344699683,0.45015617069743963,-0.1333655523402351,0.9999880790710448,0.9999653100967408
85,1.417,12,RIGHT_SHOULDER,0.4700109249069581,0.44682163709685957,-0.13675110467842652,0.9998900890350342,0.9994012117385864
85,1.417,13,LEFT_ELBOW,0.6048786299569272,0.4973471235661284,-0.10169039205426267,0.988528609275818,0.9998575448989868
85,1.417,14,RIGHT_ELBOW,0.4473360634985428,0.49405996004740443,-0.10124607845431285,0.9598210453987122,0.9984779953956604
85,1.417,15,LEFT_WRIST,0.6162869305837728,0.5395601476941795,-0.25627406863939217,0.9898936152458192,0.9999046325683594
85,1.417,16,RIGHT_WRIST,0.45020077767826305,0.5372265662465782,-0.2225731703497116,0.962130844593048,0.998570680618286
85,1.417,17,LEFT_PINKY,0.6216907955351336,0.5553088727451512,-0.30013075612840223,0.9824965596199036,0.9997249245643616
85,1.417,18,RIGHT_PINKY,0.44342194000879964,0.5526610357420789,-0.2645612763507028,0.94193834066391,0.9980713725090028
85,1.417,19,LEFT_INDEX,0.6143911452520467,0.5545969520296374,-0.33831955847286077,0.9836120009422302,0.9997565150260924
85,1.417,20,RIGHT_INDEX,0.4507350879056117,0.5513188782192417,-0.31123001944451134,0.9435174465179444,0.9981130361557008
85,1.417,21,LEFT_THUMB,0.6098732409023109,0.5504858947935564,-0.2738822627635231,0.9791216254234314,0.9998562335968018
85,1.417,22,RIGHT_THUMB,0.45551540028481297,0.5462836963789809,-0.24402941550527318,0.9329698085784912,0.9985938668251038
85,1.417,23,LEFT_HIP,0.5579402049382534,0.5495534198624752,-0.014112746653457435,0.9999412894248962,0.9999715089797974
85,1.417,24,RIGHT_HIP,0.4913115217572171,0.5488119863328484,0.01411389803425184,0.9998286962509156,0.9998959302902222
85,1.417,25,LEFT_KNEE,0.5514715938341055,0.615275246756418,-0.0056903372696112745,0.994080126285553,0.9999862909317015
85,1.417,26,RIGHT_KNEE,0.48202040649595757,0.6068733958970938,0.21591764475618108,0.9692469835281372,0.9997989535331726
85,1.417,27,LEFT_ANKLE,0.5455579473858793,0.6760216837837589,0.203202729423841,0.9911435842514038,0.9994256496429444
85,1.417,28,RIGHT_ANKLE,0.4934967671121874,0.6464679666927888,0.615684949216389,0.9617782235145568,0.9996516704559326
85,1.417,29,LEFT_HEEL,0.5414097195579897,0.6826523258572539,0.21478714829399487,0.8836451172828674,0.9987912774086
85,1.417,30,RIGHT_HEEL,0.5024111469586695,0.6493402464049209,0.6499669665382029,0.8540316224098206,0.9995508790016174
85,1.417,31,LEFT_FOOT_INDEX,0.5384753318060017,0.695811705929893,0.052542770104039314,0.9864866733551024,0.9937782287597656
85,1.417,32,RIGHT_FOOT_INDEX,0.47096263652756143,0.6738649379639405,0.5422827416942237,0.9672915935516356,0.9985742568969728
86,1.433,0,NOSE,0.5396335465567457,0.40926821600823216,-0.36319597704069984,0.9999678134918212,0.9989194869995116
86,1.433,1,LEFT_EYE_INNER,0.5459019967487886,0.40314678493000244,-0.3417060162339895,0.9998697638511658,0.997545063495636
86,1.433,2,LEFT_EYE,0.5499014315151038,0.4033255293255764,-0.3417363805430279,0.999871551990509,0.997716784477234
86,1.433,3,LEFT_EYE_OUTER,0.5531869814509442,0.40349736951646387,-0.34171940315337435,0.9998614192008972,0.9978469610214232
86,1.433,4,RIGHT_EYE_INNER,0.5335284812109816,0.40272573062351813,-0.3471504861400244,0.9998490810394288,0.9970306158065796
86,1.433,5,RIGHT_EYE,0.528620907238552,0.4026352351620087,-0.3471485731147588,0.9998331069946288,0.9966487288475036
86,1.433,6,RIGHT_EYE_OUTER,0.5234798561959044,0.40253965201832037,-0.3472065840448655,0.9998027682304382,0.9962942004203796
86,1.433,7,LEFT_EAR,0.5563472310702011,0.4068718637738913,-0.20606548161733734,0.9996879696846008,0.998286783695221
86,1.433,8,RIGHT_EAR,0.514767516226996,0.4054369543279924,-0.23186085763431746,0.9996247887611388,0.9957389831542968
86,1.433,9,MOUTH_LEFT,0.5443297766503838,0.4171112165564586,-0.31086870602199035,0.9999627470970154,0.999579131603241
86,1.433,10,MOUTH_RIGHT,0.5311150749524439,0.41688138814199577,-0.31835197408994065,0.9999549388885498,0.9993257522583008
86,1.433,11,LEFT_SHOULDER,0.5894440213839218,0.4500827860264555,-0.12861749955586035,0.9999882578849792,0.9999657869338988
86,1.433,12,RIGHT_SHOULDER,0.47083795212564056,0.4467752959047049,-0.13150148945195342,0.999878704547882,0.999424695968628
86,1.433,13,LEFT_ELBOW,0.6069550968351825,0.4973550708520985,-0.09772341840323953,0.988326907157898,0.9998685121536256
86,1.433,14,RIGHT_ELBOW,0.4480561727569221,0.49410875780241875,-0.09107520111969543,0.9583979845046996,0.9986926913261414
86,1.433,15,LEFT_WRIST,0.6168709936596104,0.5397937496503199,-0.2433229067495893,0.9899701476097108,0.9999197721481324
86,1.433,16,RIGHT_WRIST,0.4478411419051038,0.5372549267042255,-0.20783563313030073,0.9616551995277404,0.9987691044807434
86,1.433,17,LEFT_PINKY,0.6220817026637855,0.5555692088036315,-0.2851090856960844,0.9826545119285583,0.9997764229774476
86,1.433,18,RIGHT_PINKY,0.43976767715953685,0.5526536107063298,-0.24930225596541467,0.9416800141334534,0.9983384609222412
86,1.433,19,LEFT_INDEX,0.6142885628200718,0.5548536805879507,-0.325262180396489,0.9837576746940612,0.9998014569282532
86,1.433,20,RIGHT_INDEX,0.44725507213955873,0.5514719543002906,-0.29642927646636985,0.943440556526184,0.9983500242233276
86,1.433,21,LEFT_THUMB,0.6097048634574532,0.5507432222366337,-0.2610290320146653,0.97926664352417,0.99988055229187
86,1.433,22,RIGHT_THUMB,0.4526332077525915,0.5464419353575938,-0.22958692553497512,0.933069348335266,0.9987697005271912
86,1.433,23,LEFT_HIP,0.5597926037652157,0.550488792714619,-0.012780912619616246,0.9999433755874634,0.999968409538269
86,1.433,24,RIGHT_HIP,0.4924645579996567,0.5495857823462718,0.01276928394855484,0.9998290538787842,0.9998921155929564
86,1.433,25,LEFT_KNEE,0.552132836409978,0.6168173636708947,0.0062609586997755835,0.9941938519477844,0.9999877214431764
86,1.433,26,RIGHT_KNEE,0.48168074800854677,0.6074470877647405,0.19961698069458933,0.969166100025177,0.9998242259025574
86,1.433,27,LEFT_ANKLE,0.5458738747097202,0.6765470164162778,0.23230580843630308,0.9911980032920836,0.999566376209259
86,1.433,28,RIGHT_ANKLE,0.4934144530977526,0.6454978755542216,0.5839620601563231,0.9599496126174928,0.9997702240943908
86,1.433,29,LEFT_HEEL,0.542327273459662,0.6829063608532866,0.24646288440341058,0.8817561268806458,0.9991174340248108
86,1.433,30,RIGHT_HEEL,0.5021308121227087,0.6477482404027672,0.6171118617057806,0.8463732004165649,0.9997021555900574
86,1.433,31,LEFT_FOOT_INDEX,0.5372981939996997,0.6964863822573714,0.08797883743508945,0.9867129921913148,0.995696783065796
86,1.433,32,RIGHT_FOOT_INDEX,0.4731064311095651,0.6737013402439305,0.5114603014219379,0.9663500189781188,0.9989731311798096
87,1.45,0,NOSE,0.539962320100694,0.40879758908635133,-0.35671148839451045,0.9999653697013856,0.9989159107208252
87,1.45,1,LEFT_EYE_INNER,0.5462248779478532,0.4026837859834947,-0.3353276437237152,0.9998604655265808,0.9974543452262878
87,1.45,2,LEFT_EYE,0.5502646082923531,0.4028687576452895,-0.3353586409773148,0.9998635053634644,0.9977136850357056
87,1.45,3,LEFT_EYE_OUTER,0.5536518778119773,0.4030397718860993,-0.3353416834558762,0.999854326248169,0.9978700876235962
87,1.45,4,RIGHT_EYE_INNER,0.5338261184238258,0.4022658736932849,-0.34054241861615897,0.9998334050178528,0.996625542640686
87,1.45,5,RIGHT_EYE,0.5289738149870015,0.40219795278140513,-0.3405396995090306,0.999817192554474,0.9961025714874268
87,1.45,6,RIGHT_EYE_OUTER,0.5238679477146698,0.40209937379473765,-0.3405980609712149,0.9997841715812684,0.995520830154419
87,1.45,7,LEFT_EAR,0.5569058543159853,0.40641023573421337,-0.2012359343823934,0.9996670484542848,0.9983044862747192
87,1.45,8,RIGHT_EAR,0.5153770531926841,0.40502039591471395,-0.2264154901107154,0.9995839595794678,0.9944396018981934
87,1.45,9,MOUTH_LEFT,0.5448160171508794,0.416751230046863,-0.30516675540379146,0.999960958957672,0.9995738863945008
87,1.45,10,MOUTH_RIGHT,0.5315233724457882,0.4164909337248125,-0.3124427639302756,0.9999511241912842,0.999232292175293
87,1.45,11,LEFT_SHOULDER,0.5905859073003139,0.4500169157981876,-0.12474846697988973,0.9999881982803344,0.999964714050293
87,1.45,12,RIGHT_SHOULDER,0.47177198245411867,0.44670647382736245,-0.12719697185925083,0.9998699426651,0.9992650151252748
87,1.45,13,LEFT_ELBOW,0.6089525762058445,0.49730632844425426,-0.09119164695342388,0.9883910417556764,0.9998947381973268
87,1.45,14,RIGHT_ELBOW,0.44828860532669834,0.4940525690714523,-0.08133054347265338,0.9587604999542236,0.9986435770988464
87,1.45,15,LEFT_WRIST,0.6172769694101248,0.5400506343160362,-0.2279782366184963,0.990299642086029,0.9999418258666992
87,1.45,16,RIGHT_WRIST,0.4449549714724227,0.5370678220476428,-0.19273989612147935,0.9616186618804932,0.9985418319702148
87,1.45,17,LEFT_PINKY,0.6223234023366662,0.5558133579435808,-0.26721818745136283,0.9831249713897704,0.9998252987861632
87,1.45,18,RIGHT_PINKY,0.43573020611490565,0.5524147663797656,-0.23275493085384386,0.941766619682312,0.9980064034461976
87,1.45,19,LEFT_INDEX,0.6141118378866293,0.5550792160488316,-0.3107412883213591,0.9841891527175904,0.9998472929000854
87,1.45,20,RIGHT_INDEX,0.44343145262627415,0.5513452234722325,-0.2795358740148093,0.943652868270874,0.9980231523513794
87,1.45,21,LEFT_THUMB,0.609481831391653,0.550980042843592,-0.2462504981529147,0.9797922372817992,0.9999089241027832
87,1.45,22,RIGHT_THUMB,0.4496061120714464,0.5462922255198166,-0.21430442162922464,0.9334967732429504,0.9985564351081848
87,1.45,23,LEFT_HIP,0.5608142926579436,0.5511817307699299,-0.010685988324916015,0.9999439120292664,0.9999520778656006
87,1.45,24,RIGHT_HIP,0.49307072304544036,0.5499436174120227,0.010656032112560068,0.9998265504837036,0.9998266100883484
87,1.45,25,LEFT_KNEE,0.5527013653800606,0.6181982046081912,0.02008289502312735,0.9941251277923584,0.9999748468399048
87,1.45,26,RIGHT_KNEE,0.4813399513562525,0.6079493902978448,0.18466377045427063,0.9695777297019958,0.9997116923332214
87,1.45,27,LEFT_ANKLE,0.5460048772039873,0.6773491672107158,0.24649211196672366,0.9909362196922302,0.9992855191230774
87,1.45,28,RIGHT_ANKLE,0.49326801867712156,0.6453679232370292,0.5508099084808717,0.9579455852508544,0.9993892908096312
87,1.45,29,LEFT_HEEL,0.542959380717505,0.6835838045392724,0.26053504574866543,0.8823807239532471,0.9985830783843994
87,1.45,30,RIGHT_HEEL,0.5016564726829533,0.6473660951568972,0.5822681444031856,0.8347469568252563,0.9992098808288574
87,1.45,31,LEFT_FOOT_INDEX,0.5364028045109345,0.6971714808827361,0.10686740678335946,0.986469030380249,0.9928569793701172
87,1.45,32,RIGHT_FOOT_INDEX,0.4747631606601538,0.6736808078629636,0.4775163829326634,0.964403748512268,0.9973957538604736
88,1.467,0,NOSE,0.5402141667547684,0.40832611492701976,-0.36048636549995094,0.9999638199806212,0.9990422129631042
88,1.467,1,LEFT_EYE_INNER,0.5464167935507642,0.40219931091581107,-0.33931306430271724,0.9998546242713928,0.9977686405181884
88,1.467,2,LEFT_EYE,0.5504587491353358,0.4023907000110266,-0.33934041431971984,0.9998584389686584,0.9979581832885742
88,1.467,3,LEFT_EYE_OUTER,0.5539909885043195,0.4025768524124512,-0.33932012887228136,0.99985009431839,0.9980707764625548
88,1.467,4,RIGHT_EYE_INNER,0.5340268838973277,0.4017692378589089,-0.344386085158303,0.9998236298561096,0.9971880316734314
88,1.467,5,RIGHT_EYE,0.5291907588640854,0.40171711217789463,-0.3443865988935746,0.999807596206665,0.9968023300170898
88,1.467,6,RIGHT_EYE_OUTER,0.5240733935719449,0.4016213218371077,-0.34444413866315593,0.99977308511734,0.9963986873626708
88,1.467,7,LEFT_EAR,0.5573672964459379,0.4059587858972099,-0.20477019818056214,0.999653697013855,0.9984097480773926
88,1.467,8,RIGHT_EAR,0.5158764833495735,0.40456659311340004,-0.2298380668674198,0.9995578527450562,0.9956451654434204
88,1.467,9,MOUTH_LEFT,0.5452336583818713,0.4164071026302523,-0.3088138997554782,0.9999601244926452,0.9996067881584167
88,1.467,10,MOUTH_RIGHT,0.5317599432809017,0.4161328176657363,-0.31602802163078697,0.999948799610138,0.9993337988853456
88,1.467,11,LEFT_SHOULDER,0.5914969075293773,0.44996354835374053,-0.1259563884564809,0.9999881386756896,0.999964714050293
88,1.467,12,RIGHT_SHOULDER,0.47256919599714775,0.4466351412591484,-0.12987480277106883,0.999861776828766,0.9993531107902528
88,1.467,13,LEFT_ELBOW,0.610701549620856,0.49720848458153905,-0.08623893381584263,0.9883909821510316,0.9998873472213744
88,1.467,14,RIGHT_ELBOW,0.4481882793562757,0.49393584898539994,-0.07773156996284217,0.958751142024994,0.9987202882766724
88,1.467,15,LEFT_WRIST,0.6175674710954944,0.5402929073288332,-0.22046301762263,0.99045592546463,0.9999301433563232
88,1.467,16,RIGHT_WRIST,0.4420865532897772,0.5367724980626792,-0.1839300805614109,0.9614942669868468,0.9987157583236694
88,1.467,17,LEFT_PINKY,0.6223908151899071,0.5559802509489519,-0.2581005401554564,0.9833186268806458,0.9998014569282532
88,1.467,18,RIGHT_PINKY,0.43174015908014246,0.5521162578037813,-0.22241723111697623,0.9417623281478882,0.998291790485382
88,1.467,19,LEFT_INDEX,0.613911892686572,0.5551656115622753,-0.305750492073241,0.9843624234199524,0.9998231530189514
88,1.467,20,RIGHT_INDEX,0.4397235129560747,0.551204403241476,-0.2681049477486386,0.9437754154205322,0.998296082019806
88,1.467,21,LEFT_THUMB,0.6092793033236554,0.5510294834772751,-0.2398102915003188,0.9799911975860596,0.9998939037322998
88,1.467,22,RIGHT_THUMB,0.44662722945213357,0.5461681343260271,-0.20483212811606283,0.9337186813354492,0.9987478256225586
88,1.467,23,LEFT_HIP,0.5614772268704011,0.5516457245463422,-0.008163127360776703,0.999945104122162,0.9999629259109496
88,1.467,24,RIGHT_HIP,0.49330348911739574,0.5501208731106354,0.008115506819671069,0.9998258352279664,0.9998672008514404
88,1.467,25,LEFT_KNEE,0.5533216879481366,0.6188926554861528,0.03270622172082459,0.9942041635513306,0.9999823570251464
88,1.467,26,RIGHT_KNEE,0.481102212553933,0.608303552582151,0.18050059108507077,0.970353066921234,0.99978905916214
88,1.467,27,LEFT_ANKLE,0.5461858879952208,0.6781192336763661,0.2533518884863174,0.9909480810165404,0.9994946718215942
88,1.467,28,RIGHT_ANKLE,0.4931001833506997,0.6452884560539616,0.5397709381012694,0.95714008808136,0.9996386766433716
88,1.467,29,LEFT_HEEL,0.5431682751292279,0.6842962333134248,0.2672158330678942,0.8836248517036438,0.9989801049232484
88,1.467,30,RIGHT_HEEL,0.5010174981185374,0.6474089707647057,0.5703527047520598,0.8274749517440796,0.999535083770752
88,1.467,31,LEFT_FOOT_INDEX,0.5368055672872639,0.6975434110278182,0.116495124640919,0.9865838885307312,0.9947606921195984
88,1.467,32,RIGHT_FOOT_INDEX,0.47594574945313634,0.6737693377903536,0.46477341793832366,0.9636872410774232,0.9984317421913148
89,1.483,0,NOSE,0.5401359143711276,0.4077850906621846,-0.36344077615510884,0.999961256980896,0.999243140220642
89,1.483,1,LEFT_EYE_INNER,0.5463361257598518,0.4016496212709521,-0.342642582598187,0.9998440742492676,0.9981226325035096
89,1.483,2,LEFT_EYE,0.5503798836753487,0.4018396181719647,-0.34266659901255686,0.9998486638069152,0.9982684850692748
89,1.483,3,LEFT_EYE_OUTER,0.5541131184214643,0.4020480641296935,-0.3426429231961571,0.9998407363891602,0.9983351826667786
89,1.483,4,RIGHT_EYE_INNER,0.5339285674549289,0.4012227186134887,-0.3472992522375927,0.9998095631599426,0.9976561069488524
89,1.483,5,RIGHT_EYE,0.5290867118608389,0.4011761120387489,-0.34730154985473294,0.9997941255569458,0.9973477125167848
89,1.483,6,RIGHT_EYE_OUTER,0.5239524074963166,0.401092479626338,-0.34735632368496516,0.9997574687004088,0.9969996809959412
89,1.483,7,LEFT_EAR,0.5577349577631274,0.40544213993208783,-0.20834770798683183,0.9996191263198853,0.9985532164573668
89,1.483,8,RIGHT_EAR,0.516209341230847,0.4040593774545764,-0.232144342291923,0.9995203018188475,0.9963566064834596
89,1.483,9,MOUTH_LEFT,0.5453923940658574,0.4160430218492239,-0.31188106394949444,0.9999570250511168,0.9996558427810668
89,1.483,10,MOUTH_RIGHT,0.5316524136634104,0.4157940347989404,-0.31865424627349515,0.9999442100524902,0.9994373917579652
89,1.483,11,LEFT_SHOULDER,0.592474880672637,0.4499406573318304,-0.12739473226524542,0.999987781047821,0.9999669790267944
89,1.483,12,RIGHT_SHOULDER,0.4733110964298253,0.446504483620326,-0.13241514350686764,0.999858856201172,0.999492883682251
89,1.483,13,LEFT_ELBOW,0.6121473425910592,0.4970590770244603,-0.08218378715571908,0.988432765007019,0.9999089241027832
89,1.483,14,RIGHT_ELBOW,0.44795625976153824,0.49382703361057145,-0.07837935537099841,0.959699809551239,0.9989985823631288
89,1.483,15,LEFT_WRIST,0.6177032675061913,0.5403822206315545,-0.21353462977068782,0.9905989766120912,0.9999369382858276
89,1.483,16,RIGHT_WRIST,0.43941541370891435,0.5364974027588258,-0.18314874739873988,0.96174156665802,0.998860478401184
89,1.483,17,LEFT_PINKY,0.6223180322420035,0.5559051746413827,-0.2502109394187021,0.9834014177322388,0.9998160004615784
89,1.483,18,RIGHT_PINKY,0.4283482673622317,0.5518314128830324,-0.22134067543915353,0.9419541954994202,0.9984086155891418
89,1.483,19,LEFT_INDEX,0.613693135125297,0.5550081218991966,-0.2994596802053,0.9844279885292052,0.999835968017578
89,1.483,20,RIGHT_INDEX,0.43649362240518885,0.5510753109341582,-0.26583020318122164,0.9440301060676576,0.998420000076294
89,1.483,21,LEFT_THUMB,0.6090691373461774,0.550818800926209,-0.2332745790481569,0.9800831079483032,0.9999004602432252
89,1.483,22,RIGHT_THUMB,0.44400686025619546,0.5460875204631266,-0.20356151603517092,0.9341713190078736,0.998862624168396
89,1.483,23,LEFT_HIP,0.5619174355552315,0.5519487687519624,-0.005771667009130781,0.9999457001686096,0.9999607801437378
89,1.483,24,RIGHT_HIP,0.4932913084824885,0.5501737991968796,0.005710113194904139,0.9998245239257812,0.9998607635498048
89,1.483,25,LEFT_KNEE,0.5539269617625651,0.6195419828097031,0.043422783991055786,0.9940208792686462,0.9999786615371704
89,1.483,26,RIGHT_KNEE,0.4811285280046014,0.6086106584185651,0.17700406908988964,0.9703767895698548,0.9997753500938416
89,1.483,27,LEFT_ANKLE,0.5464037997382032,0.6784606434050067,0.26551727382909707,0.990699589252472,0.9993878602981568
89,1.483,28,RIGHT_ANKLE,0.49293213940802116,0.6454966465632126,0.5323554390952705,0.9551986455917358,0.9994398951530457
89,1.483,29,LEFT_HEEL,0.5430594881375636,0.6845970749855048,0.27987725110281103,0.8853998184204102,0.9987372756004332
89,1.483,30,RIGHT_HEEL,0.5003640694277631,0.6478509221758167,0.5626533372061598,0.8165264129638672,0.9992764592170716
89,1.483,31,LEFT_FOOT_INDEX,0.5379527608553574,0.6977967392830629,0.13130309964929315,0.9863151907920836,0.993402898311615
89,1.483,32,RIGHT_FOOT_INDEX,0.47709816836175506,0.6744905738603507,0.4529347817103072,0.9617542624473572,0.9978355765342712
90,1.5,0,NOSE,0.5400443502834871,0.40727716258594004,-0.36506681215195463,0.999959111213684,0.9991773962974548
90,1.5,1,LEFT_EYE_INNER,0.5462770149821332,0.4011280295394719,-0.3444545467694603,0.9998357892036438,0.9979973435401917
90,1.5,2,LEFT_EYE,0.5502539248693562,0.40131524914786965,-0.3444772674923854,0.9998407959938048,0.998166561126709
90,1.5,3,LEFT_EYE_OUTER,0.5541832134837201,0.40154965150923994,-0.34445279836654696,0.999833047389984,0.9982574582099916
90,1.5,4,RIGHT_EYE_INNER,0.5338071755000529,0.4006973732085458,-0.34861975340616164,0.9997977018356324,0.9974673986434937
90,1.5,5,RIGHT_EYE,0.5289119198208768,0.4006455143292748,-0.3486223320166273,0.9997826814651488,0.9971206188201904
90,1.5,6,RIGHT_EYE_OUTER,0.523750333558946,0.4005774202800936,-0.34867436687151626,0.9997437000274658,0.9967437982559204
90,1.5,7,LEFT_EAR,0.5580769635382158,0.4049898428576336,-0.21017175983814987,0.999595820903778,0.9985215067863464
90,1.5,8,RIGHT_EAR,0.5164261062939967,0.4035932662941164,-0.23206842442353584,0.9994874596595764,0.9960164427757264
90,1.5,9,MOUTH_LEFT,0.5455608453069419,0.41571779903911443,-0.3134361746765321,0.9999549984931946,0.9996509552001952
90,1.5,10,MOUTH_RIGHT,0.5314452506247025,0.4155117443629677,-0.3195836487270539,0.9999409317970276,0.9994248151779176
90,1.5,11,LEFT_SHOULDER,0.5934586468197056,0.4498859672319326,-0.12827968100706744,0.9999876618385316,0.9999682903289796
90,1.5,12,RIGHT_SHOULDER,0.4739649934428083,0.44634719973518766,-0.13312640076591864,0.9998571872711182,0.9995019435882568
90,1.5,13,LEFT_ELBOW,0.6132038093748553,0.4969216627734052,-0.07810481424842564,0.988535225391388,0.9999122619628906
90,1.5,14,RIGHT_ELBOW,0.4477360560780484,0.4937686437652229,-0.07648359735806787,0.9604660272598268,0.9990344047546388
90,1.5,15,LEFT_WRIST,0.6179126955214007,0.540364041214898,-0.20551759501298283,0.9907849431037904,0.9999470710754396
90,1.5,16,RIGHT_WRIST,0.4372628827889764,0.5362907165572761,-0.18178771649088188,0.9618900418281556,0.9989983439445496
90,1.5,17,LEFT_PINKY,0.6222801407178249,0.5556933312189016,-0.2420187691847485,0.9835544228553772,0.9998500347137452
90,1.5,18,RIGHT_PINKY,0.425851024332501,0.5516182070686709,-0.22038042900108173,0.9420996904373168,0.9986401200294496
90,1.5,19,LEFT_INDEX,0.6135665064766299,0.5547518900462565,-0.29016626023110914,0.9845703840255736,0.9998669624328612
90,1.5,20,RIGHT_INDEX,0.4337590067159566,0.5510026926086067,-0.26471258487020244,0.944258749485016,0.9986636638641356
90,1.5,21,LEFT_THUMB,0.6089513245083042,0.5505207067444216,-0.2250207045248578,0.9802400469779968,0.9999186992645264
90,1.5,22,RIGHT_THUMB,0.441637937511717,0.5461069175175263,-0.20225910913376594,0.9344981908798218,0.9990350008010864
90,1.5,23,LEFT_HIP,0.5623690485954289,0.5521477943375002,-0.0046527532062359996,0.9999458193778992,0.999954342842102
90,1.5,24,RIGHT_HIP,0.4933782177312038,0.5502227885382521,0.0045854072308256135,0.99982488155365,0.9998595714569092
90,1.5,25,LEFT_KNEE,0.5544829425357642,0.6199964937709632,0.05137478728734309,0.9938372373580932,0.9999786615371704
90,1.5,26,RIGHT_KNEE,0.48135262869653295,0.6088451374144788,0.17427742268357968,0.970911979675293,0.999816119670868
90,1.5,27,LEFT_ANKLE,0.546756818180993,0.6784107599939625,0.28311404302006704,0.9903907775878906,0.999620795249939
90,1.5,28,RIGHT_ANKLE,0.49275928877648895,0.6460373259726031,0.5307243125779293,0.9554267525672911,0.9996349811553956
90,1.5,29,LEFT_HEEL,0.54310573282696,0.6845951591219228,0.29856913146518554,0.887366533279419,0.9992801547050476
90,1.5,30,RIGHT_HEEL,0.49990019627979865,0.6485331995146622,0.5616560095832467,0.8128572106361389,0.9995346069335938
90,1.5,31,LEFT_FOOT_INDEX,0.5387899960790367,0.6977697639238273,0.1498686238413766,0.9860916137695312,0.9963321089744568
90,1.5,32,RIGHT_FOOT_INDEX,0.4783384459359309,0.6758919500169307,0.4458462141809013,0.961533546447754,0.9984229803085328
91,1.517,0,NOSE,0.5399996212550577,0.4068814899240225,-0.36244711421784936,0.9999576807022096,0.9992676377296448
91,1.517,1,LEFT_EYE_INNER,0.5463598711150037,0.4007192325024381,-0.3419596027760281,0.9998302459716796,0.9981470108032228
91,1.517,2,LEFT_EYE,0.5502115488052373,0.40090908323015517,-0.34198373130389653,0.9998360276222228,0.998281717300415
91,1.517,3,LEFT_EYE_OUTER,0.5543029620533904,0.4011654115858535,-0.3419609112398968,0.9998283982276917,0.9983428716659546
91,1.517,4,RIGHT_EYE_INNER,0.5337477156094148,0.4002725865159719,-0.3457689214320413,0.999788224697113,0.9977099895477296
91,1.517,5,RIGHT_EYE,0.5287690616789323,0.40020971354984136,-0.3457695245742801,0.9997750520706176,0.9974019527435304
91,1.517,6,RIGHT_EYE_OUTER,0.5235873347237001,0.4001564553805763,-0.34581792780331233,0.9997358918190002,0.9970531463623048
91,1.517,7,LEFT_EAR,0.5585196756181268,0.40466188958713023,-0.2083327316102529,0.9995844960212708,0.99857497215271
91,1.517,8,RIGHT_EAR,0.5166229889506391,0.4032326198759537,-0.22923140440668396,0.999466836452484,0.9964104294776917
91,1.517,9,MOUTH_LEFT,0.5457891282581153,0.4154776050930935,-0.3110783540067221,0.9999530911445618,0.9996600151062012
91,1.517,10,MOUTH_RIGHT,0.5312999032792596,0.4153044110252747,-0.3167683340254287,0.9999379515647888,0.9994482398033142
91,1.517,11,LEFT_SHOULDER,0.5945122951552987,0.4497958748113546,-0.12784341829163695,0.9999876022338868,0.9999618530273438
91,1.517,12,RIGHT_SHOULDER,0.4747940897941594,0.44612202757880837,-0.13175844472079057,0.9998567700386048,0.9995242357254028
91,1.517,13,LEFT_ELBOW,0.6139167376926973,0.4968281359899617,-0.07296998585973469,0.9886118769645692,0.9998924732208252
91,1.517,14,RIGHT_ELBOW,0.4476334622928078,0.49372252112343246,-0.07216232819926172,0.9614932537078856,0.9990819692611694
91,1.517,15,LEFT_WRIST,0.6182184247743521,0.5402443749564039,-0.19803459303719673,0.9910035133361816,0.9999359846115112
91,1.517,16,RIGHT_WRIST,0.4356510937213901,0.5361817621049432,-0.17566967365287608,0.9626315236091614,0.9989847540855408
91,1.517,17,LEFT_PINKY,0.622334656261263,0.5554323224794302,-0.23496065466176913,0.983816623687744,0.9998196959495544
91,1.517,18,RIGHT_PINKY,0.42424222259294453,0.5514763905888517,-0.21427194703192953,0.9429926872253418,0.9985634684562684
91,1.517,19,LEFT_INDEX,0.6135536148434599,0.5545129577318832,-0.280917035681861,0.984807312488556,0.9998421669006348
91,1.517,20,RIGHT_INDEX,0.4317207733790083,0.5509628454844162,-0.2582076198997954,0.9452098608016968,0.9986166954040528
91,1.517,21,LEFT_THUMB,0.608952300889152,0.5502615145274576,-0.21710741803759637,0.9805477261543274,0.9999024868011476
91,1.517,22,RIGHT_THUMB,0.43963980674743697,0.5461866827238179,-0.19614120537326463,0.9357755184173584,0.9990022778511048
91,1.517,23,LEFT_HIP,0.5628254640670054,0.5521413882573452,-0.004076190403706952,0.9999447464942932,0.9999256134033204
91,1.517,24,RIGHT_HIP,0.4934858395939786,0.5501757661501572,0.004005914066164228,0.999823808670044,0.9997918009757996
91,1.517,25,LEFT_KNEE,0.5549094364756635,0.6201477703594032,0.06054623300830521,0.9936302304267884,0.9999690055847168
91,1.517,26,RIGHT_KNEE,0.48201927826518143,0.6089663647470025,0.1642906062659764,0.971695065498352,0.9997404217720032
91,1.517,27,LEFT_ANKLE,0.5472186151004979,0.6779658794403083,0.30803094094707884,0.9900402426719666,0.9993378520011902
91,1.517,28,RIGHT_ANKLE,0.49279967234248245,0.6467299404598423,0.5115605919134054,0.9558749794960022,0.999357283115387
91,1.517,29,LEFT_HEEL,0.5432015487125946,0.6840443980126161,0.32532347242037485,0.8865479230880737,0.9987409710884094
91,1.517,30,RIGHT_HEEL,0.49972992425873214,0.6493154168128974,0.5416671449229835,0.8093284964561462,0.9991441965103148
91,1.517,31,LEFT_FOOT_INDEX,0.5394466859953748,0.6975830168951132,0.179173794530687,0.9856464862823486,0.9936707019805908
91,1.517,32,RIGHT_FOOT_INDEX,0.4798956158615298,0.6778222748211458,0.42002767750195136,0.9614464044570924,0.9968480467796326
92,1.533,0,NOSE,0.5401748816172287,0.4065481452714833,-0.3607775512195772,0.99995619058609,0.9993619322776794
92,1.533,1,LEFT_EYE_INNER,0.5466984907786057,0.4003709100541618,-0.34009845625786583,0.9998250603675842,0.998521625995636
92,1.533,2,LEFT_EYE,0.5503984235581902,0.4005684497810549,-0.3401248582771849,0.9998319149017334,0.998650848865509
92,1.533,3,LEFT_EYE_OUTER,0.5545383578255068,0.40083726814815007,-0.3401054370970956,0.9998248219490052,0.998721182346344
92,1.533,4,RIGHT_EYE_INNER,0.5339201773915977,0.3999046697503048,-0.3439234793186191,0.9997785687446594,0.9981045722961426
92,1.533,5,RIGHT_EYE,0.5288533057485313,0.39983567169734446,-0.3439217096283326,0.9997667074203492,0.99782395362854
92,1.533,6,RIGHT_EYE_OUTER,0.5237098137537644,0.3997927151975181,-0.3439683460053946,0.999726414680481,0.9975057244300842
92,1.533,7,LEFT_EAR,0.5589782822699779,0.4044081072012587,-0.20677342868986598,0.999577820301056,0.9989567995071412
92,1.533,8,RIGHT_EAR,0.5168983169964387,0.40297003729002856,-0.22672961297489366,0.9994442462921144,0.9969379901885986
92,1.533,9,MOUTH_LEFT,0.5462129683721638,0.41523267541612935,-0.30943473463966764,0.9999515414237976,0.9997311234474182
92,1.533,10,MOUTH_RIGHT,0.5313638562247871,0.4150775529089432,-0.3152354856332146,0.999934732913971,0.9995405673980712
92,1.533,11,LEFT_SHOULDER,0.5955094013895312,0.44968331995464544,-0.12719739583276574,0.9999876618385316,0.999968647956848
92,1.533,12,RIGHT_SHOULDER,0.4755564771947411,0.445861820663725,-0.12675370311453238,0.9998543858528136,0.9995535016059875
92,1.533,13,LEFT_ELBOW,0.6144069887342913,0.4967395180747627,-0.06526845356538183,0.98856782913208,0.999898076057434
92,1.533,14,RIGHT_ELBOW,0.44763706553550037,0.4936816479478568,-0.06119376775764285,0.9619726538658142,0.9990612864494324
92,1.533,15,LEFT_WRIST,0.6185693485396255,0.5400303119704841,-0.18822877605756141,0.9910669326782228,0.9999381303787231
92,1.533,16,RIGHT_WRIST,0.43449209985278936,0.5360892471813026,-0.16426484712532596,0.9623798727989196,0.99882310628891
92,1.533,17,LEFT_PINKY,0.622433673767817,0.5552241546767103,-0.22525291215805798,0.9837982058525084,0.9998338222503662
92,1.533,18,RIGHT_PINKY,0.4231484986486893,0.5513444400969011,-0.2026781390110653,0.942403256893158,0.9983968138694764
92,1.533,19,LEFT_INDEX,0.6136001263345996,0.5543228870346437,-0.27050040591330776,0.9847934246063232,0.9998492002487184
92,1.533,20,RIGHT_INDEX,0.4300148018768859,0.5508471812520713,-0.24696665576526114,0.9447717070579528,0.9984103441238404
92,1.533,21,LEFT_THUMB,0.609018743038178,0.5500616204170958,-0.20729356010754918,0.9805358052253724,0.9999059438705444
92,1.533,22,RIGHT_THUMB,0.43788607347579267,0.546163590181442,-0.18506917286486863,0.9355200529098512,0.9988258481025696
92,1.533,23,LEFT_HIP,0.5631615320841477,0.5520466339020507,-0.004550653598493009,0.9999438524246216,0.999931812286377
92,1.533,24,RIGHT_HIP,0.49356229106585225,0.5500620830626719,0.004476259462535332,0.9998232126235962,0.9998080134391784
92,1.533,25,LEFT_KNEE,0.5554622383344746,0.6201878729320713,0.062437736207530604,0.993448793888092,0.9999749660491944
92,1.533,26,RIGHT_KNEE,0.4829540635858267,0.6092779068719778,0.1537166954506012,0.9724863171577454,0.9997928738594056
92,1.533,27,LEFT_ANKLE,0.5476858445576265,0.677660851251512,0.32427447040875784,0.989665985107422,0.999530553817749
92,1.533,28,RIGHT_ANKLE,0.49310479561487874,0.6494502709025434,0.4939006708917168,0.9567182660102844,0.9995858073234558
92,1.533,29,LEFT_HEEL,0.5433914888472788,0.6834667353403007,0.3430164399601167,0.8849684596061707,0.9991217255592346
92,1.533,30,RIGHT_HEEL,0.4999097954659239,0.6522312646820438,0.5232924421628321,0.8077540993690491,0.9994484782218932
92,1.533,31,LEFT_FOOT_INDEX,0.5395909178824656,0.6976555529094883,0.19669226663453251,0.985200822353363,0.9957441687583924
92,1.533,32,RIGHT_FOOT_INDEX,0.4809449343454274,0.6813346999032164,0.39736501659665824,0.9618138670921326,0.9978873133659364
93,1.55,0,NOSE,0.5403962277230767,0.4063128616128653,-0.3575012655485247,0.9999550580978394,0.999496340751648
93,1.55,1,LEFT_EYE_INNER,0.547098094508762,0.40010965296200374,-0.3367122312386833,0.9998204112052916,0.9987723231315612
93,1.55,2,LEFT_EYE,0.5506437023480739,0.4003181258837386,-0.3367409280368263,0.9998281598091124,0.9988711476325988
93,1.55,3,LEFT_EYE_OUTER,0.5547646766617189,0.40059013451848746,-0.33672443599928026,0.9998214244842528,0.9989157915115356
93,1.55,4,RIGHT_EYE_INNER,0.5341591437657679,0.39962644378344253,-0.34051087356749066,0.999770164489746,0.9984715580940248
93,1.55,5,RIGHT_EYE,0.529013525872004,0.3995580119746075,-0.34050751867748474,0.999760091304779,0.9982648491859436
93,1.55,6,RIGHT_EYE_OUTER,0.5239557907694867,0.39952887523741987,-0.3405517424855916,0.9997199773788452,0.9980290532112122
93,1.55,7,LEFT_EAR,0.5594093629292085,0.40425620476404855,-0.2040690659057528,0.9995702505111694,0.9990676045417786
93,1.55,8,RIGHT_EAR,0.5171980517251156,0.40283181553795255,-0.2226965207429161,0.9994229674339294,0.997601330280304
93,1.55,9,MOUTH_LEFT,0.5466721824237284,0.41504035393397054,-0.3063286940256757,0.99994957447052,0.9997627139091492
93,1.55,10,MOUTH_RIGHT,0.5314897951625648,0.41489983740307074,-0.31226886170251056,0.9999313950538636,0.999619960784912
93,1.55,11,LEFT_SHOULDER,0.5963779489199326,0.4495560824871067,-0.12463072297118964,0.999987542629242,0.9999668598175048
93,1.55,12,RIGHT_SHOULDER,0.4761083864030388,0.44562487942831897,-0.12033645773217799,0.9998543858528136,0.99964702129364
93,1.55,13,LEFT_ELBOW,0.6147455686614632,0.49666290056137863,-0.05467134820563452,0.988533079624176,0.9999011754989624
93,1.55,14,RIGHT_ELBOW,0.44763557116190633,0.4936435520648961,-0.04987719974347524,0.962590515613556,0.999302625656128
93,1.55,15,LEFT_WRIST,0.6188021188690555,0.5398509417261401,-0.173743696439834,0.9910723567008972,0.9999375343322754
93,1.55,16,RIGHT_WRIST,0.433439176707041,0.5359745621681218,-0.1505144763560523,0.9624115824699402,0.9991583824157716
93,1.55,17,LEFT_PINKY,0.6224764244897031,0.5550928683508015,-0.20985522156669997,0.9836665391921996,0.9998350143432616
93,1.55,18,RIGHT_PINKY,0.42216327786445657,0.551175387132736,-0.18778551405384442,0.9421899318695068,0.998816728591919
93,1.55,19,LEFT_INDEX,0.6136428969247006,0.5541431279409504,-0.2540698235943206,0.984673023223877,0.9998494386672974
93,1.55,20,RIGHT_INDEX,0.42837720399811186,0.5505976904006237,-0.2326171603940784,0.944696605205536,0.9988331198692322
93,1.55,21,LEFT_THUMB,0.6090821198054728,0.5498755517460057,-0.19262630173138223,0.9804170727729796,0.9999048709869384
93,1.55,22,RIGHT_THUMB,0.43607711933908044,0.5459705278986982,-0.17162017098494953,0.9356690049171448,0.9991495609283448
93,1.55,23,LEFT_HIP,0.5633470813433334,0.5518249926112953,-0.004784198633084647,0.999942183494568,0.9999240636825562
93,1.55,24,RIGHT_HIP,0.493593431654431,0.5498482187589014,0.004702724627263423,0.9998232126235962,0.9998132586479188
93,1.55,25,LEFT_KNEE,0.5560232031913036,0.6202246007465186,0.06315632430570467,0.9932593107223512,0.9999754428863524
93,1.55,26,RIGHT_KNEE,0.4843724100362691,0.6097891245569507,0.13781243988445835,0.9736754894256592,0.9998441934585572
93,1.55,27,LEFT_ANKLE,0.5479812877518795,0.6778346385274621,0.3235540319056741,0.9893962144851683,0.9996421337127686
93,1.55,28,RIGHT_ANKLE,0.4936509543941139,0.6544663849331089,0.4616405978089291,0.9584217667579652,0.9996801614761353
93,1.55,29,LEFT_HEEL,0.543461538496472,0.6834473950522293,0.34194472432136563,0.8840625286102295,0.999344766139984
93,1.55,30,RIGHT_HEEL,0.5002318833555499,0.6577096297627409,0.48878051695369584,0.8093501925468445,0.9995600581169128
93,1.55,31,LEFT_FOOT_INDEX,0.5399823529379714,0.6979559688341056,0.19765270253022527,0.984915018081665,0.9967746138572692
93,1.55,32,RIGHT_FOOT_INDEX,0.4814816670758388,0.6856508737518681,0.36135809762137305,0.962916135787964,0.998130977153778
94,1.567,0,NOSE,0.5405566919417613,0.4062269954454335,-0.3540634640625548,0.9999558925628662,0.9996968507766724
94,1.567,1,LEFT_EYE_INNER,0.5474590063095097,0.3999528728780296,-0.33356506909642925,0.9998235702514648,0.9992456436157228
94,1.567,2,LEFT_EYE,0.5508854247274858,0.40017423317545975,-0.3335955866745543,0.9998313784599304,0.9992910623550416
94,1.567,3,LEFT_EYE_OUTER,0.5549797529266,0.4004478355248773,-0.33358092960857244,0.9998245239257812,0.999308943748474
94,1.567,4,RIGHT_EYE_INNER,0.5343699001130608,0.3994399805863702,-0.33709725169908467,0.9997731447219848,0.9991082549095154
94,1.567,5,RIGHT_EYE,0.5291487744876322,0.399371554454168,-0.33709469011851745,0.9997638463974,0.9989928603172302
94,1.567,6,RIGHT_EYE_OUTER,0.5241807131540213,0.39934931340671753,-0.3371362657774066,0.9997244477272034,0.9988719820976256
94,1.567,7,LEFT_EAR,0.5598388967059913,0.4042051264217925,-0.2024111499389014,0.9995840191841124,0.9994186162948608
94,1.567,8,RIGHT_EAR,0.5174865438824613,0.40274936670348793,-0.21927284059070423,0.9994331002235411,0.9986839890480042
94,1.567,9,MOUTH_LEFT,0.5470259785652165,0.4149465191931956,-0.3033952741395862,0.9999502301216124,0.9998570680618286
94,1.567,10,MOUTH_RIGHT,0.5315719133331667,0.41480070210638537,-0.30918166325205876,0.999931573867798,0.9997865557670592
94,1.567,11,LEFT_SHOULDER,0.5969467390151256,0.44944973219008716,-0.12276777944394524,0.999987781047821,0.9999781847000122
94,1.567,12,RIGHT_SHOULDER,0.47635775520688056,0.4454688699472522,-0.11607616891463604,0.9998584985733032,0.9998260140419006
94,1.567,13,LEFT_ELBOW,0.6150599462645401,0.49656669298807826,-0.046799378913073286,0.9886733293533324,0.9999223947525024
94,1.567,14,RIGHT_ELBOW,0.44763526178541674,0.4936149546078278,-0.04400899895422516,0.9631301760673524,0.9995589852333068
94,1.567,15,LEFT_WRIST,0.6188894198054364,0.5397546518416636,-0.1621763613961993,0.9911137223243712,0.9999529123306274
94,1.567,16,RIGHT_WRIST,0.43270069786480536,0.5358447347368518,-0.14070312394982298,0.9628596305847168,0.9994326233863832
94,1.567,17,LEFT_PINKY,0.6223717814400088,0.554972662812188,-0.19714756593817773,0.9835804104804992,0.9998756647109984
94,1.567,18,RIGHT_PINKY,0.42146755116326506,0.5510410751615257,-0.1760562842800505,0.9425820112228394,0.999173939228058
94,1.567,19,LEFT_INDEX,0.6136248083341695,0.5538158870878679,-0.24041586404755022,0.9845901727676392,0.999886393547058
94,1.567,20,RIGHT_INDEX,0.42733421495982615,0.5504089338438857,-0.22131973646935976,0.9451620578765868,0.9991790652275084
94,1.567,21,LEFT_THUMB,0.6090956074850906,0.549496886276064,-0.18073868467694248,0.9803094863891602,0.9999306201934814
94,1.567,22,RIGHT_THUMB,0.43481679189772876,0.5457934850738166,-0.16186963944208063,0.9364029169082642,0.9994205236434937
94,1.567,23,LEFT_HIP,0.5635033732368837,0.5516913902191894,-0.004639752042878895,0.9999422430992126,0.9999397993087769
94,1.567,24,RIGHT_HIP,0.4936372155234931,0.5497430392674043,0.004551907701949928,0.9998288154602052,0.9998972415924072
94,1.567,25,LEFT_KNEE,0.5566440366563348,0.6201347566786273,0.06271449086211979,0.993255376815796,0.9999829530715942
94,1.567,26,RIGHT_KNEE,0.48605231302125157,0.6106320051919851,0.11923031296048854,0.9749349355697632,0.9999266862869264
94,1.567,27,LEFT_ANKLE,0.548171026366098,0.6786693079130997,0.31240872542063425,0.9893871545791626,0.999843955039978
94,1.567,28,RIGHT_ANKLE,0.49427297427540773,0.6606501284099766,0.4169043557984492,0.9608567357063292,0.9998819828033448
94,1.567,29,LEFT_HEEL,0.5432132312229707,0.6842561648005537,0.32945722199621685,0.8845897912979126,0.9997126460075378
94,1.567,30,RIGHT_HEEL,0.5005425200575879,0.6646550780250919,0.4404532214005792,0.8162402510643005,0.999819815158844
94,1.567,31,LEFT_FOOT_INDEX,0.5414967735608424,0.6987397727512185,0.1878731165613448,0.9850512146949768,0.9984278678894044
94,1.567,32,RIGHT_FOOT_INDEX,0.48137509539013856,0.6904592570804421,0.31512608130772934,0.9648424983024596,0.9991210103034972
95,1.583,0,NOSE,0.5406670513607211,0.4061081806818648,-0.3361440925371082,0.9999556541442872,0.9997075200080872
95,1.583,1,LEFT_EYE_INNER,0.5476996103922531,0.3997864169733869,-0.31574096991902334,0.9998223185539246,0.9991864562034608
95,1.583,2,LEFT_EYE,0.5510610767773225,0.4000161304360348,-0.31577680792127366,0.9998297691345216,0.9992324113845824
95,1.583,3,LEFT_EYE_OUTER,0.5551178966249743,0.40028917221795984,-0.3157616172518052,0.9998225569725036,0.9992403984069824
95,1.583,4,RIGHT_EYE_INNER,0.5345118272872204,0.3992615143458052,-0.3188640702338449,0.9997730255126952,0.9990493655204772
95,1.583,5,RIGHT_EYE,0.5292409885497326,0.3991960954098478,-0.31885939694586285,0.9997642636299132,0.9989414811134338
95,1.583,6,RIGHT_EYE_OUTER,0.5243545657112489,0.3991841248103554,-0.31889637878962956,0.9997247457504272,0.9988124370574952
95,1.583,7,LEFT_EAR,0.5600916941960657,0.4041043505782176,-0.186845368572644,0.9995818734169006,0.99932599067688
95,1.583,8,RIGHT_EAR,0.5176674638475696,0.4026431554839728,-0.20177470147609727,0.9994356632232666,0.9986125230789183
95,1.583,9,MOUTH_LEFT,0.547268580822718,0.4148426907403132,-0.286481905551184,0.9999483227729796,0.9998499155044556
95,1.583,10,MOUTH_RIGHT,0.5316158845311124,0.4146988420259389,-0.291727797616096,0.9999291896820068,0.999788224697113
95,1.583,11,LEFT_SHOULDER,0.5974016558556335,0.44939499951544304,-0.11054523963303797,0.999987244606018,0.9999685287475586
95,1.583,12,RIGHT_SHOULDER,0.47646531462669417,0.44537237570399374,-0.10145972988435206,0.9998632669448853,0.9998236298561096
95,1.583,13,LEFT_ELBOW,0.6152449250221258,0.496468800873984,-0.03653300686606337,0.9886728525161744,0.999913215637207
95,1.583,14,RIGHT_ELBOW,0.4475885984443487,0.4935772674424312,-0.03166388609402238,0.9639049172401428,0.9995853304862976
95,1.583,15,LEFT_WRIST,0.6188138836906076,0.5395981186912178,-0.1524636979613986,0.9910838603973388,0.9999450445175172
95,1.583,16,RIGHT_WRIST,0.4319421308381221,0.5357447578793485,-0.12741660752466755,0.9629877209663392,0.9993813037872314
95,1.583,17,LEFT_PINKY,0.6222414345968343,0.5546398134458638,-0.18693030590102805,0.9833571314811708,0.9998561143875122
95,1.583,18,RIGHT_PINKY,0.42088392802647223,0.550917267799378,-0.16155946325688147,0.9425486326217652,0.9990732669830322
95,1.583,19,LEFT_INDEX,0.6135477508817405,0.5531458684376314,-0.22936960841928228,0.984383225440979,0.9998729228973388
95,1.583,20,RIGHT_INDEX,0.4265514370940984,0.5503053977375945,-0.20692645439079843,0.9452113509178162,0.9990969896316528
95,1.583,21,LEFT_THUMB,0.609039704004924,0.5487305976095659,-0.17076482162589127,0.9800753593444824,0.9999200105667114
95,1.583,22,RIGHT_THUMB,0.43385733593077924,0.5457114350228087,-0.1485585392940613,0.9367170929908752,0.9993757605552672
95,1.583,23,LEFT_HIP,0.5636060237884526,0.5515965563910353,-0.004319421237423246,0.999938189983368,0.9998993873596193
95,1.583,24,RIGHT_HIP,0.4937031425180894,0.5496576314880739,0.004228342889941122,0.9998309016227722,0.9998725652694702
95,1.583,25,LEFT_KNEE,0.5570792016528907,0.6205890973409023,0.06106694929656532,0.9925859570503236,0.999966025352478
95,1.583,26,RIGHT_KNEE,0.4878338674704238,0.6119229112352649,0.09666180734833088,0.9758363366127014,0.9999157190322876
95,1.583,27,LEFT_ANKLE,0.5481284203983493,0.6798890034357712,0.29692214727401756,0.9886747002601624,0.9997918009757996
95,1.583,28,RIGHT_ANKLE,0.4948174740586966,0.6672938522838416,0.3610455592473351,0.9626070857048036,0.9998101592063904
95,1.583,29,LEFT_HEEL,0.5427395332427256,0.6855898244040359,0.31236808924447945,0.8857128024101257,0.9996167421340942
95,1.583,30,RIGHT_HEEL,0.5007308749925528,0.672188770203364,0.3804969929513481,0.8203411102294922,0.999691367149353
95,1.583,31,LEFT_FOOT_INDEX,0.5431775280407501,0.6997664542425253,0.17238913405509232,0.984311044216156,0.9979763627052308
95,1.583,32,RIGHT_FOOT_INDEX,0.481181104977926,0.6954122214090263,0.25536027337823614,0.9657466411590576,0.9985203146934508
96,1.6,0,NOSE,0.54083339940934,0.40602911937804487,-0.3125911823340828,0.9999569654464722,0.9997475743293762
96,1.6,1,LEFT_EYE_INNER,0.5478825086639045,0.39967300636427777,-0.29223602868261817,0.9998268485069276,0.9992395639419556
96,1.6,2,LEFT_EYE,0.5511856221017388,0.3999075023900899,-0.2922777817362834,0.9998340010643004,0.9992750287055968
96,1.6,3,LEFT_EYE_OUTER,0.5552088760194329,0.4001807840097522,-0.29226132943516714,0.9998266100883484,0.9992746710777284
96,1.6,4,RIGHT_EYE_INNER,0.5346526134581797,0.39913625518480966,-0.2946916336104986,0.999780297279358,0.9991231560707092
96,1.6,5,RIGHT_EYE,0.5293476240975521,0.3990715259597419,-0.2946844427358539,0.9997721314430236,0.9990216493606568
96,1.6,6,RIGHT_EYE_OUTER,0.5245083485330859,0.3990679979324344,-0.2947195825122654,0.9997339844703674,0.9989016056060792
96,1.6,7,LEFT_EAR,0.5601746865681245,0.40402637493042753,-0.16551787086895547,0.9995949864387512,0.9993523955345154
96,1.6,8,RIGHT_EAR,0.5177709886005951,0.4025603007702604,-0.17791699298790536,0.9994569420814514,0.9987381100654602
96,1.6,9,MOUTH_LEFT,0.5474789795421424,0.4147719698292872,-0.26398655701251283,0.999948501586914,0.9998639822006226
96,1.6,10,MOUTH_RIGHT,0.5316801951045087,0.41462810266585615,-0.26817852045808543,0.9999299645423888,0.9998109936714172
96,1.6,11,LEFT_SHOULDER,0.5977297595569071,0.4493466828550615,-0.09470185850347795,0.9999870657920836,0.999969720840454
96,1.6,12,RIGHT_SHOULDER,0.4764579974469688,0.4453537080969133,-0.08293052815965246,0.9998695254325868,0.9998438358306884
96,1.6,13,LEFT_ELBOW,0.6152712475685852,0.49637717292422384,-0.028266540151976365,0.9890194535255432,0.9999183416366576
96,1.6,14,RIGHT_ELBOW,0.4474814605145231,0.4935291352726169,-0.018676777514407352,0.9651274681091307,0.999637007713318
96,1.6,15,LEFT_WRIST,0.6187248286746803,0.5393469787779314,-0.14875655018147976,0.9913883805274964,0.9999457597732544
96,1.6,16,RIGHT_WRIST,0.43111256616456206,0.5356791501953493,-0.11545044644957506,0.963994562625885,0.999372661113739
96,1.6,17,LEFT_PINKY,0.6221547268685845,0.5540533690225515,-0.18445539332571498,0.9837898015975952,0.999841570854187
96,1.6,18,RIGHT_PINKY,0.42041568245206595,0.5508520972161071,-0.1492034792900087,0.9437199831008912,0.9989727735519408
96,1.6,19,LEFT_INDEX,0.6134467607452762,0.5521687893640432,-0.22622162742274166,0.9847931265830994,0.9998670816421508
96,1.6,20,RIGHT_INDEX,0.4257249661854339,0.550352723825546,-0.1941322918449131,0.9463934898376464,0.9990264177322388
96,1.6,21,LEFT_THUMB,0.6089697054454264,0.5476437580017821,-0.167029564579328,0.9806063175201416,0.9999183416366576
96,1.6,22,RIGHT_THUMB,0.43292157706760265,0.5458108044805986,-0.13640760452974415,0.938299298286438,0.9993361830711364
96,1.6,23,LEFT_HIP,0.5637424361138121,0.5515171715191438,-0.003983760507599899,0.9999310374259948,0.9998353719711304
96,1.6,24,RIGHT_HIP,0.4938756568091261,0.5496011007399791,0.0039014175556422227,0.9998290538787842,0.9998155236244202
96,1.6,25,LEFT_KNEE,0.5573041297140581,0.6212200891403932,0.06011031160042403,0.9919217824935912,0.9999439716339112
96,1.6,26,RIGHT_KNEE,0.4895689246200384,0.6131943407512852,0.07996216824366936,0.9764463901519777,0.999873161315918
96,1.6,27,LEFT_ANKLE,0.5480009799911867,0.6808510734921416,0.28461666759990534,0.987785279750824,0.999531626701355
96,1.6,28,RIGHT_ANKLE,0.4951763919421609,0.6730640984716876,0.31516212934539467,0.9637657999992372,0.999577820301056
96,1.6,29,LEFT_HEEL,0.5421864106541593,0.6868909029733574,0.30019484531311785,0.8848246335983276,0.9991029500961304
96,1.6,30,RIGHT_HEEL,0.5007858758880983,0.6791172027587897,0.33127648064068416,0.8226000070571899,0.9992546439170836
96,1.6,31,LEFT_FOOT_INDEX,0.5447591202599666,0.7005905508995063,0.15729270094916947,0.9831421375274658,0.9953243136405944
96,1.6,32,RIGHT_FOOT_INDEX,0.4811550861313234,0.6996386448542283,0.20441582550605153,0.9659905433654784,0.9965465664863586
97,1.617,0,NOSE,0.5408852696418767,0.4059172315256939,-0.29042681909742835,0.9999582171440125,0.9996066689491272
97,1.617,1,LEFT_EYE_INNER,0.5479334479286562,0.39958327582904307,-0.26998339664368426,0.9998314380645752,0.9988564252853394
97,1.617,2,LEFT_EYE,0.5512126655805684,0.3998258440267476,-0.2700313585145135,0.9998387098312378,0.9989147186279296
97,1.617,3,LEFT_EYE_OUTER,0.5552302088056297,0.4001037960960755,-0.2700145074299406,0.9998317956924438,0.9989253878593444
97,1.617,4,RIGHT_EYE_INNER,0.5346712186222989,0.39903303980827365,-0.27178305529412794,0.9997878074645996,0.9986932873725892
97,1.617,5,RIGHT_EYE,0.5293544530868535,0.39896980353764167,-0.2717726656368803,0.9997800588607788,0.9985491633415222
97,1.617,6,RIGHT_EYE_OUTER,0.524535184814817,0.3989726844288058,-0.2718099838211425,0.9997445940971376,0.9983977675437928
97,1.617,7,LEFT_EAR,0.5602111873172584,0.40397156987871474,-0.14483722689605902,0.99961119890213,0.9990591406822203
97,1.617,8,RIGHT_EAR,0.5177417993545537,0.4025051153841476,-0.15526501550560917,0.99947851896286,0.9981610178947448
97,1.617,9,MOUTH_LEFT,0.5475614326340816,0.41468070518402866,-0.24276942724273337,0.9999487400054932,0.9998021721839904
97,1.617,10,MOUTH_RIGHT,0.5316449233463837,0.4145258069038395,-0.2458335828213467,0.99993097782135,0.9997287392616272
97,1.617,11,LEFT_SHOULDER,0.5980412420772376,0.4493113486539754,-0.0803331275071417,0.9999867081642152,0.9999475479125975
97,1.617,12,RIGHT_SHOULDER,0.476503438892819,0.44533528600420313,-0.06533308664248105,0.9998738169670104,0.999793827533722
97,1.617,13,LEFT_ELBOW,0.6151206862358825,0.4963164528210962,-0.024949518963694524,0.9889525175094604,0.999847173690796
97,1.617,14,RIGHT_ELBOW,0.4473643118426917,0.49346980594453393,-0.007857430493459126,0.9659229516983032,0.999549686908722
97,1.617,15,LEFT_WRIST,0.6186145969799592,0.5389351277124319,-0.1548388238464084,0.9913580417633056,0.9999184608459472
97,1.617,16,RIGHT_WRIST,0.4303014477094018,0.5357108456747878,-0.10854833395708184,0.9644142389297484,0.99928480386734
97,1.617,17,LEFT_PINKY,0.6220267358280369,0.5531552178519117,-0.1932415948027657,0.9837432503700256,0.999787986278534
97,1.617,18,RIGHT_PINKY,0.4201079905033115,0.5509020742915931,-0.14274008217312054,0.9441025853157043,0.9988458156585692
97,1.617,19,LEFT_INDEX,0.6133672935622084,0.5509941010248098,-0.23447479733399001,0.984758734703064,0.9998254179954528
97,1.617,20,RIGHT_INDEX,0.4251864155133569,0.5505590467225943,-0.18681844927015773,0.9468975067138672,0.9989070892333984
97,1.617,21,LEFT_THUMB,0.6089519517762325,0.5464102881295345,-0.17335148439520892,0.9805391430854796,0.9998881816864014
97,1.617,22,RIGHT_THUMB,0.43225202673957497,0.5461341398102901,-0.12922323885418124,0.9391310811042786,0.999242067337036
97,1.617,23,LEFT_HIP,0.5638579414004377,0.551411248388745,-0.004038043896711965,0.9999153017997742,0.999680995941162
97,1.617,24,RIGHT_HIP,0.49409389070102194,0.5495303982780099,0.003956215833091999,0.9998210668563844,0.9996711015701294
97,1.617,25,LEFT_KNEE,0.557268049035754,0.621830372583299,0.058976908879620704,0.9917402863502502,0.9999351501464844
97,1.617,26,RIGHT_KNEE,0.4911312049343477,0.6144573319525952,0.06385869506214346,0.9773638248443604,0.9998394250869752
97,1.617,27,LEFT_ANKLE,0.5479208599953429,0.6814107043402542,0.270474087624323,0.9874146580696106,0.999314308166504
97,1.617,28,RIGHT_ANKLE,0.49564870198567756,0.6776984702973146,0.26837591826915763,0.9652807712554932,0.9994321465492249
97,1.617,29,LEFT_HEEL,0.5418126497949878,0.6879648112115413,0.2852735214290167,0.8808080554008484,0.9986729621887208
97,1.617,30,RIGHT_HEEL,0.5011959302993052,0.6850024206297745,0.2808812225148794,0.8247124552726746,0.9989516735076904
97,1.617,31,LEFT_FOOT_INDEX,0.5461653130395077,0.7008395791053779,0.14088085400206712,0.9824938774108888,0.9942542910575868
97,1.617,32,RIGHT_FOOT_INDEX,0.48096674680709883,0.7030019107319065,0.15134312922046306,0.9666607975959778,0.9953268766403198
98,1.633,0,NOSE,0.5410336057345078,0.40571651572272927,-0.27773272707348806,0.9999595880508424,0.999536633491516
98,1.633,1,LEFT_EYE_INNER,0.5480998527436034,0.39945403734842977,-0.25695014709518094,0.999836802482605,0.9985656142234802
98,1.633,2,LEFT_EYE,0.5513666924976173,0.3997079871949699,-0.25700252254804,0.9998436570167542,0.998602569103241
98,1.633,3,LEFT_EYE_OUTER,0.5553659910247444,0.3999918486390799,-0.2569845602625894,0.9998371601104736,0.9985793828964232
98,1.633,4,RIGHT_EYE_INNER,0.534738285200937,0.3988934982390634,-0.25846769554274446,0.9997971653938292,0.9984694123268129
98,1.633,5,RIGHT_EYE,0.5293984895660768,0.39883760185468803,-0.25845534744716847,0.9997888207435608,0.9983144998550416
98,1.633,6,RIGHT_EYE_OUTER,0.5245998303095505,0.39885208862168486,-0.2584984132221769,0.9997559785842896,0.9981743097305298
98,1.633,7,LEFT_EAR,0.5603404357319792,0.4039104566687633,-0.13211230366002952,0.9996273517608644,0.998686134815216
98,1.633,8,RIGHT_EAR,0.5176868779318677,0.40246515898477503,-0.14110198404107785,0.999501883983612,0.997975766658783
98,1.633,9,MOUTH_LEFT,0.547761445953733,0.4145366279851826,-0.23045807651111075,0.9999489784240724,0.9997393488883972
98,1.633,10,MOUTH_RIGHT,0.5316682855288193,0.4143585307257519,-0.23300263640426472,0.9999322891235352,0.9996646642684937
98,1.633,11,LEFT_SHOULDER,0.5982517032396231,0.4492880432378682,-0.07126701091017046,0.9999858736991882,0.9999181032180786
98,1.633,12,RIGHT_SHOULDER,0.47653917613483654,0.4453318275156479,-0.05247304890127409,0.9998791217803956,0.9997783303260804
98,1.633,13,LEFT_ELBOW,0.6148879641578316,0.49625934873308497,-0.02446472174709745,0.9891144037246704,0.9997662901878356
98,1.633,14,RIGHT_ELBOW,0.44722992465609634,0.4934126677967257,0.0010774971895097167,0.9665419459342957,0.999471127986908
98,1.633,15,LEFT_WRIST,0.6184851073083429,0.5384568685577034,-0.1640751042536328,0.9915961027145386,0.9999043941497804
98,1.633,16,RIGHT_WRIST,0.42947768313544177,0.5359010157131019,-0.10437830643994475,0.9649261832237244,0.999065101146698
98,1.633,17,LEFT_PINKY,0.6217970933232995,0.5522263532593141,-0.20513890967482626,0.9841436743736268,0.9997519850730896
98,1.633,18,RIGHT_PINKY,0.4197843273480737,0.5511129924229218,-0.13915918199788968,0.9445691108703612,0.9984318614006042
98,1.633,19,LEFT_INDEX,0.6132253976095297,0.5499230566478917,-0.24659890291236716,0.9851285815238952,0.9998063445091248
98,1.633,20,RIGHT_INDEX,0.4247661956718993,0.5509603789874491,-0.18331478465171103,0.9474279880523682,0.9985546469688416
98,1.633,21,LEFT_THUMB,0.6089263558387762,0.5453200709252135,-0.1830735164029259,0.9809439182281494,0.999876856803894
98,1.633,22,RIGHT_THUMB,0.43160195435796506,0.5467454989751185,-0.12512165024167027,0.9399912357330322,0.9990179538726808
98,1.633,23,LEFT_HIP,0.5639495111647111,0.5512729457446512,-0.004108090774111731,0.9998864531517028,0.9993743300437928
98,1.633,24,RIGHT_HIP,0.4943498727821173,0.5494466622670497,0.0040342038486241225,0.9998122453689576,0.9995927214622498
98,1.633,25,LEFT_KNEE,0.557104261148544,0.6222174650146852,0.05391321419959978,0.9913159608840942,0.9998220801353456
98,1.633,26,RIGHT_KNEE,0.4925366427217216,0.6159657779194065,0.04137264369499113,0.9782693982124328,0.9997791647911072
98,1.633,27,LEFT_ANKLE,0.547920187314352,0.6817252494039996,0.24876204700697055,0.9865692257881165,0.9988497495651244
98,1.633,28,RIGHT_ANKLE,0.4961822813465486,0.6826311094420303,0.22242822569041043,0.9667460322380066,0.9991056323051452
98,1.633,29,LEFT_HEEL,0.5416917460305355,0.689129965645927,0.26156212034679616,0.8776956796646118,0.9979130625724792
98,1.633,30,RIGHT_HEEL,0.5019274183682038,0.6912344523838595,0.23173998509134586,0.8274636268615723,0.998137593269348
98,1.633,31,LEFT_FOOT_INDEX,0.5479531543595455,0.7007155446779166,0.1140266220484462,0.9813003540039062,0.991091012954712
98,1.633,32,RIGHT_FOOT_INDEX,0.4805403195676353,0.7067431268237891,0.09487863186569445,0.9670348167419434,0.9915339350700378
99,1.65,0,NOSE,0.541206504617419,0.40550075968106625,-0.27885400965100265,0.9999611973762512,0.9996473789215088
99,1.65,1,LEFT_EYE_INNER,0.5482919925735116,0.3993275619688492,-0.2576363058317277,0.9998428225517272,0.9988584518432616
99,1.65,2,LEFT_EYE,0.5515473314694002,0.39959119757016537,-0.2576903431188495,0.999849259853363,0.998872935771942
99,1.65,3,LEFT_EYE_OUTER,0.5555408256394527,0.39987694081806036,-0.2576704961912975,0.999842882156372,0.9988431930541992
99,1.65,4,RIGHT_EYE_INNER,0.5347887902032766,0.3987585291976024,-0.25939166403952124,0.9998076558113098,0.9988357424736024
99,1.65,5,RIGHT_EYE,0.5294148212387453,0.3987107518173403,-0.2593825771695094,0.9997988343238832,0.9987348914146424
99,1.65,6,RIGHT_EYE_OUTER,0.5246314406394963,0.3987378832839788,-0.2594353003161296,0.9997683763504028,0.998654842376709
99,1.65,7,LEFT_EAR,0.5605251618794038,0.40385348172414903,-0.13068652294930963,0.999644696712494,0.9989359974861144
99,1.65,8,RIGHT_EAR,0.5175995741571704,0.40245517236845874,-0.14079926908016216,0.999528706073761,0.9986078143119812
99,1.65,9,MOUTH_LEFT,0.5480191764377418,0.4143801785650711,-0.23088737967468462,0.9999494552612304,0.9997993111610411
99,1.65,10,MOUTH_RIGHT,0.5316896041234339,0.4141796727975213,-0.23375505208969136,0.9999339580535888,0.9997584223747252
99,1.65,11,LEFT_SHOULDER,0.5983999371528631,0.44924759580975526,-0.06808811568078546,0.999984622001648,0.9999104738235474
99,1.65,12,RIGHT_SHOULDER,0.47645915548006734,0.4454101026058201,-0.05176419534143948,0.9998850226402284,0.9998390674591064
99,1.65,13,LEFT_ELBOW,0.614729387419565,0.49620972360883486,-0.026506527637441907,0.9892393946647644,0.9996991157531738
99,1.65,14,RIGHT_ELBOW,0.4470049384094424,0.49347586716924435,-0.000839057805327049,0.9669765830039978,0.9994485974311828
99,1.65,15,LEFT_WRIST,0.6183958081972037,0.5380309649876192,-0.17263326403640578,0.9917538166046144,0.9998692274093628
99,1.65,16,RIGHT_WRIST,0.42860669181460465,0.5363545786766784,-0.10906824150255755,0.9653039574623108,0.9989283680915833
99,1.65,17,LEFT_PINKY,0.6213807009515314,0.5514345907029656,-0.2154463132222495,0.9844074845314026,0.9996776580810548
99,1.65,18,RIGHT_PINKY,0.41945852126394034,0.5515597462654118,-0.14406426605724162,0.9448681473731996,0.998229444026947
99,1.65,19,LEFT_INDEX,0.6129424288159331,0.549110631148021,-0.25743543746925557,0.9853690266609192,0.9997527003288268
99,1.65,20,RIGHT_INDEX,0.42447154436792683,0.5515763589314058,-0.18830409646034257,0.9478057026863098,0.9983888864517212
99,1.65,21,LEFT_THUMB,0.6088228396006998,0.544549757526035,-0.1921325978778659,0.9811722040176392,0.9998419284820556
99,1.65,22,RIGHT_THUMB,0.4309614797433221,0.5476300688016987,-0.12975647903624044,0.9406632781028748,0.9989074468612672
99,1.65,23,LEFT_HIP,0.5640611535026918,0.5511841319856194,-0.002948952256701827,0.9998378157615662,0.999042809009552
99,1.65,24,RIGHT_HIP,0.4946175430502215,0.5493731300036118,0.0029000017204365925,0.999800443649292,0.999601662158966
99,1.65,25,LEFT_KNEE,0.5569294095039372,0.6223898501623251,0.060039921175865915,0.990672528743744,0.9996970891952516
99,1.65,26,RIGHT_KNEE,0.49407813946406093,0.6173860146885832,0.011439346043126887,0.9790061712265016,0.9997695088386536
99,1.65,27,LEFT_ANKLE,0.547973547663008,0.6817279089064832,0.2454520903882528,0.9853196740150452,0.9981868863105774
99,1.65,28,RIGHT_ANKLE,0.4967389660222194,0.6874238706770404,0.17031221109486772,0.967970609664917,0.9987301230430604
99,1.65,29,LEFT_HEEL,0.5417165160179144,0.6898644225937985,0.2563191332987379,0.8729619383811951,0.9966811537742616
99,1.65,30,RIGHT_HEEL,0.5027944559142707,0.6970421813783197,0.17663960832925082,0.829610288143158,0.997020184993744
99,1.65,31,LEFT_FOOT_INDEX,0.5502907463482454,0.7003548145294196,0.11333035606713528,0.9793439507484436,0.9871503114700316
99,1.65,32,RIGHT_FOOT_INDEX,0.48027169704437295,0.7103722123872673,0.030557524590265218,0.9670552611351012,0.9872548580169678
100,1.667,0,NOSE,0.5412500074931559,0.4052932744934449,-0.28380653971717495,0.9999622106552124,0.999665379524231
100,1.667,1,LEFT_EYE_INNER,0.5483756207284478,0.399203934839794,-0.26263618540196215,0.999846339225769,0.9988741278648376
100,1.667,2,LEFT_EYE,0.5516484720366347,0.3994740758623399,-0.26268793571563015,0.9998521208763124,0.9989113807678224
100,1.667,3,LEFT_EYE_OUTER,0.5556655384245378,0.3997623650800618,-0.2626618359770096,0.9998459219932556,0.9988870024681092
100,1.667,4,RIGHT_EYE_INNER,0.5347411689304175,0.39863516319365766,-0.26423080336479937,0.999815821647644,0.9988023042678832
100,1.667,5,RIGHT_EYE,0.5293430515698029,0.3985966174375446,-0.26422755774997553,0.9998061656951904,0.9986899495124816
100,1.667,6,RIGHT_EYE_OUTER,0.5245539574396048,0.398635056756792,-0.2642888653846016,0.9997779130935668,0.9985952973365784
100,1.667,7,LEFT_EAR,0.5607029653730852,0.4038147770223167,-0.1350240533550581,0.9996511936187744,0.9990013241767884
100,1.667,8,RIGHT_EAR,0.517471021129972,0.402468432982763,-0.1449889164595378,0.9995458722114564,0.9984979629516602
100,1.667,9,MOUTH_LEFT,0.5481518081256327,0.4142449271111265,-0.23570287866251827,0.9999482035636902,0.9998117089271544
100,1.667,10,MOUTH_RIGHT,0.5316441428093688,0.41402475606827543,-0.23849785185995573,0.9999344348907472,0.999761402606964
100,1.667,11,LEFT_SHOULDER,0.5984475215276088,0.4492431410721374,-0.07009294487181167,0.9999828338623048,0.9999148845672609
100,1.667,12,RIGHT_SHOULDER,0.47636849823452215,0.44551811189878593,-0.056869938260033004,0.999890387058258,0.9998406171798706
100,1.667,13,LEFT_ELBOW,0.6147860771133792,0.4962016968500051,-0.03191096344519226,0.9893499612808228,0.9997867941856384
100,1.667,14,RIGHT_ELBOW,0.44664489513351846,0.49359395248549365,-0.007285419959641406,0.9674516320228576,0.9994833469390868
100,1.667,15,LEFT_WRIST,0.6182343051547101,0.5377476669493181,-0.18211601603598837,0.9919626712799072,0.9999147653579712
100,1.667,16,RIGHT_WRIST,0.4278270020371395,0.5369415027754652,-0.11487130714314331,0.9649280309677124,0.9988189339637756
100,1.667,17,LEFT_PINKY,0.6206580741064895,0.5509012029284528,-0.22526365234738321,0.9847041368484496,0.9997825026512146
100,1.667,18,RIGHT_PINKY,0.4191299889768877,0.5521535021918166,-0.1491116008588247,0.944023072719574,0.9981060028076172
100,1.667,19,LEFT_INDEX,0.6123949488004055,0.5485845123018542,-0.26721610412711205,0.985634982585907,0.999832272529602
100,1.667,20,RIGHT_INDEX,0.42428370174907537,0.5522914046332955,-0.19333946208159142,0.9471115469932556,0.9982728958129884
100,1.667,21,LEFT_THUMB,0.6084989706675217,0.5440851194517958,-0.20156245501268494,0.9814069867134094,0.9998918771743774
100,1.667,22,RIGHT_THUMB,0.4304780704634534,0.5485881510235019,-0.13534332989227216,0.940132737159729,0.99883371591568
100,1.667,23,LEFT_HIP,0.5642432059560508,0.5513071588107523,-0.0012153249976801204,0.9997845888137816,0.9993005990982056
100,1.667,24,RIGHT_HIP,0.49486501302037966,0.5494868698574253,0.0012011748483581773,0.9997963905334472,0.9997305274009703
100,1.667,25,LEFT_KNEE,0.5568422135852638,0.6223650688216805,0.06923080803382968,0.9896048903465272,0.9997432827949524
100,1.667,26,RIGHT_KNEE,0.4953615353220989,0.6188201393399926,-0.028482608142353275,0.9797120094299316,0.9998378753662108
100,1.667,27,LEFT_ANKLE,0.54800181729453,0.6820102277256199,0.2517278435684388,0.9836729168891908,0.9987276196479796
100,1.667,28,RIGHT_ANKLE,0.4971753089200887,0.6918157566161389,0.10645452044194659,0.9691550731658936,0.9988529682159424
100,1.667,29,LEFT_HEEL,0.5416521288099748,0.6909289331663229,0.2617847479525069,0.8692489266395569,0.997726023197174
100,1.667,30,RIGHT_HEEL,0.5035211018153605,0.7022779101417185,0.10973221666756139,0.8289216756820679,0.9972307085990906
100,1.667,31,LEFT_FOOT_INDEX,0.5535392023268205,0.7003201331411095,0.12201805306332458,0.9771565794944764,0.9917250871658324
100,1.667,32,RIGHT_FOOT_INDEX,0.47980546241714883,0.7137707471847541,-0.0450434164986724,0.9671948552131652,0.9884688258171082
101,1.684,0,NOSE,0.541302859783173,0.4051799036207656,-0.28107320127033075,0.9999622702598572,0.999473512172699
101,1.684,1,LEFT_EYE_INNER,0.548426489035289,0.3991283433777949,-0.2598875491392047,0.9998460412025452,0.9981258511543274
101,1.684,2,LEFT_EYE,0.5517042534691952,0.3994057064964661,-0.25993825211411453,0.9998508095741272,0.9981814622879028
101,1.684,3,LEFT_EYE_OUTER,0.5557361869584951,0.3996991813182834,-0.2599052623623896,0.9998440742492676,0.9981234669685364
101,1.684,4,RIGHT_EYE_INNER,0.534728708721343,0.3985621815636048,-0.26145999488376453,0.9998208284378052,0.9981110095977784
101,1.684,5,RIGHT_EYE,0.5293051231475109,0.39853532825197524,-0.2614601807934899,0.9998101592063904,0.9980065226554872
101,1.684,6,RIGHT_EYE_OUTER,0.5245119333267216,0.3985884260563627,-0.2615252690655847,0.999784290790558,0.9979252815246582
101,1.684,7,LEFT_EAR,0.5607615907986965,0.4038316210110986,-0.13245540289651786,0.9996470808982848,0.998288094997406
101,1.684,8,RIGHT_EAR,0.5173597931861882,0.4025682523137051,-0.1427363008260728,0.9995542168617249,0.9979352951049804
101,1.684,9,MOUTH_LEFT,0.5482428414481032,0.414212871165503,-0.2331623073135105,0.9999447464942932,0.9997219443321228
101,1.684,10,MOUTH_RIGHT,0.5316336523918883,0.41399327488172655,-0.23600700852416828,0.9999334812164308,0.999680757522583
101,1.684,11,LEFT_SHOULDER,0.5983875961530781,0.44929126898447713,-0.0678941422984714,0.9999802708625792,0.9998584985733032
101,1.684,12,RIGHT_SHOULDER,0.47622153730619565,0.4458016086192362,-0.05675833867419333,0.9998961091041564,0.9998733997344972
101,1.684,13,LEFT_ELBOW,0.6149749841008874,0.4962903034119383,-0.03471000368396438,0.989160418510437,0.9997010231018066
101,1.684,14,RIGHT_ELBOW,0.446138502586456,0.493947667734964,-0.00795706461871127,0.9678202867507936,0.9995673298835754
101,1.684,15,LEFT_WRIST,0.6180151076543905,0.5375488343692966,-0.18767957815102182,0.9919869899749756,0.9998877048492432
101,1.684,16,RIGHT_WRIST,0.42717800679661017,0.5377433612233121,-0.11443984082766946,0.9644257426261902,0.9988425970077516
101,1.684,17,LEFT_PINKY,0.6197629230363034,0.5505599805286958,-0.23002139869190413,0.9847195744514464,0.9997398257255554
101,1.684,18,RIGHT_PINKY,0.41885934131486113,0.5530099045662658,-0.1480552554130555,0.9432128071784972,0.9981495141983032
101,1.684,19,LEFT_INDEX,0.6115363637606308,0.5482564994267061,-0.2714844899518152,0.9856350421905518,0.999796450138092
101,1.684,20,RIGHT_INDEX,0.424015242429007,0.5532089415050694,-0.19212320517926004,0.9464710354804992,0.9982944130897522
101,1.684,21,LEFT_THUMB,0.6078834476925083,0.5438112361090529,-0.20669761016255347,0.9813211560249328,0.9998645782470704
101,1.684,22,RIGHT_THUMB,0.4300116087709158,0.5496436442647668,-0.13472612769830802,0.939511775970459,0.998849868774414
101,1.684,23,LEFT_HIP,0.5644875935145792,0.5516792138417567,0.0003580327195647716,0.9997283220291138,0.999210000038147
101,1.684,24,RIGHT_HIP,0.49509660970597086,0.5498774193582086,-0.0003377638252762192,0.9998003244400024,0.9998095631599426
101,1.684,25,LEFT_KNEE,0.5567817460922972,0.622684450376602,0.07603183175836295,0.98800528049469,0.9996800422668456
101,1.684,26,RIGHT_KNEE,0.4961337787764417,0.6203905287243077,-0.057417914360052086,0.980234682559967,0.9998626708984376
101,1.684,27,LEFT_ANKLE,0.5480302345185057,0.6825005979765035,0.2602674336660478,0.980642795562744,0.9984623193740844
101,1.684,28,RIGHT_ANKLE,0.49727319251923374,0.6953788144247879,0.06255027385694643,0.969950795173645,0.9987723231315612
101,1.684,29,LEFT_HEEL,0.5415688582829071,0.692215141795931,0.26985223733243513,0.8619345426559448,0.9974853992462158
101,1.684,30,RIGHT_HEEL,0.5038586060206101,0.7062157931781957,0.06410288207587744,0.8270121216773987,0.9969533681869508
101,1.684,31,LEFT_FOOT_INDEX,0.5567062440372654,0.7004006476629354,0.13538461391414922,0.9736485481262208,0.9921169877052308
101,1.684,32,RIGHT_FOOT_INDEX,0.4789209209737328,0.7162947597957798,-0.09479729369992303,0.9668127298355104,0.9858298897743224
102,1.7,0,NOSE,0.5412914043381105,0.4052701975618094,-0.2759300115562623,0.9999632239341736,0.9997215867042542
102,1.7,1,LEFT_EYE_INNER,0.5483787428765075,0.3991931449799314,-0.25510585024243326,0.999849498271942,0.9989826083183287
102,1.7,2,LEFT_EYE,0.5516692002614344,0.3994804791041786,-0.25515357440426256,0.9998536109924316,0.9989978671073914
102,1.7,3,LEFT_EYE_OUTER,0.5556984288351882,0.3997866156555361,-0.255114705080078,0.9998465180397034,0.9989469647407532
102,1.7,4,RIGHT_EYE_INNER,0.5347390146482563,0.39863789365405167,-0.25669566151641676,0.9998289346694946,0.9989953637123108
102,1.7,5,RIGHT_EYE,0.5293044050534571,0.3986261699880876,-0.25669784843921684,0.9998178482055664,0.9989486336708068
102,1.7,6,RIGHT_EYE_OUTER,0.5245028961272471,0.3986986932300389,-0.25676341212931153,0.99979430437088,0.9989222288131714
102,1.7,7,LEFT_EAR,0.5606866592452645,0.40397136551993273,-0.1297625129421553,0.9996535181999208,0.9990159273147584
102,1.7,8,RIGHT_EAR,0.5173061546825233,0.40281928153265123,-0.14047307698499598,0.999571979045868,0.9989832043647766
102,1.7,9,MOUTH_LEFT,0.5481995542844141,0.41436192251387133,-0.22887834196998974,0.9999439120292664,0.9998434782028198
102,1.7,10,MOUTH_RIGHT,0.5316179962385273,0.4141548389480231,-0.23180107133729136,0.9999347925186156,0.999832034111023
102,1.7,11,LEFT_SHOULDER,0.5982518508320769,0.4494269121260874,-0.06823768111921495,0.999977171421051,0.9998836517333984
102,1.7,12,RIGHT_SHOULDER,0.47611075497808947,0.4463848514216291,-0.05655276562486377,0.9999022483825684,0.999915361404419
102,1.7,13,LEFT_ELBOW,0.6152604903493615,0.4964374303817753,-0.03824489545964056,0.988925039768219,0.999672532081604
102,1.7,14,RIGHT_ELBOW,0.44553021022251715,0.4945760553791414,-0.008821486182222574,0.9678871035575868,0.999613344669342
102,1.7,15,LEFT_WRIST,0.6177673368226919,0.5374677039328081,-0.19156870033059814,0.9918495416641236,0.9998947381973268
102,1.7,16,RIGHT_WRIST,0.4267744790940061,0.5387305021286015,-0.11352736609322692,0.9632512331008912,0.9990580677986144
102,1.7,17,LEFT_PINKY,0.6186742413611644,0.5504631797472641,-0.23311794726621554,0.9845224618911744,0.9997648596763612
102,1.7,18,RIGHT_PINKY,0.41866670194126343,0.5541228424935118,-0.14658149438244966,0.9416171312332152,0.9984631538391112
102,1.7,19,LEFT_INDEX,0.6104222450937549,0.5481073118391496,-0.27303499976793943,0.9854055047035216,0.99982351064682
102,1.7,20,RIGHT_INDEX,0.4237354057175776,0.5543249221075154,-0.18994221942765385,0.9450505971908568,0.9986444115638732
102,1.7,21,LEFT_THUMB,0.6070546791667035,0.5436882887567798,-0.2096751076834544,0.9809057712554932,0.9998828172683716
102,1.7,22,RIGHT_THUMB,0.4296423281942099,0.5507060062317627,-0.13346426579214282,0.9381595253944396,0.999091625213623
102,1.7,23,LEFT_HIP,0.5648237750643781,0.5521326547577272,0.00073651946981301,0.9996883273124696,0.999388575553894
102,1.7,24,RIGHT_HIP,0.49531784086000397,0.5504443106197181,-0.0006835308325077291,0.9998067617416382,0.9998725652694702
102,1.7,25,LEFT_KNEE,0.5567333925338023,0.6229382327624735,0.07917507010556404,0.9871925711631776,0.9997527003288268
102,1.7,26,RIGHT_KNEE,0.49646530974479,0.621521895840055,-0.06689287438279108,0.9811830520629884,0.99991774559021
102,1.7,27,LEFT_ANKLE,0.5480594436327622,0.6826688562120716,0.26621317082927365,0.9792909026145936,0.9989768266677856
102,1.7,28,RIGHT_ANKLE,0.49688159142221766,0.6975184650648214,0.04785971387865995,0.971451222896576,0.9991037249565125
102,1.7,29,LEFT_HEEL,0.5414994273866931,0.692673808052427,0.2765884683245707,0.8598668575286865,0.9981456995010376
102,1.7,30,RIGHT_HEEL,0.503828712872097,0.7082474402018962,0.04915590992286092,0.8308447003364563,0.9975711703300476
102,1.7,31,LEFT_FOOT_INDEX,0.5589371465501336,0.7002906316802622,0.1474436730855988,0.9717614054679872,0.99317729473114
102,1.7,32,RIGHT_FOOT_INDEX,0.47763212521870974,0.7174791154407326,-0.10838537822876661,0.9675475358963012,0.987924337387085
103,1.717,0,NOSE,0.5412575659297767,0.4055261313915256,-0.26709293893405395,0.9999642372131348,0.9996510744094848
103,1.717,1,LEFT_EYE_INNER,0.5482845476695475,0.3994069113617855,-0.24649915950638926,0.999854326248169,0.9987292885780334
103,1.717,2,LEFT_EYE,0.5515977172624502,0.39970440523965056,-0.24654644018127822,0.9998579621315002,0.9987565279006958
103,1.717,3,LEFT_EYE_OUTER,0.5556398090862098,0.4000279619580227,-0.24650440897260412,0.9998508095741272,0.998702883720398
103,1.717,4,RIGHT_EYE_INNER,0.5347417479469667,0.39887507472719497,-0.2481344427381245,0.9998376369476318,0.9987090826034546
103,1.717,5,RIGHT_EYE,0.5292872502690275,0.39888335267702774,-0.24814039752596923,0.9998266100883484,0.9986379742622375
103,1.717,6,RIGHT_EYE_OUTER,0.5244742915743879,0.398983709868931,-0.24820528782549378,0.9998049736022948,0.9985790252685548
103,1.717,7,LEFT_EAR,0.5605709978512361,0.4042376364980429,-0.1235173859056973,0.9996658563613892,0.9988096952438354
103,1.717,8,RIGHT_EAR,0.5172573753765656,0.40326850045295026,-0.1344783025838081,0.9995946884155272,0.9985978007316588
103,1.717,9,MOUTH_LEFT,0.5481000911621825,0.41467270397004663,-0.22101931061063507,0.9999443292617798,0.999793827533722
103,1.717,10,MOUTH_RIGHT,0.5315961525553754,0.41450784461838897,-0.223996855673336,0.9999366998672484,0.9997699856758118
103,1.717,11,LEFT_SHOULDER,0.5980958257402698,0.4496832106794634,-0.06549707179268204,0.9999749660491944,0.999874472618103
103,1.717,12,RIGHT_SHOULDER,0.4759710729122166,0.4472778978801913,-0.05384349060200512,0.99990713596344,0.999863862991333
103,1.717,13,LEFT_ELBOW,0.6155561606089279,0.49666307937531284,-0.03962003776714914,0.988947868347168,0.9996658563613892
103,1.717,14,RIGHT_ELBOW,0.44488851797013096,0.49552467039653275,-0.007088564973812354,0.9685648679733276,0.9994893074035645
103,1.717,15,LEFT_WRIST,0.6172954582032709,0.5373887135868985,-0.19286818660440908,0.9918090105056764,0.9998637437820436
103,1.717,16,RIGHT_WRIST,0.42661131847472455,0.5399609151340672,-0.1103836840816907,0.9629350900650024,0.9987331032752992
103,1.717,17,LEFT_PINKY,0.617192671412514,0.5504144259861543,-0.2339605050427575,0.984435737133026,0.999664545059204
103,1.717,18,RIGHT_PINKY,0.4185774184408645,0.5554671060471312,-0.14302956419331694,0.94111567735672,0.9978431463241576
103,1.717,19,LEFT_INDEX,0.6090183059374497,0.5479439298311874,-0.27161571667307927,0.9853071570396424,0.9997517466545104
103,1.717,20,RIGHT_INDEX,0.423777540524801,0.5555957073257088,-0.18608527027425323,0.9446511268615724,0.9981117248535156
103,1.717,21,LEFT_THUMB,0.6059723865418212,0.5435605134282798,-0.2098300627299719,0.9807547926902772,0.9998375177383424
103,1.717,22,RIGHT_THUMB,0.42958873510360757,0.5519033301444285,-0.13013287598178508,0.9379822015762328,0.9987316727638244
103,1.717,23,LEFT_HIP,0.5652609978403369,0.552697564874377,0.0013417755503073682,0.9996240735054016,0.999000370502472
103,1.717,24,RIGHT_HIP,0.4955084281308315,0.5512333171708248,-0.00127549049544273,0.9997983574867249,0.9996939897537231
103,1.717,25,LEFT_KNEE,0.5567288739340651,0.6234134662719006,0.07644311267705192,0.9853433966636658,0.9995039701461792
103,1.717,26,RIGHT_KNEE,0.49629711962881584,0.6226088489804955,-0.07317094966059642,0.9811164736747742,0.999755084514618
103,1.717,27,LEFT_ANKLE,0.5480752587318425,0.683111312843505,0.25755881056899144,0.9760758280754088,0.9974007606506348
103,1.717,28,RIGHT_ANKLE,0.49603036187944005,0.6992317693574094,0.03497563626262403,0.9712043404579164,0.9976060390472412
103,1.717,29,LEFT_HEEL,0.5414156885374165,0.6934106293178747,0.2670100388072788,0.8555662035942078,0.9953904151916504
103,1.717,30,RIGHT_HEEL,0.5035236080487574,0.7100625577427099,0.035910949332728294,0.8285196423530579,0.994111955165863
103,1.717,31,LEFT_FOOT_INDEX,0.559993655908676,0.7005658490317215,0.14444195869423104,0.96763014793396,0.9836505055427552
103,1.717,32,RIGHT_FOOT_INDEX,0.4759597608021332,0.7179508351144344,-0.11940949232805347,0.965690016746521,0.9750490188598632
104,1.734,0,NOSE,0.5411229843185066,0.405902886674518,-0.2604711949825289,0.999965250492096,0.9996381998062134
104,1.734,1,LEFT_EYE_INNER,0.5481754172415966,0.39975000279290374,-0.2399027475288938,0.99985933303833,0.998709797859192
104,1.734,2,LEFT_EYE,0.5515103992961707,0.4000603159268701,-0.23995164675372008,0.999862790107727,0.9987666606903076
104,1.734,3,LEFT_EYE_OUTER,0.5555633618718107,0.40040472575596436,-0.23990849157174446,0.9998556971549988,0.9987348914146424
104,1.734,4,RIGHT_EYE_INNER,0.5346229218301324,0.3992440799872084,-0.2416498355922247,0.9998459815979004,0.9986131191253662
104,1.734,5,RIGHT_EYE,0.5291055327370058,0.39927517374356625,-0.24165961714017978,0.9998354315757751,0.9985215067863464
104,1.734,6,RIGHT_EYE_OUTER,0.5243002176284794,0.39940150436900945,-0.2417229470752536,0.9998155832290648,0.9984392523765564
104,1.734,7,LEFT_EAR,0.5604735783168253,0.40465648259435416,-0.11837197733776918,0.9996787905693054,0.9989019632339478
104,1.734,8,RIGHT_EAR,0.5171061470395049,0.4038610500948773,-0.1298248405967441,0.9996169209480286,0.9984276294708252
104,1.734,9,MOUTH_LEFT,0.5479969524201898,0.41511498036838745,-0.21506615834576756,0.9999448657035828,0.9997913241386414
104,1.734,10,MOUTH_RIGHT,0.5314266710054312,0.4149800269376668,-0.21818036266735638,0.9999387860298156,0.9997501969337464
104,1.734,11,LEFT_SHOULDER,0.5979077872775855,0.45003501716114264,-0.06254880006114644,0.9999732375144958,0.9998821020126344
104,1.734,12,RIGHT_SHOULDER,0.47572788312321657,0.4484518099398844,-0.05244400902163417,0.9999110698699952,0.999848246574402
104,1.734,13,LEFT_ELBOW,0.6157884427479341,0.4969248416877933,-0.039704300463199615,0.9890729188919068,0.99971741437912
104,1.734,14,RIGHT_ELBOW,0.44428516853423383,0.4967904034115024,-0.007042032630471061,0.9695919752120972,0.999488115310669
104,1.734,15,LEFT_WRIST,0.6166345278422043,0.5373400847117111,-0.19103400267305842,0.9918701648712158,0.9998797178268432
104,1.734,16,RIGHT_WRIST,0.4265425914809821,0.541444872106825,-0.10896150058224095,0.9626667499542236,0.9986322522163392
104,1.734,17,LEFT_PINKY,0.6154514607929054,0.5504931949433831,-0.2316772604272481,0.984497845172882,0.9996787309646606
104,1.734,18,RIGHT_PINKY,0.4185274200780055,0.5570045085180378,-0.1414283570789156,0.9405722618103028,0.9975558519363404
104,1.734,19,LEFT_INDEX,0.6074702427500775,0.5478806921413972,-0.2671608882290979,0.985349714756012,0.999763548374176
104,1.734,20,RIGHT_INDEX,0.4239011194024771,0.5570415201641269,-0.1844046513239544,0.9441975355148317,0.9978710412979126
104,1.734,21,LEFT_THUMB,0.6047574366842003,0.543496844314394,-0.20689625328495403,0.9807776808738708,0.9998469352722168
104,1.734,22,RIGHT_THUMB,0.42970635351680614,0.5532476987157555,-0.12861967406102598,0.9377785325050354,0.9985835552215576
104,1.734,23,LEFT_HIP,0.5656749492599855,0.5533430462791812,0.002433980224720536,0.9995598793029784,0.9989990592002868
104,1.734,24,RIGHT_HIP,0.4956736749126802,0.5521877464793983,-0.0023548340236412835,0.9997897148132324,0.999667763710022
104,1.734,25,LEFT_KNEE,0.5567500818343395,0.6239820661998936,0.06916181388355437,0.9834821224212646,0.9993680119514464
104,1.734,26,RIGHT_KNEE,0.49611049890518233,0.6236729366438736,-0.080446312115306,0.9807341694831848,0.999647855758667
104,1.734,27,LEFT_ANKLE,0.5481328169504807,0.6837184230486559,0.23576836713722796,0.9723492860794068,0.9957791566848756
104,1.734,28,RIGHT_ANKLE,0.49482060188338917,0.700590664432163,0.024460939845691115,0.970308780670166,0.9954909682273864
104,1.734,29,LEFT_HEEL,0.5413853043601631,0.6942553179604674,0.24294928425834317,0.8487671613693237,0.9923018217086792
104,1.734,30,RIGHT_HEEL,0.5027058947654002,0.7113751400084729,0.025407134133967606,0.8229812383651733,0.9889361262321472
104,1.734,31,LEFT_FOOT_INDEX,0.5603543434824267,0.7010904408636554,0.12472390028692434,0.9622941613197328,0.9751058220863342
104,1.734,32,RIGHT_FOOT_INDEX,0.4748106357597174,0.7181726438658584,-0.12971474052894688,0.9628416299819946,0.9573180675506592
105,1.75,0,NOSE,0.5406961895170671,0.4064437519936338,-0.25894190725826105,0.999965250492096,0.9996175765991212
105,1.75,1,LEFT_EYE_INNER,0.5478980342547104,0.4002369202318649,-0.23826448051702426,0.9998610615730286,0.9986328482627868
105,1.75,2,LEFT_EYE,0.5512458909125559,0.4005522415751506,-0.23831304694925054,0.9998643398284912,0.9986935257911682
105,1.75,3,LEFT_EYE_OUTER,0.5552698004813426,0.40090472215697914,-0.23826711731297645,0.9998573660850524,0.9986530542373656
105,1.75,4,RIGHT_EYE_INNER,0.5341688309397021,0.3997723999477572,-0.24032651029882,0.9998511075973512,0.9985470175743104
105,1.75,5,RIGHT_EYE,0.5285573232741587,0.39982373231933266,-0.2403402697472347,0.9998411536216736,0.9984788298606871
105,1.75,6,RIGHT_EYE_OUTER,0.5238114992777512,0.3999603575184235,-0.24040379907403692,0.9998232126235962,0.9984185695648192
105,1.75,7,LEFT_EAR,0.5603137385277526,0.4052067682856608,-0.11698008222239367,0.9996816515922546,0.998842179775238
105,1.75,8,RIGHT_EAR,0.5167153846649901,0.4045641862210777,-0.12994856671208438,0.9996331334114076,0.9985061287879944
105,1.75,9,MOUTH_LEFT,0.5477797871544252,0.4156536800520764,-0.21376066832315369,0.9999441504478456,0.9998076558113098
105,1.75,10,MOUTH_RIGHT,0.5309502964928041,0.415563713936579,-0.21728959750561502,0.9999400973320008,0.9997815489768982
105,1.75,11,LEFT_SHOULDER,0.5977159000578387,0.45067993374097953,-0.06039734042826154,0.9999712109565736,0.999892234802246
105,1.75,12,RIGHT_SHOULDER,0.4752434974625001,0.4498297061238974,-0.055089552665040634,0.9999154806137084,0.9998797178268432
105,1.75,13,LEFT_ELBOW,0.6158954416002551,0.49739822745323226,-0.03892470683370319,0.9887616634368896,0.9997382760047911
105,1.75,14,RIGHT_ELBOW,0.4437967765898935,0.49843748694374496,-0.010408963780805799,0.9704119563102722,0.9994933605194092
105,1.75,15,LEFT_WRIST,0.6157845400628595,0.537622315543039,-0.1863140066464743,0.9915582537651062,0.9998835325241088
105,1.75,16,RIGHT_WRIST,0.42640634093965835,0.5433055786859426,-0.11204898357391366,0.9613758325576782,0.9986625909805298
105,1.75,17,LEFT_PINKY,0.613578373477573,0.5511033932367966,-0.22662964747065606,0.984044075012207,0.9997153878211976
105,1.75,18,RIGHT_PINKY,0.4184968428952357,0.5587682298251566,-0.1447152481192635,0.9388859272003174,0.9977982044219972
105,1.75,19,LEFT_INDEX,0.605893819105058,0.5482947429021204,-0.2607163545631229,0.9848753809928894,0.9997853636741638
105,1.75,20,RIGHT_INDEX,0.42405489229020654,0.5587071520941603,-0.18759090701739006,0.942615270614624,0.99804025888443
105,1.75,21,LEFT_THUMB,0.603477211225601,0.5438785666511177,-0.20152350124858692,0.9800876379013062,0.9998571872711182
105,1.75,22,RIGHT_THUMB,0.4298722147941593,0.5549267161460155,-0.13161006995609842,0.9362308979034424,0.9986957907676696
105,1.75,23,LEFT_HIP,0.5659670773006626,0.5541198282014761,0.004733759053384033,0.9995142817497252,0.9990919828414916
105,1.75,24,RIGHT_HIP,0.49573854463441075,0.5533120149657845,-0.004636023013431181,0.9997848868370056,0.9996644258499146
105,1.75,25,LEFT_KNEE,0.5567440021605724,0.6245669836089731,0.07067831002530597,0.9811611771583556,0.999502182006836
105,1.75,26,RIGHT_KNEE,0.49607658386230513,0.6245557325226926,-0.08882515398519387,0.980998694896698,0.9996954202651978
105,1.75,27,LEFT_ANKLE,0.547991860480536,0.6840683448882336,0.2276072296358292,0.96892911195755,0.9963043928146362
105,1.75,28,RIGHT_ANKLE,0.493429154157639,0.7013624509175624,0.010554038099057618,0.9699602723121644,0.9952913522720336
105,1.75,29,LEFT_HEEL,0.5410192381768004,0.6943022466841204,0.23306114758764016,0.8423680067062378,0.9929561614990234
105,1.75,30,RIGHT_HEEL,0.5012413249129346,0.7117832842327306,0.011260024482561696,0.818058967590332,0.9888581037521362
105,1.75,31,LEFT_FOOT_INDEX,0.5597984506970366,0.7017618247440889,0.11976059703599846,0.9576432108879088,0.9781005382537842
105,1.75,32,RIGHT_FOOT_INDEX,0.47474365858804657,0.7185360164869405,-0.14475623447270627,0.9611219763755798,0.9581112265586852
106,1.767,0,NOSE,0.5400824972561433,0.4071402663276313,-0.2574962959403086,0.9999653100967408,0.9995330572128296
106,1.767,1,LEFT_EYE_INNER,0.5474607149759934,0.400887767473857,-0.2368336050283343,0.9998626708984376,0.9983183145523072
106,1.767,2,LEFT_EYE,0.550776810873123,0.4011902667227249,-0.2368791741984233,0.9998657703399658,0.9984090924263
106,1.767,3,LEFT_EYE_OUTER,0.554796213195438,0.4015321376777834,-0.23682848470551643,0.9998589158058168,0.9983766078948976
106,1.767,4,RIGHT_EYE_INNER,0.5334209232103262,0.4004792769749963,-0.23870527460461588,0.999855637550354,0.9981619715690612
106,1.767,5,RIGHT_EYE,0.5276781746319367,0.40055533392088793,-0.23872132244564254,0.9998461604118348,0.9980565905570984
106,1.767,6,RIGHT_EYE_OUTER,0.523010407175337,0.40069974320275475,-0.23878652425039398,0.9998298287391664,0.9979628324508668
106,1.767,7,LEFT_EAR,0.5600930707795284,0.405867532605217,-0.11560271467481349,0.9996843338012696,0.998581051826477
106,1.767,8,RIGHT_EAR,0.5160612662633265,0.4053921784673422,-0.12790603297097347,0.9996451139450072,0.9979986548423768
106,1.767,9,MOUTH_LEFT,0.5475244266646254,0.4163028498490655,-0.2124018789756867,0.999943733215332,0.999755561351776
106,1.767,10,MOUTH_RIGHT,0.5303387755439399,0.41629791969344765,-0.2157150648889089,0.9999412894248962,0.9997050166130066
106,1.767,11,LEFT_SHOULDER,0.5976730556715107,0.45153627509162575,-0.057271303875105734,0.9999691843986512,0.9998772144317628
106,1.767,12,RIGHT_SHOULDER,0.47479029496510866,0.45098458869116687,-0.0552925646659874,0.9999185800552368,0.999833345413208
106,1.767,13,LEFT_ELBOW,0.615871395383563,0.49801113066219194,-0.036198046590600705,0.9886833429336548,0.9997196793556212
106,1.767,14,RIGHT_ELBOW,0.44323821578707057,0.4999563708191831,-0.010865228649760958,0.9711085557937622,0.9994012117385864
106,1.767,15,LEFT_WRIST,0.6148113977341431,0.5383765981310895,-0.18038664616289607,0.9914286732673644,0.9998741149902344
106,1.767,16,RIGHT_WRIST,0.42614484400976305,0.5451341753914247,-0.11258451463211158,0.96046781539917,0.998524010181427
106,1.767,17,LEFT_PINKY,0.6119229765165426,0.5523182295617608,-0.22046577646618815,0.9838165640830994,0.9996825456619264
106,1.767,18,RIGHT_PINKY,0.41842670809654997,0.5605663089525137,-0.14544940704391124,0.9377071857452391,0.9975584745407104
106,1.767,19,LEFT_INDEX,0.6045280184064599,0.549298797334944,-0.2540823810157324,0.9846358299255372,0.999761164188385
106,1.767,20,RIGHT_INDEX,0.42417491333825286,0.5604378893261869,-0.18834788174856293,0.941525936126709,0.9978234767913818
106,1.767,21,LEFT_THUMB,0.6022959521838602,0.5448338815144136,-0.19532140734649855,0.9797462224960328,0.9998412132263184
106,1.767,22,RIGHT_THUMB,0.4299596689996269,0.5567649120376229,-0.13212149199985335,0.935216188430786,0.9985437393188475
106,1.767,23,LEFT_HIP,0.5661534411566602,0.5551314268793384,0.007636790027997121,0.9994654059410096,0.9991029500961304
106,1.767,24,RIGHT_HIP,0.4957316787469959,0.554646199657804,-0.007521208198297583,0.9997774362564088,0.9996275901794434
106,1.767,25,LEFT_KNEE,0.5568324469384698,0.6251828244754252,0.0792152654557001,0.9791775941848756,0.999460756778717
106,1.767,26,RIGHT_KNEE,0.49609261467343335,0.625501896653857,-0.10148455521890103,0.9811842441558838,0.999632716178894
106,1.767,27,LEFT_ANKLE,0.5477542110851839,0.6843956566992266,0.23889543541840164,0.9656959772109984,0.9958534240722656
106,1.767,28,RIGHT_ANKLE,0.49228817934081714,0.7023021436872943,-0.009325793312330317,0.9693514704704284,0.9946609139442444
106,1.767,29,LEFT_HEEL,0.5404938743228009,0.6942229753448856,0.2452896677312399,0.8366793394088745,0.9922890067100524
106,1.767,30,RIGHT_HEEL,0.4995109027340303,0.7125220043318619,-0.00916513737978504,0.8121185898780823,0.9876660108566284
106,1.767,31,LEFT_FOOT_INDEX,0.5595259269078577,0.7025409936904914,0.1307564033638864,0.9531939625740052,0.9757838845252992
106,1.767,32,RIGHT_FOOT_INDEX,0.4752184862182258,0.719475062120529,-0.16763645375058772,0.958882212638855,0.9534154534339904
107,1.784,0,NOSE,0.5390329588027232,0.40789840476853545,-0.25977745936030455,0.9999661445617676,0.9995926022529602
107,1.784,1,LEFT_EYE_INNER,0.5466024535042904,0.4016087409995855,-0.23922875594525128,0.999867022037506,0.9984636306762696
107,1.784,2,LEFT_EYE,0.5499507075264346,0.40189733675548045,-0.23927251923651943,0.9998698234558104,0.9985396862030028
107,1.784,3,LEFT_EYE_OUTER,0.5538111754826143,0.4022198674224675,-0.23922324748266327,0.999862790107727,0.9985021352767944
107,1.784,4,RIGHT_EYE_INNER,0.5322015313875113,0.4012641438416076,-0.2409445536988124,0.9998623728752136,0.9983617663383484
107,1.784,5,RIGHT_EYE,0.5264035321417314,0.40135829505466314,-0.24095920437858237,0.999853491783142,0.9982983469963074
107,1.784,6,RIGHT_EYE_OUTER,0.521825131915865,0.40149465770948534,-0.24102275215444124,0.9998385906219482,0.9982422590255736
107,1.784,7,LEFT_EAR,0.559424445742653,0.40661731788090333,-0.11783716792152049,0.9996929168701172,0.998684585094452
107,1.784,8,RIGHT_EAR,0.5150724422364013,0.4062468693369915,-0.12948054962214978,0.9996627569198608,0.9983868598937988
107,1.784,9,MOUTH_LEFT,0.5469262259347103,0.41702272352718206,-0.2146352784974236,0.9999447464942932,0.9997860789299012
107,1.784,10,MOUTH_RIGHT,0.5293709011304951,0.4170899277641663,-0.2177456149033139,0.9999436140060424,0.9997560381889344
107,1.784,11,LEFT_SHOULDER,0.5974010058811738,0.4524657683713099,-0.056294041375319175,0.9999672174453736,0.999872088432312
107,1.784,12,RIGHT_SHOULDER,0.4741131450448721,0.4520485046364016,-0.056723537367014666,0.9999228715896606,0.9998871088027954
107,1.784,13,LEFT_ELBOW,0.6158371908324112,0.49901192670776773,-0.03352802770123593,0.9883877635002136,0.999667763710022
107,1.784,14,RIGHT_ELBOW,0.4425302644570672,0.501454746439344,-0.011847964842759382,0.971616804599762,0.9994598031044006
107,1.784,15,LEFT_WRIST,0.6138863620303932,0.5397805287724454,-0.17621784337929333,0.9911403059959412,0.9998433589935304
107,1.784,16,RIGHT_WRIST,0.4258236615430745,0.5469917030561543,-0.11439489147492823,0.9592103362083436,0.9985345602035522
107,1.784,17,LEFT_PINKY,0.6107773951121744,0.5542192913237077,-0.21598028001331163,0.9833693504333496,0.9996227025985718
107,1.784,18,RIGHT_PINKY,0.4183172682921095,0.5623914173671183,-0.14758790248916273,0.9362301826477052,0.9976077079772948
107,1.784,19,LEFT_INDEX,0.6033985898608258,0.5510651554380149,-0.2501592125211445,0.984187662601471,0.9997143149375916
107,1.784,20,RIGHT_INDEX,0.42416478622527387,0.5622245868047084,-0.19052234362988263,0.9401713609695436,0.9978418350219728
107,1.784,21,LEFT_THUMB,0.6012038418224885,0.5465518803823567,-0.1913502720140277,0.979196310043335,0.9998080134391784
107,1.784,22,RIGHT_THUMB,0.4298985160532456,0.5586707904225309,-0.13395882646242788,0.934010922908783,0.9985672235488892
107,1.784,23,LEFT_HIP,0.5662102330298656,0.5562920002710257,0.010378420735443266,0.9994258284568788,0.9991379976272584
107,1.784,24,RIGHT_HIP,0.4956944059757964,0.5560622186887837,-0.01026123647932848,0.9997783899307252,0.9997333884239196
107,1.784,25,LEFT_KNEE,0.5569480487278535,0.6259601116180425,0.09081462096600307,0.9772238731384276,0.9995039701461792
107,1.784,26,RIGHT_KNEE,0.49600751485143435,0.626712424414499,-0.10156563066300897,0.981689989566803,0.9997400641441344
107,1.784,27,LEFT_ANKLE,0.547448615233104,0.6846683876855039,0.26710169584978216,0.9633198380470276,0.9963237047195436
107,1.784,28,RIGHT_ANKLE,0.49141521397091137,0.7033882027580631,-0.0050152626908605774,0.9694714546203612,0.9952664375305176
107,1.784,29,LEFT_HEEL,0.5398134731111077,0.6940536726088757,0.2758054633935295,0.835022509098053,0.9931913018226624
107,1.784,30,RIGHT_HEEL,0.497915584416617,0.7128206832068313,-0.004280856960186982,0.8101694583892822,0.988387167453766
107,1.784,31,LEFT_FOOT_INDEX,0.5595962745802748,0.7031226413590574,0.15891271829605114,0.9499544501304626,0.9779880046844482
107,1.784,32,RIGHT_FOOT_INDEX,0.4764852140630999,0.7211556264332369,-0.16408549887793417,0.95773446559906,0.9507962465286256
108,1.8,0,NOSE,0.5375268856684372,0.4087363311222625,-0.26594077831222923,0.999966561794281,0.9995927214622498
108,1.8,1,LEFT_EYE_INNER,0.5452846600895841,0.4023770746730626,-0.2455526384569352,0.999869704246521,0.9984421133995056
108,1.8,2,LEFT_EYE,0.5486956409045634,0.4026468325228922,-0.24558990129402725,0.999872088432312,0.9985247254371644
108,1.8,3,LEFT_EYE_OUTER,0.5523848590396705,0.4029449181897303,-0.24553629685015926,0.9998648166656494,0.9984891414642334
108,1.8,4,RIGHT_EYE_INNER,0.5305094208036155,0.402113402173633,-0.24726896697566642,0.9998669028282166,0.9983184337615968
108,1.8,5,RIGHT_EYE,0.5247086059479491,0.40222812408492714,-0.2472820175545558,0.9998583197593688,0.9982372522354126
108,1.8,6,RIGHT_EYE_OUTER,0.5202194225220458,0.4023595934822449,-0.24734719239530129,0.9998446702957152,0.9981561303138732
108,1.8,7,LEFT_EAR,0.558356126149496,0.4073817148095089,-0.12260172764460252,0.9996978044509888,0.9986520409584044
108,1.8,8,RIGHT_EAR,0.5136450727780665,0.40713013921465224,-0.1344282655488878,0.9996752142906188,0.9982534050941468
108,1.8,9,MOUTH_LEFT,0.5459021386646095,0.4177936812241876,-0.22008456644557786,0.9999450445175172,0.9997740387916564
108,1.8,10,MOUTH_RIGHT,0.5280113958177117,0.41797539875620926,-0.2232382148504259,0.9999451637268066,0.9997333884239196
108,1.8,11,LEFT_SHOULDER,0.5970159513609755,0.4533363523937411,-0.05879947489925794,0.9999665021896362,0.9998843669891356
108,1.8,12,RIGHT_SHOULDER,0.47340474384171666,0.45298606724966184,-0.06024671842654547,0.99992698431015,0.9998968839645386
108,1.8,13,LEFT_ELBOW,0.6156987008594337,0.5002712706724808,-0.032227569215354426,0.9882037043571472,0.9997519850730896
108,1.8,14,RIGHT_ELBOW,0.44164357582728103,0.5027863496825813,-0.01572731053013174,0.9724403023719788,0.999561846256256
108,1.8,15,LEFT_WRIST,0.6130977698734834,0.5418787485077272,-0.17503928286688686,0.991135835647583,0.9998925924301147
108,1.8,16,RIGHT_WRIST,0.4254790927682608,0.5486884145509634,-0.1193170877439636,0.95890474319458,0.9986385703086852
108,1.8,17,LEFT_PINKY,0.6101930538813278,0.5567948023478195,-0.21496844362644937,0.9833911061286926,0.9997324347496032
108,1.8,18,RIGHT_PINKY,0.4181191765126731,0.5640988349914555,-0.15245504748253608,0.9358731508255004,0.9977391958236694
108,1.8,19,LEFT_INDEX,0.6025435782614215,0.5536086332230346,-0.25020625122955886,0.9841890335083008,0.9997926354408264
108,1.8,20,RIGHT_INDEX,0.42405261879875583,0.5639042116346819,-0.1960405636401405,0.9398795366287231,0.9979099631309508
108,1.8,21,LEFT_THUMB,0.6002621508779985,0.549057089147114,-0.19061784871986953,0.9791978597640992,0.9998606443405152
108,1.8,22,RIGHT_THUMB,0.42979178967930054,0.5603867967923488,-0.13900140211695727,0.9338535070419312,0.9986103773117064
108,1.8,23,LEFT_HIP,0.5662055100713462,0.5574298302332565,0.012518612047036491,0.9994137287139891,0.9992725253105164
108,1.8,24,RIGHT_HIP,0.4956603561128894,0.5574311897868207,-0.012425260529631641,0.9997862577438354,0.9997839331626892
108,1.8,25,LEFT_KNEE,0.5570610421044491,0.6267713336717521,0.10940365990002954,0.9745654463768004,0.9994385838508606
108,1.8,26,RIGHT_KNEE,0.4958806378500807,0.628059347470602,-0.10184614927995778,0.9818249940872192,0.9997079968452454
108,1.8,27,LEFT_ANKLE,0.5471736533301222,0.6846512243861249,0.315717833382743,0.9592981338500975,0.9951350092887878
108,1.8,28,RIGHT_ANKLE,0.4908139861765366,0.7045973965099885,-0.0075060830651117036,0.9687778949737548,0.9939688444137572
108,1.8,29,LEFT_HEEL,0.5392282945769178,0.6933594374429618,0.3280348891303656,0.8295817971229553,0.991461992263794
108,1.8,30,RIGHT_HEEL,0.49688151053019974,0.7130082930837365,-0.007041777190308799,0.8050197958946228,0.9856857061386108
108,1.8,31,LEFT_FOOT_INDEX,0.55966181414468,0.7034791282245098,0.20954426165137988,0.9449827075004578,0.9761141538619996
108,1.8,32,RIGHT_FOOT_INDEX,0.4780577506337851,0.7235406665574944,-0.17010799263204857,0.9553037285804749,0.9407286643981934
109,1.817,0,NOSE,0.5355000353994829,0.40955098611967944,-0.27390615713028704,0.9999666810035706,0.9994838237762452
109,1.817,1,LEFT_EYE_INNER,0.5434490726107648,0.4031072556972507,-0.2534783333539965,0.999870777130127,0.9980803728103638
109,1.817,2,LEFT_EYE,0.547051506383079,0.4033613460404536,-0.25350749279771556,0.9998729825019836,0.9982197880744934
109,1.817,3,LEFT_EYE_OUTER,0.5505293721244454,0.4036414367812024,-0.2534439797912327,0.9998653531074524,0.9982231259346008
109,1.817,4,RIGHT_EYE_INNER,0.5282171794346405,0.40292422544388584,-0.25514999812557604,0.9998693466186525,0.997859537601471
109,1.817,5,RIGHT_EYE,0.5225210814248953,0.403051119475138,-0.2551639718668803,0.999861180782318,0.9977508187294006
109,1.817,6,RIGHT_EYE_OUTER,0.5180218673887712,0.403187936260587,-0.25523924543744064,0.9998483061790466,0.9976601600646972
109,1.817,7,LEFT_EAR,0.556822782471067,0.4081155146871298,-0.12726925561825442,0.9996964931488036,0.99846088886261
109,1.817,8,RIGHT_EAR,0.5118026165735159,0.407973306519645,-0.13916911894366862,0.9996792078018188,0.9978502988815308
109,1.817,9,MOUTH_LEFT,0.5443304606846406,0.4185586330436528,-0.22668915490309413,0.9999451637268066,0.9997512698173524
109,1.817,10,MOUTH_RIGHT,0.5261340680576512,0.4188617623987656,-0.22985114299115694,0.9999461770057678,0.9996899366378784
109,1.817,11,LEFT_SHOULDER,0.5961614534968427,0.4541060271717257,-0.059202020721776126,0.999966025352478,0.999884843826294
109,1.817,12,RIGHT_SHOULDER,0.47228792025929456,0.4539140519641699,-0.06350777404648919,0.9999303221702576,0.9998958110809326
109,1.817,13,LEFT_ELBOW,0.6153366310255874,0.5015456108819876,-0.031075914789523335,0.9881511926651,0.9997701048851012
109,1.817,14,RIGHT_ELBOW,0.44057728421120457,0.5040135724203931,-0.018908135947726983,0.9730241894721984,0.999542474746704
109,1.817,15,LEFT_WRIST,0.6123012588137677,0.5441929641224095,-0.17466976529076003,0.9911624193191528,0.9998960494995116
109,1.817,16,RIGHT_WRIST,0.4251117734681996,0.550320670718239,-0.1221902515916598,0.958416759967804,0.9986953139305116
109,1.817,17,LEFT_PINKY,0.6098967336473017,0.5594808317366106,-0.21486425612654023,0.983406662940979,0.9997544884681702
109,1.817,18,RIGHT_PINKY,0.41792838914053815,0.5657233539081761,-0.15520406904674722,0.9352450966835022,0.9980385899543762
109,1.817,19,LEFT_INDEX,0.6018594475019552,0.556471725304922,-0.25115406229382486,0.9841957092285156,0.999800980091095
109,1.817,20,RIGHT_INDEX,0.4239567858832227,0.5655030523027698,-0.1995917466424762,0.9393368363380432,0.9981253743171692
109,1.817,21,LEFT_THUMB,0.5994181746528268,0.5518634205772768,-0.1906798368408568,0.9791938066482544,0.9998650550842284
109,1.817,22,RIGHT_THUMB,0.42971550850641194,0.5620298868133913,-0.14206989109516155,0.9331722855567932,0.9987232089042664
109,1.817,23,LEFT_HIP,0.5661975400788448,0.5586082906950093,0.014170404656657152,0.999417006969452,0.9994534850120544
109,1.817,24,RIGHT_HIP,0.49561005546933173,0.5588402918406901,-0.014105951502209585,0.999796986579895,0.9998262524604796
109,1.817,25,LEFT_KNEE,0.5571942187490923,0.6276377609797892,0.1289031881661643,0.973267138004303,0.9996882677078248
109,1.817,26,RIGHT_KNEE,0.49573632932844663,0.6297728107089093,-0.10606444236778083,0.9823085069656372,0.9998076558113098
109,1.817,27,LEFT_ANKLE,0.5470251100403927,0.6846893372989843,0.37167084217071567,0.9579827189445496,0.9974390268325806
109,1.817,28,RIGHT_ANKLE,0.49043610408192634,0.7063255877721883,-0.01879157221299548,0.9691024422645568,0.9965751767158508
109,1.817,29,LEFT_HEEL,0.5388828572772804,0.6929849698430022,0.3882984987327034,0.8277067542076111,0.9956511855125428
109,1.817,30,RIGHT_HEEL,0.4965667341436663,0.7145777486619502,-0.019299968982869262,0.8010686039924622,0.9921990036964417
109,1.817,31,LEFT_FOOT_INDEX,0.5595669434184125,0.7039209888094955,0.26959824562072776,0.943712055683136,0.9886434674263
109,1.817,32,RIGHT_FOOT_INDEX,0.4792962883199968,0.7265109675271177,-0.1873770022676106,0.9549979567527772,0.9664822816848756
110,1.834,0,NOSE,0.5331996821221856,0.41025616725285885,-0.2833821305206846,0.9999666213989258,0.9995707869529724
110,1.834,1,LEFT_EYE_INNER,0.5413434391929994,0.4037312283402401,-0.26259119099094774,0.9998711347579956,0.9983927607536316
110,1.834,2,LEFT_EYE,0.5451227426528935,0.4039720836139864,-0.26261446518557435,0.9998730421066284,0.9984773993492126
110,1.834,3,LEFT_EYE_OUTER,0.5485183114097237,0.4042399483067652,-0.2625397706315633,0.9998643398284912,0.9984489679336548
110,1.834,4,RIGHT_EYE_INNER,0.525641535009657,0.4036107091676625,-0.2643058122623536,0.9998714923858644,0.9983330368995668
110,1.834,5,RIGHT_EYE,0.5200106416429797,0.4037429434912549,-0.2643203437328341,0.999863624572754,0.9982936978340148
110,1.834,6,RIGHT_EYE_OUTER,0.5154641299020681,0.4038883617946083,-0.2644094129403435,0.9998514652252196,0.9982763528823853
110,1.834,7,LEFT_EAR,0.5550714560917451,0.40875640795344437,-0.13187564128921153,0.9996909499168396,0.9986300468444824
110,1.834,8,RIGHT_EAR,0.5094954825582962,0.40866220281237686,-0.14404517199311948,0.9996821284294128,0.9985604882240297
110,1.834,9,MOUTH_LEFT,0.5423896681694762,0.419247286660331,-0.23431343194984275,0.9999442100524902,0.9997767806053162
110,1.834,10,MOUTH_RIGHT,0.5239205559094753,0.41966326889537664,-0.23762136768727093,0.99994695186615,0.9997544884681702
110,1.834,11,LEFT_SHOULDER,0.5949732178733467,0.4547065354528885,-0.05961580964780986,0.999965250492096,0.9998677968978882
110,1.834,12,RIGHT_SHOULDER,0.47062805862653867,0.45478426132883387,-0.06660214226160735,0.9999346137046814,0.9999479055404664
110,1.834,13,LEFT_ELBOW,0.6146889045124968,0.5027817587057755,-0.029668952648838308,0.9878582954406738,0.9997377991676332
110,1.834,14,RIGHT_ELBOW,0.4393591057686583,0.5051785196576803,-0.021963817289187757,0.9736966490745544,0.999687671661377
110,1.834,15,LEFT_WRIST,0.6116543383825399,0.5464201314108716,-0.17443185973735098,0.9910070896148682,0.9998843669891356
110,1.834,16,RIGHT_WRIST,0.42470307719139855,0.5519412159919743,-0.12443540067899801,0.9583604335784912,0.9989203214645386
110,1.834,17,LEFT_PINKY,0.6097665258816316,0.5620306304522928,-0.21493567739214237,0.983142077922821,0.9997639060020448
110,1.834,18,RIGHT_PINKY,0.41768134349868447,0.5673553063755948,-0.15738613052027578,0.9348964095115662,0.9984403252601624
110,1.834,19,LEFT_INDEX,0.6014485444341393,0.559349343890236,-0.25261915510609056,0.983933925628662,0.9998040795326232
110,1.834,20,RIGHT_INDEX,0.42369390101659904,0.5671278039614365,-0.20300640094847922,0.9392197728157043,0.998494267463684
110,1.834,21,LEFT_THUMB,0.5988185121899565,0.5546628293536964,-0.19104448386601053,0.9787812232971193,0.9998619556427002
110,1.834,22,RIGHT_THUMB,0.4295698361737391,0.5636062849135631,-0.14471707741419484,0.9329259991645812,0.9989749193191528
110,1.834,23,LEFT_HIP,0.5661553399903438,0.5598578708512447,0.015754470867770053,0.999424934387207,0.9995310306549072
110,1.834,24,RIGHT_HIP,0.49552456395966715,0.5603093817120512,-0.015723969609964434,0.9998114109039308,0.9999150037765504
110,1.834,25,LEFT_KNEE,0.557277795814333,0.6284861110505608,0.14823295105071307,0.9729777574539183,0.999728500843048
110,1.834,26,RIGHT_KNEE,0.4956112617538093,0.6314357916514084,-0.10969851024094088,0.9830968379974364,0.9999010562896729
110,1.834,27,LEFT_ANKLE,0.5470567714600341,0.684736317112333,0.4223053441161205,0.9559783935546876,0.9981369972229004
110,1.834,28,RIGHT_ANKLE,0.49022900348617965,0.7080661086809075,-0.028538216714791596,0.9698941111564636,0.9979038238525392
110,1.834,29,LEFT_HEEL,0.5389061882382352,0.6925686597824103,0.4422445155325394,0.8241609334945679,0.9969826340675354
110,1.834,30,RIGHT_HEEL,0.49665964359328907,0.7162127125830884,-0.029934526393411754,0.7967521548271179,0.9947918057441713
110,1.834,31,LEFT_FOOT_INDEX,0.5590380515371055,0.7041969980512354,0.3240701925186886,0.9423275589942932,0.9929690957069396
110,1.834,32,RIGHT_FOOT_INDEX,0.4806050289244883,0.7292753259340929,-0.20308776128859762,0.9557267427444458,0.9755722284317015
111,1.85,0,NOSE,0.530479714983986,0.4107806810310912,-0.29346891528084185,0.9999651312828064,0.9993371367454528
111,1.85,1,LEFT_EYE_INNER,0.5387701193491623,0.4041952618530822,-0.2722836562565397,0.9998642802238464,0.9974048733711244
111,1.85,2,LEFT_EYE,0.5427587685130897,0.4044245155084705,-0.2723014085065753,0.9998652935028076,0.9974682331085204
111,1.85,3,LEFT_EYE_OUTER,0.5461390671275916,0.4046749117828554,-0.27221464826947195,0.9998539090156556,0.9973711967468262
111,1.85,4,RIGHT_EYE_INNER,0.5227457909356985,0.40410953050568027,-0.27384943195751754,0.9998689889907836,0.9975666999816896
111,1.85,5,RIGHT_EYE,0.517223281519754,0.4042401767912369,-0.27386427351406667,0.9998608827590942,0.9976119995117188
111,1.85,6,RIGHT_EYE_OUTER,0.5126471292404906,0.4043884575366977,-0.2739636685167043,0.999849498271942,0.9976890087127686
111,1.85,7,LEFT_EAR,0.5529733612423857,0.40919809965860315,-0.13794074739728662,0.9996678829193116,0.9975289702415466
111,1.85,8,RIGHT_EAR,0.5069239678837009,0.40907994764191796,-0.14958081075123386,0.999671757221222,0.998172402381897
111,1.85,9,MOUTH_LEFT,0.5400282343228663,0.4197632230463486,-0.24303008119265257,0.9999397993087769,0.9996293783187866
111,1.85,10,MOUTH_RIGHT,0.5214340970629743,0.4202609218302231,-0.2462477577584132,0.9999451637268066,0.9996494054794312
111,1.85,11,LEFT_SHOULDER,0.59357309909094,0.4552674776031861,-0.06173641252375785,0.9999604225158693,0.99971741437912
111,1.85,12,RIGHT_SHOULDER,0.4684752907071799,0.4555916644278031,-0.07095541308323546,0.9999380111694336,0.999945878982544
111,1.85,13,LEFT_ELBOW,0.613738358020783,0.5039872214907696,-0.029383934768182858,0.98715078830719,0.9994569420814514
111,1.85,14,RIGHT_ELBOW,0.4381318943841121,0.5064280231793726,-0.026714503853803542,0.9737768173217772,0.9996613264083862
111,1.85,15,LEFT_WRIST,0.6111607409658892,0.5486296670777462,-0.17569757501284294,0.9901835918426514,0.9997166991233826
111,1.85,16,RIGHT_WRIST,0.4243275210970927,0.5537803854261131,-0.12918780779554737,0.957642674446106,0.9988312125205994
111,1.85,17,LEFT_PINKY,0.6096739541916626,0.5645835825375154,-0.21622806858448773,0.981724202632904,0.9994887113571168
111,1.85,18,RIGHT_PINKY,0.41736553254581665,0.5691920149893993,-0.1622316936651867,0.933612823486328,0.9983112812042236
111,1.85,19,LEFT_INDEX,0.6012476739429298,0.5623605194545933,-0.25511502226193766,0.9825781583786012,0.999566614627838
111,1.85,20,RIGHT_INDEX,0.4234149739855816,0.5689515528224769,-0.2087675829728446,0.9382575154304504,0.9983612895011902
111,1.85,21,LEFT_THUMB,0.5984763332775667,0.5576412706148062,-0.19281963223502763,0.9770937561988832,0.999685287475586
111,1.85,22,RIGHT_THUMB,0.42939633982522185,0.5654613545962748,-0.14983777347065164,0.9318413138389589,0.9988827109336852
111,1.85,23,LEFT_HIP,0.5661132335662846,0.5609581555638999,0.0168147723500927,0.9994108080863952,0.9992961883544922
111,1.85,24,RIGHT_HIP,0.49528525556836855,0.5616417527198797,-0.016808132108833074,0.9998236894607544,0.9999184608459472
111,1.85,25,LEFT_KNEE,0.5572770067623688,0.6292467571440202,0.1625716058271273,0.9725388288497924,0.9995751976966858
111,1.85,26,RIGHT_KNEE,0.4955256850946522,0.6329443625041423,-0.11739085153454831,0.9836127161979676,0.9999066591262816
111,1.85,27,LEFT_ANKLE,0.5470190019834614,0.685088977927254,0.445642410289674,0.9526737332344056,0.9980520009994508
111,1.85,28,RIGHT_ANKLE,0.4901311922641032,0.7097058665184754,-0.04553630267314258,0.9702982306480408,0.9982130527496338
111,1.85,29,LEFT_HEEL,0.5388317675817585,0.6927576803025751,0.46618296702702877,0.8194697499275208,0.9970415234565736
111,1.85,30,RIGHT_HEEL,0.4969052970409398,0.7179327124641062,-0.0482919902840097,0.7943823337554932,0.9953525066375732
111,1.85,31,LEFT_FOOT_INDEX,0.5592504342397059,0.7044045981906716,0.3478064877646313,0.9398849606513976,0.993002951145172
111,1.85,32,RIGHT_FOOT_INDEX,0.48155529868035135,0.7314040746007653,-0.22521365540368232,0.9558733105659484,0.9758570790290833
112,1.867,0,NOSE,0.5278232551756363,0.4111492775735405,-0.30011685547374567,0.99996417760849,0.9994890689849854
112,1.867,1,LEFT_EYE_INNER,0.536165492875236,0.40454086519423016,-0.2786540644509454,0.9998601078987122,0.998139262199402
112,1.867,2,LEFT_EYE,0.5403091793968569,0.40475312726838286,-0.2786698256220139,0.9998611211776732,0.9982726573944092
112,1.867,3,LEFT_EYE_OUTER,0.5437731430644086,0.40497816886220694,-0.2785783112049105,0.9998483657836914,0.998281717300415
112,1.867,4,RIGHT_EYE_INNER,0.5199378870782403,0.404464701811473,-0.2800249329635077,0.9998664855957032,0.9979994893074036
112,1.867,5,RIGHT_EYE,0.5144864576203487,0.4045948343617579,-0.2800399760405225,0.999858260154724,0.9979472756385804
112,1.867,6,RIGHT_EYE_OUTER,0.5098722860926679,0.4047478678680605,-0.2801430267947063,0.9998466968536376,0.9979179501533508
112,1.867,7,LEFT_EAR,0.5508708301044651,0.40944807444300013,-0.14267983394009734,0.9996474385261536,0.99850594997406
112,1.867,8,RIGHT_EAR,0.5043561416012905,0.40929070682752733,-0.15337978232474567,0.9996591806411744,0.9982439279556274
112,1.867,9,MOUTH_LEFT,0.5376352582659045,0.42012365659078,-0.24911403797921697,0.9999366402626038,0.9997486472129822
112,1.867,10,MOUTH_RIGHT,0.5190466699146095,0.4206926609788626,-0.25212833427247566,0.9999437928199768,0.9997145533561708
112,1.867,11,LEFT_SHOULDER,0.5920543699037466,0.45568816576685267,-0.06382525126848904,0.9999598860740662,0.9998766183853148
112,1.867,12,RIGHT_SHOULDER,0.466134961162295,0.45622470833006395,-0.07412628758521311,0.9999414086341858,0.999948263168335
112,1.867,13,LEFT_ELBOW,0.6124945311319266,0.5049752905255277,-0.02846804411993138,0.9869316220283508,0.9997681975364684
112,1.867,14,RIGHT_ELBOW,0.4368623551868261,0.5075081189473474,-0.030357182735488483,0.974013328552246,0.9997003078460692
112,1.867,15,LEFT_WRIST,0.6109302185830622,0.5508363246917729,-0.17427778244018563,0.9901089072227478,0.9998958110809326
112,1.867,16,RIGHT_WRIST,0.4239851151193895,0.5555674405325032,-0.1328783950635366,0.9571260213851928,0.9989707469940186
112,1.867,17,LEFT_PINKY,0.6097803825423838,0.5670241883822855,-0.21431066024871118,0.98151957988739,0.9997828602790833
112,1.867,18,RIGHT_PINKY,0.41698161619050195,0.5710147505714784,-0.16591435812768496,0.932750642299652,0.9985575079917908
112,1.867,19,LEFT_INDEX,0.6012941967873352,0.565235540980385,-0.2544938318786169,0.9823896884918212,0.9998160004615784
112,1.867,20,RIGHT_INDEX,0.4231564984435131,0.5707679220608308,-0.21295948965208888,0.9376330375671388,0.99857497215271
112,1.867,21,LEFT_THUMB,0.5984585796083728,0.5606516145524529,-0.1918892973945256,0.9768330454826356,0.9998716115951538
112,1.867,22,RIGHT_THUMB,0.42921128443309275,0.5673455312138518,-0.1538172931898209,0.9310114979743958,0.9990342855453492
112,1.867,23,LEFT_HIP,0.5659927186511817,0.5619025883220496,0.016974148739661438,0.999422550201416,0.9995556473731996
112,1.867,24,RIGHT_HIP,0.4949102430116567,0.5628097766921639,-0.016970595167506288,0.9998361468315125,0.9999226331710817
112,1.867,25,LEFT_KNEE,0.557291536104112,0.629880328973135,0.16744267018068418,0.9719870686531068,0.999805748462677
112,1.867,26,RIGHT_KNEE,0.4953924162047254,0.6339768909272699,-0.11877450098594033,0.9842867255210876,0.9999324083328248
112,1.867,27,LEFT_ANKLE,0.5469762086868291,0.6856605240276887,0.4495634763013753,0.9515380263328552,0.9989383816719056
112,1.867,28,RIGHT_ANKLE,0.4901669479551774,0.7109103316352487,-0.04802472658810161,0.9711645245552064,0.998839557170868
112,1.867,29,LEFT_HEEL,0.538799073014941,0.6933780142239169,0.46994697054227236,0.8194288015365601,0.9983248114585876
112,1.867,30,RIGHT_HEEL,0.4972329111326313,0.7192160685857143,-0.05111263981754228,0.7931026816368103,0.9971223473548888
112,1.867,31,LEFT_FOOT_INDEX,0.5600267989294874,0.704495637189775,0.3521803333645778,0.9395564794540404,0.9961611032485962
112,1.867,32,RIGHT_FOOT_INDEX,0.4816417055470607,0.7327228273664208,-0.22823370993137376,0.95699942111969,0.9864488244056702
113,1.884,0,NOSE,0.5251449062710721,0.4113431147166664,-0.3040278142406829,0.999963879585266,0.9995086193084716
113,1.884,1,LEFT_EYE_INNER,0.5334068167777293,0.40473798059281885,-0.2824087398392816,0.9998574256896972,0.9981325268745422
113,1.884,2,LEFT_EYE,0.5377063353856409,0.40493807764280443,-0.28242523613430226,0.9998578429222108,0.9982149600982666
113,1.884,3,LEFT_EYE_OUTER,0.54114256870179,0.4051379930405393,-0.28233750093550936,0.9998437762260436,0.9981791973114014
113,1.884,4,RIGHT_EYE_INNER,0.5171556018647698,0.4046625949087601,-0.2837458181948891,0.9998663067817688,0.9981056451797484
113,1.884,5,RIGHT_EYE,0.5118223088128231,0.4047905206680301,-0.28375811094329495,0.9998576045036316,0.9980770349502563
113,1.884,6,RIGHT_EYE_OUTER,0.5072045099167601,0.40493621996470897,-0.2838561322007863,0.999846339225769,0.9980809688568116
113,1.884,7,LEFT_EAR,0.5484331761087695,0.40954444096201975,-0.14655700964587082,0.9996335506439208,0.9983338713645936
113,1.884,8,RIGHT_EAR,0.5018877727644788,0.40928651321501996,-0.1569265581312635,0.9996524453163148,0.9984132051467896
113,1.884,9,MOUTH_LEFT,0.5351396799087529,0.42032748744601334,-0.2531350212437768,0.9999341368675232,0.9997252821922302
113,1.884,10,MOUTH_RIGHT,0.5167410203388765,0.4209267738319582,-0.25610890416871956,0.9999428391456604,0.9997058510780334
113,1.884,11,LEFT_SHOULDER,0.5904710690180466,0.4559220487163184,-0.06475864155661495,0.9999579191207886,0.9998400211334229
113,1.884,12,RIGHT_SHOULDER,0.4638531165463588,0.45667255918184957,-0.07785014063119891,0.999944269657135,0.9999430179595948
113,1.884,13,LEFT_ELBOW,0.6111842734473097,0.5059680541356409,-0.026168089359998682,0.9869518280029296,0.9996846914291382
113,1.884,14,RIGHT_ELBOW,0.43580146062941816,0.5084141010329841,-0.03553143152523605,0.9737131595611572,0.999642848968506
113,1.884,15,LEFT_WRIST,0.610875390824818,0.5529161947114132,-0.1700858168658757,0.9900967478752136,0.9998422861099244
113,1.884,16,RIGHT_WRIST,0.4237932818276545,0.5571212172508244,-0.13832426213082824,0.956021010875702,0.9988151788711548
113,1.884,17,LEFT_PINKY,0.6100822942597531,0.5691383821623671,-0.2090878578878586,0.9813497066497804,0.9996577501296996
113,1.884,18,RIGHT_PINKY,0.4166151498045244,0.5726450028873631,-0.17152036726474773,0.9309527277946472,0.9982888102531432
113,1.884,19,LEFT_INDEX,0.6014324057669872,0.5677239923250113,-0.25034947906221683,0.9822210669517516,0.9997153878211976
113,1.884,20,RIGHT_INDEX,0.42307226998465436,0.5723955915087751,-0.21820793194430232,0.936055064201355,0.998350977897644
113,1.884,21,LEFT_THUMB,0.5985427243368971,0.5634245758964908,-0.18809631395907644,0.9766491651535034,0.9998062252998352
113,1.884,22,RIGHT_THUMB,0.42913396727471165,0.5690379142761236,-0.15916698390529282,0.9292577505111694,0.998884379863739
113,1.884,23,LEFT_HIP,0.5658013565199721,0.5625051118078691,0.01746668161026064,0.999417006969452,0.999427318572998
113,1.884,24,RIGHT_HIP,0.49427509449777196,0.5634052639915834,-0.01747008892042294,0.9998461604118348,0.9999194145202636
113,1.884,25,LEFT_KNEE,0.5572829331670494,0.6303033090773089,0.1663559675216676,0.9715071320533752,0.9997177720069884
113,1.884,26,RIGHT_KNEE,0.49523997590655416,0.634445468584697,-0.12007945634069903,0.9849141240119934,0.999932050704956
113,1.884,27,LEFT_ANKLE,0.5469267623765133,0.6860470147359945,0.4556503381047934,0.950883448123932,0.9987062215805054
113,1.884,28,RIGHT_ANKLE,0.49016989412761913,0.7117795603615904,-0.04434511030004136,0.9721954464912416,0.998815894126892
113,1.884,29,LEFT_HEEL,0.5387357984270373,0.6938536053612125,0.47693431945074216,0.8203417062759399,0.997930645942688
113,1.884,30,RIGHT_HEEL,0.49743199490365575,0.7196495277541031,-0.0467956474139577,0.7956112623214722,0.9967936873435974
113,1.884,31,LEFT_FOOT_INDEX,0.5608926188378112,0.7044845308576317,0.36049757684980155,0.939474880695343,0.9946734309196472
113,1.884,32,RIGHT_FOOT_INDEX,0.48208922005835075,0.7337281476883668,-0.223498807066963,0.9582588076591492,0.9830976128578186
114,1.9,0,NOSE,0.5225716204870319,0.41144135168620555,-0.30811606560434646,0.9999628067016602,0.9993016719818116
114,1.9,1,LEFT_EYE_INNER,0.5307000818706699,0.4048255298818864,-0.2863758518582301,0.9998510479927064,0.99737286567688
114,1.9,2,LEFT_EYE,0.5351200132142935,0.40501311989057664,-0.2863921281837284,0.9998510479927064,0.9975342750549316
114,1.9,3,LEFT_EYE_OUTER,0.5384853539012733,0.40519086377961333,-0.2863057780833474,0.9998352527618408,0.9975255131721495
114,1.9,4,RIGHT_EYE_INNER,0.514500220616659,0.40475309604690224,-0.28765787680943833,0.999862015247345,0.9972654581069946
114,1.9,5,RIGHT_EYE,0.5092737589563647,0.4048850153173723,-0.28766708146958153,0.9998525381088256,0.997223973274231
114,1.9,6,RIGHT_EYE_OUTER,0.5046465084666303,0.4050266671748392,-0.28776448539325195,0.9998408555984496,0.9972149133682252
114,1.9,7,LEFT_EAR,0.5458614258539114,0.4095143037182948,-0.15016508102417003,0.999611496925354,0.9977667331695556
114,1.9,8,RIGHT_EAR,0.4994966345173976,0.40919759301912256,-0.16032940929844278,0.9996289014816284,0.997654676437378
114,1.9,9,MOUTH_LEFT,0.5326248776345031,0.4204052899565019,-0.257058056337493,0.9999302625656128,0.9996174573898317
114,1.9,10,MOUTH_RIGHT,0.5145242838632498,0.4210488597551985,-0.2599709857077828,0.9999399185180664,0.9995670914649964
114,1.9,11,LEFT_SHOULDER,0.5890695083708996,0.4559571118581866,-0.06574775101173494,0.9999558329582214,0.9997921586036682
114,1.9,12,RIGHT_SHOULDER,0.461754923775083,0.4568704040277576,-0.08196989943583809,0.9999458193778992,0.999919295310974
114,1.9,13,LEFT_ELBOW,0.6098719466300243,0.506814953826723,-0.024076331761621265,0.9869966506958008,0.99962055683136
114,1.9,14,RIGHT_ELBOW,0.4348211260068988,0.5090268509728573,-0.04205780893209435,0.973212480545044,0.999576985836029
114,1.9,15,LEFT_WRIST,0.6108812405949553,0.5549549176579435,-0.16431669536091043,0.9901238083839417,0.9998200535774232
114,1.9,16,RIGHT_WRIST,0.42373574489638954,0.5582089282217485,-0.14534340089275735,0.9550447463989258,0.9987175464630128
114,1.9,17,LEFT_PINKY,0.6107443968455002,0.5710809770084568,-0.20198831387928567,0.9813204407691956,0.999619960784912
114,1.9,18,RIGHT_PINKY,0.4163163517202653,0.573928038279216,-0.17846288851329273,0.929408073425293,0.99819153547287
114,1.9,19,LEFT_INDEX,0.6017499055181237,0.5699802693866554,-0.24458963175614695,0.9821978211402892,0.9996755123138428
114,1.9,20,RIGHT_INDEX,0.4230956931908929,0.5736705405371535,-0.22480021630014707,0.9348570108413696,0.9982245564460754
114,1.9,21,LEFT_THUMB,0.5986884747232715,0.5660336698804588,-0.18274857529572097,0.9766422510147096,0.999777615070343
114,1.9,22,RIGHT_THUMB,0.4291629975750337,0.5703420326823285,-0.16591327601955064,0.9279893636703492,0.998784363269806
114,1.9,23,LEFT_HIP,0.5654698638688955,0.5629946930067885,0.018194775673605106,0.9994154572486876,0.999382495880127
114,1.9,24,RIGHT_HIP,0.4933838163103381,0.5638708330336076,-0.018213127961470964,0.9998551607131958,0.9999116659164428
114,1.9,25,LEFT_KNEE,0.5572643592244109,0.6305701448803862,0.16659485158466167,0.971315860748291,0.9996341466903688
114,1.9,26,RIGHT_KNEE,0.4950249961444314,0.6347515696570992,-0.12141590991190507,0.9852518439292908,0.999902606010437
114,1.9,27,LEFT_ANKLE,0.5469013793127881,0.686128613494692,0.4680895918891548,0.9482274651527404,0.9982403516769408
114,1.9,28,RIGHT_ANKLE,0.49012216216041976,0.7123609100069325,-0.04507686676723613,0.9723573327064514,0.9983046054840088
114,1.9,29,LEFT_HEEL,0.5387235000019986,0.6942690270287657,0.490692482108162,0.81757652759552,0.9973892569541932
114,1.9,30,RIGHT_HEEL,0.4975715052513854,0.7198524673779811,-0.047476022105131827,0.7941367030143738,0.9956693649291992
114,1.9,31,LEFT_FOOT_INDEX,0.5615674455960598,0.7045650028047113,0.37575527316048063,0.93763929605484,0.9939746260643004
114,1.9,32,RIGHT_FOOT_INDEX,0.48252221658116334,0.7346311836015618,-0.22590208763167988,0.9582562446594238,0.9774866700172424
115,1.917,0,NOSE,0.520292929240636,0.4114725901967007,-0.3204258864834198,0.9999626278877258,0.9995155334472656
115,1.917,1,LEFT_EYE_INNER,0.5282989314624247,0.4048132286185313,-0.2987963103112723,0.9998486042022704,0.9981259703636168
115,1.917,2,LEFT_EYE,0.5328197990145007,0.4050000054495678,-0.29880767493020943,0.9998480677604676,0.998238444328308
115,1.917,3,LEFT_EYE_OUTER,0.5360009925706051,0.4051723622140434,-0.2987197467259001,0.999830424785614,0.9982256293296814
115,1.917,4,RIGHT_EYE_INNER,0.5120884293601631,0.40474061738877104,-0.30018049478530906,0.999860942363739,0.998076558113098
115,1.917,5,RIGHT_EYE,0.5069550332568945,0.40487356838725896,-0.3001826802889509,0.999851644039154,0.998057186603546
115,1.917,6,RIGHT_EYE_OUTER,0.5022805148646949,0.4050155721959617,-0.30028218314761235,0.9998398423194884,0.998054265975952
115,1.917,7,LEFT_EAR,0.5433716405005686,0.409484038750331,-0.16091489011333113,0.9995952248573304,0.9983599781990052
115,1.917,8,RIGHT_EAR,0.4973264322394421,0.40908908418246714,-0.17201270517848796,0.999618411064148,0.9984207153320312
115,1.917,9,MOUTH_LEFT,0.5302880803744003,0.42040535381862126,-0.2685117778323948,0.9999285936355592,0.99972265958786
115,1.917,10,MOUTH_RIGHT,0.5124522220520751,0.421091654470989,-0.2716252832185657,0.9999395608901978,0.9996994733810424
115,1.917,11,LEFT_SHOULDER,0.5875379783766616,0.4558927331651964,-0.07060223533993676,0.9999557733535768,0.9998635053634644
115,1.917,12,RIGHT_SHOULDER,0.45972555591946596,0.45696294591540415,-0.09033320915131345,0.9999487400054932,0.9999520778656006
115,1.917,13,LEFT_ELBOW,0.6086859305699672,0.5072750903311234,-0.024033445332731492,0.9871295094490052,0.999762237071991
115,1.917,14,RIGHT_ELBOW,0.4339127881186352,0.5093766081900828,-0.04944108142739253,0.973563551902771,0.999731719493866
115,1.917,15,LEFT_WRIST,0.6108524487132123,0.5564527568363014,-0.15949463276636044,0.9902165532112122,0.9998623132705688
115,1.917,16,RIGHT_WRIST,0.4237288960388732,0.5588463658378243,-0.15235061517783588,0.9553257822990416,0.9992085099220276
115,1.917,17,LEFT_PINKY,0.6117719496999474,0.572436616534279,-0.19569211772509992,0.9813982248306274,0.999703586101532
115,1.917,18,RIGHT_PINKY,0.4161741194270909,0.5748148532140829,-0.18555384164764782,0.9294823408126832,0.9988815188407898
115,1.917,19,LEFT_INDEX,0.6025007452283593,0.5716145152137398,-0.23961625425588537,0.982283651828766,0.9997389912605286
115,1.917,20,RIGHT_INDEX,0.4232274194558465,0.5745381315549221,-0.23168465424151663,0.935133457183838,0.9988881945610046
115,1.917,21,LEFT_THUMB,0.5990886376017621,0.5679338829857967,-0.1782861415828979,0.9767826199531556,0.9998216032981871
115,1.917,22,RIGHT_THUMB,0.42927468532607704,0.5712076567468194,-0.17274528741836565,0.928092360496521,0.999243140220642
115,1.917,23,LEFT_HIP,0.5648826956748968,0.5634724895159409,0.017871892168408322,0.9994328022003174,0.9996035695075988
115,1.917,24,RIGHT_HIP,0.4922217783473791,0.5643020272254949,-0.017900386026927416,0.999865472316742,0.9999406337738036
115,1.917,25,LEFT_KNEE,0.5571552117665615,0.6306511050178897,0.16932935019334167,0.9711377024650574,0.9997506737709044
115,1.917,26,RIGHT_KNEE,0.4946283726465139,0.6353396574656174,-0.11838355802354364,0.9858287572860718,0.9999284744262696
115,1.917,27,LEFT_ANKLE,0.5468580949874157,0.6854590092386524,0.49453386380558967,0.945025622844696,0.9986384510993958
115,1.917,28,RIGHT_ANKLE,0.49007177210989494,0.7127680920419245,-0.037474006458762116,0.9728896021842957,0.9986485838890076
115,1.917,29,LEFT_HEEL,0.5387208830742614,0.6932991743087775,0.5198440267926175,0.8140592575073242,0.9980255365371704
115,1.917,30,RIGHT_HEEL,0.4977622755936218,0.7202781921341312,-0.03927347427677542,0.7932301163673401,0.9966527819633484
115,1.917,31,LEFT_FOOT_INDEX,0.5616956835701357,0.7045370964776909,0.40752921217963844,0.9357357621192932,0.9957793951034546
115,1.917,32,RIGHT_FOOT_INDEX,0.4826883943307971,0.7353667588461019,-0.21495078646001375,0.958976149559021,0.9822715520858764
116,1.934,0,NOSE,0.5185390199933738,0.4114940464496616,-0.3320289225805376,0.9999619126319884,0.9993966817855836
116,1.934,1,LEFT_EYE_INNER,0.5264606560979576,0.4047881506738212,-0.3104434027558284,0.9998422861099244,0.9976930022239684
116,1.934,2,LEFT_EYE,0.5309740787460695,0.404972198463622,-0.31044986276399555,0.9998412132263184,0.9978067278862
116,1.934,3,LEFT_EYE_OUTER,0.5340539444060557,0.4051410711946945,-0.3103607665924802,0.9998204708099364,0.9977917671203612
116,1.934,4,RIGHT_EYE_INNER,0.5101626657304315,0.40472529899506376,-0.31206242243448923,0.9998570084571838,0.99769788980484
116,1.934,5,RIGHT_EYE,0.5050163978622078,0.4048585693041487,-0.3120572907584057,0.999847173690796,0.9976825714111328
116,1.934,6,RIGHT_EYE_OUTER,0.5003114442030593,0.4049996449833828,-0.3121600860641119,0.9998340606689452,0.9977036118507384
116,1.934,7,LEFT_EAR,0.5413576052302411,0.40944166268621207,-0.17051056524117797,0.9995717406272888,0.997885525226593
116,1.934,8,RIGHT_EAR,0.49528249530565216,0.40902894025757236,-0.18305653759411417,0.9995941519737244,0.9981050491333008
116,1.934,9,MOUTH_LEFT,0.5284276207288111,0.4203883196626394,-0.2790280481179558,0.9999246001243592,0.9996346235275269
116,1.934,10,MOUTH_RIGHT,0.5107628561201554,0.42111834174110807,-0.2825072790895192,0.9999364614486694,0.9996091723442078
116,1.934,11,LEFT_SHOULDER,0.5861991445223496,0.45583372456686877,-0.0753626816329502,0.9999533295631408,0.9997983574867249
116,1.934,12,RIGHT_SHOULDER,0.4576381799720587,0.45686107873916665,-0.09796825867323654,0.9999501705169678,0.9999384880065918
116,1.934,13,LEFT_ELBOW,0.6077169435364865,0.5074597398440048,-0.02242914427603991,0.9874087572097778,0.999682068824768
116,1.934,14,RIGHT_ELBOW,0.4330594908623472,0.5094775529134845,-0.05430234099427861,0.9732409715652466,0.9997020363807678
116,1.934,15,LEFT_WRIST,0.610959200632005,0.5572313070297246,-0.15283324533984782,0.990321159362793,0.9998039603233336
116,1.934,16,RIGHT_WRIST,0.42371946715173303,0.5590801749910632,-0.15635611187844062,0.955002784729004,0.9991331696510316
116,1.934,17,LEFT_PINKY,0.6131607095400498,0.5732637246449794,-0.1877336693661555,0.9814340472221376,0.9995912909507751
116,1.934,18,RIGHT_PINKY,0.4161133950664887,0.5753667780331209,-0.18972403449671624,0.9285291433334352,0.9987831711769104
116,1.934,19,LEFT_INDEX,0.6037739146323438,0.5726005179541457,-0.23343009324300876,0.9823517203330994,0.9996379613876344
116,1.934,20,RIGHT_INDEX,0.42323266182627034,0.5750616192817694,-0.2362470910662698,0.9345830082893372,0.9987884163856506
116,1.934,21,LEFT_THUMB,0.5998000729651684,0.5690476014500577,-0.17223259877590918,0.9768874049186708,0.9997532963752748
116,1.934,22,RIGHT_THUMB,0.4293276852085481,0.5716273444039486,-0.17683709590207974,0.9273251891136168,0.9991675615310668
116,1.934,23,LEFT_HIP,0.5641386310259506,0.5640557635398143,0.018096748916875724,0.9994416832923888,0.9995429515838624
116,1.934,24,RIGHT_HIP,0.4909819662570958,0.5649456608863109,-0.01812652347698098,0.9998745322227478,0.999948024749756
116,1.934,25,LEFT_KNEE,0.5572083223433727,0.6305861274401352,0.17955228757290626,0.9716354608535768,0.9996906518936156
116,1.934,26,RIGHT_KNEE,0.4940884425526578,0.6362283286594215,-0.10700280698282383,0.9863831996917723,0.999935746192932
116,1.934,27,LEFT_ANKLE,0.5469165756588895,0.6837715478170492,0.5332012446153737,0.9439034461975098,0.999019742012024
116,1.934,28,RIGHT_ANKLE,0.48999518865630787,0.712985501402901,-0.012037812776508778,0.9738566875457764,0.9991851449012756
116,1.934,29,LEFT_HEEL,0.5389373728207185,0.6908794584728428,0.5617851813634241,0.8154994249343872,0.9986177682876588
116,1.934,30,RIGHT_HEEL,0.4978781768253876,0.7205328714279908,-0.012145338757407113,0.7971058487892151,0.99788635969162
116,1.934,31,LEFT_FOOT_INDEX,0.5611740719704406,0.7044459496225637,0.45112457303773834,0.9359248280525208,0.997032880783081
116,1.934,32,RIGHT_FOOT_INDEX,0.4829557069710327,0.7358761770384659,-0.1858742975053334,0.9602400064468384,0.9877822995185852
117,1.95,0,NOSE,0.5172136624654139,0.41144262892859357,-0.3442721948737193,0.9999628663063048,0.9996358156204224
117,1.95,1,LEFT_EYE_INNER,0.525065972691491,0.4047229616414937,-0.3228580355644229,0.9998438358306884,0.9985663294792176
117,1.95,2,LEFT_EYE,0.5294935476212279,0.40489634019987963,-0.3228573458535333,0.9998422861099244,0.998641550540924
117,1.95,3,LEFT_EYE_OUTER,0.5325931253887364,0.40505545621826566,-0.3227677983897076,0.999820351600647,0.9986271858215332
117,1.95,4,RIGHT_EYE_INNER,0.508763310455141,0.40466106363705256,-0.32480730471156927,0.9998584389686584,0.9985066056251526
117,1.95,5,RIGHT_EYE,0.5035288844789783,0.4047928963388719,-0.3247971094789962,0.9998485445976256,0.9984617233276368
117,1.95,6,RIGHT_EYE_OUTER,0.49880434927486283,0.4049318773405896,-0.32489916398411733,0.9998345971107484,0.9984127283096312
117,1.95,7,LEFT_EAR,0.5397734131131858,0.40925342979885315,-0.18126008766038088,0.999571681022644,0.9986101388931274
117,1.95,8,RIGHT_EAR,0.4934809236299428,0.408863172644661,-0.19570688832373856,0.9995864629745485,0.9985332489013672
117,1.95,9,MOUTH_LEFT,0.5270110368728642,0.42031901081403134,-0.29032022896267146,0.9999248385429382,0.9997474551200868
117,1.95,10,MOUTH_RIGHT,0.5094333234287448,0.4210858657246548,-0.2943073298249928,0.999936580657959,0.9997202754020692
117,1.95,11,LEFT_SHOULDER,0.5848879870914283,0.45568286946841685,-0.08250901067540761,0.9999538660049438,0.9998739957809448
117,1.95,12,RIGHT_SHOULDER,0.4556017546426686,0.4566732048988346,-0.10678938492423018,0.9999520778656006,0.99994695186615
117,1.95,13,LEFT_ELBOW,0.6070390003068112,0.5073393271082929,-0.01988863235428217,0.9877999424934388,0.99981290102005
117,1.95,14,RIGHT_ELBOW,0.43222362370718137,0.5094266533851628,-0.059895426389716934,0.9732784032821656,0.9997865557670592
117,1.95,15,LEFT_WRIST,0.6113121651467829,0.5572777220181061,-0.1475125551223756,0.990596354007721,0.9998852014541626
117,1.95,16,RIGHT_WRIST,0.4237340220383239,0.5590445058686397,-0.16119850249517542,0.9555422067642212,0.9993964433670044
117,1.95,17,LEFT_PINKY,0.6148459712664291,0.5735368615105044,-0.18133583806809936,0.981791079044342,0.9997513890266418
117,1.95,18,RIGHT_PINKY,0.41612221939223193,0.5757607477051877,-0.19485403384481173,0.9290121793746948,0.9991377592086792
117,1.95,19,LEFT_INDEX,0.6056513899848581,0.5730283600943434,-0.22787538525604084,0.9827198386192322,0.9997735619544984
117,1.95,20,RIGHT_INDEX,0.42335458170800017,0.5754013771102547,-0.24146547345888067,0.9352906942367554,0.9991231560707092
117,1.95,21,LEFT_THUMB,0.6010524062883291,0.5694626626514259,-0.16713925344603411,0.977386474609375,0.9998478889465332
117,1.95,22,RIGHT_THUMB,0.42941773647353804,0.5717543590636486,-0.1816875423703876,0.9279819130897522,0.9993985891342164
117,1.95,23,LEFT_HIP,0.5633775790532436,0.5645666264352349,0.0180812190242466,0.9994664192199708,0.9997113347053528
117,1.95,24,RIGHT_HIP,0.48977430519603593,0.5656060462906252,-0.01811211755765335,0.9998837113380432,0.9999593496322632
117,1.95,25,LEFT_KNEE,0.5574337300800147,0.6304696145511814,0.1878316934619632,0.9723732471466064,0.9998032450675964
117,1.95,26,RIGHT_KNEE,0.4933266256536761,0.6372406567846032,-0.09051797734129999,0.9869092106819152,0.9999440908432008
117,1.95,27,LEFT_ANKLE,0.5472783843676254,0.6817908287048347,0.5559985325449994,0.9428753852844238,0.999184548854828
117,1.95,28,RIGHT_ANKLE,0.4899116286209656,0.7133586463474098,0.021051454535197647,0.9746754169464112,0.9992786049842834
117,1.95,29,LEFT_HEEL,0.5396605474608289,0.6877787595703495,0.5862867917333336,0.8160492181777954,0.9988829493522644
117,1.95,30,RIGHT_HEEL,0.49797221734410285,0.721008221308391,0.022756137219922888,0.800567626953125,0.9982653260231018
117,1.95,31,LEFT_FOOT_INDEX,0.5610091941697262,0.7043408751487739,0.4756965069543752,0.9361924529075624,0.9975556135177612
117,1.95,32,RIGHT_FOOT_INDEX,0.4823612159206758,0.7365758958316991,-0.14924833209564298,0.9613020420074464,0.9897218346595764
118,1.967,0,NOSE,0.5162380848612109,0.411399724937621,-0.35600278491065646,0.9999637603759766,0.999516487121582
118,1.967,1,LEFT_EYE_INNER,0.5240770918982374,0.4046210689204084,-0.33490362763404874,0.9998446702957152,0.9980546236038208
118,1.967,2,LEFT_EYE,0.5283276410329913,0.40477345245225127,-0.334900083996001,0.9998420476913452,0.9980890154838562
118,1.967,3,LEFT_EYE_OUTER,0.5316568215688074,0.4049144529161002,-0.33481608969824683,0.9998186826705932,0.998020887374878
118,1.967,4,RIGHT_EYE_INNER,0.5078198029881437,0.40457901784351924,-0.3368051350116733,0.9998598694801332,0.998184859752655
118,1.967,5,RIGHT_EYE,0.502400860899971,0.40471524142083704,-0.336790713525954,0.9998499751091005,0.9981960654258728
118,1.967,6,RIGHT_EYE_OUTER,0.4976644161201663,0.40485992460023823,-0.336885342995326,0.9998360872268676,0.9982132911682128
118,1.967,7,LEFT_EAR,0.5387550422123506,0.40894762958799125,-0.19199757419881378,0.9995698928833008,0.9979640245437622
118,1.967,8,RIGHT_EAR,0.491943995157878,0.4086639583110813,-0.2063684910535814,0.9995831847190856,0.9984765648841858
118,1.967,9,MOUTH_LEFT,0.5259449141366146,0.4202525431201575,-0.30119269660541015,0.9999250769615172,0.999667763710022
118,1.967,10,MOUTH_RIGHT,0.5083141412053794,0.42105566319965226,-0.30514668283008417,0.999936819076538,0.999675154685974
118,1.967,11,LEFT_SHOULDER,0.5836027094296052,0.4554659681660792,-0.09284936210938866,0.9999538660049438,0.999811351299286
118,1.967,12,RIGHT_SHOULDER,0.45376508008866123,0.4565778474013015,-0.11141776364474076,0.9999540448188782,0.9999496936798096
118,1.967,13,LEFT_ELBOW,0.6065818837710795,0.5070619725045709,-0.019849955680824424,0.9878664016723632,0.99969744682312
118,1.967,14,RIGHT_ELBOW,0.43124053307942023,0.5092536608378098,-0.060816606240613136,0.9735103249549866,0.9997768998146056
118,1.967,15,LEFT_WRIST,0.6121784420240499,0.5570718844731654,-0.14518187585331152,0.9905879497528076,0.999824583530426
118,1.967,16,RIGHT_WRIST,0.42371614348320763,0.5587935589608697,-0.1617632174775715,0.9564821720123292,0.9994773268699646
118,1.967,17,LEFT_PINKY,0.6170024644760864,0.5736263451122108,-0.17843099364212592,0.9817708730697632,0.9996402263641356
118,1.967,18,RIGHT_PINKY,0.4161373291696825,0.5758603499049237,-0.19564366340637224,0.9301904439926147,0.9992213249206544
118,1.967,19,LEFT_INDEX,0.6082277156057818,0.5731833236558102,-0.22654002479144525,0.9827096462249756,0.9996672868728638
118,1.967,20,RIGHT_INDEX,0.4238068589142394,0.5754063867387322,-0.24239352842172007,0.9365397095680236,0.9992094039916992
118,1.967,21,LEFT_THUMB,0.6031187886283517,0.569635050637382,-0.16529790063699096,0.9774487614631652,0.9997736811637878
118,1.967,22,RIGHT_THUMB,0.4296848532699407,0.5714400211970017,-0.1823292204311917,0.9292921423912048,0.999464213848114
118,1.967,23,LEFT_HIP,0.5626353082202734,0.5650845907983331,0.015667477689151194,0.9994914531707764,0.9997252821922302
118,1.967,24,RIGHT_HIP,0.48870570177123707,0.5663652987707234,-0.015697715959201223,0.9998919367790222,0.999964475631714
118,1.967,25,LEFT_KNEE,0.5581550569761372,0.6303069421223237,0.18755762491907407,0.9734544157981871,0.9998062252998352
118,1.967,26,RIGHT_KNEE,0.4924728572368627,0.6382771787189307,-0.06369288168137982,0.9874498844146729,0.9999468326568604
118,1.967,27,LEFT_ANKLE,0.5479041792097551,0.6790861884752916,0.5727201104164128,0.9435116052627563,0.9992815852165222
118,1.967,28,RIGHT_ANKLE,0.48990393110684033,0.7139176896640239,0.07032881854545503,0.9756466150283812,0.9994227886199952
118,1.967,29,LEFT_HEEL,0.5408024106706897,0.6835010420708436,0.6052021072024396,0.8182786703109741,0.9990369081497192
118,1.967,30,RIGHT_HEEL,0.49820823470751485,0.7217951587268291,0.0743873992136547,0.8062038421630859,0.998625636100769
118,1.967,31,LEFT_FOOT_INDEX,0.5608375952357343,0.7043004263015027,0.4957218368848169,0.937765657901764,0.9976420998573304
118,1.967,32,RIGHT_FOOT_INDEX,0.48005113857133086,0.73737767196837,-0.09554381125296157,0.9624655842781068,0.9905632734298706
119,1.984,0,NOSE,0.5151359978176304,0.41137008156095267,-0.3705585315113979,0.9999646544456482,0.9996397495269777
119,1.984,1,LEFT_EYE_INNER,0.5230103787921728,0.40442330354736,-0.3500462543396726,0.9998455047607422,0.9985734224319458
119,1.984,2,LEFT_EYE,0.5271151491573884,0.40454375176202717,-0.3500369460809801,0.9998414516448976,0.9985893368721008
119,1.984,3,LEFT_EYE_OUTER,0.5306596528916137,0.40466249272936894,-0.3499557886804856,0.99981689453125,0.9985264539718628
119,1.984,4,RIGHT_EYE_INNER,0.5068421817961198,0.40443701971144935,-0.35141435123625286,0.9998612999916076,0.9986743927001952
119,1.984,5,RIGHT_EYE,0.5012613322053642,0.40458652093297,-0.35140063081468886,0.9998512268066406,0.9986633062362672
119,1.984,6,RIGHT_EYE_OUTER,0.49658382932345113,0.4047520260016127,-0.35148811766079524,0.9998378157615662,0.9986534118652344
119,1.984,7,LEFT_EAR,0.5377746479851864,0.40849223307200877,-0.2058900587615514,0.9995711445808412,0.9984710812568665
119,1.984,8,RIGHT_EAR,0.49059746237028257,0.40838492200488175,-0.2177413027910961,0.9995779395103456,0.99879252910614
119,1.984,9,MOUTH_LEFT,0.5248427873566042,0.4201850947879613,-0.31485172538530287,0.9999255537986756,0.9997227787971495
119,1.984,10,MOUTH_RIGHT,0.5071157302175253,0.42105206989106714,-0.3180815818763918,0.9999374151229858,0.9997314810752868
119,1.984,11,LEFT_SHOULDER,0.5826493019149421,0.4551261649245312,-0.10505865514278415,0.9999539852142334,0.9998503923416138
119,1.984,12,RIGHT_SHOULDER,0.4525210559368137,0.4563746438139965,-0.11662054948863536,0.9999552965164183,0.9999499320983888
119,1.984,13,LEFT_ELBOW,0.6063171596754171,0.5067539896283836,-0.023608956308591895,0.988178014755249,0.9997571110725404
119,1.984,14,RIGHT_ELBOW,0.4303019940853123,0.5089460043680105,-0.06264717610819001,0.9735512733459472,0.9997820258140564
119,1.984,15,LEFT_WRIST,0.6133335686865313,0.5565740948631654,-0.1501737960747311,0.9907483458518982,0.999836802482605
119,1.984,16,RIGHT_WRIST,0.423811780554908,0.5583007505961832,-0.16568335039275042,0.957228183746338,0.9994786381721495
119,1.984,17,LEFT_PINKY,0.6193404453141353,0.5733268686703279,-0.18397005824815674,0.9819471836090088,0.999646544456482
119,1.984,18,RIGHT_PINKY,0.4164869331178215,0.575693567593893,-0.200934368939627,0.931044578552246,0.9992172718048096
119,1.984,19,LEFT_INDEX,0.6110255434399565,0.5729298364548461,-0.23437118317399724,0.9828875064849854,0.999675989151001
119,1.984,20,RIGHT_INDEX,0.4246875175407958,0.5751052243368971,-0.24737244631562938,0.9374480843544006,0.999220848083496
119,1.984,21,LEFT_THUMB,0.605526223069146,0.5693430361293617,-0.17126202796186732,0.9777448773384094,0.999783456325531
119,1.984,22,RIGHT_THUMB,0.43033057167416566,0.5707551184154698,-0.1862028113433294,0.9301263689994812,0.9994658827781676
119,1.984,23,LEFT_HIP,0.5620226973579049,0.565333553722927,0.012738691775926474,0.9995133280754088,0.9997602105140686
119,1.984,24,RIGHT_HIP,0.4877284296921326,0.5668467368398399,-0.012782353131721363,0.9998989105224608,0.9999663829803468
119,1.984,25,LEFT_KNEE,0.5594139269420084,0.630138434114911,0.1884457539944423,0.9743603467941284,0.9997873902320862
119,1.984,26,RIGHT_KNEE,0.49165347786176816,0.639154405820938,-0.03913740370799562,0.9878938794136048,0.9999440908432008
119,1.984,27,LEFT_ANKLE,0.5488494946843107,0.6763486124220355,0.5969568831580031,0.9423654675483704,0.9993053674697876
119,1.984,28,RIGHT_ANKLE,0.48993088801701906,0.7145713028453652,0.11790154621537247,0.9765767455101012,0.9994742274284364
119,1.984,29,LEFT_HEEL,0.5424719538007469,0.6793827329363149,0.6321201239313403,0.8141785860061646,0.9990980625152588
119,1.984,30,RIGHT_HEEL,0.49843724001021655,0.7225031285058892,0.12449206385229324,0.8121474385261536,0.9987427592277528
119,1.984,31,LEFT_FOOT_INDEX,0.5606574614842739,0.7042681915419449,0.5224447747071589,0.9379366040229796,0.9979169964790344
119,1.984,32,RIGHT_FOOT_INDEX,0.47739495833714846,0.73823649826504,-0.04665357180471931,0.963696539402008,0.9916204214096068
120,2.0,0,NOSE,0.5141034977776668,0.4112333045119335,-0.3851216236750288,0.9999659061431884,0.9997519850730896
120,2.0,1,LEFT_EYE_INNER,0.5220136642456059,0.4039877355098729,-0.3648613379115153,0.9998483061790466,0.9990701079368592
120,2.0,2,LEFT_EYE,0.5260239328656883,0.4040698778061643,-0.3648519629523871,0.9998435974121094,0.9990693926811218
120,2.0,3,LEFT_EYE_OUTER,0.5297070429438642,0.4041557524885454,-0.3647743974413194,0.999817669391632,0.999025583267212
120,2.0,4,RIGHT_EYE_INNER,0.5059824869746258,0.40408792382194914,-0.36553244363693993,0.9998635649681092,0.9991534948349
120,2.0,5,RIGHT_EYE,0.5002814133962,0.40425495590482474,-0.365520992449352,0.9998531937599182,0.9991384744644164
120,2.0,6,RIGHT_EYE_OUTER,0.49562261501948074,0.4044497822012224,-0.36560644138427045,0.999839961528778,0.9991365075111388
120,2.0,7,LEFT_EAR,0.536812890143622,0.40774975646109846,-0.21838127360457482,0.999582588672638,0.9989997744560242
120,2.0,8,RIGHT_EAR,0.48947108075732315,0.4079033945287981,-0.22672924115544293,0.9995774626731871,0.9992617964744568
120,2.0,9,MOUTH_LEFT,0.5237317312331432,0.41996781315122367,-0.3281989267894203,0.9999274611473083,0.9998020529747008
120,2.0,10,MOUTH_RIGHT,0.5059723485083811,0.42093325087002387,-0.3304519568170823,0.9999390244483948,0.9998134970664978
120,2.0,11,LEFT_SHOULDER,0.581960763250079,0.4546310887450268,-0.11516308926400687,0.999955713748932,0.9998886585235596
120,2.0,12,RIGHT_SHOULDER,0.4513956989560812,0.4559983483382638,-0.1200901117353213,0.9999573230743408,0.9999693632125854
120,2.0,13,LEFT_ELBOW,0.6061573908442548,0.5064736973671691,-0.02984913411949361,0.9886727929115297,0.9997770190238952
120,2.0,14,RIGHT_ELBOW,0.4293505946795149,0.5085832959129701,-0.06431115808941072,0.9742623567581176,0.9998470544815063
120,2.0,15,LEFT_WRIST,0.6145953592799964,0.5561039788382399,-0.16206954206739166,0.991062581539154,0.9998540878295898
120,2.0,16,RIGHT_WRIST,0.42413276008197276,0.5576981079010741,-0.17633369635967994,0.95930016040802,0.9996728897094728
120,2.0,17,LEFT_PINKY,0.6216773532685785,0.572928633008685,-0.19761378424508247,0.9824118614196776,0.9996817111968994
120,2.0,18,RIGHT_PINKY,0.4175893494061065,0.575339263393766,-0.21483526556264806,0.933836817741394,0.9994730353355408
120,2.0,19,LEFT_INDEX,0.6137072727793744,0.5725604920160208,-0.2506773003510069,0.9833319783210754,0.9997029900550842
120,2.0,20,RIGHT_INDEX,0.42641142578352104,0.5745687626657037,-0.2608639065708435,0.94007670879364,0.9994794726371764
120,2.0,21,LEFT_THUMB,0.6078900382632306,0.5688697099685674,-0.18439984534467985,0.9783564209938048,0.9998043179512024
120,2.0,22,RIGHT_THUMB,0.43165547649065694,0.5699722000530794,-0.19692321050734757,0.932906687259674,0.9996452331542968
120,2.0,23,LEFT_HIP,0.5614076937947959,0.5656092166900639,0.009549592313955363,0.9995370507240297,0.9997677206993104
120,2.0,24,RIGHT_HIP,0.48665369550387105,0.5675894845099682,-0.009606570970000894,0.99990576505661,0.9999715089797974
120,2.0,25,LEFT_KNEE,0.5611219746725904,0.6300485559872224,0.18902218341827406,0.975005269050598,0.9997512698173524
120,2.0,26,RIGHT_KNEE,0.4910163113049103,0.6401122638157442,-0.017943710368680938,0.988141655921936,0.9999451637268066
120,2.0,27,LEFT_ANKLE,0.5502272077969148,0.6741403256143849,0.6213970893905282,0.9398046135902404,0.9993667006492616
120,2.0,28,RIGHT_ANKLE,0.489990326620284,0.715293637343816,0.16237518785610094,0.977323055267334,0.999541401863098
120,2.0,29,LEFT_HEEL,0.544813990592957,0.676527727217902,0.6589292287826544,0.8057959675788879,0.9992477893829346
120,2.0,30,RIGHT_HEEL,0.49873515679722785,0.7233192665236343,0.1712470499887354,0.8187214136123657,0.9989235997200012
120,2.0,31,LEFT_FOOT_INDEX,0.5605114528111055,0.7042177660124649,0.547083335263389,0.9371916651725768,0.9984116554260254
120,2.0,32,RIGHT_FOOT_INDEX,0.4750749355270753,0.7389469402177,-0.004011714542728096,0.9647866487503052,0.9931485056877136
121,2.017,0,NOSE,0.5134267154194065,0.41096135690098756,-0.4017504382701151,0.9999663829803468,0.9996071457862854
121,2.017,1,LEFT_EYE_INNER,0.5213035600525997,0.4032901440347948,-0.3812718476567953,0.999846577644348,0.9985505938529968
121,2.017,2,LEFT_EYE,0.5252144961130056,0.4033362751915345,-0.3812639642329446,0.9998406767845154,0.99851793050766
121,2.017,3,LEFT_EYE_OUTER,0.528983734902882,0.40339567547752775,-0.38118789451462914,0.9998117089271544,0.9984319806098938
121,2.017,4,RIGHT_EYE_INNER,0.5054738408043276,0.4034820951166611,-0.38150395949681637,0.9998621940612792,0.9987583160400392
121,2.017,5,RIGHT_EYE,0.49966934749058356,0.403669893741608,-0.38149371033623136,0.9998513460159302,0.9987720847129822
121,2.017,6,RIGHT_EYE_OUTER,0.4949829067502707,0.4039048992452171,-0.38157795866330496,0.9998382329940796,0.998808979988098
121,2.017,7,LEFT_EAR,0.5360023209026887,0.40683188466798725,-0.2308632923024043,0.999579668045044,0.9982892870903016
121,2.017,8,RIGHT_EAR,0.48872307936350545,0.40724777607690754,-0.23692140905630038,0.999567687511444,0.9990257024765016
121,2.017,9,MOUTH_LEFT,0.5228853168941685,0.4195934165091745,-0.34309395438148893,0.9999279975891112,0.9997108578681946
121,2.017,10,MOUTH_RIGHT,0.5051905512809758,0.4207140973636086,-0.34472558895746896,0.9999398589134216,0.9997493624687196
121,2.017,11,LEFT_SHOULDER,0.5814563149497628,0.45403795015244297,-0.12467941251539054,0.9999562501907348,0.9998260140419006
121,2.017,12,RIGHT_SHOULDER,0.45044059128988395,0.4555450635296962,-0.12355887428635648,0.999959409236908,0.9999655485153198
121,2.017,13,LEFT_ELBOW,0.6060713614736291,0.5062520305315659,-0.03881481484997841,0.9886940121650696,0.9996517896652222
121,2.017,14,RIGHT_ELBOW,0.4283388299601423,0.5082383695102878,-0.06631147896959672,0.974754512310028,0.9998225569725036
121,2.017,15,LEFT_WRIST,0.61559694153922,0.5556343141056248,-0.18111049774147225,0.990938663482666,0.9997468590736388
121,2.017,16,RIGHT_WRIST,0.4246173770654773,0.5571156598272783,-0.18815128221398322,0.9609414935112,0.999643325805664
121,2.017,17,LEFT_PINKY,0.6235074571200785,0.5723807726587573,-0.2198296494427183,0.98210608959198,0.9995042085647584
121,2.017,18,RIGHT_PINKY,0.4192564530032026,0.5748381898516706,-0.23008001773130346,0.936119258403778,0.9994518160820008
121,2.017,19,LEFT_INDEX,0.6158340743609843,0.5720096258890066,-0.2748986979325615,0.9830527305603028,0.9995293617248536
121,2.017,20,RIGHT_INDEX,0.4286281594208312,0.5738940778232762,-0.27616223196188633,0.9421892762184144,0.9994522929191588
121,2.017,21,LEFT_THUMB,0.6097759207089748,0.5681500832239792,-0.2045813209953764,0.9781522154808044,0.9996782541275024
121,2.017,22,RIGHT_THUMB,0.4333666733333047,0.5694088197889787,-0.20900621158736107,0.9350777268409728,0.9996169805526732
121,2.017,23,LEFT_HIP,0.5608097343217764,0.5657727235839485,0.005970388424992982,0.9995562434196472,0.9997530579566956
121,2.017,24,RIGHT_HIP,0.48561628801482104,0.5684102120853611,-0.006038095053684439,0.9999119639396667,0.9999717473983764
121,2.017,25,LEFT_KNEE,0.5628466662906471,0.6303617869104663,0.1916771268560774,0.975899338722229,0.9997934699058532
121,2.017,26,RIGHT_KNEE,0.490528462898164,0.6412057706287935,-0.005739535609748012,0.9886881113052368,0.9999558925628662
121,2.017,27,LEFT_ANKLE,0.551731680120741,0.6726834632101519,0.6527637867700492,0.940743088722229,0.9994383454322816
121,2.017,28,RIGHT_ANKLE,0.4901470769019358,0.7161900656563902,0.19392473889248724,0.9785346388816832,0.9996262788772584
121,2.017,29,LEFT_HEEL,0.5472772376877926,0.6745284001032518,0.6931187255041946,0.8050458431243896,0.9993215799331664
121,2.017,30,RIGHT_HEEL,0.499069220962979,0.7245952401842397,0.2045956243361747,0.8270403742790222,0.9991387128829956
121,2.017,31,LEFT_FOOT_INDEX,0.5603892065229874,0.7041621236574089,0.579065254756383,0.938897967338562,0.99836665391922
121,2.017,32,RIGHT_FOOT_INDEX,0.47331421573956844,0.7396341079757334,0.027662863821855604,0.9664995074272156,0.9939706325531006
122,2.034,0,NOSE,0.512869136674064,0.41039642691612277,-0.40659841895103493,0.999967634677887,0.9997190833091736
122,2.034,1,LEFT_EYE_INNER,0.5207162783259441,0.40238160036859094,-0.3855822228250052,0.999849796295166,0.9989742040634156
122,2.034,2,LEFT_EYE,0.5245784776551388,0.4023970904804415,-0.3855809668699903,0.9998432993888856,0.9989604949951172
122,2.034,3,LEFT_EYE_OUTER,0.5283727532341371,0.40243158453986794,-0.3855078191984271,0.9998127818107604,0.9989180564880372
122,2.034,4,RIGHT_EYE_INNER,0.5050079936072944,0.40264597818965037,-0.38549860744249287,0.999864399433136,0.9990850687026978
122,2.034,5,RIGHT_EYE,0.49915732230458987,0.4028501084872658,-0.38548759903226615,0.999853253364563,0.9990668892860411
122,2.034,6,RIGHT_EYE_OUTER,0.4944209967340746,0.40311377956753724,-0.3855733388946173,0.9998401999473572,0.9990785121917723
122,2.034,7,LEFT_EAR,0.5352628117515932,0.40574860572814975,-0.23303448657194792,0.9995919466018676,0.9988806843757628
122,2.034,8,RIGHT_EAR,0.488095438196546,0.4063842083726614,-0.23753556892985409,0.9995702505111694,0.9992227554321288
122,2.034,9,MOUTH_LEFT,0.5222553412119553,0.41895459095637033,-0.3472194174925489,0.9999306201934814,0.9997909665107728
122,2.034,10,MOUTH_RIGHT,0.504578238441831,0.42017755621955544,-0.3484001060326897,0.9999420642852784,0.9998095631599426
122,2.034,11,LEFT_SHOULDER,0.5810790771529794,0.45343701754297566,-0.1270397557389169,0.9999581575393676,0.9998890161514282
122,2.034,12,RIGHT_SHOULDER,0.44931121951057834,0.45496653233255696,-0.12250548955940072,0.9999613761901855,0.9999674558639526
122,2.034,13,LEFT_ELBOW,0.6059668915612363,0.506111445881072,-0.04542959747569904,0.9889476895332336,0.999743402004242
122,2.034,14,RIGHT_ELBOW,0.42727766008604173,0.5080135294369293,-0.06539665464134446,0.9753026962280272,0.9998189806938172
122,2.034,15,LEFT_WRIST,0.6163727045059209,0.5551535089810695,-0.19712110502379293,0.9911084175109864,0.9998489618301392
122,2.034,16,RIGHT_WRIST,0.42519766518047913,0.556633781819117,-0.19364610314369213,0.9628714919090272,0.99969744682312
122,2.034,17,LEFT_PINKY,0.6248953030222943,0.5718080373037434,-0.23870724226747259,0.982367753982544,0.9996840953826904
122,2.034,18,RIGHT_PINKY,0.42113454001290496,0.5742895631563101,-0.23759445619015482,0.9390040636062622,0.9995478987693788
122,2.034,19,LEFT_INDEX,0.6172721868469607,0.5713842539560232,-0.29457591757887913,0.983295440673828,0.9997088313102722
122,2.034,20,RIGHT_INDEX,0.4308443722270787,0.5733281856491457,-0.28373868692488924,0.9448572397232056,0.9995591044425964
122,2.034,21,LEFT_THUMB,0.6109619537989305,0.5673259184474042,-0.2212343428816116,0.9785221219062804,0.9998064637184144
122,2.034,22,RIGHT_THUMB,0.4350599263395586,0.5690077514875509,-0.21471902302333304,0.9378504753112792,0.9996898174285888
122,2.034,23,LEFT_HIP,0.5603033616429288,0.5658204214913509,0.002991662673940436,0.9995803236961364,0.9998173117637634
122,2.034,24,RIGHT_HIP,0.4845845912184038,0.5691923215275724,-0.0030561610169353454,0.9999182224273682,0.9999769926071168
122,2.034,25,LEFT_KNEE,0.564376090254103,0.6308321867670337,0.19439607645784115,0.97688627243042,0.9998125433921814
122,2.034,26,RIGHT_KNEE,0.49004687581743556,0.6423664291699733,-0.0003459307481534531,0.9891849160194396,0.999957799911499
122,2.034,27,LEFT_ANKLE,0.553048057215555,0.6718085777191896,0.676284429572878,0.9411028027534484,0.999576985836029
122,2.034,28,RIGHT_ANKLE,0.4903222861744112,0.7172269111587894,0.20964958909012038,0.9797159433364868,0.9997045397758484
122,2.034,29,LEFT_HEEL,0.5493163097472422,0.6736524984950116,0.7186803874515358,0.8036707043647766,0.999518871307373
122,2.034,30,RIGHT_HEEL,0.4993418994404025,0.7260729613758274,0.22114460525058582,0.8356544971466064,0.9993287324905396
122,2.034,31,LEFT_FOOT_INDEX,0.5603070684841707,0.7040713770048965,0.6035494435401195,0.9402795433998108,0.9988767504692078
122,2.034,32,RIGHT_FOOT_INDEX,0.47267489631970766,0.7401536220595957,0.04255103118096784,0.9682571291923524,0.99536395072937
123,2.05,0,NOSE,0.5128329566546854,0.4094329760188151,-0.4074864955175494,0.9999687075614928,0.9997590184211732
123,2.05,1,LEFT_EYE_INNER,0.5205388580049792,0.40127709082194774,-0.38569171371914124,0.999852180480957,0.99911230802536
123,2.05,2,LEFT_EYE,0.5243378054528014,0.4012651500247777,-0.3856972299870994,0.9998455047607422,0.9990806579589844
123,2.05,3,LEFT_EYE_OUTER,0.5281909675825214,0.40128039746057453,-0.385627491133554,0.9998132586479188,0.9990313053131104
123,2.05,4,RIGHT_EYE_INNER,0.5049874101366321,0.4015649968669532,-0.3857738616920656,0.9998660087585448,0.9992388486862184
123,2.05,5,RIGHT_EYE,0.4990813675380893,0.401777891885667,-0.38576267304874634,0.9998548030853271,0.999225616455078
123,2.05,6,RIGHT_EYE_OUTER,0.494221884579886,0.4020620981852217,-0.3858524120989303,0.9998416304588318,0.9992437362670898
123,2.05,7,LEFT_EAR,0.5347436439423339,0.40445697449502527,-0.2312751682031724,0.9996023178100586,0.9990041851997375
123,2.05,8,RIGHT_EAR,0.4876849041098644,0.40527399239086004,-0.2363277134441196,0.9995701909065248,0.9993680119514464
123,2.05,9,MOUTH_LEFT,0.5220847811017723,0.41794957859175574,-0.3475767487571356,0.9999324083328248,0.9998125433921814
123,2.05,10,MOUTH_RIGHT,0.5044470571336297,0.4192344305061162,-0.348937809467316,0.9999434351921082,0.9998338222503662
123,2.05,11,LEFT_SHOULDER,0.5807253434544524,0.45278731414250006,-0.1272683214573634,0.9999595880508424,0.9998786449432372
123,2.05,12,RIGHT_SHOULDER,0.44812008738517795,0.4543167735849112,-0.12049466336057303,0.9999629259109496,0.9999722242355348
123,2.05,13,LEFT_ELBOW,0.6058844725290939,0.5059902753148764,-0.048897358455828294,0.989277720451355,0.999744951725006
123,2.05,14,RIGHT_ELBOW,0.42616154182524946,0.507809854689099,-0.06352066975973902,0.976107656955719,0.999846577644348
123,2.05,15,LEFT_WRIST,0.6169720206941882,0.5546435060955235,-0.20746714728219182,0.9913500547409058,0.9998717308044434
123,2.05,16,RIGHT_WRIST,0.42587472285543204,0.5563183540389656,-0.19327366210165492,0.9649113416671752,0.9997273087501526
123,2.05,17,LEFT_PINKY,0.6258235148021158,0.5711870193481451,-0.25107447377273034,0.9827283620834352,0.9997336268424988
123,2.05,18,RIGHT_PINKY,0.4231293244021283,0.5737913023857848,-0.23767491394565232,0.941868543624878,0.9995787739753724
123,2.05,19,LEFT_INDEX,0.6182313334374206,0.5706805586814885,-0.3055849529448012,0.98362797498703,0.9997562766075134
123,2.05,20,RIGHT_INDEX,0.4329967044648674,0.5730016203153706,-0.28397692952837283,0.9475034475326538,0.999592125415802
123,2.05,21,LEFT_THUMB,0.6117146128699898,0.5664896198681427,-0.23124269005798173,0.9789621829986572,0.9998377561569214
123,2.05,22,RIGHT_THUMB,0.43670089188076244,0.5686308202289405,-0.21441106711115174,0.94067645072937,0.9997128844261168
123,2.05,23,LEFT_HIP,0.5599494008790884,0.5657466933840802,-0.0002830125754588098,0.9995994567871094,0.9997946619987488
123,2.05,24,RIGHT_HIP,0.48361235998925745,0.5696986771765215,0.00022079455777117177,0.999923825263977,0.9999796152114868
123,2.05,25,LEFT_KNEE,0.5653628820464729,0.6313250036466695,0.1921323459772838,0.9777857065200806,0.999790370464325
123,2.05,26,RIGHT_KNEE,0.48930443610463864,0.643185456593832,0.0023888922462772066,0.9894859194755554,0.9999626874923706
123,2.05,27,LEFT_ANKLE,0.5541576147079472,0.671728792644683,0.683739880720775,0.9410085678100586,0.9996670484542848
123,2.05,28,RIGHT_ANKLE,0.49046510741824234,0.7181139645122353,0.21612396907238748,0.9807036519050598,0.9997755885124208
123,2.05,29,LEFT_HEEL,0.5508483109020057,0.6736416447730298,0.7271483937899279,0.8012093305587769,0.9996343851089478
123,2.05,30,RIGHT_HEEL,0.4995395597957434,0.7273841500282294,0.2277185526632129,0.8433983325958252,0.9994733929634094
123,2.05,31,LEFT_FOOT_INDEX,0.5602807998657232,0.7039312294551311,0.6119926940827148,0.9414491057395936,0.9992234706878662
123,2.05,32,RIGHT_FOOT_INDEX,0.47245268878482677,0.7407561710902629,0.04834235738962883,0.9697940945625304,0.9965978264808656
124,2.067,0,NOSE,0.5130872953505747,0.40826526851881156,-0.40540621110371217,0.9999696016311646,0.9997296929359436
124,2.067,1,LEFT_EYE_INNER,0.5206117147491096,0.40010977075213516,-0.38299254860196824,0.9998541474342346,0.9990204572677612
124,2.067,2,LEFT_EYE,0.5243397979509268,0.4000744933173774,-0.38300506699652936,0.9998475909233092,0.9990136623382568
124,2.067,3,LEFT_EYE_OUTER,0.528343070121039,0.4000736375649774,-0.38294058612414805,0.9998137354850768,0.9989853501319884
124,2.067,4,RIGHT_EYE_INNER,0.5051906023706714,0.4003984970705853,-0.38329396503312285,0.9998669028282166,0.9991100430488586
124,2.067,5,RIGHT_EYE,0.4992096622784937,0.40062038671402744,-0.3832819419247767,0.9998556971549988,0.9990822076797484
124,2.067,6,RIGHT_EYE_OUTER,0.49422086846260843,0.4009178550470447,-0.38337601366497254,0.9998421669006348,0.9990934133529664
124,2.067,7,LEFT_EAR,0.5345312981378469,0.4031505045436681,-0.2276197906051365,0.9996134638786316,0.998994767665863
124,2.067,8,RIGHT_EAR,0.4874520457926255,0.40412345528602633,-0.23343971229734892,0.9995684027671814,0.9992433786392212
124,2.067,9,MOUTH_LEFT,0.5222196493830005,0.4167777087007254,-0.3452940398738501,0.9999340772628784,0.9997987151145936
124,2.067,10,MOUTH_RIGHT,0.5046003205435621,0.41807017156056037,-0.3469125429789228,0.9999445676803588,0.999809205532074
124,2.067,11,LEFT_SHOULDER,0.5804410605203543,0.4521469998927347,-0.12667007992664983,0.9999608397483826,0.999886155128479
124,2.067,12,RIGHT_SHOULDER,0.44703917560123296,0.4536967532975337,-0.11658201508578803,0.999963879585266,0.9999662637710572
124,2.067,13,LEFT_ELBOW,0.6058166197368082,0.5058184549922039,-0.050929208241757895,0.9896699786186218,0.999744951725006
124,2.067,14,RIGHT_ELBOW,0.4248504752204535,0.507636007808504,-0.061648783939225356,0.9765222072601318,0.999808132648468
124,2.067,15,LEFT_WRIST,0.6176909094765078,0.5542940837996352,-0.2089537829160692,0.9916162490844728,0.9998552799224854
124,2.067,16,RIGHT_WRIST,0.4266037288166231,0.5561652893111825,-0.1927207495485035,0.966471552848816,0.9996511936187744
124,2.067,17,LEFT_PINKY,0.6266882192520873,0.5708036678177975,-0.25276401355153055,0.9831647872924804,0.9996927976608276
124,2.067,18,RIGHT_PINKY,0.42500554379962774,0.5734342336654669,-0.23670040638673892,0.9440306425094604,0.999481737613678
124,2.067,19,LEFT_INDEX,0.6191359729993916,0.5702280657632015,-0.3055890358629683,0.9840372800827026,0.9997215867042542
124,2.067,20,RIGHT_INDEX,0.43491970783188266,0.5726848783947178,-0.2830521024408797,0.9495493173599244,0.9994951486587524
124,2.067,21,LEFT_THUMB,0.6124938584509355,0.5659919636590145,-0.23196317113581175,0.9794833660125732,0.9998152852058412
124,2.067,22,RIGHT_THUMB,0.4382561544577284,0.5678960737727943,-0.21380799228236805,0.9428621530532836,0.9996415376663208
124,2.067,23,LEFT_HIP,0.5596015424955464,0.5656084389913655,-0.004222920849098841,0.9996160864830016,0.99979168176651
124,2.067,24,RIGHT_HIP,0.4824963552611219,0.5699951364880521,0.004163878105048622,0.9999287128448486,0.9999756813049316
124,2.067,25,LEFT_KNEE,0.5659514126323524,0.631611741724469,0.18562845176174536,0.9786669611930848,0.999777615070343
124,2.067,26,RIGHT_KNEE,0.48835180770783243,0.64387838897251,0.005461010070229385,0.9897944331169128,0.999953031539917
124,2.067,27,LEFT_ANKLE,0.5547547170094087,0.6714002546809975,0.6782767857824059,0.9411879777908324,0.999573528766632
124,2.067,28,RIGHT_ANKLE,0.49056320105280243,0.7187377640179232,0.21817729657604595,0.9816003441810608,0.9996737241744996
124,2.067,29,LEFT_HEEL,0.5514547058514192,0.6730391014189954,0.721739175773803,0.7988111972808838,0.999520182609558
124,2.067,30,RIGHT_HEEL,0.49971079116775924,0.7283398821240386,0.22946601680346915,0.85019850730896,0.9992176294326782
124,2.067,31,LEFT_FOOT_INDEX,0.5603306804384509,0.7041261820566094,0.6073274215062465,0.9425557851791382,0.9989712238311768
124,2.067,32,RIGHT_FOOT_INDEX,0.4718624694006788,0.7412506994746987,0.05058619220341952,0.9711549282073976,0.9949299693107604
125,2.084,0,NOSE,0.5133092233112885,0.40710977713267044,-0.40258746203922124,0.9999698400497437,0.999660849571228
125,2.084,1,LEFT_EYE_INNER,0.5207105278968815,0.3990475265752705,-0.3800845869949889,0.9998527765274048,0.9987773299217224
125,2.084,2,LEFT_EYE,0.5244390737442748,0.399000921419689,-0.38009805338723357,0.9998459815979004,0.9987188577651978
125,2.084,3,LEFT_EYE_OUTER,0.5285148507072817,0.3989997931889129,-0.380036430699485,0.9998089671134948,0.9986369013786316
125,2.084,4,RIGHT_EYE_INNER,0.505329583372389,0.3993070920308434,-0.380464444557826,0.9998656511306764,0.9990037083625792
125,2.084,5,RIGHT_EYE,0.49931279960132824,0.3995228480725065,-0.38045516752061426,0.9998546838760376,0.9989998936653136
125,2.084,6,RIGHT_EYE_OUTER,0.4942473229907812,0.39981430485135067,-0.38055213150523987,0.9998411536216736,0.99904066324234
125,2.084,7,LEFT_EAR,0.5344359051613585,0.40201206718172383,-0.2252941642488754,0.9996167421340942,0.998595893383026
125,2.084,8,RIGHT_EAR,0.4873597778025132,0.4030141816252758,-0.23120900208041797,0.9995635747909546,0.999210000038147
125,2.084,9,MOUTH_LEFT,0.5223634356544136,0.4156500328154794,-0.34274239199502154,0.9999343156814576,0.9997236132621764
125,2.084,10,MOUTH_RIGHT,0.5047201060113458,0.4168702250435242,-0.3443873198259447,0.9999448657035828,0.9997707009315492
125,2.084,11,LEFT_SHOULDER,0.5803197707448693,0.4515356251171661,-0.12586363014720744,0.9999611377716064,0.9998289346694946
125,2.084,12,RIGHT_SHOULDER,0.44616440080461084,0.45305750767389974,-0.11483304131598704,0.9999645352363586,0.9999637603759766
125,2.084,13,LEFT_ELBOW,0.6058193615504679,0.5055315636453179,-0.0516653000598862,0.9898675680160522,0.9996514320373536
125,2.084,14,RIGHT_ELBOW,0.4235926000844868,0.5073038907278157,-0.06068008446267675,0.9770680665969848,0.9998002648353576
125,2.084,15,LEFT_WRIST,0.6188712886401591,0.5540665132658827,-0.2079675736881439,0.9916562438011168,0.9998089671134948
125,2.084,16,RIGHT_WRIST,0.4274859286489944,0.5558269392876403,-0.19308605932054082,0.9679907560348512,0.9996881484985352
125,2.084,17,LEFT_PINKY,0.6278327817008615,0.5705678661664333,-0.25157677985373017,0.9831658601760864,0.9996216297149658
125,2.084,18,RIGHT_PINKY,0.42698709170023635,0.5731729240644551,-0.2370080564703262,0.9460700750350952,0.9995254278182985
125,2.084,19,LEFT_INDEX,0.6204512857255486,0.5699527973220467,-0.30359830033211505,0.9840245842933656,0.9996500015258788
125,2.084,20,RIGHT_INDEX,0.43689462684449737,0.5721440031414946,-0.2829694889840628,0.9514179825782776,0.9995457530021667
125,2.084,21,LEFT_THUMB,0.6138108968734748,0.5655987660090134,-0.2306459666717622,0.9794816970825196,0.9997629523277284
125,2.084,22,RIGHT_THUMB,0.44009172206833286,0.566586485930852,-0.21400840509505517,0.9448578357696532,0.9996765851974488
125,2.084,23,LEFT_HIP,0.5593298105966482,0.5653838373365861,-0.006861678860981772,0.9996265172958374,0.999729335308075
125,2.084,24,RIGHT_HIP,0.4815112508478623,0.5700326930908934,0.00681030521324523,0.9999325275421144,0.9999717473983764
125,2.084,25,LEFT_KNEE,0.5662760024979006,0.6316765007518592,0.18063245287963337,0.9795811772346495,0.9997685551643372
125,2.084,26,RIGHT_KNEE,0.48733080852599414,0.6443991916520261,0.008846543745936023,0.989923059940338,0.9999556541442872
125,2.084,27,LEFT_ANKLE,0.5548892446926668,0.6715434874807091,0.6582533802304955,0.9424819350242616,0.9996781349182128
125,2.084,28,RIGHT_ANKLE,0.49063884928112983,0.7188798785209662,0.2243054374342875,0.9824498891830444,0.9997708201408386
125,2.084,29,LEFT_HEEL,0.5513256816636953,0.6737579731714164,0.699756114255815,0.7979212403297424,0.999651312828064
125,2.084,30,RIGHT_HEEL,0.4998783852372855,0.728537525449481,0.23568172185193942,0.8573108911514282,0.99945729970932
125,2.084,31,LEFT_FOOT_INDEX,0.5603989504632501,0.705437640349071,0.5819828879265564,0.9444361329078674,0.999204695224762
125,2.084,32,RIGHT_FOOT_INDEX,0.47151147183917863,0.7413947071347925,0.05652666020961035,0.9724876284599304,0.9964796900749208
126,2.1,0,NOSE,0.5136744976043706,0.40599020038332295,-0.4005560945896879,0.9999704360961914,0.9996249675750732
126,2.1,1,LEFT_EYE_INNER,0.5209855125063947,0.398030404533659,-0.3781174492268339,0.9998540282249452,0.9986177682876588
126,2.1,2,LEFT_EYE,0.5247214975811191,0.3979781965414687,-0.3781309085232874,0.9998467564582824,0.998559296131134
126,2.1,3,LEFT_EYE_OUTER,0.5288343685013912,0.3979788280668716,-0.3780688870520822,0.9998080730438232,0.998467743396759
126,2.1,4,RIGHT_EYE_INNER,0.5056120469456632,0.3982463337126236,-0.3787201529457459,0.9998672008514404,0.9988553524017334
126,2.1,5,RIGHT_EYE,0.49957422699247134,0.3984439827146988,-0.3787118749959132,0.9998562335968018,0.9988510608673096
126,2.1,6,RIGHT_EYE_OUTER,0.49445755566869504,0.3987142230783194,-0.37881279985109995,0.9998427629470824,0.998891532421112
126,2.1,7,LEFT_EAR,0.5345723600614644,0.4009231116090506,-0.22408167379243052,0.999624490737915,0.9984347224235536
126,2.1,8,RIGHT_EAR,0.48743411472865555,0.4018715052377614,-0.23080733205590945,0.9995697736740112,0.9990843534469604
126,2.1,9,MOUTH_LEFT,0.5226318694296342,0.4145693438393733,-0.3410389096963976,0.99993497133255,0.9997010827064514
126,2.1,10,MOUTH_RIGHT,0.5049937367439274,0.4156761978353777,-0.3429262808391029,0.9999457001686096,0.9997518658638
126,2.1,11,LEFT_SHOULDER,0.58034649633226,0.45088910488855316,-0.12503910774276378,0.9999608993530272,0.999801218509674
126,2.1,12,RIGHT_SHOULDER,0.445412343456632,0.4523765217690245,-0.1150073721295312,0.9999650716781616,0.9999505281448364
126,2.1,13,LEFT_ELBOW,0.6058728269168314,0.5051267516045348,-0.05291276123552094,0.9899033308029176,0.9995710253715516
126,2.1,14,RIGHT_ELBOW,0.42249858663195694,0.5067735825266162,-0.06412641810519358,0.9773940443992616,0.999711811542511
126,2.1,15,LEFT_WRIST,0.6205081712631958,0.5538546897116167,-0.2100541854188557,0.9916499257087708,0.999736487865448
126,2.1,16,RIGHT_WRIST,0.42857687955810947,0.5551673315820245,-0.20626973254340053,0.9690505862236024,0.999567210674286
126,2.1,17,LEFT_PINKY,0.6292574008305873,0.5703863842146742,-0.25437132304623034,0.9832137823104858,0.9994710087776184
126,2.1,18,RIGHT_PINKY,0.42922940850257907,0.5729127781731747,-0.25192180204959164,0.947482168674469,0.999356210231781
126,2.1,19,LEFT_INDEX,0.6221660631043575,0.5697342639877687,-0.30567695555232843,0.98406320810318,0.9995204210281372
126,2.1,20,RIGHT_INDEX,0.4393483272620614,0.5712441234361563,-0.2972732583681745,0.952710509300232,0.9993938207626344
126,2.1,21,LEFT_THUMB,0.6156909948303593,0.5651071156774253,-0.23255812128384928,0.9795631170272828,0.9996739625930786
126,2.1,22,RIGHT_THUMB,0.4424288585072476,0.5648555301484612,-0.22707539087250134,0.9462681412696838,0.9995637536048888
126,2.1,23,LEFT_HIP,0.5589124900954116,0.5652712101028085,-0.008621536491860007,0.9996310472488404,0.9996697902679444
126,2.1,24,RIGHT_HIP,0.48047659794489583,0.5700154616719205,0.008577131910160855,0.9999350309371948,0.9999626874923706
126,2.1,25,LEFT_KNEE,0.5664430175508777,0.6315455692155026,0.17914431932426644,0.9804219603538512,0.9997419714927672
126,2.1,26,RIGHT_KNEE,0.48635455540248373,0.6448327274549581,0.015360723050045093,0.9901289939880372,0.99994957447052
126,2.1,27,LEFT_ANKLE,0.5549045999844874,0.6724709641365785,0.6404072443644211,0.9448302984237672,0.9996077418327332
126,2.1,28,RIGHT_ANKLE,0.49060862121127946,0.7186447126524795,0.23648056742690876,0.9832971692085266,0.9997145533561708
126,2.1,29,LEFT_HEEL,0.5511625863256913,0.6755634347597764,0.6797662150292176,0.802664041519165,0.9995543360710144
126,2.1,30,RIGHT_HEEL,0.4999982430821378,0.7281658819743572,0.24827973118850183,0.8644427061080933,0.9993101358413696
126,2.1,31,LEFT_FOOT_INDEX,0.5604159321103782,0.7077454300153829,0.5589160039311369,0.9469274878501892,0.9988445043563844
126,2.1,32,RIGHT_FOOT_INDEX,0.47149738527479673,0.7412500069254927,0.06799742490762757,0.9737238883972168,0.9952091574668884
127,2.117,0,NOSE,0.5141189751170936,0.40502393103781237,-0.39715917763255926,0.9999715089797974,0.999722182750702
127,2.117,1,LEFT_EYE_INNER,0.5213680948529928,0.39710934105373596,-0.3743679693767006,0.9998581409454346,0.9989809393882751
127,2.117,2,LEFT_EYE,0.5251166451544993,0.3970577645869486,-0.3743827399753392,0.999850571155548,0.9989299178123474
127,2.117,3,LEFT_EYE_OUTER,0.5292610128720606,0.39706898019427384,-0.3743235554013936,0.9998124241828918,0.9988536834716796
127,2.117,4,RIGHT_EYE_INNER,0.506017733187903,0.39729885118348296,-0.37534347460383494,0.9998711943626404,0.9991438388824464
127,2.117,5,RIGHT_EYE,0.499968562807356,0.39748861250423284,-0.37533632914225296,0.9998601078987122,0.9991249442100524
127,2.117,6,RIGHT_EYE_OUTER,0.49479808835756256,0.39774737755457595,-0.3754282664685026,0.9998472332954408,0.999146580696106
127,2.117,7,LEFT_EAR,0.5348872286932814,0.40002801304771823,-0.2196268879231954,0.9996371269226074,0.9988252520561218
127,2.117,8,RIGHT_EAR,0.4876974778515957,0.4009391807374504,-0.2275349540369853,0.999582052230835,0.9992662072181702
127,2.117,9,MOUTH_LEFT,0.5229695183890211,0.4136775930722558,-0.33725940329687965,0.9999366402626038,0.99978369474411
127,2.117,10,MOUTH_RIGHT,0.5053830799602332,0.41467748937152715,-0.33949777483940147,0.999947190284729,0.9998133778572084
127,2.117,11,LEFT_SHOULDER,0.5804551783062168,0.45025901993115786,-0.12232045793817165,0.9999613165855408,0.9998451471328736
127,2.117,12,RIGHT_SHOULDER,0.4447937763872605,0.4517144972369788,-0.11315149139790316,0.999965488910675,0.9999499320983888
127,2.117,13,LEFT_ELBOW,0.60598810797646,0.5045833161899026,-0.054945647539127396,0.9899582862854004,0.9996331930160522
127,2.117,14,RIGHT_ELBOW,0.42150599048251236,0.5059853508358915,-0.06920068373992333,0.9774259924888612,0.9996976852416992
127,2.117,15,LEFT_WRIST,0.6222768624623622,0.5536252345357627,-0.21694878666173859,0.9916211366653442,0.9997792840003968
127,2.117,16,RIGHT_WRIST,0.429706868671236,0.5541252976372133,-0.22350053347292417,0.969623327255249,0.99960595369339
127,2.117,17,LEFT_PINKY,0.6307318778265096,0.5702473123868312,-0.26293327552931667,0.9831463098526,0.9995421171188354
127,2.117,18,RIGHT_PINKY,0.4313133500871208,0.5725972169921517,-0.2712012628714246,0.9481313228607178,0.9994211196899414
127,2.117,19,LEFT_INDEX,0.6238217637652448,0.5695890358516154,-0.3135087092717491,0.9839970469474792,0.9995983242988586
127,2.117,20,RIGHT_INDEX,0.44168343998137016,0.5701150809015552,-0.315383307990574,0.9532317519187928,0.9994696974754332
127,2.117,21,LEFT_THUMB,0.617582675956545,0.5645519040879754,-0.23945071157955006,0.9795085787773132,0.9997311234474182
127,2.117,22,RIGHT_THUMB,0.4446411005088265,0.5631839320773175,-0.24410053094228126,0.9467421174049376,0.9996172189712524
127,2.117,23,LEFT_HIP,0.5584459503491724,0.56520673490706,-0.00959670820849986,0.9996340274810792,0.9997203946113586
127,2.117,24,RIGHT_HIP,0.4796223200502854,0.570013821125031,0.009558844003116736,0.9999364018440248,0.9999613761901855
127,2.117,25,LEFT_KNEE,0.5665114124615992,0.6314329533349905,0.18238478118465073,0.9811809659004213,0.999833345413208
127,2.117,26,RIGHT_KNEE,0.48562518187931647,0.6451653412410197,0.024423785640725025,0.9903095960617064,0.9999632835388184
127,2.117,27,LEFT_ANKLE,0.5548575917879746,0.6749729939869478,0.6158976441337953,0.9476674795150756,0.9997888207435608
127,2.117,28,RIGHT_ANKLE,0.4906468575909029,0.7183716041701187,0.24855845882779096,0.9841368794441224,0.9998431205749512
127,2.117,29,LEFT_HEEL,0.5510302327928094,0.679415228820983,0.6517252184095843,0.8090782761573792,0.9997490048408508
127,2.117,30,RIGHT_HEEL,0.5001803352719265,0.72781751269386,0.2603475664343155,0.871167778968811,0.9996238946914672
127,2.117,31,LEFT_FOOT_INDEX,0.5604854027430222,0.7114777706918269,0.5251301541214902,0.9498305320739746,0.9992596507072448
127,2.117,32,RIGHT_FOOT_INDEX,0.471269901309695,0.741162544205076,0.07986895172368916,0.9750164151191713,0.99733704328537
128,2.134,0,NOSE,0.5143151425179986,0.40417576261929133,-0.39473142936116207,0.9999722838401794,0.999697208404541
128,2.134,1,LEFT_EYE_INNER,0.5216300459135151,0.39630962553478455,-0.3717276425588702,0.999860942363739,0.9988952875137328
128,2.134,2,LEFT_EYE,0.5253711058979949,0.3962637867246359,-0.37174421974590877,0.999853253364563,0.9988447427749634
128,2.134,3,LEFT_EYE_OUTER,0.5295094421931681,0.396292443786349,-0.3716878706500647,0.9998151659965516,0.9987658262252808
128,2.134,4,RIGHT_EYE_INNER,0.5062262642951243,0.3964762673491527,-0.3729225978964854,0.999874234199524,0.9990623593330384
128,2.134,5,RIGHT_EYE,0.5001786024797534,0.3966676791508995,-0.3729154467582706,0.9998633861541748,0.999037742614746
128,2.134,6,RIGHT_EYE_OUTER,0.4950244015171419,0.396919382469995,-0.3729952559584666,0.999850869178772,0.999055564403534
128,2.134,7,LEFT_EAR,0.5351745912006929,0.39931342289561356,-0.2164140159175511,0.9996477961540222,0.998749852180481
128,2.134,8,RIGHT_EAR,0.48791829603058995,0.4001996261732923,-0.2246911986952738,0.9995928406715392,0.9991662502288818
128,2.134,9,MOUTH_LEFT,0.5232169060480032,0.41294952517464084,-0.3343937084788371,0.9999375939369202,0.9997559189796448
128,2.134,10,MOUTH_RIGHT,0.5055802549634666,0.4138424822262359,-0.3367981499149688,0.999948263168335,0.9997901320457458
128,2.134,11,LEFT_SHOULDER,0.580512818836031,0.44967355046953517,-0.12028726828949798,0.9999613165855408,0.9998371601104736
128,2.134,12,RIGHT_SHOULDER,0.4444292045774918,0.4509651206788567,-0.11191074975899296,0.999964952468872,0.9999347925186156
128,2.134,13,LEFT_ELBOW,0.606348471982139,0.5038188752673927,-0.05645441104258807,0.990153968334198,0.9996121525764464
128,2.134,14,RIGHT_ELBOW,0.4206138707342606,0.5050437762623745,-0.07155855780556092,0.9774897694587708,0.9996132254600524
128,2.134,15,LEFT_WRIST,0.6241199374198919,0.5533231695493067,-0.22254350568567022,0.9916531443595886,0.9997197985649108
128,2.134,16,RIGHT_WRIST,0.43067202823502715,0.5528122555641906,-0.2275829386143459,0.9701357483863832,0.9995360374450684
128,2.134,17,LEFT_PINKY,0.6323293816475647,0.5700916903359554,-0.2693924598750616,0.9832056760787964,0.9994179010391236
128,2.134,18,RIGHT_PINKY,0.4328707456588749,0.5720759374754774,-0.2751621802647911,0.9486291408538818,0.9993391633033752
128,2.134,19,LEFT_INDEX,0.6256442807969598,0.5694766441981003,-0.31923411857514183,0.9840560555458068,0.9994966983795166
128,2.134,20,RIGHT_INDEX,0.4434784324396228,0.568952790328435,-0.3186659372988204,0.9536614418029784,0.9994074106216432
128,2.134,21,LEFT_THUMB,0.6196835722242089,0.5640014069420956,-0.24491556059746536,0.9795815348625184,0.9996553659439088
128,2.134,22,RIGHT_THUMB,0.44628292889822135,0.5617297093073532,-0.247948977209273,0.9471771121025084,0.9995649456977844
128,2.134,23,LEFT_HIP,0.558078805605571,0.5651657269114545,-0.00956189304235429,0.9996346831321716,0.9996541738510132
128,2.134,24,RIGHT_HIP,0.479035752160209,0.5699229439099636,0.00952825513446608,0.9999365210533142,0.9999419450759888
128,2.134,25,LEFT_KNEE,0.566504543735868,0.6312365503538229,0.17878730169364399,0.9820365309715272,0.9998538494110109
128,2.134,26,RIGHT_KNEE,0.48507111129306657,0.6452809146472391,0.035594161067690144,0.9903465509414672,0.9999558925628662
128,2.134,27,LEFT_ANKLE,0.5548478535243448,0.6800892211142047,0.5673028074559716,0.9509559869766236,0.9997531771659852
128,2.134,28,RIGHT_ANKLE,0.49072667672520637,0.7181126333418353,0.2626021390869506,0.9847813844680786,0.9998138546943665
128,2.134,29,LEFT_HEEL,0.550832901682173,0.6862011892454971,0.5978943251428155,0.8158113360404968,0.9996867179870604
128,2.134,30,RIGHT_HEEL,0.5004695256551112,0.7274970213572192,0.27442869969776723,0.8770012259483337,0.9995452761650084
128,2.134,31,LEFT_FOOT_INDEX,0.5607420830499563,0.716493481681461,0.4629162535780956,0.9529871344566344,0.9991135001182556
128,2.134,32,RIGHT_FOOT_INDEX,0.47125632564226827,0.7410464485486356,0.09590037273509165,0.97606360912323,0.996920108795166
129,2.15,0,NOSE,0.5146958458991282,0.40353532348360366,-0.38624695936838815,0.9999732971191406,0.9997517466545104
129,2.15,1,LEFT_EYE_INNER,0.5219169940267295,0.39566037058830295,-0.36259316972323863,0.9998658299446106,0.999096155166626
129,2.15,2,LEFT_EYE,0.5257101513090593,0.3956228068896706,-0.36261697184471886,0.9998582005500792,0.9990600943565368
129,2.15,3,LEFT_EYE_OUTER,0.5298289486340119,0.39567080707777147,-0.3625685373942061,0.9998219013214112,0.9989803433418274
129,2.15,4,RIGHT_EYE_INNER,0.5066133624031435,0.3957986647174475,-0.3646373266265509,0.999879002571106,0.9992161989212036
129,2.15,5,RIGHT_EYE,0.5005836202984769,0.3959858190445676,-0.36462870098295697,0.999868094921112,0.999188244342804
129,2.15,6,RIGHT_EYE_OUTER,0.4953740366867615,0.3962410617442361,-0.3646853154613861,0.9998562335968018,0.999187171459198
129,2.15,7,LEFT_EAR,0.5354223450024927,0.3987744266078589,-0.20652782491275257,0.999662458896637,0.9989822506904602
129,2.15,8,RIGHT_EAR,0.4881907871791299,0.3996481696764632,-0.2180127253135047,0.9996109008789062,0.9992652535438538
129,2.15,9,MOUTH_LEFT,0.5234472893533257,0.4124153597014295,-0.3256240997995652,0.9999393224716188,0.999813973903656
129,2.15,10,MOUTH_RIGHT,0.5059090256690983,0.41319783528645865,-0.32902858512742206,0.9999498128890992,0.999833345413208
129,2.15,11,LEFT_SHOULDER,0.580598706290836,0.4491725038914457,-0.11459328376111536,0.999961256980896,0.999849796295166
129,2.15,12,RIGHT_SHOULDER,0.4440663825897947,0.4502634576388772,-0.10818790821802057,0.999964475631714,0.9999293088912964
129,2.15,13,LEFT_ELBOW,0.6068925829160787,0.5029441771053137,-0.05738764646507444,0.989998698234558,0.9996094107627868
129,2.15,14,RIGHT_ELBOW,0.4199052353700006,0.5041354894638066,-0.07500189826602027,0.9766342043876648,0.99958473443985
129,2.15,15,LEFT_WRIST,0.6257152188391918,0.5529714879535499,-0.22510390835148966,0.9913685917854308,0.99972802400589
129,2.15,16,RIGHT_WRIST,0.4313751359780633,0.5514999769982842,-0.23740452598957804,0.9693574905395508,0.9995173215866088
129,2.15,17,LEFT_PINKY,0.6338899788402381,0.5699149739174622,-0.27223943812506557,0.9826602339744568,0.9994165897369384
129,2.15,18,RIGHT_PINKY,0.433913913511095,0.5713260741460896,-0.28541708560217016,0.9475858211517334,0.999302864074707
129,2.15,19,LEFT_INDEX,0.6272377542087015,0.5693515397253496,-0.3213474835668294,0.9835403561592102,0.9995146989822388
129,2.15,20,RIGHT_INDEX,0.44461715079489245,0.5678701287224184,-0.32788218486876747,0.952399969100952,0.9993915557861328
129,2.15,21,LEFT_THUMB,0.621435716038659,0.5635554080917726,-0.24726520620641274,0.9790213704109192,0.999675750732422
129,2.15,22,RIGHT_THUMB,0.44729878079323576,0.5605760273479286,-0.25763756533463816,0.9455997943878174,0.9995583891868592
129,2.15,23,LEFT_HIP,0.5577608942985539,0.5651067041215447,-0.009829034407933495,0.9996347427368164,0.9996531009674072
129,2.15,24,RIGHT_HIP,0.47853327648980326,0.5697323566391359,0.009795055148147352,0.9999346137046814,0.9999300241470336
129,2.15,25,LEFT_KNEE,0.5664638791765491,0.6313026575815115,0.1641476360105334,0.9826977849006652,0.9998726844787598
129,2.15,26,RIGHT_KNEE,0.4846377855255494,0.6451549671945124,0.05362535844601336,0.99051696062088,0.9999603033065796
129,2.15,27,LEFT_ANKLE,0.5550667473248078,0.687256691001711,0.4980354876745319,0.954039990901947,0.999772846698761
129,2.15,28,RIGHT_ANKLE,0.4909336907523023,0.7177166882015417,0.2873674375670299,0.9854952692985536,0.999840259552002
129,2.15,29,LEFT_HEEL,0.5507338898522518,0.6945469152359742,0.5225801084722796,0.8227158784866333,0.9996851682662964
129,2.15,30,RIGHT_HEEL,0.5007865741139371,0.7270055242947177,0.29988530987785,0.8826872706413269,0.999614953994751
129,2.15,31,LEFT_FOOT_INDEX,0.5613816948164082,0.7221532946541203,0.3796698805831731,0.9557194113731384,0.9987797141075134
129,2.15,32,RIGHT_FOOT_INDEX,0.4716372163522815,0.7408908804257718,0.12756656536034183,0.9771140813827516,0.9973229765892028
130,2.167,0,NOSE,0.5150705888157804,0.4028772967202326,-0.36513115678514785,0.9999727010726928,0.9996639490127563
130,2.167,1,LEFT_EYE_INNER,0.5221488106818432,0.3950563172499343,-0.34060228722436114,0.9998629093170166,0.9989558458328248
130,2.167,2,LEFT_EYE,0.5259925070263095,0.39502216662679435,-0.3406367372898832,0.999855637550354,0.9989295601844788
130,2.167,3,LEFT_EYE_OUTER,0.530085580689567,0.39507882509912795,-0.34059804110300007,0.999820113182068,0.9988608360290528
130,2.167,4,RIGHT_EYE_INNER,0.5070265304474608,0.39518100732848793,-0.3434724027202245,0.9998762011528016,0.999032735824585
130,2.167,5,RIGHT_EYE,0.5010470095134921,0.39536452577227665,-0.3434617448420755,0.9998648762702942,0.9989672899246216
130,2.167,6,RIGHT_EYE_OUTER,0.4957428092048286,0.39562246345338403,-0.34349269242513775,0.9998522400856018,0.9989184141159058
130,2.167,7,LEFT_EAR,0.5356422634351826,0.39827333035923224,-0.18562671329293945,0.999658703804016,0.9988967180252076
130,2.167,8,RIGHT_EAR,0.4884237519332345,0.3991684260822481,-0.20044413279919415,0.9996131658554076,0.9989056587219238
130,2.167,9,MOUTH_LEFT,0.5236372862543384,0.4118114255723503,-0.3054222209112988,0.9999380111694336,0.9997525811195374
130,2.167,10,MOUTH_RIGHT,0.5062276664234348,0.4125127664634163,-0.3098487300532207,0.9999483823776244,0.999750792980194
130,2.167,11,LEFT_SHOULDER,0.5806847271465125,0.44883285675730067,-0.10174978772799179,0.999960482120514,0.99986469745636
130,2.167,12,RIGHT_SHOULDER,0.4437794174466818,0.44966763967559487,-0.09770163255078457,0.9999603033065796,0.9998378753662108
130,2.167,13,LEFT_ELBOW,0.6074695643924537,0.50212212687447,-0.05700403540616945,0.9898293018341064,0.9996758699417114
130,2.167,14,RIGHT_ELBOW,0.4193703603176847,0.5034774371555878,-0.07906169870070048,0.9761589765548706,0.9993742108345032
130,2.167,15,LEFT_WRIST,0.6269000853810998,0.5526064861388439,-0.22292237977186857,0.9910048246383668,0.999733030796051
130,2.167,16,RIGHT_WRIST,0.43181466488611164,0.5504099896975931,-0.2504562536875409,0.968587040901184,0.999370276927948
130,2.167,17,LEFT_PINKY,0.6354015696616406,0.5697874029477442,-0.2694705228010816,0.9818967580795288,0.999372899532318
130,2.167,18,RIGHT_PINKY,0.43441959505989475,0.5705507709866484,-0.29914188101178146,0.9461292028427124,0.999076247215271
130,2.167,19,LEFT_INDEX,0.6286773255893168,0.5692562602815179,-0.31738018989563016,0.9828511476516724,0.9994712471961976
130,2.167,20,RIGHT_INDEX,0.44503372765722765,0.5669267376263941,-0.3400501906871799,0.9507507085800172,0.9991974234580994
130,2.167,21,LEFT_THUMB,0.6228097847529825,0.5633026560147609,-0.24466225504875205,0.9782834649086,0.9996547698974608
130,2.167,22,RIGHT_THUMB,0.44770246034576816,0.5596758155595694,-0.2705024913662958,0.9436888694763184,0.9994127750396729
130,2.167,23,LEFT_HIP,0.5572306400253664,0.5650054301534385,-0.009531268938666246,0.9996297955513,0.9995537400245668
130,2.167,24,RIGHT_HIP,0.4778116600854061,0.5695438498542428,0.009494813380851603,0.9999204874038696,0.99981290102005
130,2.167,25,LEFT_KNEE,0.5663326382637028,0.6316326288949882,0.13279657136826295,0.9835713505744934,0.9998806715011596
130,2.167,26,RIGHT_KNEE,0.48419185763313705,0.6449059049288437,0.06316979708416125,0.9907447695732116,0.9999274015426636
130,2.167,27,LEFT_ANKLE,0.5552922629174737,0.6951622281755727,0.40783260833649443,0.957370102405548,0.9997473359107972
130,2.167,28,RIGHT_ANKLE,0.4912732640902206,0.7173742708705727,0.29671979660079617,0.986185610294342,0.9998038411140442
130,2.167,29,LEFT_HEEL,0.5505934017045162,0.7028993141083497,0.4258432416688832,0.8303313255310059,0.9996139407157898
130,2.167,30,RIGHT_HEEL,0.5011005912508288,0.7266798161325008,0.3093501045590358,0.887116014957428,0.9995803236961364
130,2.167,31,LEFT_FOOT_INDEX,0.5620383109365197,0.727867606140319,0.2754576667433696,0.9586308002471924,0.9982115030288696
130,2.167,32,RIGHT_FOOT_INDEX,0.4724568767207014,0.7406776320366639,0.14384573449691146,0.9781899452209472,0.99751877784729
131,2.184,0,NOSE,0.515394508838654,0.40226382300967295,-0.34056718008858844,0.9999737739562988,0.9997742772102356
131,2.184,1,LEFT_EYE_INNER,0.5222979784011845,0.39458893168540266,-0.31536215685662794,0.9998698830604552,0.9993081092834472
131,2.184,2,LEFT_EYE,0.5261858048893162,0.3945620471522925,-0.31540695826212595,0.9998633861541748,0.9993250370025636
131,2.184,3,LEFT_EYE_OUTER,0.5303193444297433,0.3946260738940469,-0.3153771445864726,0.9998303651809692,0.9993021488189696
131,2.184,4,RIGHT_EYE_INNER,0.5073805650075282,0.39468985654058947,-0.3187210616611301,0.9998819231987,0.999263346195221
131,2.184,5,RIGHT_EYE,0.5014342495373322,0.3948591450850172,-0.3187090130079363,0.9998712539672852,0.9991838335990906
131,2.184,6,RIGHT_EYE_OUTER,0.4959771292550228,0.3951052966571993,-0.3187224439212256,0.9998587369918824,0.9991017580032348
131,2.184,7,LEFT_EAR,0.5358284655071445,0.3978887966700966,-0.16273794784432377,0.9996803402900696,0.9994136095046996
131,2.184,8,RIGHT_EAR,0.4886040020556681,0.39875281566665316,-0.17985768261409957,0.9996380805969238,0.9990338087081908
131,2.184,9,MOUTH_LEFT,0.5237418469928565,0.4112254778544111,-0.2824211815992994,0.9999407529830932,0.9998553991317748
131,2.184,10,MOUTH_RIGHT,0.5064328000659039,0.41184895804950206,-0.287497306153888,0.9999504089355468,0.999825656414032
131,2.184,11,LEFT_SHOULDER,0.5807778040568039,0.44867560267448464,-0.08665194823628383,0.9999619722366332,0.9999277591705322
131,2.184,12,RIGHT_SHOULDER,0.44359553995586615,0.4492423818224956,-0.08545784155527753,0.9999563694000244,0.999782383441925
131,2.184,13,LEFT_ELBOW,0.607976206711361,0.5015072169758029,-0.054660904442980204,0.9898305535316468,0.9997654557228088
131,2.184,14,RIGHT_ELBOW,0.41896365370069266,0.5029839873313908,-0.08011085611014139,0.9748741388320924,0.9991270899772644
131,2.184,15,LEFT_WRIST,0.6279167618070336,0.5523498711131872,-0.21899402070613153,0.9910529255867004,0.9998006224632264
131,2.184,16,RIGHT_WRIST,0.43203513962881945,0.549476788157509,-0.2558457333417168,0.9672893285751344,0.999180018901825
131,2.184,17,LEFT_PINKY,0.6368648097628645,0.5697010925837931,-0.2648160329886847,0.9820466637611388,0.9994373917579652
131,2.184,18,RIGHT_PINKY,0.4346160917055043,0.5697995793251769,-0.30472007251921185,0.9447658658027648,0.9988082647323608
131,2.184,19,LEFT_INDEX,0.6302251049450471,0.5691390690349403,-0.3123312209333695,0.983028531074524,0.9995656609535216
131,2.184,20,RIGHT_INDEX,0.4451921880245212,0.5661402287937352,-0.3443237926278798,0.9492124319076538,0.9990092515945436
131,2.184,21,LEFT_THUMB,0.6242525719460992,0.5631848800750011,-0.24057272928101692,0.9785498976707458,0.999727427959442
131,2.184,22,RIGHT_THUMB,0.4479053275925776,0.5589978780065269,-0.2757309973239901,0.941992998123169,0.9992775321006776
131,2.184,23,LEFT_HIP,0.5566347667149141,0.5649601959046868,-0.008518146328805416,0.9996412992477416,0.9996464252471924
131,2.184,24,RIGHT_HIP,0.4771749774614974,0.5694192392485488,0.008481904686916427,0.999908983707428,0.9997617602348328
131,2.184,25,LEFT_KNEE,0.5662371090480265,0.6329573988914495,0.09708884837371967,0.9844862222671508,0.9998960494995116
131,2.184,26,RIGHT_KNEE,0.48387594308171994,0.644865512847901,0.06505550231252402,0.9909002780914308,0.999886393547058
131,2.184,27,LEFT_ANKLE,0.5555912483306162,0.7028189897537238,0.3304323227632616,0.9605407118797302,0.9995743632316588
131,2.184,28,RIGHT_ANKLE,0.49185661758695376,0.7172854656264902,0.30089253754842876,0.9866676926612854,0.9996095299720764
131,2.184,29,LEFT_HEEL,0.5503637989362086,0.7113899162837444,0.34380472699801157,0.8384752869606018,0.9992475509643556
131,2.184,30,RIGHT_HEEL,0.5015597740809128,0.7266635667710084,0.3139759628545673,0.8904088139533997,0.9991700649261476
131,2.184,31,LEFT_FOOT_INDEX,0.5631806822050192,0.73365167492912,0.18759278882117508,0.9612371921539308,0.995954155921936
131,2.184,32,RIGHT_FOOT_INDEX,0.4739445589837578,0.7406403252056674,0.15412406091179176,0.978867769241333,0.9952011108398438
132,2.2,0,NOSE,0.515852116403126,0.4017086837972917,-0.32060521982965046,0.9999738931655884,0.99971204996109
132,2.2,1,LEFT_EYE_INNER,0.5225175902957013,0.3942238134997235,-0.29500932494799326,0.9998725056648254,0.999138355255127
132,2.2,2,LEFT_EYE,0.5264652626855038,0.3942023799532939,-0.2950620197114493,0.999866783618927,0.9991617202758788
132,2.2,3,LEFT_EYE_OUTER,0.5306608847209391,0.39426853543236173,-0.2950367175397421,0.9998355507850648,0.9991426467895508
132,2.2,4,RIGHT_EYE_INNER,0.5078716590290981,0.39429463233266593,-0.2986797009195603,0.9998833537101746,0.9990816116333008
132,2.2,5,RIGHT_EYE,0.5019534201849079,0.39444713507379836,-0.2986643200828918,0.999872863292694,0.9989783763885498
132,2.2,6,RIGHT_EYE_OUTER,0.49628687046823095,0.39467537545022546,-0.2986739519096559,0.9998598098754884,0.9988862872123718
132,2.2,7,LEFT_EAR,0.535943828877949,0.3975622781685424,-0.14524338855629887,0.9996921420097352,0.999283254146576
132,2.2,8,RIGHT_EAR,0.48874342867306336,0.39835059217044316,-0.16422816543352048,0.9996500611305236,0.9988585710525512
132,2.2,9,MOUTH_LEFT,0.5238757843062996,0.4106818054403581,-0.26427048444747947,0.9999414682388306,0.999826729297638
132,2.2,10,MOUTH_RIGHT,0.5067807010241923,0.4112306733926141,-0.26981963430132205,0.9999504685401917,0.999784767627716
132,2.2,11,LEFT_SHOULDER,0.580829038506463,0.4486478084609626,-0.07487742106119795,0.9999622702598572,0.999913215637207
132,2.2,12,RIGHT_SHOULDER,0.4434904456138615,0.4490451543104085,-0.07576767461640496,0.9999499917030334,0.9997312426567078
132,2.2,13,LEFT_ELBOW,0.6082898860885989,0.5012388342902778,-0.05211356069360465,0.9897798299789428,0.9997337460517884
132,2.2,14,RIGHT_ELBOW,0.41846786510376743,0.502709153152648,-0.08048972700323379,0.973457932472229,0.9990257024765016
132,2.2,15,LEFT_WRIST,0.6287464414324085,0.5521603396960673,-0.21582321184022102,0.9909553527832032,0.9997662901878356
132,2.2,16,RIGHT_WRIST,0.43218729893366536,0.5488619179952717,-0.25645299397763777,0.965646266937256,0.9991043210029602
132,2.2,17,LEFT_PINKY,0.6381202084677566,0.5695876081784572,-0.261442188705717,0.9819144010543824,0.9993576407432556
132,2.2,18,RIGHT_PINKY,0.4347139667897001,0.5692242667788556,-0.304999044963292,0.9426197409629822,0.9987154006958008
132,2.2,19,LEFT_INDEX,0.6317496555192135,0.5689753975187035,-0.3080976577032183,0.9829323887825012,0.9995009899139404
132,2.2,20,RIGHT_INDEX,0.445327311754227,0.5655894279479986,-0.34432321219217243,0.9469372034072876,0.9989138841629028
132,2.2,21,LEFT_THUMB,0.6257533941950122,0.5630867821829664,-0.23721779811949972,0.978487491607666,0.9996817111968994
132,2.2,22,RIGHT_THUMB,0.4480651971839727,0.5585631103742696,-0.2763190063692277,0.9395379424095154,0.9992015957832336
132,2.2,23,LEFT_HIP,0.5558973068282723,0.5652063659259257,-0.007984480731898787,0.9996464252471924,0.9996324777603148
132,2.2,24,RIGHT_HIP,0.4765754483994988,0.569402572654543,0.007947044070100488,0.9998928308486938,0.999733865261078
132,2.2,25,LEFT_KNEE,0.5660920199893775,0.6354737821079441,0.06954364212495939,0.9851490259170532,0.9998927116394044
132,2.2,26,RIGHT_KNEE,0.483532038472948,0.6451081548418324,0.06132185317221145,0.9909070134162904,0.9998838901519777
132,2.2,27,LEFT_ANKLE,0.5560689426603777,0.7096102237701423,0.28699757513545837,0.9633045792579652,0.9996557235717772
132,2.2,28,RIGHT_ANKLE,0.4925088641189398,0.7175599109558839,0.29553603416397484,0.9870367646217346,0.9996637105941772
132,2.2,29,LEFT_HEEL,0.5502048333485927,0.7186122451509755,0.29851954749652343,0.8448840975761414,0.9993935823440552
132,2.2,30,RIGHT_HEEL,0.5021412230673296,0.7270984479359225,0.30857845715114074,0.8924301266670227,0.99929940700531
132,2.2,31,LEFT_FOOT_INDEX,0.5650966479664763,0.7389789450736279,0.1417783802109106,0.9634514451026917,0.9969663023948668
132,2.2,32,RIGHT_FOOT_INDEX,0.47549320828347025,0.7409423646472757,0.15202907295454124,0.9794018864631652,0.9963752627372742
133,2.217,0,NOSE,0.5165230972426282,0.4013220951670696,-0.30858247336887207,0.9999735951423644,0.9997114539146424
133,2.217,1,LEFT_EYE_INNER,0.5229554119564244,0.39400574423017987,-0.28292478408132304,0.999872386455536,0.9991470575332642
133,2.217,2,LEFT_EYE,0.5270103812217717,0.3939905677522936,-0.28298078406424776,0.9998673796653748,0.9991674423217772
133,2.217,3,LEFT_EYE_OUTER,0.5312664906183884,0.39405492373875245,-0.2829577142284032,0.9998371005058287,0.999153733253479
133,2.217,4,RIGHT_EYE_INNER,0.508565329370045,0.3940639510041195,-0.2864954372247063,0.9998818039894104,0.999101996421814
133,2.217,5,RIGHT_EYE,0.502645211560386,0.3942141774154848,-0.28647815755435424,0.999871551990509,0.9990041851997375
133,2.217,6,RIGHT_EYE_OUTER,0.49671765878087043,0.3944315924530941,-0.286490321159363,0.9998573064804076,0.9989107847213744
133,2.217,7,LEFT_EAR,0.5361228074346275,0.39738006818862226,-0.13504977240448918,0.9996958374977112,0.9992889165878296
133,2.217,8,RIGHT_EAR,0.4888783224991393,0.39812400369417134,-0.1538326364187968,0.999657154083252,0.99889475107193
133,2.217,9,MOUTH_LEFT,0.5241092443466191,0.41030680565607014,-0.25319281930015225,0.999941885471344,0.9998331069946288
133,2.217,10,MOUTH_RIGHT,0.5073252887952899,0.4108120770681476,-0.2586524600074407,0.999950349330902,0.9998005032539368
133,2.217,11,LEFT_SHOULDER,0.5808964002700084,0.4486864578156248,-0.06737006881407333,0.9999629855155944,0.9999319314956664
133,2.217,12,RIGHT_SHOULDER,0.4434197573434743,0.44899214307467183,-0.06732096168256943,0.999945342540741,0.9997710585594176
133,2.217,13,LEFT_ELBOW,0.6084512869517014,0.5012385788418002,-0.04855109768963997,0.989607274532318,0.9997678399086
133,2.217,14,RIGHT_ELBOW,0.41798462896120014,0.5025707312992646,-0.08017912471578237,0.972404956817627,0.9990729093551636
133,2.217,15,LEFT_WRIST,0.6294674277305609,0.552061123507364,-0.21355225074858905,0.9907481074333192,0.9997729659080504
133,2.217,16,RIGHT_WRIST,0.4323226369562607,0.548531191689628,-0.2553726157971793,0.9644412994384766,0.9990981817245485
133,2.217,17,LEFT_PINKY,0.6391301183473501,0.5694785174869361,-0.2593637335868111,0.981589138507843,0.9993896484375
133,2.217,18,RIGHT_PINKY,0.4347874876998723,0.5689219491822384,-0.30342257590520977,0.940995752811432,0.9987062215805054
133,2.217,19,LEFT_INDEX,0.6330544068699797,0.5688645782924839,-0.3051935051168717,0.9826648831367492,0.9995031356811525
133,2.217,20,RIGHT_INDEX,0.44542432682854827,0.5653350637072614,-0.3427337450640545,0.9451890587806702,0.9989025592803956
133,2.217,21,LEFT_THUMB,0.6271225469453,0.5630517687116355,-0.23484323280198244,0.9782372117042542,0.9996840953826904
133,2.217,22,RIGHT_THUMB,0.4481640188466939,0.5583874412945343,-0.2752000036693757,0.937658190727234,0.9991888403892516
133,2.217,23,LEFT_HIP,0.5552193437303821,0.565822269235339,-0.0077047221628682595,0.9996577501296996,0.9996944665908812
133,2.217,24,RIGHT_HIP,0.47617544020925295,0.5696198287464329,0.007671121685277821,0.9998803734779358,0.9997486472129822
133,2.217,25,LEFT_KNEE,0.5659522073609493,0.6390108636447367,0.054295046609782016,0.9858718514442444,0.9999197721481324
133,2.217,26,RIGHT_KNEE,0.4830834808803744,0.6456417753582915,0.05983242232884681,0.990943431854248,0.9998934268951416
133,2.217,27,LEFT_ANKLE,0.5567429150853843,0.7155229761486969,0.2603085651284175,0.9659417271614076,0.9996514320373536
133,2.217,28,RIGHT_ANKLE,0.4932135627383282,0.7180018623669948,0.2940658856005898,0.987349569797516,0.9997076392173768
133,2.217,29,LEFT_HEEL,0.5500615068844391,0.7252555773371748,0.2702795245817732,0.8514209985733032,0.9993658661842346
133,2.217,30,RIGHT_HEEL,0.502994332994734,0.7278792148544682,0.3071340436027167,0.8947274684906006,0.9994115829467772
133,2.217,31,LEFT_FOOT_INDEX,0.5678770456995288,0.7437568250156591,0.11258546963688879,0.9656034708023072,0.9966855645179749
133,2.217,32,RIGHT_FOOT_INDEX,0.4766071325256715,0.7414177202043086,0.15422765484878004,0.9799505472183228,0.9968994855880736
134,2.234,0,NOSE,0.5174562306631184,0.4011482894420627,-0.3147768051851366,0.9999728202819824,0.999756395816803
134,2.234,1,LEFT_EYE_INNER,0.5237888551893694,0.39394573370615676,-0.2888937549931665,0.9998701810836792,0.9992813467979432
134,2.234,2,LEFT_EYE,0.5279861745380225,0.3939417770930702,-0.28895205117407324,0.9998658299446106,0.9992915391921996
134,2.234,3,LEFT_EYE_OUTER,0.5322263950393318,0.3940092112336844,-0.28893044165202575,0.9998359084129332,0.9992733597755432
134,2.234,4,RIGHT_EYE_INNER,0.5095815147672386,0.3939844937551592,-0.29282499069259305,0.9998788237571716,0.999261438846588
134,2.234,5,RIGHT_EYE,0.5036822500683017,0.394139191934041,-0.29280365648723805,0.9998687505722046,0.9991884827613832
134,2.234,6,RIGHT_EYE_OUTER,0.4975499056634453,0.3943467736244205,-0.2928192587125872,0.999853014945984,0.9991137385368348
134,2.234,7,LEFT_EAR,0.5366099363281618,0.3973703724997388,-0.14043241810230994,0.9996929168701172,0.9993754029273988
134,2.234,8,RIGHT_EAR,0.48926154346693174,0.39806919296582577,-0.16058345990521578,0.9996617436408995,0.9991069436073304
134,2.234,9,MOUTH_LEFT,0.5246102015177414,0.4101699108169196,-0.25930116290137906,0.9999412298202516,0.9998559951782228
134,2.234,10,MOUTH_RIGHT,0.5081480855033516,0.410648590042478,-0.2651030719280245,0.9999493956565856,0.9998384714126588
134,2.234,11,LEFT_SHOULDER,0.5810685015860063,0.44887513489950304,-0.07006851725635077,0.9999634623527528,0.9999412298202516
134,2.234,12,RIGHT_SHOULDER,0.4435876693044394,0.44896488956042735,-0.07187972749982566,0.9999417066574096,0.9998262524604796
134,2.234,13,LEFT_ELBOW,0.6086456094469348,0.5015118888446268,-0.045455171770992744,0.9893667101860046,0.99979168176651
134,2.234,14,RIGHT_ELBOW,0.4175349984850206,0.5024629802930928,-0.07911012144315813,0.9714444875717164,0.9992289543151855
134,2.234,15,LEFT_WRIST,0.6301046098981591,0.5521163997196021,-0.21097944818791903,0.9904033541679382,0.9997974038124084
134,2.234,16,RIGHT_WRIST,0.4324462456362592,0.5484162966410324,-0.23986164515926744,0.9634984731674194,0.9992895126342772
134,2.234,17,LEFT_PINKY,0.6398773761022665,0.5695052686191746,-0.2563200550419946,0.98106849193573,0.999462068080902
134,2.234,18,RIGHT_PINKY,0.43487494332449816,0.5687898738043654,-0.28548958329927376,0.9397735595703124,0.9989681243896484
134,2.234,19,LEFT_INDEX,0.6342511404128308,0.5689465715771636,-0.30191470043999835,0.9822027087211608,0.999565064907074
134,2.234,20,RIGHT_INDEX,0.44549675498689967,0.5652984806469514,-0.32597133233433706,0.9438097476959229,0.9991264939308168
134,2.234,21,LEFT_THUMB,0.6284539586021793,0.5631974594933651,-0.23222948752698458,0.9777511954307556,0.9997251629829408
134,2.234,22,RIGHT_THUMB,0.4482037325700128,0.5584156768662594,-0.25963328991617496,0.9361619353294371,0.9993677735328674
134,2.234,23,LEFT_HIP,0.5546223975363237,0.5667175678979788,-0.007389413259391245,0.9996718168258668,0.9997429251670836
134,2.234,24,RIGHT_HIP,0.4759913611979716,0.5698948076793131,0.007358152574549097,0.9998703002929688,0.9998003840446472
134,2.234,25,LEFT_KNEE,0.5656876223427914,0.6430831352869675,0.04306458384685571,0.986457347869873,0.9999430179595948
134,2.234,26,RIGHT_KNEE,0.48249505956967714,0.6463184413455787,0.06771450276885717,0.9907891750335692,0.9999241828918456
134,2.234,27,LEFT_ANKLE,0.5578206692423144,0.721524582022713,0.23317234005246862,0.9683719873428344,0.9997103810310364
134,2.234,28,RIGHT_ANKLE,0.4937404280617128,0.7182847857475287,0.31491310823531404,0.9874916672706604,0.9997814297676086
134,2.234,29,LEFT_HEEL,0.550152440865835,0.732160389423371,0.24115073397046063,0.857850968837738,0.9994402527809144
134,2.234,30,RIGHT_HEEL,0.50387016648338,0.7284687927791057,0.32929170699346666,0.8968872427940369,0.9995488524436952
134,2.234,31,LEFT_FOOT_INDEX,0.5710215086028695,0.7482586077281413,0.07792574211600282,0.9675269722938538,0.9967936873435974
134,2.234,32,RIGHT_FOOT_INDEX,0.477259762230374,0.7418660237675627,0.17843835978280942,0.9802848100662231,0.9976162910461426
135,2.25,0,NOSE,0.5189854531061087,0.4012750302042284,-0.3239683977195198,0.9999734163284302,0.99982750415802
135,2.25,1,LEFT_EYE_INNER,0.5250444213549301,0.39407060969443586,-0.29763460585049245,0.999873697757721,0.9994899034500122
135,2.25,2,LEFT_EYE,0.5294448307582316,0.3940775891145074,-0.29769631510689165,0.9998700022697448,0.9995070695877076
135,2.25,3,LEFT_EYE_OUTER,0.5336593048913143,0.39414767424265584,-0.29767811156454566,0.9998414516448976,0.999503254890442
135,2.25,4,RIGHT_EYE_INNER,0.5110656562305637,0.3940908227648057,-0.30268912655966645,0.9998815655708312,0.999450981616974
135,2.25,5,RIGHT_EYE,0.5051646629969283,0.3942422384307501,-0.30266270609129065,0.999871790409088,0.9993888139724731
135,2.25,6,RIGHT_EYE_OUTER,0.4988201147034059,0.39444312027522527,-0.3026728445575353,0.9998552203178406,0.9993271827697754
135,2.25,7,LEFT_EAR,0.5373977195648925,0.3975244945003876,-0.14761050967943112,0.9997014999389648,0.9996029734611512
135,2.25,8,RIGHT_EAR,0.4899269910085774,0.39816020642008143,-0.17272438889458075,0.9996770620346068,0.9993256330490112
135,2.25,9,MOUTH_LEFT,0.5255017734709245,0.41029908401625537,-0.2680595119794212,0.9999433755874634,0.999914050102234
135,2.25,10,MOUTH_RIGHT,0.5094685753186549,0.41076690526235715,-0.2752399047215782,0.9999508261680604,0.99989116191864
135,2.25,11,LEFT_SHOULDER,0.5813730075245818,0.4492785221054444,-0.0738653143246969,0.9999653697013856,0.9999735355377196
135,2.25,12,RIGHT_SHOULDER,0.4436554199173341,0.44901604453722677,-0.08286626636981971,0.9999405741691588,0.9998562335968018
135,2.25,13,LEFT_ELBOW,0.6088143104598641,0.5021301876930968,-0.04270222942743983,0.9893653988838196,0.9998806715011596
135,2.25,14,RIGHT_ELBOW,0.4172844461032326,0.5025244497117547,-0.08696909000476205,0.9709616303443908,0.9992491602897644
135,2.25,15,LEFT_WRIST,0.6306858119510474,0.5524226767676222,-0.20800498340811063,0.9904602766036988,0.9998794794082642
135,2.25,16,RIGHT_WRIST,0.4326566812537969,0.5485526976131263,-0.24506352841854118,0.9631949067115784,0.9993591904640198
135,2.25,17,LEFT_PINKY,0.6405129461061392,0.5697462246531537,-0.25276292789550076,0.9812714457511902,0.9996387958526612
135,2.25,18,RIGHT_PINKY,0.4350071989354637,0.5688324116525201,-0.2902599161579498,0.9395659565925598,0.9990847110748292
135,2.25,19,LEFT_INDEX,0.6352064864976071,0.5693127172333858,-0.29870329016730923,0.9824169874191284,0.999710977077484
135,2.25,20,RIGHT_INDEX,0.44561488287789525,0.565412268752144,-0.33133648832639084,0.9433468580245972,0.99921977519989
135,2.25,21,LEFT_THUMB,0.6295342275074556,0.5635960868426737,-0.22937867825939562,0.9780271649360656,0.9998248219490052
135,2.25,22,RIGHT_THUMB,0.4483119164194384,0.55857341062455,-0.2648610075314842,0.9354988932609558,0.9994378685951232
135,2.25,23,LEFT_HIP,0.5541031899906346,0.5676876334916983,-0.006687685736410648,0.9996935725212096,0.9998916387557985
135,2.25,24,RIGHT_HIP,0.47576198975245204,0.5701854172207066,0.006663742430862901,0.9998657703399658,0.9998723268508912
135,2.25,25,LEFT_KNEE,0.5651025261197776,0.6470987143970677,0.03523594196442335,0.9870023131370544,0.9999712705612184
135,2.25,26,RIGHT_KNEE,0.4817832779316679,0.6470880451656529,0.08406826126433556,0.990410327911377,0.9999374151229858
135,2.25,27,LEFT_ANKLE,0.5589450654529395,0.7270951895486748,0.20255556276866385,0.970622718334198,0.999743402004242
135,2.25,28,RIGHT_ANKLE,0.49408911097617425,0.718258957068126,0.34848683362915434,0.9872018694877625,0.9998027682304382
135,2.25,29,LEFT_HEEL,0.5501845024880914,0.7380159923008517,0.20787061183225558,0.8643888831138611,0.9994462132453918
135,2.25,30,RIGHT_HEEL,0.5046490402448749,0.7285041922614695,0.3646666294052491,0.8966585993766785,0.999603807926178
135,2.25,31,LEFT_FOOT_INDEX,0.5740904439063305,0.7524903615315762,0.039901862807926694,0.9693931937217712,0.9964131712913512
135,2.25,32,RIGHT_FOOT_INDEX,0.47759805548758777,0.7422337872641434,0.21748540869780963,0.9802623987197876,0.9980826377868652
136,2.267,0,NOSE,0.5206462513832824,0.40138943706240005,-0.3289890204157151,0.9999741911888124,0.9998512268066406
136,2.267,1,LEFT_EYE_INNER,0.5265296129953299,0.3941840146269121,-0.3021070772693274,0.9998778700828552,0.9995736479759216
136,2.267,2,LEFT_EYE,0.5311261188416259,0.39419982830683425,-0.3021723997025265,0.9998746514320374,0.9995898604393004
136,2.267,3,LEFT_EYE_OUTER,0.5352759730248229,0.3942744703519915,-0.30215891060375055,0.9998475909233092,0.9995920062065125
136,2.267,4,RIGHT_EYE_INNER,0.5127084879648123,0.39418366835230906,-0.3079841065974465,0.9998849630355836,0.99953293800354
136,2.267,5,RIGHT_EYE,0.5068313820021498,0.39433700839678476,-0.3079513921624141,0.9998754858970642,0.9994757771492004
136,2.267,6,RIGHT_EYE_OUTER,0.5003348816008799,0.3945331133547286,-0.30794965369360816,0.999858260154724,0.999417781829834
136,2.267,7,LEFT_EAR,0.5384920892261329,0.39769120159603333,-0.15042712149165938,0.9997084140777588,0.9996752738952636
136,2.267,8,RIGHT_EAR,0.49077660129183864,0.39822418916793134,-0.17935228844483705,0.9996922612190248,0.9994215965270996
136,2.267,9,MOUTH_LEFT,0.5266325019654778,0.4104059977190839,-0.2726628070785888,0.999945878982544,0.9999275207519532
136,2.267,10,MOUTH_RIGHT,0.5109188074157356,0.41083423296610555,-0.28091952914283413,0.9999526739120485,0.9999072551727296
136,2.267,11,LEFT_SHOULDER,0.5817703065418067,0.44986708675112086,-0.07514672974745434,0.999967098236084,0.9999790191650392
136,2.267,12,RIGHT_SHOULDER,0.44378661541711756,0.44905879951658745,-0.0906374103256635,0.9999401569366456,0.9998687505722046
136,2.267,13,LEFT_ELBOW,0.6089245308013195,0.5030103297460651,-0.04127829415457589,0.9893457293510436,0.9998952150344848
136,2.267,14,RIGHT_ELBOW,0.41720945920263053,0.5027651275907249,-0.095667781219596,0.971217691898346,0.9992339611053468
136,2.267,15,LEFT_WRIST,0.6311775928451907,0.5529872718311497,-0.207661977126485,0.9903562068939208,0.99988055229187
136,2.267,16,RIGHT_WRIST,0.43295701060976344,0.549002281257085,-0.2571009943882626,0.9629185795783995,0.9993106126785278
136,2.267,17,LEFT_PINKY,0.6410754635220488,0.5702701040676668,-0.2527396565391906,0.981111705303192,0.999653458595276
136,2.267,18,RIGHT_PINKY,0.43517132174401096,0.5690878516151796,-0.30273727434022113,0.938990831375122,0.9990517497062684
136,2.267,19,LEFT_INDEX,0.6361029488699782,0.5699976370448163,-0.2989481148265659,0.982300102710724,0.9997130036354064
136,2.267,20,RIGHT_INDEX,0.44578865880057966,0.565708302316212,-0.3439157335531147,0.94253671169281,0.9991649389266968
136,2.267,21,LEFT_THUMB,0.6305407824970433,0.5643315882909871,-0.2292657806759791,0.9778844118118286,0.999823272228241
136,2.267,22,RIGHT_THUMB,0.448517481486003,0.5589019343966535,-0.2768853037130267,0.9343371987342834,0.9993913173675536
136,2.267,23,LEFT_HIP,0.5534753799438482,0.5686102026984811,-0.005907797077227172,0.9997137784957886,0.9999111890792848
136,2.267,24,RIGHT_HIP,0.4752872855890369,0.5704478309268048,0.005891828420793705,0.9998592734336852,0.9998644590377808
136,2.267,25,LEFT_KNEE,0.5641479208355864,0.6501418181828096,0.018102421513980334,0.9874480962753296,0.9999778270721436
136,2.267,26,RIGHT_KNEE,0.4810283822672712,0.6480204860369371,0.0965374175991331,0.9900115728378296,0.9999397993087769
136,2.267,27,LEFT_ANKLE,0.5602217288244343,0.7318993806838996,0.15861394078958613,0.9727383852005004,0.999771773815155
136,2.267,28,RIGHT_ANKLE,0.4942999269281119,0.7183468937873847,0.3711805599076411,0.9867300391197203,0.9998214840888976
136,2.267,29,LEFT_HEEL,0.5507056826636909,0.7431620898700902,0.1608063901464146,0.8706223368644714,0.9994896650314332
136,2.267,30,RIGHT_HEEL,0.5052135160991129,0.7287130270685475,0.38829496502876315,0.8945960998535156,0.9996558427810668
136,2.267,31,LEFT_FOOT_INDEX,0.5759974349112743,0.7550669198944462,-0.012542662787295523,0.9711952805519104,0.9967118501663208
136,2.267,32,RIGHT_FOOT_INDEX,0.47745476024491496,0.7425229066894175,0.2426202297210695,0.9801654815673828,0.9985290765762328
137,2.284,0,NOSE,0.522567538988023,0.40147172411282894,-0.3296850493976051,0.9999756813049316,0.9999117851257324
137,2.284,1,LEFT_EYE_INNER,0.5283790230751042,0.3942771170820512,-0.30229228734970115,0.999885618686676,0.9997408986091614
137,2.284,2,LEFT_EYE,0.5330524841944382,0.3943029656296688,-0.30236413649150323,0.999882698059082,0.9997484087944032
137,2.284,3,LEFT_EYE_OUTER,0.5370779888970516,0.39438242004031254,-0.3023593340601243,0.999857485294342,0.9997439980506896
137,2.284,4,RIGHT_EYE_INNER,0.5146402432805021,0.3942509832836336,-0.30867879021735445,0.999892234802246,0.9997228980064392
137,2.284,5,RIGHT_EYE,0.5087908421243945,0.39440437016033025,-0.30864165368534296,0.999883234500885,0.9996920824050904
137,2.284,6,RIGHT_EYE_OUTER,0.5021980944133945,0.39459298338208915,-0.3086305927662625,0.9998663663864136,0.9996594190597534
137,2.284,7,LEFT_EAR,0.539806723594666,0.39784647311483146,-0.14919476282028937,0.999726414680481,0.9997987151145936
137,2.284,8,RIGHT_EAR,0.4919606475603017,0.3982518372081579,-0.18102770759945835,0.9997154474258424,0.9996659755706788
137,2.284,9,MOUTH_LEFT,0.5281533655666175,0.41048657468387095,-0.273003453300113,0.9999494552612304,0.9999529123306274
137,2.284,10,MOUTH_RIGHT,0.5126890341440842,0.41084313392639193,-0.282045133057095,0.9999556541442872,0.9999409914016724
137,2.284,11,LEFT_SHOULDER,0.5823137249265404,0.4506998118900121,-0.0739428628058661,0.9999691843986512,0.9999841451644896
137,2.284,12,RIGHT_SHOULDER,0.44394719033014246,0.4491096862724854,-0.09526965838103071,0.9999416470527648,0.9999020099639891
137,2.284,13,LEFT_ELBOW,0.6089559310958506,0.5042976765405569,-0.041113910043523404,0.9893328547477722,0.9999037981033324
137,2.284,14,RIGHT_ELBOW,0.41714248770759255,0.5031030944415505,-0.10374111966008237,0.9710975885391236,0.9993176460266112
137,2.284,15,LEFT_WRIST,0.6315039793650314,0.5541666944821682,-0.2104945871092026,0.9904237985610962,0.9998852014541626
137,2.284,16,RIGHT_WRIST,0.4332688663687029,0.5497171963964195,-0.2716519080457236,0.962840497493744,0.99941086769104
137,2.284,17,LEFT_PINKY,0.6413984241939732,0.5714205276398436,-0.2564962179887864,0.981323540210724,0.999642252922058
137,2.284,18,RIGHT_PINKY,0.4352989196777348,0.5695832910991856,-0.3182358046372734,0.939097225666046,0.9991399049758912
137,2.284,19,LEFT_INDEX,0.6366993756521322,0.5712559393474039,-0.3030240535736086,0.982528567314148,0.9997093081474304
137,2.284,20,RIGHT_INDEX,0.44596053447042233,0.5662587994620918,-0.35910476957048715,0.9423803091049194,0.9992662072181702
137,2.284,21,LEFT_THUMB,0.6312857582455595,0.5656952205158421,-0.2323291990019028,0.9781532287597656,0.9998290538787842
137,2.284,22,RIGHT_THUMB,0.4487935531707041,0.5595229693821504,-0.29139593669346425,0.9339141249656676,0.9994827508926392
137,2.284,23,LEFT_HIP,0.5528370652879993,0.5692818902787713,-0.004825830537204909,0.9997349977493286,0.999926209449768
137,2.284,24,RIGHT_HIP,0.47451846372513584,0.5706420540809636,0.004828320394846624,0.9998595118522644,0.9999098777770996
137,2.284,25,LEFT_KNEE,0.563248236974081,0.6520895787647798,0.0008020556443149303,0.9878700375556946,0.9999693632125854
137,2.284,26,RIGHT_KNEE,0.4803292311373215,0.6491060711088641,0.09767448298987892,0.9895417094230652,0.99993896484375
137,2.284,27,LEFT_ANKLE,0.5614067316055302,0.7348252109118877,0.12513593690735958,0.9744860529899596,0.9997065663337708
137,2.284,28,RIGHT_ANKLE,0.49444819915862354,0.718628244740623,0.3746015486263097,0.9861528277397156,0.999778687953949
137,2.284,29,LEFT_HEEL,0.5514256159464523,0.7472018826575514,0.12551501357839231,0.8769948482513428,0.9993348717689514
137,2.284,30,RIGHT_HEEL,0.5055007054692228,0.7292809316090182,0.3917585909366611,0.8930956721305847,0.999561369419098
137,2.284,31,LEFT_FOOT_INDEX,0.5779557653835847,0.7556477160680868,-0.049183572065972125,0.9725871086120604,0.9954681396484376
137,2.284,32,RIGHT_FOOT_INDEX,0.47687548115139955,0.7428426827703211,0.24535415215151668,0.979789972305298,0.9980941414833068
138,2.3,0,NOSE,0.5246758971895495,0.4015917238735021,-0.3268811929793588,0.999977171421051,0.9999384880065918
138,2.3,1,LEFT_EYE_INNER,0.5304071108500168,0.3943720772152859,-0.2994176220326199,0.9998934268951416,0.9998195767402648
138,2.3,2,LEFT_EYE,0.5350949906167535,0.39440714319547054,-0.299495821907407,0.9998908042907716,0.9998252987861632
138,2.3,3,LEFT_EYE_OUTER,0.5390099173500429,0.3944915078935173,-0.2994996791794189,0.99986732006073,0.9998226761817932
138,2.3,4,RIGHT_EYE_INNER,0.5167034353528709,0.39432528898829544,-0.3056558952445078,0.9998995065689088,0.9998032450675964
138,2.3,5,RIGHT_EYE,0.5108487975029723,0.39448797560873516,-0.30561840818041874,0.9998909831047058,0.9997780919075012
138,2.3,6,RIGHT_EYE_OUTER,0.5041980743408208,0.39468090023313285,-0.30560664761634126,0.9998745918273926,0.9997501969337464
138,2.3,7,LEFT_EAR,0.5412986562365583,0.39797434636524787,-0.14569376196180084,0.9997450709342957,0.9998612403869628
138,2.3,8,RIGHT_EAR,0.4933236198765895,0.398366539251237,-0.17738155807767608,0.9997375011444092,0.9997525811195374
138,2.3,9,MOUTH_LEFT,0.5299907440230964,0.4106510466053376,-0.27009007760456655,0.9999529123306274,0.999963879585266
138,2.3,10,MOUTH_RIGHT,0.5147073779787341,0.41097393206187693,-0.27901333428564556,0.999958634376526,0.9999548196792604
138,2.3,11,LEFT_SHOULDER,0.5831227926980886,0.45169986003921186,-0.0710009201651528,0.9999712109565736,0.9999865293502808
138,2.3,12,RIGHT_SHOULDER,0.44407525232860057,0.4491088674181987,-0.09652540300573625,0.9999433159828186,0.9999107122421264
138,2.3,13,LEFT_ELBOW,0.608946737788973,0.5058821581658868,-0.04187310877300442,0.9893630743026732,0.9999032020568848
138,2.3,14,RIGHT_ELBOW,0.41704661363647133,0.5035151583807813,-0.11068657040596014,0.9710018038749696,0.9993172883987428
138,2.3,15,LEFT_WRIST,0.6318413161096125,0.5558835523469112,-0.2155141418888457,0.9904767274856568,0.9998990297317504
138,2.3,16,RIGHT_WRIST,0.43351032620384616,0.55062537817728,-0.28515017174539137,0.9629858136177064,0.9994829893112184
138,2.3,17,LEFT_PINKY,0.641810658432189,0.5730162660280869,-0.262856782901855,0.981528103351593,0.9996858835220336
138,2.3,18,RIGHT_PINKY,0.435345319055376,0.5703453137761076,-0.3326613150891806,0.939513862133026,0.9992433786392212
138,2.3,19,LEFT_INDEX,0.6372506646882925,0.5728866401172825,-0.30937090941837886,0.9827478528022766,0.9997524619102478
138,2.3,20,RIGHT_INDEX,0.4460918321495968,0.5671092328571143,-0.37359213687124737,0.942570149898529,0.999368131160736
138,2.3,21,LEFT_THUMB,0.6319797805377421,0.5674737351281307,-0.2375449112483435,0.97840017080307,0.9998540878295898
138,2.3,22,RIGHT_THUMB,0.4490629392010829,0.5604738735017327,-0.3049931299118771,0.9338973164558412,0.9995551705360411
138,2.3,23,LEFT_HIP,0.5521745454697387,0.5699632621946794,-0.003983710282703914,0.9997544884681702,0.99991774559021
138,2.3,24,RIGHT_HIP,0.4735030446733752,0.5708404609135225,0.004015442671342942,0.9998600482940674,0.9999032020568848
138,2.3,25,LEFT_KNEE,0.5621699974650434,0.6532580483527417,-0.015686341827469193,0.988298773765564,0.9999713897705078
138,2.3,26,RIGHT_KNEE,0.47979419997760264,0.6504204358373376,0.09948564711071198,0.989110231399536,0.9999457597732544
138,2.3,27,LEFT_ANKLE,0.5624046694664733,0.7364312438737786,0.09730574328984537,0.9761182069778442,0.9997183680534364
138,2.3,28,RIGHT_ANKLE,0.4945457449981149,0.7191500266393032,0.3725516540663586,0.9857633113861084,0.9997958540916444
138,2.3,29,LEFT_HEEL,0.5522224221910754,0.7504091944013329,0.09636970910997625,0.8827109336853027,0.9993537068367004
138,2.3,30,RIGHT_HEEL,0.5056257106008988,0.7300839480899636,0.3892970780531569,0.8931350111961365,0.9995765089988708
138,2.3,31,LEFT_FOOT_INDEX,0.579208598250435,0.7545801401138312,-0.07749809599703265,0.9737951159477234,0.9957667589187622
138,2.3,32,RIGHT_FOOT_INDEX,0.4758746354352864,0.7431874814487646,0.2447617969342642,0.979426920413971,0.998233437538147
139,2.317,0,NOSE,0.5268590166455229,0.40186128446034064,-0.3195202861513413,0.999978482723236,0.9999231100082396
139,2.317,1,LEFT_EYE_INNER,0.5326463154384073,0.3945607514608478,-0.29247636454446,0.99990051984787,0.9997701048851012
139,2.317,2,LEFT_EYE,0.5373008762087146,0.394610458896274,-0.29254640284038747,0.999898076057434,0.9997804760932922
139,2.317,3,LEFT_EYE_OUTER,0.5410618356296,0.3947055566878549,-0.2925438824154084,0.9998762011528016,0.999779999256134
139,2.317,4,RIGHT_EYE_INNER,0.5189231009710407,0.394470884686425,-0.29817577770778136,0.999906063079834,0.9997406601905824
139,2.317,5,RIGHT_EYE,0.5130248438744323,0.39462192001796936,-0.2981387263252624,0.999897837638855,0.999705731868744
139,2.317,6,RIGHT_EYE_OUTER,0.5063081014724009,0.3948155414490476,-0.29813382455280873,0.9998818039894104,0.999667763710022
139,2.317,7,LEFT_EAR,0.5429763481730512,0.3982508338633041,-0.14064097475437903,0.999761700630188,0.9998326301574708
139,2.317,8,RIGHT_EAR,0.494755381629581,0.3985501612935751,-0.16957714656988793,0.9997575283050536,0.9996650218963624
139,2.317,9,MOUTH_LEFT,0.5320538963590354,0.41103069413275983,-0.26291289783659455,0.9999558925628662,0.9999562501907348
139,2.317,10,MOUTH_RIGHT,0.516862877777645,0.4112825166611448,-0.2715432161376592,0.9999611377716064,0.9999412298202516
139,2.317,11,LEFT_SHOULDER,0.5841175544829601,0.45272709358306196,-0.06653614661523277,0.9999727606773376,0.9999836683273317
139,2.317,12,RIGHT_SHOULDER,0.4440729490348275,0.44923188714754053,-0.0932399038048018,0.999944269657135,0.9998756647109984
139,2.317,13,LEFT_ELBOW,0.6089266680535821,0.5075747086888273,-0.04201668483160788,0.9893532395362854,0.9998940229415894
139,2.317,14,RIGHT_ELBOW,0.4169876660619467,0.5039941810426263,-0.11509070793787643,0.971094250679016,0.9991430044174194
139,2.317,15,LEFT_WRIST,0.6322049129576917,0.5578962479318896,-0.21972092773233154,0.9906378984451294,0.9999021291732788
139,2.317,16,RIGHT_WRIST,0.43363456215177304,0.551570336023967,-0.29574559983753046,0.962976574897766,0.9992992877960204
139,2.317,17,LEFT_PINKY,0.6422224186715632,0.5748614555313479,-0.2680678736595883,0.981898546218872,0.9996658563613892
139,2.317,18,RIGHT_PINKY,0.43529496448380645,0.5713522859982088,-0.34380780373300857,0.9397040605545044,0.99893981218338
139,2.317,19,LEFT_INDEX,0.6377396328108658,0.574725258918036,-0.3143937743845443,0.983115017414093,0.9997456669807434
139,2.317,20,RIGHT_INDEX,0.4461599446478348,0.5682757809048613,-0.38467255944297457,0.9425628185272216,0.9991232752799988
139,2.317,21,LEFT_THUMB,0.6326267804418297,0.5694618111565004,-0.24179746991112136,0.9788293242454528,0.9998542070388794
139,2.317,22,RIGHT_THUMB,0.449282078515916,0.5616991860525954,-0.3156466881434125,0.9337287545204164,0.9993988275527954
139,2.317,23,LEFT_HIP,0.5516702788216732,0.5708253639084957,-0.0036850934737317174,0.9997710585594176,0.9999041557312012
139,2.317,24,RIGHT_HIP,0.4725950104849683,0.571218683606103,0.003745982489947732,0.999860405921936,0.9998962879180908
139,2.317,25,LEFT_KNEE,0.5611377330053425,0.6540103639875146,-0.025621623488231757,0.9883490800857544,0.99995219707489
139,2.317,26,RIGHT_KNEE,0.4793644504887721,0.6518887309801017,0.10318561785277872,0.9885768294334412,0.9999314546585084
139,2.317,27,LEFT_ANKLE,0.5630813212621785,0.7366116784867793,0.08228051023823876,0.9773090481758118,0.9996515512466432
139,2.317,28,RIGHT_ANKLE,0.49459737113543967,0.7197211668604903,0.37373413500331726,0.9852497577667236,0.99973064661026
139,2.317,29,LEFT_HEEL,0.5528213097935636,0.7521526302610132,0.080855161306404,0.8886445760726929,0.9992071986198424
139,2.317,30,RIGHT_HEEL,0.5058107347715473,0.7309858770597555,0.3904152682849343,0.8928539752960205,0.999420166015625
139,2.317,31,LEFT_FOOT_INDEX,0.5817400075140459,0.7549351255098986,-0.09024339187003319,0.9745236039161682,0.9946627616882324
139,2.317,32,RIGHT_FOOT_INDEX,0.474710732698441,0.7434276455924631,0.24922139658814402,0.9787285327911376,0.9974945783615112
140,2.334,0,NOSE,0.5288019038382035,0.4023475703738988,-0.3207400512127652,0.9999797344207764,0.9998974800109864
140,2.334,1,LEFT_EYE_INNER,0.534740167004722,0.3949471442472371,-0.29393429841314067,0.999907374382019,0.9996914863586426
140,2.334,2,LEFT_EYE,0.5393767867769519,0.3950177714938212,-0.29399888572238764,0.9999051690101624,0.9997079968452454
140,2.334,3,LEFT_EYE_OUTER,0.5430369888033191,0.3951332781996049,-0.29399074685005944,0.9998850226402284,0.9997095465660096
140,2.334,4,RIGHT_EYE_INNER,0.5209909932953976,0.3948049743970239,-0.2995786184356329,0.9999123215675354,0.9996501207351683
140,2.334,5,RIGHT_EYE,0.5150529373259776,0.394932010344097,-0.2995457677614124,0.9999043941497804,0.9996021389961244
140,2.334,6,RIGHT_EYE_OUTER,0.5083029525620602,0.3951296366396408,-0.2995451206252691,0.9998888969421388,0.9995514750480652
140,2.334,7,LEFT_EAR,0.5448300668171479,0.3988296815327239,-0.14309495261737293,0.9997790455818176,0.9997900128364564
140,2.334,8,RIGHT_EAR,0.4962524260793418,0.39901179642904405,-0.1710713796672368,0.9997765421867372,0.9995670914649964
140,2.334,9,MOUTH_LEFT,0.5339931874048147,0.411682228247325,-0.2640827511038101,0.999959111213684,0.9999500513076782
140,2.334,10,MOUTH_RIGHT,0.5187981355757945,0.4118601452736631,-0.2728642551671893,0.9999637603759766,0.9999314546585084
140,2.334,11,LEFT_SHOULDER,0.5853207849320916,0.45390837675049234,-0.06814786117701307,0.9999746084213256,0.9999868869781494
140,2.334,12,RIGHT_SHOULDER,0.4442091782887781,0.44950972284589535,-0.0976202019623348,0.9999452233314514,0.9998792409896852
140,2.334,13,LEFT_ELBOW,0.608913109416054,0.5095585754939493,-0.04645822250417296,0.9893797039985656,0.999880313873291
140,2.334,14,RIGHT_ELBOW,0.4169486406303591,0.5044755566687815,-0.12080739651407518,0.9708781242370604,0.9990058541297911
140,2.334,15,LEFT_WRIST,0.6324631742068705,0.5603485277720865,-0.2274845143159232,0.9907222390174866,0.9998606443405152
140,2.334,16,RIGHT_WRIST,0.4336397449175521,0.552671543189458,-0.2995444820040751,0.9629228711128236,0.99911230802536
140,2.334,17,LEFT_PINKY,0.6425473746799293,0.5772298943428771,-0.27625445808683147,0.9822500348091124,0.999516487121582
140,2.334,18,RIGHT_PINKY,0.4351694470360169,0.5726914462589088,-0.3469137478442422,0.9400748014450072,0.998633086681366
140,2.334,19,LEFT_INDEX,0.637987633546194,0.5769547224044805,-0.3225582965782714,0.9834569692611694,0.9996269941329956
140,2.334,20,RIGHT_INDEX,0.44620964072999536,0.5697918477512547,-0.38789398613430237,0.9427753686904908,0.998868763446808
140,2.334,21,LEFT_THUMB,0.6329299211502082,0.5718347373462864,-0.24949639184134365,0.9792405366897584,0.9997920393943788
140,2.334,22,RIGHT_THUMB,0.4494638911315376,0.5632436956678123,-0.3193283648717974,0.9338546991348268,0.9992091059684752
140,2.334,23,LEFT_HIP,0.5512755598340721,0.5718728956722083,-0.003704522370493799,0.9997860789299012,0.9999022483825684
140,2.334,24,RIGHT_HIP,0.471863999253228,0.5718023720241734,0.0037851936538659133,0.99985533952713,0.9998568296432496
140,2.334,25,LEFT_KNEE,0.560227152847109,0.6546006770361044,-0.0335666387829752,0.9884884357452391,0.9999450445175172
140,2.334,26,RIGHT_KNEE,0.47905881773857883,0.6531619486354652,0.11043414118744085,0.9871973991394044,0.999852180480957
140,2.334,27,LEFT_ANKLE,0.5634399397032607,0.7369537154833482,0.06789568847133999,0.9780620336532592,0.9987492561340332
140,2.334,28,RIGHT_ANKLE,0.4945034129279005,0.7201094088100258,0.3852167526880903,0.982823133468628,0.9992724061012268
140,2.334,29,LEFT_HEEL,0.553226544743493,0.753977366856167,0.0659338264238267,0.8891218900680542,0.9968691468238832
140,2.334,30,RIGHT_HEEL,0.5056225487164093,0.7317906703267786,0.4025895212377824,0.8883751630783081,0.998441517353058
140,2.334,31,LEFT_FOOT_INDEX,0.584321884881883,0.7555766503016161,-0.10509613723981953,0.9745739102363586,0.9800804853439332
140,2.334,32,RIGHT_FOOT_INDEX,0.4738231272924518,0.7434161646025528,0.2634780683687757,0.9763445854187012,0.993582546710968
141,2.35,0,NOSE,0.5307815983181913,0.40299214777492376,-0.328400844619388,0.9999801516532898,0.9998711347579956
141,2.35,1,LEFT_EYE_INNER,0.5367873821939746,0.39550657783235854,-0.30205336355027723,0.9999107718467712,0.9996238946914672
141,2.35,2,LEFT_EYE,0.5414286340985984,0.39559315499805303,-0.3021108919665929,0.999908685684204,0.9996362924575806
141,2.35,3,LEFT_EYE_OUTER,0.5450893782434014,0.39572603078115587,-0.3020949491432737,0.9998893737792968,0.9996324777603148
141,2.35,4,RIGHT_EYE_INNER,0.5229494458153139,0.39532466871397864,-0.30770634043784395,0.999915361404419,0.9995946288108826
141,2.35,5,RIGHT_EYE,0.5169023984954475,0.3954250159717745,-0.3076818741503219,0.9999072551727296,0.9995446801185608
141,2.35,6,RIGHT_EYE_OUTER,0.5100868060475309,0.3956240004017243,-0.3076885016191576,0.9998912811279296,0.999492883682251
141,2.35,7,LEFT_EAR,0.5468534344718574,0.39954404745783156,-0.15174401019300746,0.999786376953125,0.9997192025184632
141,2.35,8,RIGHT_EAR,0.4977442054521474,0.39967482572510166,-0.17956734129360755,0.999788761138916,0.9995005130767822
141,2.35,9,MOUTH_LEFT,0.5360116107123244,0.4124815776234585,-0.2714905767213733,0.9999606609344482,0.99993097782135
141,2.35,10,MOUTH_RIGHT,0.5207653698467078,0.41265415009998174,-0.2804552557922547,0.9999648928642272,0.9999109506607056
141,2.35,11,LEFT_SHOULDER,0.5867770002001813,0.45516888158662017,-0.07365352837812336,0.9999756217002868,0.9999791383743286
141,2.35,12,RIGHT_SHOULDER,0.4445002504757476,0.4501147000562581,-0.10644682496786122,0.9999452233314514,0.9998631477355956
141,2.35,13,LEFT_ELBOW,0.6089655246053429,0.5115366691634774,-0.0504057712498165,0.9890576601028442,0.9998574256896972
141,2.35,14,RIGHT_ELBOW,0.41698810316267504,0.5052883142516731,-0.1285805347419921,0.9707829356193542,0.9989701509475708
141,2.35,15,LEFT_WRIST,0.6325944662094122,0.5627188143276038,-0.2291280073778971,0.9905847311019896,0.9998631477355956
141,2.35,16,RIGHT_WRIST,0.43366400826545026,0.5542103506269914,-0.30314369854472956,0.9627809524536132,0.9991631507873536
141,2.35,17,LEFT_PINKY,0.6427126328150436,0.5796313200678149,-0.27660193471681527,0.9821571111679076,0.999571979045868
141,2.35,18,RIGHT_PINKY,0.4350433207693558,0.5745065836679373,-0.3497030507950558,0.9400758743286132,0.9987714886665344
141,2.35,19,LEFT_INDEX,0.6380683978398647,0.5792258211544588,-0.32321874726386324,0.9833827018737792,0.9996570348739624
141,2.35,20,RIGHT_INDEX,0.44626959023021556,0.5718406098229549,-0.39088813321931054,0.9426036477088928,0.998959183692932
141,2.35,21,LEFT_THUMB,0.6330118633451922,0.5741630196571355,-0.2510483264923098,0.9791314005851746,0.9998003840446472
141,2.35,22,RIGHT_THUMB,0.44966463815598295,0.5653575488499237,-0.3228105491115937,0.9335467219352722,0.9992725253105164
141,2.35,23,LEFT_HIP,0.5510813480331789,0.573083619276683,-0.0036405079355019323,0.9997974634170532,0.9998730421066284
141,2.35,24,RIGHT_HIP,0.47150894715672487,0.5727030180749444,0.0037330437252031654,0.999849259853363,0.9998453855514526
141,2.35,25,LEFT_KNEE,0.5594433290617812,0.6554475171225418,-0.035085482522845275,0.988099992275238,0.9999332427978516
141,2.35,26,RIGHT_KNEE,0.4788817635604318,0.6543680571374445,0.1248124323430516,0.985367476940155,0.9998718500137328
141,2.35,27,LEFT_ANKLE,0.5632942432448983,0.7379916537375684,0.0633480710287889,0.9783835411071776,0.9993046522140504
141,2.35,28,RIGHT_ANKLE,0.49431936513809976,0.720305176008316,0.4151111387071159,0.980396330356598,0.999552309513092
141,2.35,29,LEFT_HEEL,0.5529406893820995,0.7555847650482548,0.06116880352298422,0.8909428119659424,0.998467743396759
141,2.35,30,RIGHT_HEEL,0.5051964237576444,0.732157122521174,0.4343091008209051,0.8835180401802063,0.9990949630737304
141,2.35,31,LEFT_FOOT_INDEX,0.5853156986690708,0.7570010650725598,-0.11119996862752106,0.9744135737419128,0.9909231066703796
141,2.35,32,RIGHT_FOOT_INDEX,0.4734515349070236,0.7433529921940402,0.29705310364564286,0.973811149597168,0.9965776801109314
142,2.367,0,NOSE,0.5322998705364415,0.40379083582333186,-0.3383406684512187,0.9999807476997375,0.9998883008956908
142,2.367,1,LEFT_EYE_INNER,0.5384757603917808,0.3962310396489646,-0.3124148646990461,0.999914526939392,0.9996596574783324
142,2.367,2,LEFT_EYE,0.5431731087820876,0.39633177575610967,-0.3124679341202693,0.999912440776825,0.9996689558029176
142,2.367,3,LEFT_EYE_OUTER,0.5469106265476777,0.3964874801181615,-0.31244797933669344,0.9998940229415894,0.9996609687805176
142,2.367,4,RIGHT_EYE_INNER,0.5244817251250862,0.3960074455965136,-0.31802375827516854,0.9999188780784608,0.9996335506439208
142,2.367,5,RIGHT_EYE,0.5183010782514303,0.396090279022853,-0.3180076650210792,0.9999106526374816,0.9995918869972228
142,2.367,6,RIGHT_EYE_OUTER,0.5114217712765653,0.3962877818516326,-0.31801946248327007,0.9998944401741028,0.9995493292808532
142,2.367,7,LEFT_EAR,0.5489343064171932,0.40050454508690647,-0.16202838293143695,0.9997926950454712,0.9997223019599916
142,2.367,8,RIGHT_EAR,0.4991544215452107,0.4005261177108405,-0.19003407231399003,0.9998000264167786,0.9995452761650084
142,2.367,9,MOUTH_LEFT,0.5376225596382509,0.41341045073100535,-0.28100418476831374,0.9999622702598572,0.9999326467514038
142,2.367,10,MOUTH_RIGHT,0.5221903721491501,0.4135803367410391,-0.2899651697703773,0.9999661445617676,0.9999127388000488
142,2.367,11,LEFT_SHOULDER,0.5884589410963518,0.45643457060768533,-0.08103953621217186,0.9999764561653136,0.9999805688858032
142,2.367,12,RIGHT_SHOULDER,0.44519835994357193,0.45097175382432525,-0.11471131053708852,0.99994558095932,0.9998718500137328
142,2.367,13,LEFT_ELBOW,0.6091918065434416,0.5133356168156583,-0.053834044330176856,0.9889675974845886,0.9998916387557985
142,2.367,14,RIGHT_ELBOW,0.41711830667087046,0.5065354704856877,-0.13223963301806227,0.9712128043174744,0.999188244342804
142,2.367,15,LEFT_WRIST,0.6326783214296618,0.5646859066826961,-0.22736778784365896,0.9905701279640198,0.9998902082443236
142,2.367,16,RIGHT_WRIST,0.43377107807568177,0.5563828632945111,-0.3008280339695161,0.9628848433494568,0.9993168115615844
142,2.367,17,LEFT_PINKY,0.6426909906523575,0.5819198517572317,-0.27312187921433245,0.9821950793266296,0.9996417760849
142,2.367,18,RIGHT_PINKY,0.43497254025368504,0.5769095988500691,-0.34660835351262803,0.9402287602424622,0.9989663362503052
142,2.367,19,LEFT_INDEX,0.637980915251233,0.5814733533632193,-0.319950193166733,0.9834248423576356,0.9997069239616394
142,2.367,20,RIGHT_INDEX,0.4463404743444356,0.5744135464940758,-0.38804425795873043,0.9425469040870668,0.9991125464439392
142,2.367,21,LEFT_THUMB,0.6329242870921187,0.5764115197317946,-0.2491430150611062,0.9791524410247804,0.9998335838317872
142,2.367,22,RIGHT_THUMB,0.4498671889305118,0.5680247261410674,-0.32044675662404043,0.9333244562149048,0.9993863105773926
142,2.367,23,LEFT_HIP,0.5510240395863856,0.574622063409715,-0.003868395340673218,0.99981027841568,0.9999250173568726
142,2.367,24,RIGHT_HIP,0.47153728490784097,0.5740350995744983,0.0039626508064213185,0.9998466372489928,0.999901294708252
142,2.367,25,LEFT_KNEE,0.5588871127083193,0.6565101231847497,-0.04286443885593187,0.9876918196678162,0.99994957447052
142,2.367,26,RIGHT_KNEE,0.4788820544878646,0.6557226266179772,0.14438809525398988,0.9836289286613464,0.9999042749404908
142,2.367,27,LEFT_ANKLE,0.5631875537690667,0.7400964952650531,0.04868564284628347,0.9787628650665284,0.9995096921920776
142,2.367,28,RIGHT_ANKLE,0.4942165542216533,0.7206008320763004,0.4565427019482571,0.9781946539878844,0.9996942281723022
142,2.367,29,LEFT_HEEL,0.5526802624974937,0.7577997559592844,0.04587266514343876,0.8942872881889343,0.9988970756530762
142,2.367,30,RIGHT_HEEL,0.5047052956762772,0.7322691423552383,0.4780931430203579,0.8798170685768127,0.9994120597839355
142,2.367,31,LEFT_FOOT_INDEX,0.5850532281966442,0.7585399945576993,-0.12991535308815194,0.9745405316352844,0.9931374788284302
142,2.367,32,RIGHT_FOOT_INDEX,0.4733291679904579,0.7432975456828169,0.342699121861231,0.9716418981552124,0.9978482723236084
143,2.384,0,NOSE,0.5338675975799565,0.40454642119861817,-0.34505011779921424,0.9999805688858032,0.9998039603233336
143,2.384,1,LEFT_EYE_INNER,0.5402014539355329,0.3970211176645192,-0.31931881393705125,0.999914824962616,0.9994331002235411
143,2.384,2,LEFT_EYE,0.5449644582612179,0.39713842812038636,-0.3193741015025551,0.999912679195404,0.9994484782218932
143,2.384,3,LEFT_EYE_OUTER,0.5487923849196666,0.3973123757612141,-0.3193567125570209,0.999894380569458,0.9994348883628844
143,2.384,4,RIGHT_EYE_INNER,0.5259756871632172,0.3967619609265104,-0.32505874264807955,0.9999193549156188,0.999409317970276
143,2.384,5,RIGHT_EYE,0.5196967039789477,0.39683791853132744,-0.3250490554741453,0.999910831451416,0.9993590712547302
143,2.384,6,RIGHT_EYE_OUTER,0.5127473473548894,0.39702468400909824,-0.32506376079150634,0.9998937249183656,0.999305248260498
143,2.384,7,LEFT_EAR,0.5511310214088082,0.4014660488991514,-0.16858524226007024,0.9997902512550354,0.9995416402816772
143,2.384,8,RIGHT_EAR,0.5007183835619977,0.40139401242846573,-0.19745010918095013,0.9998066425323486,0.999305248260498
143,2.384,9,MOUTH_LEFT,0.5393031438191737,0.41422271160852375,-0.2875105327083953,0.9999627470970154,0.9998935461044312
143,2.384,10,MOUTH_RIGHT,0.523665655226935,0.4144233436811542,-0.2965290645758314,0.9999663829803468,0.999869465827942
143,2.384,11,LEFT_SHOULDER,0.5904076468376891,0.4577277061485113,-0.08654117903539114,0.9999768137931824,0.9999723434448242
143,2.384,12,RIGHT_SHOULDER,0.44635293739182647,0.4519930936041337,-0.11957242339849478,0.9999443888664246,0.9998451471328736
143,2.384,13,LEFT_ELBOW,0.609727391174862,0.5150133371353154,-0.05391085307512965,0.9882482886314392,0.9998379945755004
143,2.384,14,RIGHT_ELBOW,0.4172753890355431,0.5080209317661472,-0.13153186404988887,0.9712180495262146,0.999000370502472
143,2.384,15,LEFT_WRIST,0.6327447351955238,0.5664532071068178,-0.22110113785380425,0.990070343017578,0.9998183846473694
143,2.384,16,RIGHT_WRIST,0.4339335078284857,0.5589164296785996,-0.2952910761038465,0.962578296661377,0.9991214871406556
143,2.384,17,LEFT_PINKY,0.6424971336410166,0.5842218313898364,-0.26515104657127764,0.9815737009048462,0.9994423985481262
143,2.384,18,RIGHT_PINKY,0.43491899683362,0.5795425715900608,-0.3399713096164525,0.939986526966095,0.9986666440963744
143,2.384,19,LEFT_INDEX,0.6376485767818638,0.5838073605582833,-0.3119797607262932,0.9828442335128784,0.9995375871658324
143,2.384,20,RIGHT_INDEX,0.44637224362010086,0.5771978894869492,-0.38160069783528683,0.9421189427375792,0.998840868473053
143,2.384,21,LEFT_THUMB,0.6325945712271197,0.5786677598953252,-0.24271711778073102,0.9784470796585084,0.9997335076332092
143,2.384,22,RIGHT_THUMB,0.45002562091464127,0.5709361292067033,-0.3147797087828321,0.9328117966651917,0.999200403690338
143,2.384,23,LEFT_HIP,0.5511869873319358,0.57629843836739,-0.0038881701461615514,0.9998220205307008,0.9999213218688964
143,2.384,24,RIGHT_HIP,0.47171838226772533,0.5757256490843642,0.003986254589454728,0.9998433589935304,0.9998984336853028
143,2.384,25,LEFT_KNEE,0.5587788337752937,0.6579019824663804,-0.04627750831700504,0.9877572059631348,0.9999518394470216
143,2.384,26,RIGHT_KNEE,0.4789251926399417,0.6571026444435126,0.160174992467676,0.9820145964622498,0.999886155128479
143,2.384,27,LEFT_ANKLE,0.5630159378051763,0.7426328119777504,0.04362940806008521,0.9793569445610046,0.999230146408081
143,2.384,28,RIGHT_ANKLE,0.4941895902156834,0.7209963713373464,0.49088261666752087,0.97584068775177,0.9995772242546082
143,2.384,29,LEFT_HEEL,0.5523412568228591,0.7599384841464821,0.04073014837645351,0.8959869146347046,0.9981841444969176
143,2.384,30,RIGHT_HEEL,0.5043223102887476,0.7324529460498271,0.5143752254190904,0.8763160109519958,0.9991818070411682
143,2.384,31,LEFT_FOOT_INDEX,0.583282521792821,0.7603869097573424,-0.13665819345485603,0.9747374653816224,0.9878150224685668
143,2.384,32,RIGHT_FOOT_INDEX,0.4733635045233231,0.7433926434743979,0.3796121492272335,0.969509780406952,0.99685537815094
144,2.4,0,NOSE,0.5357872957275032,0.4051542296296078,-0.34717756367865094,0.9999808669090272,0.9998366832733154
144,2.4,1,LEFT_EYE_INNER,0.5421316850753062,0.3977399837403074,-0.32175185850688415,0.9999168515205384,0.9995113611221312
144,2.4,2,LEFT_EYE,0.5469798786299573,0.39787319018727296,-0.3218142872764953,0.9999145865440368,0.999523401260376
144,2.4,3,LEFT_EYE_OUTER,0.5509288878667927,0.3980583733036408,-0.3218052600111283,0.999897003173828,0.999510645866394
144,2.4,4,RIGHT_EYE_INNER,0.5276436663809282,0.39746485011918237,-0.32759061881474116,0.9999213814735411,0.9994950294494628
144,2.4,5,RIGHT_EYE,0.5212737151554657,0.3975575807548708,-0.3275804987975532,0.9999125003814696,0.9994527697563172
144,2.4,6,RIGHT_EYE_OUTER,0.5142532218070262,0.3977420386813939,-0.3275988215491888,0.9998953938484192,0.9994111061096193
144,2.4,7,LEFT_EAR,0.5534596017428812,0.4022260819162645,-0.1716496043262029,0.999792218208313,0.9996047616004944
144,2.4,8,RIGHT_EAR,0.5024715591044657,0.40222204299200187,-0.20063796284652907,0.9998144507408142,0.9994275569915771
144,2.4,9,MOUTH_LEFT,0.5413860451607482,0.41487292448679636,-0.29016902617045837,0.9999640583992004,0.9999135732650756
144,2.4,10,MOUTH_RIGHT,0.5254353937648597,0.41518065049534786,-0.2989473342895511,0.9999673366546632,0.9998937845230104
144,2.4,11,LEFT_SHOULDER,0.5926179942630592,0.45893821120262185,-0.08969602627413616,0.9999775290489196,0.999977707862854
144,2.4,12,RIGHT_SHOULDER,0.4478118419647221,0.4530612840538937,-0.12121779719988511,0.9999443888664246,0.9998717308044434
144,2.4,13,LEFT_ELBOW,0.6105847954750068,0.5165555675824488,-0.05211332121065686,0.9880332946777344,0.9998433589935304
144,2.4,14,RIGHT_ELBOW,0.41769959529240963,0.5097267741248726,-0.12948057623136622,0.971526026725769,0.9990480542182922
144,2.4,15,LEFT_WRIST,0.6328953873543518,0.5682723834401091,-0.21393142853464414,0.9898561239242554,0.9998217225074768
144,2.4,16,RIGHT_WRIST,0.4341322935762863,0.5615444211732779,-0.29167599195525784,0.9624250531196594,0.9990705847740172
144,2.4,17,LEFT_PINKY,0.6423787190800627,0.5865678843997779,-0.2567221224308016,0.981357991695404,0.9994449019432068
144,2.4,18,RIGHT_PINKY,0.43487267550968023,0.5820784086272834,-0.33577552721613957,0.9398157000541688,0.998571753501892
144,2.4,19,LEFT_INDEX,0.6373755392574134,0.5862181442124508,-0.30351634962218177,0.982632339000702,0.9995408058166504
144,2.4,20,RIGHT_INDEX,0.44634809096654293,0.5799072668665937,-0.3775812160401121,0.9417892694473268,0.9987452030181884
144,2.4,21,LEFT_THUMB,0.6322764782678519,0.5811050931612656,-0.23542404600552172,0.9781644344329834,0.9997362494468688
144,2.4,22,RIGHT_THUMB,0.450093861137118,0.5737731513522926,-0.3111236648900171,0.932464063167572,0.9991344809532166
144,2.4,23,LEFT_HIP,0.5514925491242186,0.5782578757831034,-0.003883754989753118,0.999833345413208,0.999937891960144
144,2.4,24,RIGHT_HIP,0.4718387453329,0.5776496728261317,0.003988034956689346,0.9998409152030944,0.9999083280563354
144,2.4,25,LEFT_KNEE,0.5586859527088353,0.6601188807260429,-0.04067939160657777,0.9877288341522216,0.9999547004699708
144,2.4,26,RIGHT_KNEE,0.47899433544703934,0.6586665454364964,0.17495788208075944,0.9799258708953856,0.999882698059082
144,2.4,27,LEFT_ANKLE,0.5628745016597572,0.7453133180027923,0.057985632636007825,0.9798714518547058,0.9991493225097656
144,2.4,28,RIGHT_ANKLE,0.4942403378940768,0.7214350217864633,0.5132160811197195,0.9726772904396056,0.9995517134666444
144,2.4,29,LEFT_HEEL,0.5520343780517583,0.7615789629164202,0.05595861490638487,0.8970332145690918,0.9979935884475708
144,2.4,30,RIGHT_HEEL,0.504119733969371,0.7325358419191277,0.5377575329371866,0.8720042705535889,0.999134123325348
144,2.4,31,LEFT_FOOT_INDEX,0.5793531991186602,0.7625721551123126,-0.12062541253509981,0.9749745726585388,0.9867191910743712
144,2.4,32,RIGHT_FOOT_INDEX,0.4730203307810288,0.7438799000921711,0.4068466595241005,0.9668543934822084,0.9968395233154296
145,2.417,0,NOSE,0.5380981309073317,0.40560110126222926,-0.3412162888617746,0.9999806880950928,0.9997929930686952
145,2.417,1,LEFT_EYE_INNER,0.5444241620245439,0.3983575290157685,-0.316016841502417,0.999916672706604,0.9994029998779296
145,2.417,2,LEFT_EYE,0.5493091032618573,0.39851254508608897,-0.3160793057509833,0.9999145865440368,0.9994328618049622
145,2.417,3,LEFT_EYE_OUTER,0.5532941846620474,0.398705465453012,-0.31607295501799837,0.9998974800109864,0.9994329810142516
145,2.417,4,RIGHT_EYE_INNER,0.5297398680732369,0.3980553561732886,-0.3220882217089338,0.9999207854270936,0.9993374943733216
145,2.417,5,RIGHT_EYE,0.5233664512634282,0.3981531375930426,-0.3220679163932803,0.9999115467071532,0.999262511730194
145,2.417,6,RIGHT_EYE_OUTER,0.516345015593938,0.39831648270289144,-0.3220860177562353,0.9998937845230104,0.9991794228553772
145,2.417,7,LEFT_EAR,0.555839964321682,0.4028348142192481,-0.16840922264825742,0.9997901320457458,0.99955552816391
145,2.417,8,RIGHT_EAR,0.5046350814047318,0.40279792320160673,-0.19737616961910626,0.999817192554474,0.9991519451141356
145,2.417,9,MOUTH_LEFT,0.5438860967045743,0.4153440764972145,-0.2851574449312122,0.9999646544456482,0.9998937845230104
145,2.417,10,MOUTH_RIGHT,0.5276672840118413,0.4156979804947266,-0.2940308068479813,0.9999675750732422,0.9998571872711182
145,2.417,11,LEFT_SHOULDER,0.5949439491544457,0.45998061412856733,-0.08828423562504,0.9999783039093018,0.9999788999557496
145,2.417,12,RIGHT_SHOULDER,0.4494326795850485,0.45403951406478926,-0.11707654666332977,0.9999427199363708,0.9998321533203124
145,2.417,13,LEFT_ELBOW,0.6117181777954108,0.5179706471306942,-0.04791213075319927,0.9875727891921996,0.9998611211776732
145,2.417,14,RIGHT_ELBOW,0.41852614567393387,0.5113524851344885,-0.12205183399575106,0.9713444709777832,0.9989426732063292
145,2.417,15,LEFT_WRIST,0.633094060988654,0.5701124185607552,-0.20746495184444264,0.989559292793274,0.9998477697372437
145,2.417,16,RIGHT_WRIST,0.4343497937633881,0.5639303127924606,-0.2810693894113816,0.9614959359169006,0.9989332556724548
145,2.417,17,LEFT_PINKY,0.6422725348245535,0.588842928409577,-0.25028666570073105,0.9810737371444702,0.9995272159576416
145,2.417,18,RIGHT_PINKY,0.43484696887788354,0.5842669293994001,-0.3247733854112174,0.938609540462494,0.9984093308448792
145,2.417,19,LEFT_INDEX,0.6371793463116606,0.5885580692972461,-0.2966772019863131,0.9823596477508544,0.9996069073677064
145,2.417,20,RIGHT_INDEX,0.4462687529268723,0.582270965689705,-0.3673852440856755,0.940467655658722,0.9985950589179992
145,2.417,21,LEFT_THUMB,0.6320322695232579,0.5835554571378804,-0.2287982624201549,0.9778483510017396,0.999769389629364
145,2.417,22,RIGHT_THUMB,0.45006034629685576,0.5761838129588541,-0.3008107259159999,0.9311542510986328,0.9990058541297911
145,2.417,23,LEFT_HIP,0.5519885761397231,0.5802450577418015,-0.0047028561433155956,0.9998440742492676,0.9999420642852784
145,2.417,24,RIGHT_HIP,0.47189031612305454,0.5796189620381316,0.0048126773797862,0.9998396039009094,0.9998888969421388
145,2.417,25,LEFT_KNEE,0.55866498322714,0.6630741272653858,-0.03107399271712413,0.9881486892700196,0.9999710321426392
145,2.417,26,RIGHT_KNEE,0.4790561610744117,0.6606288949648544,0.18704227038792212,0.979080319404602,0.999881148338318
145,2.417,27,LEFT_ANKLE,0.5627850152197343,0.7475983358564837,0.08104595772567252,0.98089998960495,0.9992032647132874
145,2.417,28,RIGHT_ANKLE,0.49458653728167257,0.7221013704935717,0.529480697143646,0.9711743593215942,0.9995012283325196
145,2.417,29,LEFT_HEEL,0.5520514278184805,0.7621585187457864,0.0803151969753561,0.8981876969337463,0.9980273842811584
145,2.417,30,RIGHT_HEEL,0.5045087706475035,0.7326151615097416,0.5547575070744474,0.8693655729293823,0.9990420937538148
145,2.417,31,LEFT_FOOT_INDEX,0.5754597868238183,0.7681872248649604,-0.09713164894353779,0.9758167862892152,0.985950529575348
145,2.417,32,RIGHT_FOOT_INDEX,0.47243006882213456,0.744939409551167,0.42702356974283895,0.9657573699951172,0.996196985244751
146,2.434,0,NOSE,0.5407797722589407,0.4059234630493894,-0.3385926144463678,0.999980628490448,0.999776303768158
146,2.434,1,LEFT_EYE_INNER,0.5469496023087279,0.3988468902451655,-0.3135058766319641,0.999917209148407,0.9993891716003418
146,2.434,2,LEFT_EYE,0.5518225772040236,0.3990241203989305,-0.3135693825426559,0.9999156594276428,0.9994333386421204
146,2.434,3,LEFT_EYE_OUTER,0.5557933165913542,0.3992267378738952,-0.3135682387011395,0.9998992085456848,0.999452531337738
146,2.434,4,RIGHT_EYE_INNER,0.5323175873075218,0.3985154699711576,-0.31994130781718694,0.9999203085899352,0.9992857575416564
146,2.434,5,RIGHT_EYE,0.526013470831372,0.398615312008631,-0.31991412526085294,0.9999108910560608,0.9991933703422546
146,2.434,6,RIGHT_EYE_OUTER,0.5190664217585614,0.3987640922977814,-0.31993142479941983,0.9998923540115356,0.9990959167480468
146,2.434,7,LEFT_EAR,0.5580070728347419,0.4033262431621555,-0.16733876580283766,0.9997947216033936,0.9996067881584167
146,2.434,8,RIGHT_EAR,0.5070751281011677,0.40323748900776857,-0.19677362981296737,0.9998207688331604,0.9990874528884888
146,2.434,9,MOUTH_LEFT,0.546561201413473,0.41567499722753287,-0.28304083432470073,0.9999658465385436,0.9999048709869384
146,2.434,10,MOUTH_RIGHT,0.5302926330339346,0.41603805337633437,-0.29206400683948,0.99996817111969,0.9998613595962524
146,2.434,11,LEFT_SHOULDER,0.5971315786952069,0.460820731662569,-0.08964849369866512,0.9999794363975524,0.9999834299087524
146,2.434,12,RIGHT_SHOULDER,0.4510751082783658,0.45487613905043867,-0.1138421353839693,0.999941110610962,0.9998303651809692
146,2.434,13,LEFT_ELBOW,0.6130785942077642,0.5194097388358347,-0.04825592661897342,0.9874945878982544,0.9998613595962524
146,2.434,14,RIGHT_ELBOW,0.41966423959959154,0.5127669629596534,-0.11578208456436799,0.970683455467224,0.998854637145996
146,2.434,15,LEFT_WRIST,0.6333278162138809,0.5721753693762286,-0.20960161018939263,0.989587128162384,0.9998620748519896
146,2.434,16,RIGHT_WRIST,0.43454686800638875,0.5660764262789777,-0.27129203648794287,0.9607797861099244,0.9987792372703552
146,2.434,17,LEFT_PINKY,0.6421554684638984,0.5913068652153021,-0.25397019443057856,0.981293559074402,0.9995332956314088
146,2.434,18,RIGHT_PINKY,0.43481892205420036,0.5861239490054908,-0.31482813897587036,0.937978208065033,0.9981217980384828
146,2.434,19,LEFT_INDEX,0.6370136539141343,0.5909471114476528,-0.2998864310128351,0.9825571179389954,0.9996256828308104
146,2.434,20,RIGHT_INDEX,0.4461970584733149,0.5841877205031265,-0.35849614086605286,0.9397843480110168,0.998359739780426
146,2.434,21,LEFT_THUMB,0.6318169378098992,0.5859976325716296,-0.23079570631186183,0.9781236052513124,0.9997875094413756
146,2.434,22,RIGHT_THUMB,0.4500331098125098,0.5781266632534214,-0.2914368112881981,0.9306368231773376,0.9988409876823424
146,2.434,23,LEFT_HIP,0.5528123520669488,0.5820573596727285,-0.006628869966204654,0.9998533129692078,0.9999330043792723
146,2.434,24,RIGHT_HIP,0.47201768699146496,0.581475987320855,0.006744090822480906,0.9998374581336976,0.9998725652694702
146,2.434,25,LEFT_KNEE,0.558720829940978,0.6659379942076553,-0.02719539452698966,0.9885616898536682,0.9999628067016602
146,2.434,26,RIGHT_KNEE,0.4790961912700112,0.6624493684087487,0.20036250778606973,0.9784049987792968,0.9998441934585572
146,2.434,27,LEFT_ANKLE,0.5627070211228875,0.7498249979246236,0.0918656494468451,0.9817026257514954,0.9987216591835022
146,2.434,28,RIGHT_ANKLE,0.4950180522033151,0.722844152223497,0.5502778830982396,0.9697755575180054,0.9992796778678894
146,2.434,29,LEFT_HEEL,0.5523289385296054,0.7634564978735794,0.09170970134437088,0.8972442746162415,0.996824026107788
146,2.434,30,RIGHT_HEEL,0.505050781227294,0.7329265163058333,0.5764929879279369,0.8667087554931641,0.998557984828949
146,2.434,31,LEFT_FOOT_INDEX,0.5718317117009849,0.773642696085431,-0.08956136412563778,0.9762489795684814,0.9779698848724364
146,2.434,32,RIGHT_FOOT_INDEX,0.47135592926116254,0.7462487873576943,0.4501691063245142,0.9646456241607666,0.9939371347427368
147,2.45,0,NOSE,0.5433287166413812,0.4061435716492792,-0.3356751629284453,0.9999805688858032,0.9997594952583312
147,2.45,1,LEFT_EYE_INNER,0.5495269043104993,0.3991739068712511,-0.31070484008107896,0.9999172687530518,0.9993863105773926
147,2.45,2,LEFT_EYE,0.5544024592354189,0.39936648947852027,-0.31076540123848717,0.9999161958694458,0.999427318572998
147,2.45,3,LEFT_EYE_OUTER,0.5583635398319795,0.3995711349305656,-0.31076522526286926,0.9999005794525146,0.9994452595710754
147,2.45,4,RIGHT_EYE_INNER,0.5348562314396818,0.39882215006010907,-0.3173923634347464,0.9999195337295532,0.9993002414703368
147,2.45,5,RIGHT_EYE,0.5286042236146478,0.3989200776531586,-0.3173609375953677,0.9999096393585204,0.9992172718048096
147,2.45,6,RIGHT_EYE_OUTER,0.5217718964531313,0.39905341182436294,-0.31737522284189884,0.9998908042907716,0.9991338849067688
147,2.45,7,LEFT_EAR,0.5604590858731957,0.40361781773113103,-0.16598015881720055,0.999796748161316,0.9995982050895692
147,2.45,8,RIGHT_EAR,0.5095863257135669,0.4034765760103865,-0.19613959320953928,0.99982088804245,0.9991371035575868
147,2.45,9,MOUTH_LEFT,0.5491723020871485,0.41594642542657434,-0.2806247472763064,0.9999668598175048,0.9999021291732788
147,2.45,10,MOUTH_RIGHT,0.5328008759589428,0.4162726189408987,-0.2897255959964936,0.9999685883522034,0.999858021736145
147,2.45,11,LEFT_SHOULDER,0.5994613113857457,0.4615719588029957,-0.09129910667737329,0.9999807476997375,0.99998676776886
147,2.45,12,RIGHT_SHOULDER,0.4527095485301249,0.45563192452703244,-0.11174190683024277,0.999939739704132,0.9998512268066406
147,2.45,13,LEFT_ELBOW,0.6146044277009516,0.5208394839650113,-0.049490921908900865,0.9873929023742676,0.9998818635940552
147,2.45,14,RIGHT_ELBOW,0.4209961508001604,0.5140516559282944,-0.11141903414612728,0.9700088500976562,0.9990171194076538
147,2.45,15,LEFT_WRIST,0.6336323420206711,0.5740259772255312,-0.21131906906763728,0.9894888401031494,0.9998797178268432
147,2.45,16,RIGHT_WRIST,0.43467987293288857,0.5678427418073023,-0.2625090153444384,0.959808886051178,0.9989086389541626
147,2.45,17,LEFT_PINKY,0.6420252550215955,0.593467017014822,-0.2567821826253621,0.9813279509544371,0.999614953994751
147,2.45,18,RIGHT_PINKY,0.43468667637734226,0.5877376369067606,-0.3061790991397134,0.9367372393608092,0.9983539581298828
147,2.45,19,LEFT_INDEX,0.6368430824506857,0.5929755256289533,-0.3022481174696062,0.982574224472046,0.9996837377548218
147,2.45,20,RIGHT_INDEX,0.44611349701881453,0.5857716458184383,-0.35069364167395123,0.9385123252868652,0.998522937297821
147,2.45,21,LEFT_THUMB,0.6315981007757647,0.5880243466013959,-0.23235961440063674,0.9781054258346558,0.9998168349266052
147,2.45,22,RIGHT_THUMB,0.45000273415020575,0.5797256884120765,-0.28306874774751234,0.9293625950813292,0.9989494681358336
147,2.45,23,LEFT_HIP,0.5538871486981716,0.5835512819744297,-0.008829398302450041,0.9998638033866882,0.9999648332595824
147,2.45,24,RIGHT_HIP,0.47226697064581413,0.582945633502234,0.00894563709430037,0.9998381733894348,0.9999138116836548
147,2.45,25,LEFT_KNEE,0.558828853425526,0.6687773778325041,-0.023840035622318585,0.9892194867134094,0.999985933303833
147,2.45,26,RIGHT_KNEE,0.4791276596841362,0.6637288190069659,0.20719867093222494,0.9779132604599,0.9999070167541504
147,2.45,27,LEFT_ANKLE,0.5626264668646318,0.7520692802610858,0.09792093560099607,0.9828851819038392,0.999319553375244
147,2.45,28,RIGHT_ANKLE,0.49544859074410985,0.7234103197143198,0.5632273753484096,0.9689673781394958,0.999636173248291
147,2.45,29,LEFT_HEEL,0.5525201417150956,0.7646843138195227,0.0979367102540675,0.8969002366065979,0.9982581734657288
147,2.45,30,RIGHT_HEEL,0.5055694296246488,0.7331396171024873,0.5901171877270659,0.8648993372917175,0.9993109703063964
147,2.45,31,LEFT_FOOT_INDEX,0.5686866272063488,0.7775302075204402,-0.08538101613521576,0.9774417281150818,0.987572193145752
147,2.45,32,RIGHT_FOOT_INDEX,0.47018230812890227,0.747544515700568,0.4645015966324583,0.9645931720733644,0.9972963929176332
148,2.467,0,NOSE,0.5457236397834057,0.4063479091439932,-0.34109229275158504,0.9999803900718688,0.9997777342796326
148,2.467,1,LEFT_EYE_INNER,0.5521163571448557,0.3994059789748423,-0.315835298526855,0.9999169111251832,0.9994162321090698
148,2.467,2,LEFT_EYE,0.5569854265167604,0.39960869295256507,-0.3158906882717499,0.999916136264801,0.9994515776634216
148,2.467,3,LEFT_EYE_OUTER,0.5609361586116615,0.39981901219912974,-0.31588669334139174,0.999900996685028,0.99946266412735
148,2.467,4,RIGHT_EYE_INNER,0.5374130152520684,0.3990338402135035,-0.3227509402093436,0.9999184608459472,0.99932861328125
148,2.467,5,RIGHT_EYE,0.5312079645338518,0.3991227831159323,-0.32272389247303945,0.999908208847046,0.9992473125457764
148,2.467,6,RIGHT_EYE_OUTER,0.5244912732215159,0.39923958977063534,-0.3227378016426452,0.9998883605003356,0.9991612434387208
148,2.467,7,LEFT_EAR,0.563044028622764,0.4038845172950203,-0.1692003707091015,0.9997946619987488,0.9995993971824646
148,2.467,8,RIGHT_EAR,0.5121455306098579,0.40362650723684435,-0.20080157121022557,0.999819040298462,0.9991231560707092
148,2.467,9,MOUTH_LEFT,0.5515305428277884,0.4162134570734845,-0.2851759422393074,0.999967396259308,0.9999029636383056
148,2.467,10,MOUTH_RIGHT,0.5350622109004434,0.4164522176697144,-0.29445151346070453,0.9999685287475586,0.999858856201172
148,2.467,11,LEFT_SHOULDER,0.6017259189060762,0.4621947308381402,-0.09520946797870455,0.9999817609786988,0.999986171722412
148,2.467,12,RIGHT_SHOULDER,0.4544948254312792,0.45620174635024335,-0.11328540281170897,0.9999374151229858,0.9998340606689452
148,2.467,13,LEFT_ELBOW,0.6163701727276762,0.5222042770612813,-0.05315235611938299,0.987377405166626,0.9999010562896729
148,2.467,14,RIGHT_ELBOW,0.4226476124354775,0.5151328614779885,-0.110287290598665,0.969852864742279,0.9990678429603576
148,2.467,15,LEFT_WRIST,0.6340106328328456,0.5754138429959621,-0.21721101871558618,0.9895705580711364,0.9999051094055176
148,2.467,16,RIGHT_WRIST,0.43475847868692347,0.569074860640935,-0.25766389994394234,0.9596126079559326,0.9990100860595704
148,2.467,17,LEFT_PINKY,0.6419537010647007,0.5952988238561727,-0.2638074869201299,0.9815405607223512,0.9996871948242188
148,2.467,18,RIGHT_PINKY,0.4344463674795064,0.5890329991068164,-0.30171880267915296,0.9364838600158693,0.9984847903251648
148,2.467,19,LEFT_INDEX,0.6367037267912008,0.5946930504980547,-0.3092728668735143,0.982767939567566,0.9997351765632628
148,2.467,20,RIGHT_INDEX,0.4460283901010245,0.586922997520084,-0.34744156968025963,0.9381908774375916,0.9986183643341064
148,2.467,21,LEFT_THUMB,0.6314173056965788,0.5897631049156195,-0.23819035859335053,0.9783124327659608,0.9998499155044556
148,2.467,22,RIGHT_THUMB,0.4499867331414,0.5808474535033822,-0.2787460926033204,0.9290606379508972,0.9990296363830566
148,2.467,23,LEFT_HIP,0.5554077965872634,0.5845823287963873,-0.010768765761029128,0.9998729228973388,0.9999617338180542
148,2.467,24,RIGHT_HIP,0.47297490352676075,0.5838800214585809,0.010887362062931033,0.999836802482605,0.9999099969863892
148,2.467,25,LEFT_KNEE,0.5589536769049513,0.6705605416070853,-0.035285595937498984,0.9895524978637696,0.9999821186065674
148,2.467,26,RIGHT_KNEE,0.4791582411243806,0.6641046319689076,0.21785378314199916,0.9760009050369264,0.9998928308486938
148,2.467,27,LEFT_ANKLE,0.56252970581963,0.7543204738980255,0.07317550054618294,0.9836521744728088,0.9993983507156372
148,2.467,28,RIGHT_ANKLE,0.49592230575425333,0.7238332600820638,0.5900856682232454,0.9666555523872375,0.999672532081604
148,2.467,29,LEFT_HEEL,0.5525065944308332,0.7669060570853103,0.07171742848697164,0.8964610695838928,0.9985358715057372
148,2.467,30,RIGHT_HEEL,0.506109788304284,0.7333834199678337,0.618427631400881,0.8614010214805603,0.9994150400161744
148,2.467,31,LEFT_FOOT_INDEX,0.5674562908354266,0.7804314181918197,-0.11804997956468949,0.9781311750411988,0.9904386401176452
148,2.467,32,RIGHT_FOOT_INDEX,0.4692088606811709,0.748412884417035,0.4910092226096566,0.9632669687271118,0.9979580640792848
149,2.484,0,NOSE,0.5477878735178998,0.40649748274258235,-0.35073338236127616,0.9999807476997375,0.9998517036437988
149,2.484,1,LEFT_EYE_INNER,0.5546149696622581,0.3995517620018554,-0.32507501613526146,0.9999189376831056,0.9995738863945008
149,2.484,2,LEFT_EYE,0.5595460988226396,0.39976412909371545,-0.32512352154368473,0.9999183416366576,0.9996029734611512
149,2.484,3,LEFT_EYE_OUTER,0.5635697273981009,0.3999790818918323,-0.32511029073170283,0.9999039769172668,0.999607264995575
149,2.484,4,RIGHT_EYE_INNER,0.5397215230124341,0.3991611046450482,-0.3319283198742642,0.999919593334198,0.9994826316833496
149,2.484,5,RIGHT_EYE,0.5335645420210706,0.3992407435462592,-0.3319092336155122,0.999909281730652,0.9994088411331176
149,2.484,6,RIGHT_EYE_OUTER,0.5269896813801361,0.3993471662203475,-0.33192530842054485,0.9998891949653624,0.999322772026062
149,2.484,7,LEFT_EAR,0.5660573584692824,0.40406403229350174,-0.1754677153768995,0.9997972846031188,0.999687671661377
149,2.484,8,RIGHT_EAR,0.5147341745240352,0.4037150839964552,-0.207190194300243,0.9998217225074768,0.9992356300354004
149,2.484,9,MOUTH_LEFT,0.5536783337593083,0.41643503450212066,-0.29362937098457725,0.9999683499336244,0.9999245405197144
149,2.484,10,MOUTH_RIGHT,0.5370538149561206,0.41657975883710985,-0.3028313006673543,0.9999690651893616,0.9998831748962402
149,2.484,11,LEFT_SHOULDER,0.6041357375326616,0.4626733348483135,-0.10114493362960363,0.9999826550483704,0.9999874830245972
149,2.484,12,RIGHT_SHOULDER,0.4565718784218747,0.4565370097046811,-0.11596096129644493,0.9999366402626038,0.9998337030410768
149,2.484,13,LEFT_ELBOW,0.6184980046181457,0.5234362993921557,-0.05802445521666893,0.9875633120536804,0.999921441078186
149,2.484,14,RIGHT_ELBOW,0.42442496049971845,0.5157491110620049,-0.10941367312556227,0.9702940583229064,0.9992222785949708
149,2.484,15,LEFT_WRIST,0.6345041365850546,0.576478983674731,-0.22521784972576886,0.9898924827575684,0.9999314546585084
149,2.484,16,RIGHT_WRIST,0.43476948851630837,0.5696700641087129,-0.2558053731918337,0.9602693915367126,0.999171018600464
149,2.484,17,LEFT_PINKY,0.6419811731293094,0.5967799623807277,-0.27276900552568006,0.9820921421051024,0.999755561351776
149,2.484,18,RIGHT_PINKY,0.43406532491956484,0.5897261699040737,-0.29979743985902724,0.9375000596046448,0.998672366142273
149,2.484,19,LEFT_INDEX,0.6365770839509516,0.5960788783572974,-0.3186324934164686,0.983276069164276,0.999800145626068
149,2.484,20,RIGHT_INDEX,0.445774682930538,0.5874986052513128,-0.346255027112507,0.9391297101974488,0.9988178610801696
149,2.484,21,LEFT_THUMB,0.6312725373676851,0.5911724056516381,-0.246240970634279,0.978928565979004,0.9998890161514282
149,2.484,22,RIGHT_THUMB,0.44989242156346676,0.5813891263235188,-0.27722060680389427,0.9302162528038024,0.9991912245750428
149,2.484,23,LEFT_HIP,0.5573216790244698,0.5852444342204508,-0.011974142243464762,0.999881625175476,0.999966025352478
149,2.484,24,RIGHT_HIP,0.4741593457403641,0.5843913413229449,0.012087107281244921,0.99983811378479,0.9999127388000488
149,2.484,25,LEFT_KNEE,0.5590368849890578,0.6712809488886884,-0.04228750607442289,0.9896166920661926,0.9999794960021972
149,2.484,26,RIGHT_KNEE,0.47919743259747866,0.6637730768748697,0.22919832099051718,0.9740937948226928,0.9998773336410522
149,2.484,27,LEFT_ANKLE,0.5625227320761912,0.7562323723520559,0.0600560445870672,0.9841126203536988,0.999286949634552
149,2.484,28,RIGHT_ANKLE,0.4962694091456281,0.7237980819883807,0.6170381790115725,0.9637054204940796,0.9995458722114564
149,2.484,29,LEFT_HEEL,0.5526801063900907,0.768833986350469,0.05803170800209047,0.8964152932167053,0.9982306361198424
149,2.484,30,RIGHT_HEEL,0.5065364525431684,0.7330965910639088,0.6468845747766047,0.8548981547355652,0.9991936087608336
149,2.484,31,LEFT_FOOT_INDEX,0.5669695167314444,0.7824149358840222,-0.13630342980225887,0.9783766269683838,0.9881129860877992
149,2.484,32,RIGHT_FOOT_INDEX,0.46908555570102917,0.7488556248801101,0.5166216804867704,0.960946559906006,0.9972779154777528
150,2.501,0,NOSE,0.5503124140557794,0.4065607644262772,-0.3678408435412819,0.999980926513672,0.9997878670692444
150,2.501,1,LEFT_EYE_INNER,0.5574365031151549,0.39961384875433825,-0.34189189048040514,0.9999202489852904,0.999441921710968
150,2.501,2,LEFT_EYE,0.5624014394623897,0.39983406521025194,-0.3419357467265359,0.9999197721481324,0.999479591846466
150,2.501,3,LEFT_EYE_OUTER,0.5664555004664835,0.4000495388394314,-0.34191624181611224,0.9999061822891236,0.99949049949646
150,2.501,4,RIGHT_EYE_INNER,0.5423988671529866,0.3992089586598536,-0.3487535133248286,0.9999200701713562,0.9993258714675904
150,2.501,5,RIGHT_EYE,0.5362921385538015,0.39928177992502883,-0.3487407579308467,0.9999092221260072,0.9992290735244752
150,2.501,6,RIGHT_EYE_OUTER,0.5298453455879579,0.3993852024986634,-0.3487635311626256,0.99988853931427,0.9991254210472108
150,2.501,7,LEFT_EAR,0.5691606913294116,0.40414197813896946,-0.18795857826868706,0.9997981190681458,0.9996127486228944
150,2.501,8,RIGHT_EAR,0.5175687358492902,0.40375409097898607,-0.22028142071905607,0.999819815158844,0.999013900756836
150,2.501,9,MOUTH_LEFT,0.5563287394387386,0.4165784603073487,-0.3090138392789026,0.9999691843986512,0.9999016523361206
150,2.501,10,MOUTH_RIGHT,0.5395488029434572,0.41662879359154514,-0.31834796212968397,0.999969244003296,0.9998434782028198
150,2.501,11,LEFT_SHOULDER,0.6068128460929513,0.4629669118495219,-0.10986875494321192,0.999983549118042,0.9999871253967284
150,2.501,12,RIGHT_SHOULDER,0.4589595894018813,0.45673250158627865,-0.1241248799931436,0.9999337196350098,0.999778926372528
150,2.501,13,LEFT_ELBOW,0.6210449650174101,0.5244819039390205,-0.062390815998826746,0.9876909852027892,0.9999229907989502
150,2.501,14,RIGHT_ELBOW,0.4262517208144782,0.5159932715552198,-0.11332496468509955,0.970227837562561,0.998983919620514
150,2.501,15,LEFT_WRIST,0.6349674463272101,0.5777087580590026,-0.2305070701099579,0.9901176691055298,0.9999388456344604
150,2.501,16,RIGHT_WRIST,0.4347465833028162,0.5698264042536423,-0.26141282206489946,0.960446298122406,0.9989904761314392
150,2.501,17,LEFT_PINKY,0.6420418960707535,0.5982954558872047,-0.27817719039462885,0.9824687838554382,0.999795138835907
150,2.501,18,RIGHT_PINKY,0.4335847241537915,0.5899739180292407,-0.3057651179177423,0.937811553478241,0.9985215067863464
150,2.501,19,LEFT_INDEX,0.6364838963463199,0.5975048314957396,-0.32508691719600163,0.9836203455924988,0.9998254179954528
150,2.501,20,RIGHT_INDEX,0.44535716374715206,0.5877450193677636,-0.35300395744187524,0.939399242401123,0.9986318945884703
150,2.501,21,LEFT_THUMB,0.6311682973589221,0.5927821653229856,-0.2517206746907463,0.9792754650115968,0.9999022483825684
150,2.501,22,RIGHT_THUMB,0.4497607364541012,0.5815846437499642,-0.28322097375279404,0.9304216504096984,0.9990432858467102
150,2.501,23,LEFT_HIP,0.5595746068727407,0.585825851985387,-0.012057582182543597,0.9998897314071656,0.9999710321426392
150,2.501,24,RIGHT_HIP,0.4757388886951269,0.5847188830375676,0.012162105579461359,0.9998372793197632,0.9999116659164428
150,2.501,25,LEFT_KNEE,0.5591891521499275,0.6717439265478231,-0.03687026112207342,0.9897642135620116,0.9999845027923584
150,2.501,26,RIGHT_KNEE,0.4792483732813884,0.6631162280128122,0.23628839779467825,0.9708457589149476,0.9998782873153688
150,2.501,27,LEFT_ANKLE,0.5625310114451822,0.757635034265973,0.07382299396253766,0.9845573902130128,0.9994933605194092
150,2.501,28,RIGHT_ANKLE,0.49649249513944027,0.723394936039335,0.6366328455152972,0.9593971371650696,0.9996792078018188
150,2.501,29,LEFT_HEEL,0.5528164903322861,0.770093358698346,0.07286080345511439,0.8949161767959595,0.9987888932228088
150,2.501,30,RIGHT_HEEL,0.5068845209621252,0.7325665326345541,0.6678026034718474,0.846474289894104,0.9994656443595886
150,2.501,31,LEFT_FOOT_INDEX,0.5669949083101187,0.7837408809434807,-0.12153453912053797,0.9788318872451782,0.992676317691803
150,2.501,32,RIGHT_FOOT_INDEX,0.4691408602964315,0.7492214356149953,0.5340330629121695,0.9583010673522948,0.9984405636787416
151,2.517,0,NOSE,0.553174929959434,0.40653398916834915,-0.38664575843584004,0.9999807476997375,0.9997201561927797
151,2.517,1,LEFT_EYE_INNER,0.5603708653222952,0.3996068182445711,-0.36049004111971206,0.9999197125434875,0.9992634654045104
151,2.517,2,LEFT_EYE,0.5653626691727416,0.39984023571014443,-0.3605308915887563,0.999919593334198,0.9993189573287964
151,2.517,3,LEFT_EYE_OUTER,0.5694232100532174,0.40005861577533575,-0.3605062592597238,0.9999067783355712,0.999344527721405
151,2.517,4,RIGHT_EYE_INNER,0.5452805246625633,0.3991843447798778,-0.36725351072493084,0.9999179244041444,0.9990952014923096
151,2.517,5,RIGHT_EYE,0.5392054858661839,0.3992476307210472,-0.36724520864940857,0.9999064803123474,0.9989585876464844
151,2.517,6,RIGHT_EYE_OUTER,0.5328243261291872,0.39934567894254447,-0.36727837579590966,0.999885082244873,0.9988137483596802
151,2.517,7,LEFT_EAR,0.5721542750086108,0.4041711574509034,-0.20248848838465566,0.9997952580451964,0.999514937400818
151,2.517,8,RIGHT_EAR,0.5203739972341632,0.40374578322683097,-0.23493324078264705,0.9998124241828918,0.9987232089042664
151,2.517,9,MOUTH_LEFT,0.5592925179572338,0.4166305959224704,-0.32622565825780264,0.999969720840454,0.9998890161514282
151,2.517,10,MOUTH_RIGHT,0.5423968519483299,0.4165916357721605,-0.33553638770466787,0.9999690651893616,0.9998189806938172
151,2.517,11,LEFT_SHOULDER,0.6096993855067667,0.46310464399201573,-0.11944613889569333,0.9999844431877136,0.9999871253967284
151,2.517,12,RIGHT_SHOULDER,0.46139407867477095,0.4567500963097531,-0.1345760350426039,0.9999314546585084,0.9997863173484802
151,2.517,13,LEFT_ELBOW,0.6239678802944371,0.5252920105343778,-0.07001311580340072,0.9879065155982972,0.9999094009399414
151,2.517,14,RIGHT_ELBOW,0.4279835025469466,0.5158762733141586,-0.11848000153189622,0.9700469374656676,0.9989625215530396
151,2.517,15,LEFT_WRIST,0.6353382581756234,0.5789721012115483,-0.24411467214425422,0.9903839230537416,0.9999333620071412
151,2.517,16,RIGHT_WRIST,0.4347408995741894,0.5698507087571285,-0.26582664251327537,0.9605228304862976,0.9988580942153932
151,2.517,17,LEFT_PINKY,0.6421132116090689,0.599594828628359,-0.29308986379986746,0.982933223247528,0.9997783303260804
151,2.517,18,RIGHT_PINKY,0.43300173963819266,0.5899789901006796,-0.31099051095190533,0.9379714131355286,0.9983081817626952
151,2.517,19,LEFT_INDEX,0.6364192735581177,0.598705825351534,-0.3411126974083132,0.9840420484542848,0.9998136162757874
151,2.517,20,RIGHT_INDEX,0.44467739122254546,0.5878365777787713,-0.3593872672035584,0.9395558834075928,0.9984322190284728
151,2.517,21,LEFT_THUMB,0.6311051987466364,0.5941633014451895,-0.26575161516666435,0.9797353148460388,0.9998941421508788
151,2.517,22,RIGHT_THUMB,0.449460069338481,0.5816017871811281,-0.2881197489443282,0.9306227564811708,0.9988858103752136
151,2.517,23,LEFT_HIP,0.5619950039046157,0.5863120101747064,-0.0119546575560456,0.999896764755249,0.9999611377716064
151,2.517,24,RIGHT_HIP,0.47741908970333324,0.5850371434575041,0.012052658457486369,0.9998356699943542,0.9998695850372314
151,2.517,25,LEFT_KNEE,0.5596197304271522,0.671702126661937,-0.0336301488180955,0.9900375604629515,0.9999829530715942
151,2.517,26,RIGHT_KNEE,0.4792531686169764,0.6626970626059039,0.24938210135414504,0.968817174434662,0.9998260140419006
151,2.517,27,LEFT_ANKLE,0.562753782385872,0.7583273109935587,0.08510311409121468,0.9850863814353944,0.9991143345832824
151,2.517,28,RIGHT_ANKLE,0.496731057053521,0.7228436441648581,0.6678133692060204,0.9556198120117188,0.999477207660675
151,2.517,29,LEFT_HEEL,0.553395895730882,0.7705462830407286,0.08509304232540589,0.8906540870666504,0.9978480339050292
151,2.517,30,RIGHT_HEEL,0.507206553504581,0.7312846552757997,0.7008568616140463,0.8371847867965698,0.9991205334663392
151,2.517,31,LEFT_FOOT_INDEX,0.5668084621429449,0.7851688890230095,-0.11464775814896544,0.979273796081543,0.9877211451530457
151,2.517,32,RIGHT_FOOT_INDEX,0.46969206418309933,0.7495655928339284,0.5629215552693327,0.9561225175857544,0.9974257349967957
152,2.534,0,NOSE,0.5561253485225501,0.4064014341150015,-0.41072446959359343,0.9999799728393556,0.9996742010116576
152,2.534,1,LEFT_EYE_INNER,0.5632150797616873,0.3995057628268291,-0.3842058792000729,0.9999170899391174,0.9991675615310668
152,2.534,2,LEFT_EYE,0.5682332884697692,0.39975664729163796,-0.38424289652279475,0.9999167323112488,0.9992241859436036
152,2.534,3,LEFT_EYE_OUTER,0.5723154317765013,0.39998411564599934,-0.38420951366424594,0.9999045133590698,0.9992433786392212
152,2.534,4,RIGHT_EYE_INNER,0.5481962731906351,0.3990484504472645,-0.3910565078258518,0.9999139308929444,0.9990065693855286
152,2.534,5,RIGHT_EYE,0.5421427828925001,0.3990982529662908,-0.3910505842594877,0.9999009370803832,0.9988716244697572
152,2.534,6,RIGHT_EYE_OUTER,0.5357849569547749,0.39918248568262404,-0.39108915556044843,0.9998780488967896,0.9987303614616394
152,2.534,7,LEFT_EAR,0.5748349172728408,0.40412464595976366,-0.22154483270077494,0.999783217906952,0.9994114637374878
152,2.534,8,RIGHT_EAR,0.5229334519022992,0.4036010844366895,-0.2545982741174246,0.9997988343238832,0.9985780715942384
152,2.534,9,MOUTH_LEFT,0.5621904588880998,0.41657532964433974,-0.3484990653537572,0.9999695420265198,0.999860405921936
152,2.534,10,MOUTH_RIGHT,0.5453248506500612,0.4164433053561623,-0.3579261317139583,0.9999682307243348,0.9997803568840028
152,2.534,11,LEFT_SHOULDER,0.6125655656769168,0.4630538069066551,-0.13332704312744603,0.9999849796295166,0.9999849796295166
152,2.534,12,RIGHT_SHOULDER,0.4633161681038997,0.45664275544030364,-0.1487455197743008,0.99992835521698,0.999760091304779
152,2.534,13,LEFT_ELBOW,0.6269394329616007,0.5257882078488673,-0.08590528085118251,0.987827718257904,0.9999206066131592
152,2.534,14,RIGHT_ELBOW,0.4292448716504237,0.5155880224137084,-0.12697142433552522,0.9699217677116394,0.9990146160125732
152,2.534,15,LEFT_WRIST,0.6356357733408616,0.580227843352727,-0.2745529164870582,0.9904391765594482,0.9999388456344604
152,2.534,16,RIGHT_WRIST,0.43474316880816544,0.5699341580981305,-0.2757438265141989,0.9603565335273744,0.9989414811134338
152,2.534,17,LEFT_PINKY,0.6421495136760536,0.6007285401934674,-0.32668067443938514,0.9830163717269896,0.9998089671134948
152,2.534,18,RIGHT_PINKY,0.4322912267276222,0.5898736374718807,-0.3230416959240326,0.9377743005752563,0.9985085129737854
152,2.534,19,LEFT_INDEX,0.6363523744401485,0.5997099507422681,-0.3760127907707581,0.9841084480285645,0.9998329877853394
152,2.534,20,RIGHT_INDEX,0.44372321736244963,0.5878495886212309,-0.3728146027951017,0.9393481612205504,0.9985901713371276
152,2.534,21,LEFT_THUMB,0.6310463150342311,0.5951848909968427,-0.2969727374258498,0.9797333478927612,0.9999035596847534
152,2.534,22,RIGHT_THUMB,0.44891779337610555,0.581588350591206,-0.2985722791580929,0.9302504062652588,0.9990023970603944
152,2.534,23,LEFT_HIP,0.5644775685809913,0.5867264724913104,-0.01200457023722781,0.9999037981033324,0.999974489212036
152,2.534,24,RIGHT_HIP,0.4791248483317243,0.5853400202024557,0.012100298711586525,0.9998372197151184,0.9999176263809204
152,2.534,25,LEFT_KNEE,0.5602134835152404,0.6713663765362337,-0.038461966617476355,0.9902754426002502,0.9999866485595704
152,2.534,26,RIGHT_KNEE,0.47906097911653106,0.6626126340457378,0.26591000315688923,0.9670572876930236,0.9998860359191896
152,2.534,27,LEFT_ANKLE,0.5631005338260111,0.758439983640399,0.09180676085608348,0.9855904579162598,0.9995488524436952
152,2.534,28,RIGHT_ANKLE,0.496748873165676,0.7212356953393853,0.7161736828940262,0.9528848528862,0.9997233748435974
152,2.534,29,LEFT_HEEL,0.5541891398884007,0.7704892555872607,0.09260833103741922,0.8906540870666504,0.9989473223686218
152,2.534,30,RIGHT_HEEL,0.5072512513115297,0.7283040199960988,0.7525480730193008,0.830710232257843,0.9995636343955994
152,2.534,31,LEFT_FOOT_INDEX,0.5664576859701254,0.7863851785659797,-0.11321344900698896,0.9798829555511476,0.9936829805374146
152,2.534,32,RIGHT_FOOT_INDEX,0.47025967070034613,0.74975107397352,0.613310215019045,0.9547916054725648,0.9987177848815918
153,2.551,0,NOSE,0.5580838578087948,0.40617621654555947,-0.4275154414631076,0.999980092048645,0.9996896982192992
153,2.551,1,LEFT_EYE_INNER,0.5652810533841456,0.3993056118488315,-0.40095197728702037,0.9999181032180786,0.9991661310195924
153,2.551,2,LEFT_EYE,0.5704082733108888,0.39958250806445206,-0.40098332507269757,0.9999176263809204,0.999214768409729
153,2.551,3,LEFT_EYE_OUTER,0.5745947275842944,0.39982468031701623,-0.40094120729537275,0.9999062418937684,0.999232053756714
153,2.551,4,RIGHT_EYE_INNER,0.5500966594332746,0.3987964774881094,-0.4075560172398889,0.99991375207901,0.998993456363678
153,2.551,5,RIGHT_EYE,0.5440017098472236,0.3988257164046881,-0.4075487156709039,0.999899923801422,0.9988448619842528
153,2.551,6,RIGHT_EYE_OUTER,0.5376213136173434,0.3988827694030039,-0.407589347589584,0.9998770952224731,0.9986888766288756
153,2.551,7,LEFT_EAR,0.5774066334679019,0.40403475505965136,-0.23599591709318635,0.9997799396514891,0.999408483505249
153,2.551,8,RIGHT_EAR,0.5249064309256422,0.40327745250293223,-0.26808133934225375,0.9997934699058532,0.9985478520393372
153,2.551,9,MOUTH_LEFT,0.5643043007169456,0.4164757728576664,-0.36443969323521597,0.9999704360961914,0.9998693466186525
153,2.551,10,MOUTH_RIGHT,0.5471493658565345,0.4162306629476097,-0.3735354585306988,0.9999687075614928,0.999790370464325
153,2.551,11,LEFT_SHOULDER,0.6154988578387675,0.46299959080559905,-0.14482272593748013,0.999985694885254,0.999984622001648
153,2.551,12,RIGHT_SHOULDER,0.4647649072465447,0.4565173401719052,-0.1593981640679497,0.9999273419380188,0.9997534155845642
153,2.551,13,LEFT_ELBOW,0.6294041673342393,0.5261613357634776,-0.10217107122852695,0.9879229664802552,0.9999068975448608
153,2.551,14,RIGHT_ELBOW,0.4301042528379535,0.5153085759707865,-0.13530421186061142,0.9708528518676758,0.9989351630210876
153,2.551,15,LEFT_WRIST,0.6359463390849891,0.5812619158199861,-0.30492155963466305,0.9906553626060486,0.9999401569366456
153,2.551,16,RIGHT_WRIST,0.4347625814733055,0.5700680244536632,-0.28773692392167616,0.9613234400749208,0.9989063739776612
153,2.551,17,LEFT_PINKY,0.6422094816253304,0.6015972438312718,-0.3600338413601833,0.9833792448043824,0.9998072981834412
153,2.551,18,RIGHT_PINKY,0.4314571477117996,0.5898154122488845,-0.3375245730082197,0.938948392868042,0.9983516931533812
153,2.551,19,LEFT_INDEX,0.6362468089376183,0.6004814221745451,-0.4100302699066347,0.9844394326210022,0.9998373985290528
153,2.551,20,RIGHT_INDEX,0.4425946147668933,0.5878706262225202,-0.3879648390270418,0.9405049681663512,0.9984893798828124
153,2.551,21,LEFT_THUMB,0.6309606007167277,0.5959539640517468,-0.32793573396546527,0.9800623655319214,0.9999067783355712
153,2.551,22,RIGHT_THUMB,0.4481587197099417,0.5815666715304062,-0.310889488174802,0.9314373135566713,0.9989431500434875
153,2.551,23,LEFT_HIP,0.5668623021670756,0.5872491257531307,-0.012086745706342463,0.9999105930328368,0.9999788999557496
153,2.551,24,RIGHT_HIP,0.48080847660700526,0.5857584022340325,0.012180873902425834,0.999838888645172,0.9999186992645264
153,2.551,25,LEFT_KNEE,0.561067782697224,0.6713295465423954,-0.037988131777161635,0.9906521439552308,0.9999885559082032
153,2.551,26,RIGHT_KNEE,0.47868135145732377,0.6625482723826459,0.27740684009733674,0.9660401940345764,0.9998681545257568
153,2.551,27,LEFT_ANKLE,0.5635627252714979,0.7584555234227868,0.10573706172761466,0.9862099885940552,0.9994599223136902
153,2.551,28,RIGHT_ANKLE,0.49662606205259097,0.7189041603179211,0.7508130556061161,0.9503213167190552,0.9996554851531982
153,2.551,29,LEFT_HEEL,0.5548986991246547,0.7696206739970624,0.1087623699789956,0.8897767066955566,0.99872487783432
153,2.551,30,RIGHT_HEEL,0.5069913693836762,0.7245918256895889,0.7896912012781423,0.8231423497200012,0.9994729161262512
153,2.551,31,LEFT_FOOT_INDEX,0.5662564209529337,0.7869693807193219,-0.10143989750317173,0.9806494116783142,0.9928503036499025
153,2.551,32,RIGHT_FOOT_INDEX,0.4710616072018945,0.7497604120345349,0.6499175656409496,0.9535865187644958,0.9985705614089966
154,2.567,0,NOSE,0.559604060082209,0.405844738086065,-0.4480450891313103,0.999980628490448,0.9997356534004213
154,2.567,1,LEFT_EYE_INNER,0.5670122248785842,0.3989954619180592,-0.4209134876728061,0.9999209642410278,0.9992644190788268
154,2.567,2,LEFT_EYE,0.5722567524228783,0.3993032205672495,-0.42094179136412524,0.999920129776001,0.9993011951446532
154,2.567,3,LEFT_EYE_OUTER,0.5765404985064557,0.3995697611854193,-0.42089097414697957,0.9999095797538756,0.9993138313293456
154,2.567,4,RIGHT_EYE_INNER,0.5515820639474056,0.39841445003237086,-0.42795452901295294,0.9999155402183532,0.9990955591201782
154,2.567,5,RIGHT_EYE,0.5454130172729497,0.3984143648828783,-0.42794807468141866,0.9999011158943176,0.9989402890205384
154,2.567,6,RIGHT_EYE_OUTER,0.5389552769206825,0.3984227123714632,-0.42799265327907776,0.999878704547882,0.9987769722938538
154,2.567,7,LEFT_EAR,0.579667590913319,0.40387263752165337,-0.25070739785830204,0.9997825622558594,0.9994743466377258
154,2.567,8,RIGHT_EAR,0.5264393006052295,0.4027488118126282,-0.28470692464283553,0.9997931122779846,0.9986218214035034
154,2.567,9,MOUTH_LEFT,0.5658649121012012,0.41630903595969826,-0.38289685902141424,0.9999719858169556,0.9998830556869508
154,2.567,10,MOUTH_RIGHT,0.5483408910887586,0.4159302825019477,-0.39250837621234747,0.9999698996543884,0.9998058676719666
154,2.567,11,LEFT_SHOULDER,0.6179429831958958,0.46288468724205417,-0.15450775623321544,0.9999865889549256,0.9999885559082032
154,2.567,12,RIGHT_SHOULDER,0.4657421410083775,0.4562753126734783,-0.17201860461916255,0.9999275207519532,0.9997623562812804
154,2.567,13,LEFT_ELBOW,0.6314299645878025,0.5261700266883491,-0.11897267507655285,0.9882214069366456,0.9999215602874756
154,2.567,14,RIGHT_ELBOW,0.4307138579232356,0.5151299607186095,-0.14723176260789245,0.9720887541770936,0.998953342437744
154,2.567,15,LEFT_WRIST,0.6362376071157916,0.5816505182357067,-0.34162440470286803,0.9910619258880616,0.9999511241912842
154,2.567,16,RIGHT_WRIST,0.4347522585164937,0.5701019593647554,-0.30596182459876675,0.9629904627799988,0.9989442229270936
154,2.567,17,LEFT_PINKY,0.6423065974598845,0.6019154020718172,-0.40031738082567886,0.984066605567932,0.9998300075531006
154,2.567,18,RIGHT_PINKY,0.43047082282248034,0.5897072269803008,-0.3586454121839436,0.9412179589271544,0.998342514038086
154,2.567,19,LEFT_INDEX,0.6361187809989571,0.6007957430112935,-0.45094665317308374,0.9850731492042542,0.9998595714569092
154,2.567,20,RIGHT_INDEX,0.4414426230248955,0.5877735955374587,-0.4095216975325634,0.9427385926246644,0.998506247997284
154,2.567,21,LEFT_THUMB,0.6308448655264725,0.5961922690981916,-0.36528992085229817,0.9808009266853333,0.9999220371246338
154,2.567,22,RIGHT_THUMB,0.44722417848450835,0.5814312128793631,-0.3291837658200948,0.933896005153656,0.998971939086914
154,2.567,23,LEFT_HIP,0.5692593739146283,0.5875807659966611,-0.011902191010968958,0.9999176263809204,0.999986171722412
154,2.567,24,RIGHT_HIP,0.4824324605010809,0.5860718658992228,0.011992706784180162,0.9998435974121094,0.9999359846115112
154,2.567,25,LEFT_KNEE,0.5618430745033995,0.6713427418754221,-0.04961340067287287,0.991098701953888,0.9999903440475464
154,2.567,26,RIGHT_KNEE,0.4781576324076884,0.662501976603554,0.2871629822821846,0.9653803706169128,0.999865174293518
154,2.567,27,LEFT_ANKLE,0.5639503910428008,0.7586563144411367,0.10140051728203187,0.9868748784065248,0.9994879961013794
154,2.567,28,RIGHT_ANKLE,0.496326008013317,0.7160105279513774,0.8019682736623862,0.9470251202583312,0.9996880292892456
154,2.567,29,LEFT_HEEL,0.555261231604077,0.7694057850610649,0.10607862401576273,0.8890438079833984,0.9987658262252808
154,2.567,30,RIGHT_HEEL,0.5060975579988394,0.7200634451139547,0.8452950403803878,0.815322756767273,0.9995383024215698
154,2.567,31,LEFT_FOOT_INDEX,0.5659432070595882,0.7872415355273663,-0.11290382061685843,0.9814881682395936,0.9930906295776368
154,2.567,32,RIGHT_FOOT_INDEX,0.47211235761642495,0.749551985945021,0.70541228566851,0.952181875705719,0.998735249042511
155,2.584,0,NOSE,0.5601898743992765,0.4053590609913784,-0.4575679657005133,0.9999801516532898,0.9995703101158142
155,2.584,1,LEFT_EYE_INNER,0.5680803429512755,0.39850783489999353,-0.430076258523124,0.999920129776001,0.9988734126091005
155,2.584,2,LEFT_EYE,0.5734818748065409,0.3988441214674998,-0.43010250727335647,0.9999188780784608,0.9989325404167176
155,2.584,3,LEFT_EYE_OUTER,0.5779153903325405,0.3991358791078844,-0.43004405640420496,0.9999090433120728,0.99895179271698
155,2.584,4,RIGHT_EYE_INNER,0.5522762309937255,0.39785169277872395,-0.43739659303710615,0.9999130368232728,0.9986577033996582
155,2.584,5,RIGHT_EYE,0.5460356218474257,0.3978204712981273,-0.437388387464342,0.999897301197052,0.9984655380249025
155,2.584,6,RIGHT_EYE_OUTER,0.539543265388126,0.39777733030773377,-0.4374360087372012,0.9998746514320374,0.9982763528823853
155,2.584,7,LEFT_EAR,0.5817082382383807,0.4035843085675016,-0.2573203550917764,0.9997732639312744,0.9991705417633056
155,2.584,8,RIGHT_EAR,0.5276495729173938,0.4020338228770668,-0.29275725994791324,0.999780297279358,0.9980790615081788
155,2.584,9,MOUTH_LEFT,0.5666033909434369,0.4160134877477377,-0.39149956334204933,0.999972403049469,0.9998210072517396
155,2.584,10,MOUTH_RIGHT,0.5486682738576621,0.4154845689024248,-0.40145298554783815,0.9999697804450988,0.9997138381004332
155,2.584,11,LEFT_SHOULDER,0.620088798659189,0.4627377589543664,-0.15884023975758332,0.9999870657920836,0.9999799728393556
155,2.584,12,RIGHT_SHOULDER,0.4666514283134828,0.45583701701391355,-0.17849814395109825,0.9999247789382936,0.9996871948242188
155,2.584,13,LEFT_ELBOW,0.6330988094920209,0.525969315142859,-0.12918455721366978,0.9879090189933776,0.999897837638855
155,2.584,14,RIGHT_ELBOW,0.4311112676348009,0.5150189626784556,-0.15492175945213876,0.972370982170105,0.998891532421112
155,2.584,15,LEFT_WRIST,0.6367467216082987,0.5815743009249374,-0.3657465066228597,0.9910538792610168,0.9999431371688844
155,2.584,16,RIGHT_WRIST,0.4346526378677009,0.5699776354290196,-0.3191574116547905,0.9634494185447692,0.999010682106018
155,2.584,17,LEFT_PINKY,0.6425691190220066,0.6017962467102783,-0.42663204528036613,0.9841071963310242,0.9998362064361572
155,2.584,18,RIGHT_PINKY,0.4293994406859084,0.5894876633371631,-0.37359660438128917,0.941817820072174,0.998635470867157
155,2.584,19,LEFT_INDEX,0.6360414482298358,0.600698732194447,-0.47724125640732945,0.985094964504242,0.9998584985733032
155,2.584,20,RIGHT_INDEX,0.4403081720783601,0.5875111676397784,-0.42387220263481173,0.9433408379554749,0.9987213015556335
155,2.584,21,LEFT_THUMB,0.6307704250017807,0.5959932349977044,-0.3896678189436598,0.980721950531006,0.999915599822998
155,2.584,22,RIGHT_THUMB,0.446218284822646,0.5811580306007754,-0.3422029770555953,0.9344202280044556,0.9990804195404052
155,2.584,23,LEFT_HIP,0.5717197202500848,0.5878319002333147,-0.011204044600682528,0.9999236464500428,0.9999847412109376
155,2.584,24,RIGHT_HIP,0.4840815336931324,0.5863913127354219,0.011272998426907772,0.999847650527954,0.9999376535415648
155,2.584,25,LEFT_KNEE,0.5627731425421584,0.6713996075448543,-0.06138684671549572,0.9914233088493348,0.9999916553497314
155,2.584,26,RIGHT_KNEE,0.4777325746558966,0.662849128246308,0.2887595750036696,0.964250147342682,0.9998985528945924
155,2.584,27,LEFT_ANKLE,0.5642548714365283,0.7591648186956139,0.11026492182697573,0.9874346256256104,0.9997022747993468
155,2.584,28,RIGHT_ANKLE,0.495855067457472,0.7132232160795309,0.8311007590520958,0.944782853126526,0.9997969269752502
155,2.584,29,LEFT_HEEL,0.5555404027303066,0.7697440584500638,0.11741739724363606,0.8900051116943359,0.9993332028388976
155,2.584,30,RIGHT_HEEL,0.5045869691031324,0.7158856477056237,0.8774129436129623,0.8089223504066467,0.9997183680534364
155,2.584,31,LEFT_FOOT_INDEX,0.5654562399500898,0.7879611196972083,-0.10504415595815303,0.9822697043418884,0.9963035583496094
155,2.584,32,RIGHT_FOOT_INDEX,0.4733113745848342,0.7492807450748632,0.7398847369920647,0.9514617919921876,0.999247670173645
156,2.601,0,NOSE,0.5609255574998406,0.4047325281869801,-0.4592711215927491,0.9999788999557496,0.999519944190979
156,2.601,1,LEFT_EYE_INNER,0.5691860715548203,0.39789372256823985,-0.43168207719212526,0.9999167919158936,0.998788058757782
156,2.601,2,LEFT_EYE,0.5746386221476969,0.3982532492705757,-0.4317078604584652,0.9999150037765504,0.998864769935608
156,2.601,3,LEFT_EYE_OUTER,0.5791177607717973,0.39856435571398086,-0.4316495160261794,0.999905526638031,0.9988941550254822
156,2.601,4,RIGHT_EYE_INNER,0.5531068557784675,0.39717124473480986,-0.43946897415887787,0.9999072551727296,0.998482882976532
156,2.601,5,RIGHT_EYE,0.5468047318004432,0.3971153653803329,-0.4394598149117973,0.9998886585235596,0.9982265830039978
156,2.601,6,RIGHT_EYE_OUTER,0.5403131019501464,0.397021252484549,-0.43951264449528327,0.999863862991333,0.9979695677757264
156,2.601,7,LEFT_EAR,0.5832567356881646,0.40318450899351244,-0.25735532740751926,0.9997547268867492,0.999163031578064
156,2.601,8,RIGHT_EAR,0.528828050409045,0.4011869586649399,-0.29490955528758844,0.9997581839561462,0.9976303577423096
156,2.601,9,MOUTH_LEFT,0.5674151636305315,0.41558205371811313,-0.39253263956024564,0.999972641468048,0.9998140931129456
156,2.601,10,MOUTH_RIGHT,0.5491095298812507,0.41488687481199027,-0.40310813273702384,0.9999690651893616,0.999669075012207
156,2.601,11,LEFT_SHOULDER,0.6218042345274069,0.4625492663610553,-0.15731591341041393,0.9999876022338868,0.9999828338623048
156,2.601,12,RIGHT_SHOULDER,0.46750648106847537,0.45532060237157956,-0.18087657434599752,0.9999204277992249,0.9995869994163512
156,2.601,13,LEFT_ELBOW,0.634505280426571,0.5255509983925597,-0.12743207351082855,0.9878785014152528,0.9999161958694458
156,2.601,14,RIGHT_ELBOW,0.4313169731980282,0.5149449479012267,-0.15979063510894786,0.973685383796692,0.9988182187080384
156,2.601,15,LEFT_WRIST,0.6373469943091988,0.5812425556636998,-0.36351730000405114,0.9912979006767272,0.9999498128890992
156,2.601,16,RIGHT_WRIST,0.43420501691954516,0.5696733395258591,-0.3277341695058916,0.9650049805641174,0.9988771080970764
156,2.601,17,LEFT_PINKY,0.6432067808650794,0.6014503439267482,-0.42379113322212614,0.98454749584198,0.9998388290405272
156,2.601,18,RIGHT_PINKY,0.42790318954558637,0.5892214292571664,-0.3822421715373088,0.9438281655311584,0.9983454942703248
156,2.601,19,LEFT_INDEX,0.6360195222355076,0.6003765690894359,-0.47470342829113965,0.9854947924613952,0.9998633861541748
156,2.601,20,RIGHT_INDEX,0.4387421224798479,0.5872229195776446,-0.43140116759708985,0.945322811603546,0.9984664916992188
156,2.601,21,LEFT_THUMB,0.6307071277073457,0.5955641269683843,-0.3874420168853945,0.9811546206474304,0.9999212026596068
156,2.601,22,RIGHT_THUMB,0.4448618803705492,0.5808726889746535,-0.3502924399716516,0.9365419149398804,0.9989169836044312
156,2.601,23,LEFT_HIP,0.5740675472077875,0.588424268222991,-0.008944740954099074,0.9999295473098756,0.9999887943267822
156,2.601,24,RIGHT_HIP,0.48565352246874893,0.587065131891342,0.008976002306943441,0.9998511672019958,0.9999383687973022
156,2.601,25,LEFT_KNEE,0.563838850884211,0.6728214990525025,-0.06275931197506865,0.9917801022529602,0.9999895095825196
156,2.601,26,RIGHT_KNEE,0.47727822264035585,0.663765918640864,0.2805205370698659,0.962943971157074,0.9998366832733154
156,2.601,27,LEFT_ANKLE,0.5643312079565871,0.760415712992351,0.13457622450022477,0.987901508808136,0.9995180368423462
156,2.601,28,RIGHT_ANKLE,0.49515880147616115,0.7111998512631377,0.8361477312587564,0.9373016953468324,0.999677300453186
156,2.601,29,LEFT_HEEL,0.5555237673577813,0.7713777848652438,0.14405185445433583,0.8891682624816895,0.99889874458313
156,2.601,30,RIGHT_HEEL,0.5028927539076129,0.7131637136141465,0.8843668756030862,0.7938519716262817,0.9995837807655334
156,2.601,31,LEFT_FOOT_INDEX,0.5652473001253042,0.789107853458042,-0.07735121383198676,0.98285973072052,0.9941351413726808
156,2.601,32,RIGHT_FOOT_INDEX,0.47425856050990917,0.7490646470160718,0.7498016953468329,0.94757342338562,0.9989915490150452
157,2.617,0,NOSE,0.5618963184810826,0.4040277515138902,-0.44892652119909054,0.9999779462814332,0.9995816349983216
157,2.617,1,LEFT_EYE_INNER,0.5704228963170738,0.39720761917886316,-0.4214992963132408,0.9999144673347472,0.9988825917243958
157,2.617,2,LEFT_EYE,0.5758667616617117,0.3975932782604584,-0.42152627876826726,0.9999123811721802,0.9989540576934814
157,2.617,3,LEFT_EYE_OUTER,0.5804238177481157,0.3979183747654873,-0.4214713218666262,0.9999033808708192,0.9989748001098632
157,2.617,4,RIGHT_EYE_INNER,0.5541371646381565,0.39640507527760127,-0.4295335922922411,0.9999030232429504,0.998610019683838
157,2.617,5,RIGHT_EYE,0.5477831619126461,0.3963170974027546,-0.42952378874733366,0.9998829364776612,0.998392641544342
157,2.617,6,RIGHT_EYE_OUTER,0.5412687063217168,0.3961847353549234,-0.4295801449389689,0.9998568296432496,0.998162806034088
157,2.617,7,LEFT_EAR,0.5845230817794804,0.4026941671257931,-0.24882035312198478,0.9997416138648988,0.9991686344146729
157,2.617,8,RIGHT_EAR,0.5299479450498313,0.40022983863240236,-0.2875033659594402,0.9997443556785583,0.9978452920913696
157,2.617,9,MOUTH_LEFT,0.5683603570574811,0.41507061180614324,-0.3828738189878921,0.9999725222587584,0.9998133778572084
157,2.617,10,MOUTH_RIGHT,0.5498288330577674,0.41417559555598704,-0.3938019857520152,0.9999683499336244,0.9996891021728516
157,2.617,11,LEFT_SHOULDER,0.6229926631564191,0.46240433482896753,-0.1504458508321218,0.9999878406524658,0.9999791383743286
157,2.617,12,RIGHT_SHOULDER,0.46844817485128176,0.4547839235691802,-0.1772185769819079,0.9999176263809204,0.9996637105941772
157,2.617,13,LEFT_ELBOW,0.6359619441486546,0.5250784527687804,-0.12003778772694731,0.987692892551422,0.9999117851257324
157,2.617,14,RIGHT_ELBOW,0.4313495627471383,0.5147701586995811,-0.15627810429959083,0.9742448329925536,0.9990457892417908
157,2.617,15,LEFT_WRIST,0.6379889391717464,0.5807692692393354,-0.3476001733825323,0.991397738456726,0.9999511241912842
157,2.617,16,RIGHT_WRIST,0.433198900449844,0.5693103983288725,-0.32034467799322974,0.9657629132270812,0.9989861845970154
157,2.617,17,LEFT_PINKY,0.6440608671733317,0.6009126844860264,-0.4057470772947588,0.9847705960273744,0.9998480081558228
157,2.617,18,RIGHT_PINKY,0.4259534506570729,0.5889345435869131,-0.3732108502160939,0.9448525309562684,0.9984915256500244
157,2.617,19,LEFT_INDEX,0.6360183273042956,0.5998358754884634,-0.45672853078161013,0.9856843948364258,0.9998711347579956
157,2.617,20,RIGHT_INDEX,0.43669226623716845,0.5869576051121672,-0.4223681163220182,0.9463744759559632,0.9986085295677184
157,2.617,21,LEFT_THUMB,0.6306282934688392,0.5948348641395574,-0.371417269820259,0.981343686580658,0.999925136566162
157,2.617,22,RIGHT_THUMB,0.44306540347281,0.5806103973161612,-0.3428122216746924,0.937792181968689,0.9990170001983644
157,2.617,23,LEFT_HIP,0.5761647423108425,0.5894056161244716,-0.005767299060521248,0.9999344944953918,0.9999865293502808
157,2.617,24,RIGHT_HIP,0.48695080478986147,0.587988260246459,0.0057575983810238,0.9998560547828674,0.9999464750289916
157,2.617,25,LEFT_KNEE,0.5652420265333998,0.6749022006988532,-0.05315291683932409,0.9920856356620787,0.9999887943267822
157,2.617,26,RIGHT_KNEE,0.47676024266651745,0.6648281982966837,0.2654732146433424,0.962431788444519,0.9998804330825806
157,2.617,27,LEFT_ANKLE,0.5644183499472487,0.7624025089400162,0.15903322363183622,0.9883374571800232,0.99959534406662
157,2.617,28,RIGHT_ANKLE,0.49418778362728344,0.7103143618220381,0.8070184957413453,0.9346904754638672,0.9997076392173768
157,2.617,29,LEFT_HEEL,0.5554976378168384,0.774181783199311,0.1691487041257678,0.8916313052177429,0.9990856647491456
157,2.617,30,RIGHT_HEEL,0.5011846650214427,0.7120824427831747,0.8540073065530693,0.7858706712722778,0.9995965361595154
157,2.617,31,LEFT_FOOT_INDEX,0.5653600891431177,0.7906126181284594,-0.04743898730902447,0.9834234714508056,0.994652271270752
157,2.617,32,RIGHT_FOOT_INDEX,0.47505260223434126,0.7489280530384617,0.7222687176295697,0.9461492300033568,0.9988792538642884
158,2.634,0,NOSE,0.5630673539070861,0.4033615376268118,-0.4419163266817733,0.999976634979248,0.9994633793830872
158,2.634,1,LEFT_EYE_INNER,0.5717374313445324,0.39654732601983234,-0.41485746985390115,0.9999115467071532,0.9986703395843506
158,2.634,2,LEFT_EYE,0.5771382564590096,0.3969493948277976,-0.4148817417167485,0.9999093413352966,0.9987724423408508
158,2.634,3,LEFT_EYE_OUTER,0.5817723018782485,0.3972785671552026,-0.41482747594515523,0.999900996685028,0.998813271522522
158,2.634,4,RIGHT_EYE_INNER,0.5552848719415215,0.39568389739309073,-0.42287240425745687,0.9998984932899476,0.9983927607536316
158,2.634,5,RIGHT_EYE,0.5488643192109612,0.39557319028036964,-0.42286277384985094,0.999877393245697,0.998196303844452
158,2.634,6,RIGHT_EYE_OUTER,0.5422937870025639,0.39541810892877155,-0.4229165670417608,0.9998506307601928,0.9979959726333618
158,2.634,7,LEFT_EAR,0.5856992233367199,0.40214657073929233,-0.24423536090623782,0.999731421470642,0.9990758895874025
158,2.634,8,RIGHT_EAR,0.5308911715235034,0.3993079974537807,-0.28307204161371524,0.9997349381446838,0.9977688789367676
158,2.634,9,MOUTH_LEFT,0.5694594411622915,0.41454666285287806,-0.3766328962076281,0.9999725222587584,0.999792754650116
158,2.634,10,MOUTH_RIGHT,0.5508202314376835,0.4135100486732668,-0.38761368535813856,0.9999679923057556,0.9996702671051024
158,2.634,11,LEFT_SHOULDER,0.624153219518208,0.46232687859308197,-0.14728583679312762,0.9999879002571106,0.9999747276306152
158,2.634,12,RIGHT_SHOULDER,0.4692892957301371,0.4542291263739272,-0.17389278965336946,0.9999147653579712,0.9996551275253296
158,2.634,13,LEFT_ELBOW,0.637555673008874,0.5246356895991738,-0.1128450213443666,0.9871586561203004,0.9999016523361206
158,2.634,14,RIGHT_ELBOW,0.43120669609024453,0.5144960965429038,-0.1488632964236397,0.9745851159095764,0.9990041851997375
158,2.634,15,LEFT_WRIST,0.6387555258614682,0.5805183251698818,-0.3317209425426668,0.9912802577018738,0.999946355819702
158,2.634,16,RIGHT_WRIST,0.4317115516889667,0.5689559493746081,-0.3067666334765301,0.9662632942199708,0.9989629983901978
158,2.634,17,LEFT_PINKY,0.6450498246011287,0.6005502144495651,-0.3875967022918523,0.9846360683441162,0.999842643737793
158,2.634,18,RIGHT_PINKY,0.42358253257615264,0.5886436587288271,-0.35808865087372943,0.9456839561462402,0.998505711555481
158,2.634,19,LEFT_INDEX,0.6360709610439488,0.599425613880158,-0.4372817987487434,0.9855313897132874,0.9998643398284912
158,2.634,20,RIGHT_INDEX,0.43426466130075037,0.5867937093689333,-0.40881840246064355,0.9472239017486572,0.9985989928245544
158,2.634,21,LEFT_THUMB,0.6305644285111206,0.5942308590525678,-0.3549141926424847,0.981118619441986,0.9999195337295532
158,2.634,22,RIGHT_THUMB,0.44089917341868123,0.5804643318766645,-0.32978669234684566,0.9387343525886536,0.999000608921051
158,2.634,23,LEFT_HIP,0.5780932136944368,0.5904562785511931,-0.0026808373652220593,0.9999386072158812,0.999986171722412
158,2.634,24,RIGHT_HIP,0.48796964259374753,0.5887763273148314,0.0026399926518067317,0.9998600482940674,0.999947428703308
158,2.634,25,LEFT_KNEE,0.5667750892185035,0.6771868751162581,-0.03464547424421954,0.9925076961517334,0.9999878406524658
158,2.634,26,RIGHT_KNEE,0.4762021459284287,0.6656460648491276,0.25117124829973514,0.9638317823410034,0.999880075454712
158,2.634,27,LEFT_ANKLE,0.5644741171882272,0.7643661073275982,0.18815756979442794,0.9888709783554076,0.9995274543762208
158,2.634,28,RIGHT_ANKLE,0.493194957574209,0.7098626551173989,0.7718610366185513,0.9336987137794496,0.9996685981750488
158,2.634,29,LEFT_HEEL,0.5554513023013166,0.7767065791856682,0.1981088313318436,0.8949291706085205,0.9989299178123474
158,2.634,30,RIGHT_HEEL,0.49995188060261,0.7119531035423285,0.8168104688326525,0.7765481472015381,0.9995571970939636
158,2.634,31,LEFT_FOOT_INDEX,0.5655145645141607,0.7920523371015283,-0.010083085990377843,0.9840707182884216,0.9935006499290466
158,2.634,32,RIGHT_FOOT_INDEX,0.4750075113205687,0.7489244654065094,0.6887644472576329,0.9454906582832336,0.9986728429794312
159,2.651,0,NOSE,0.5641243770009001,0.40274176711127907,-0.43286906395639735,0.9999759197235109,0.99964702129364
159,2.651,1,LEFT_EYE_INNER,0.5727773791267763,0.3959210557597027,-0.40632243099666815,0.9999099969863892,0.9990860223770142
159,2.651,2,LEFT_EYE,0.5781627354167762,0.3963274742875784,-0.40634373681885894,0.9999079704284668,0.9991546869277954
159,2.651,3,LEFT_EYE_OUTER,0.5828429517291847,0.3966560236045296,-0.4062921986693432,0.9999002814292908,0.9991804957389832
159,2.651,4,RIGHT_EYE_INNER,0.5562465389569605,0.39503001741000615,-0.4138964144956501,0.9998958110809326,0.9988812804222108
159,2.651,5,RIGHT_EYE,0.5497629642486577,0.39490947411173893,-0.413886829501107,0.9998745918273926,0.9987331032752992
159,2.651,6,RIGHT_EYE_OUTER,0.5430996276083452,0.3947582628045767,-0.41393831939924364,0.9998478889465332,0.9985664486885072
159,2.651,7,LEFT_EAR,0.5866326916785473,0.40160393998736466,-0.23905378225303847,0.9997285604476928,0.9993407130241394
159,2.651,8,RIGHT_EAR,0.5315738405500144,0.39853733494168275,-0.27628265676044306,0.9997333884239196,0.9983757734298706
159,2.651,9,MOUTH_LEFT,0.5704710767382672,0.41402092717942773,-0.3689782633667904,0.9999724626541138,0.999848484992981
159,2.651,10,MOUTH_RIGHT,0.551690674963452,0.4129243649187545,-0.3794921806880409,0.9999678134918212,0.999765932559967
159,2.651,11,LEFT_SHOULDER,0.6251241507984349,0.46227059761683187,-0.14468958051431757,0.9999881982803344,0.9999810457229614
159,2.651,12,RIGHT_SHOULDER,0.4699325533140278,0.4538560552256452,-0.1684746926739103,0.9999150037765504,0.9997751116752625
159,2.651,13,LEFT_ELBOW,0.6393282839230134,0.5243633701687772,-0.1048491579436121,0.9870818257331848,0.999919056892395
159,2.651,14,RIGHT_ELBOW,0.4311041959694457,0.5142089043344775,-0.1381495956863677,0.9749944806098938,0.9993033409118652
159,2.651,15,LEFT_WRIST,0.6399658634549101,0.5804704626401271,-0.31020430581910297,0.9913620948791504,0.99995219707489
159,2.651,16,RIGHT_WRIST,0.4299974370570414,0.5687507646424436,-0.28537982844171095,0.9668800830841064,0.9991521835327148
159,2.651,17,LEFT_PINKY,0.6463941789808734,0.6005188765979954,-0.36309053642409217,0.9848197102546692,0.99984610080719
159,2.651,18,RIGHT_PINKY,0.4209855071135933,0.5884695563997546,-0.33508667917478685,0.946671724319458,0.998649537563324
159,2.651,19,LEFT_INDEX,0.6364805698394781,0.5993271299770906,-0.41242099517867714,0.9856727123260498,0.999872088432312
159,2.651,20,RIGHT_INDEX,0.4316409655979705,0.5868634837014339,-0.3883832082861949,0.948197901248932,0.9987772107124328
159,2.651,21,LEFT_THUMB,0.6308058358374102,0.5939733017058605,-0.33306562474795787,0.9812874794006348,0.9999264478683472
159,2.651,22,RIGHT_THUMB,0.43854066019966526,0.5805638035138454,-0.3095639702819645,0.9399364590644836,0.99915874004364
159,2.651,23,LEFT_HIP,0.5796128057298211,0.59165275380725,-0.00027037481846660567,0.9999420046806335,0.9999817609786988
159,2.651,24,RIGHT_HIP,0.48881383169265064,0.5896387270518717,0.0002119928623349628,0.9998633861541748,0.99994158744812
159,2.651,25,LEFT_KNEE,0.5685073960395091,0.679086863994599,0.00022294928064748492,0.9927972555160522,0.9999850988388062
159,2.651,26,RIGHT_KNEE,0.4755221803983057,0.6658239903904148,0.2411094676880611,0.964989423751831,0.9998732805252076
159,2.651,27,LEFT_ANKLE,0.5645213013603579,0.7653969355991916,0.2280272671154569,0.9892932772636414,0.9993392825126648
159,2.651,28,RIGHT_ANKLE,0.4923005614961901,0.7097759303592507,0.7266686331658143,0.934264361858368,0.999539852142334
159,2.651,29,LEFT_HEEL,0.5553246424311689,0.7778192304429561,0.23876991726103303,0.8975576758384705,0.9984245300292968
159,2.651,30,RIGHT_HEEL,0.4992718568870004,0.7126648936952871,0.7678054060254785,0.7732824087142944,0.9993138313293456
159,2.651,31,LEFT_FOOT_INDEX,0.5658900084949681,0.7929489215215055,0.04014654244695391,0.9844796061515808,0.9894511103630066
159,2.651,32,RIGHT_FOOT_INDEX,0.4743431139559977,0.7490622883751286,0.6400127013524379,0.945656716823578,0.9976353645324708
160,2.667,0,NOSE,0.5650082713081728,0.40220651740119606,-0.4373487631479903,0.999975323677063,0.999626874923706
160,2.667,1,LEFT_EYE_INNER,0.5735249519348149,0.39535635425930965,-0.41088092327117953,0.9999081492424012,0.999032735824585
160,2.667,2,LEFT_EYE,0.5789297932670235,0.39575149473689886,-0.41090391931079717,0.999906361103058,0.999094009399414
160,2.667,3,LEFT_EYE_OUTER,0.5836017444020232,0.3960734534831278,-0.4108572133949828,0.9998990893363952,0.9991149306297302
160,2.667,4,RIGHT_EYE_INNER,0.5569896641231724,0.394481562432789,-0.41816099342845775,0.9998928904533386,0.9988415837287904
160,2.667,5,RIGHT_EYE,0.55046197062447,0.3943682213624322,-0.4181518625645414,0.9998720288276672,0.9986969828605652
160,2.667,6,RIGHT_EYE_OUTER,0.5437140578315376,0.3942285605839324,-0.4182010747137528,0.9998452663421632,0.9985271692276
160,2.667,7,LEFT_EAR,0.5872858053161989,0.4010016265369601,-0.24316061678386888,0.9997250437736512,0.9992677569389344
160,2.667,8,RIGHT_EAR,0.5319555288269411,0.397929736546108,-0.2792766023249856,0.9997294545173644,0.99833482503891
160,2.667,9,MOUTH_LEFT,0.5712884040105916,0.4135348725886576,-0.3731772828669778,0.9999721050262452,0.9998300075531006
160,2.667,10,MOUTH_RIGHT,0.552401897453127,0.4124478499094649,-0.38338440230914556,0.9999671578407288,0.9997422099113464
160,2.667,11,LEFT_SHOULDER,0.6259685414178036,0.46217882775125085,-0.14840980512755267,0.9999883770942688,0.9999786615371704
160,2.667,12,RIGHT_SHOULDER,0.4705129975364326,0.4534804182393214,-0.16799306585675206,0.9999144077301024,0.99977046251297
160,2.667,13,LEFT_ELBOW,0.6413330208687561,0.5241035251390371,-0.10212378558658422,0.9868924617767334,0.99990713596344
160,2.667,14,RIGHT_ELBOW,0.4309875255539307,0.5139456306185046,-0.13192063321669906,0.9748110175132751,0.9992758631706238
160,2.667,15,LEFT_WRIST,0.6414512367475607,0.5804892920312432,-0.30179386479514014,0.9912536144256592,0.999941110610962
160,2.667,16,RIGHT_WRIST,0.4281303981939955,0.5687042361214052,-0.2715172512190685,0.9667209386825562,0.9990467429161072
160,2.667,17,LEFT_PINKY,0.6477451863743016,0.6004897185734346,-0.3534608540080846,0.9846648573875428,0.999822199344635
160,2.667,18,RIGHT_PINKY,0.41807944859777213,0.5884123785155165,-0.3206118714241757,0.9465440511703492,0.9985374212265016
160,2.667,19,LEFT_INDEX,0.6371177690369748,0.5992498170761841,-0.4032172063986464,0.985503315925598,0.9998469352722168
160,2.667,20,RIGHT_INDEX,0.42905800966989466,0.5871121486028041,-0.37599234212012556,0.94810551404953,0.9986322522163392
160,2.667,21,LEFT_THUMB,0.6313093758764727,0.5937487227576126,-0.3247006563913257,0.9810998439788818,0.9999105930328368
160,2.667,22,RIGHT_THUMB,0.4360705841155283,0.5808717580068684,-0.2966964287417278,0.939952790737152,0.999040186405182
160,2.667,23,LEFT_HIP,0.5809106315885277,0.592512584867932,0.00017267182868509014,0.9999447464942932,0.9999785423278807
160,2.667,24,RIGHT_HIP,0.48934575205757547,0.5902448381696435,-0.00023136646459105225,0.999865710735321,0.9999405145645142
160,2.667,25,LEFT_KNEE,0.5698893495968415,0.6804436558768869,0.024330895000492164,0.9930121898651124,0.999984622001648
160,2.667,26,RIGHT_KNEE,0.47491657308169816,0.6660110467956186,0.23889094449224943,0.9659642577171326,0.9998794794082642
160,2.667,27,LEFT_ANKLE,0.564661976836977,0.7657963179406673,0.2525892463468372,0.9895655512809752,0.9994307160377502
160,2.667,28,RIGHT_ANKLE,0.49160494548933886,0.7099876772789735,0.7105007852826806,0.9356490969657898,0.9996167421340942
160,2.667,29,LEFT_HEEL,0.5553765978131981,0.7778301551228485,0.2640536576509478,0.8992291688919067,0.9987133741378784
160,2.667,30,RIGHT_HEEL,0.4988834318660558,0.7132350461823607,0.7500864011900772,0.7728983759880066,0.9994352459907532
160,2.667,31,LEFT_FOOT_INDEX,0.566029636632829,0.7926312713395989,0.06954547878177395,0.9847842454910278,0.9919015765190125
160,2.667,32,RIGHT_FOOT_INDEX,0.4734477060181759,0.7500424299921316,0.62116783573514,0.9465531706809998,0.998068869113922
161,2.684,0,NOSE,0.565135416530428,0.4016694838092444,-0.44019978387015246,0.9999738335609436,0.9995131492614746
161,2.684,1,LEFT_EYE_INNER,0.5735328594843552,0.3947442259107321,-0.41374462842941323,0.9999029040336608,0.9987749457359314
161,2.684,2,LEFT_EYE,0.5790127657708672,0.39512145803088267,-0.4137713795616518,0.999901533126831,0.9988608360290528
161,2.684,3,LEFT_EYE_OUTER,0.5837014771643144,0.3954494056247533,-0.41372658667110296,0.9998945593833924,0.998897910118103
161,2.684,4,RIGHT_EYE_INNER,0.5570343250320077,0.39391011141595417,-0.42030603686968526,0.9998855590820312,0.9985069632530212
161,2.684,5,RIGHT_EYE,0.5504895278385712,0.393814963953836,-0.4202951519262227,0.9998648166656494,0.9983168840408324
161,2.684,6,RIGHT_EYE_OUTER,0.5436811418760396,0.39369125167528823,-0.4203394608838221,0.9998369216918944,0.9980930685997008
161,2.684,7,LEFT_EAR,0.5875650786218194,0.40039098688534364,-0.24589593495641454,0.9997132420539856,0.9990997314453124
161,2.684,8,RIGHT_EAR,0.5320189424923493,0.3973944896743415,-0.2793407709825609,0.9997140765190125,0.9977802634239196
161,2.684,9,MOUTH_LEFT,0.5714658669063029,0.4130282998085026,-0.37595008952277076,0.9999704957008362,0.9997749924659728
161,2.684,10,MOUTH_RIGHT,0.5524862295105348,0.41201888521512386,-0.3852853093828477,0.9999646544456482,0.9996459484100342
161,2.684,11,LEFT_SHOULDER,0.6267930098942354,0.46201225689479325,-0.152091084491639,0.9999880790710448,0.9999709129333496
161,2.684,12,RIGHT_SHOULDER,0.4710350164345337,0.45312138966151694,-0.16627350804351637,0.999910533428192,0.9996901750564576
161,2.684,13,LEFT_ELBOW,0.6432038999739154,0.5239859194982625,-0.10048548699844456,0.9865392446517944,0.99988853931427
161,2.684,14,RIGHT_ELBOW,0.4309099699769705,0.5137906812486199,-0.12487933181581051,0.9741960763931274,0.9991247057914734
161,2.684,15,LEFT_WRIST,0.6432210178602316,0.5805527198882335,-0.29651146843319875,0.9910740852355956,0.9999297857284546
161,2.684,16,RIGHT_WRIST,0.42624876612708723,0.5687148883229216,-0.2615362803141278,0.9661092758178712,0.9988094568252563
161,2.684,17,LEFT_PINKY,0.6492070867901762,0.6004471097673694,-0.3478400920118608,0.9843577146530152,0.9997909665107728
161,2.684,18,RIGHT_PINKY,0.4149458763145269,0.5883706836473379,-0.31117364906129413,0.9458247423171996,0.9981902241706848
161,2.684,19,LEFT_INDEX,0.6381894889332005,0.5991596664701195,-0.3991007535230549,0.9851916432380676,0.999818742275238
161,2.684,20,RIGHT_INDEX,0.4262701230389735,0.5873404060091296,-0.3676998672031224,0.9474633932113647,0.9982690811157228
161,2.684,21,LEFT_THUMB,0.632243170624688,0.593553537414188,-0.31990789231799927,0.9807814359664916,0.9998927116394044
161,2.684,22,RIGHT_THUMB,0.4335547501132606,0.5811665200051812,-0.2877121255511331,0.9394744038581848,0.9987945556640624
161,2.684,23,LEFT_HIP,0.5819372222537091,0.5930947774932503,-0.0009783665473583867,0.9999464154243468,0.9999722242355348
161,2.684,24,RIGHT_HIP,0.48977026485261504,0.5906761856306173,0.0009209628541221818,0.9998668432235718,0.9999322891235352
161,2.684,25,LEFT_KNEE,0.5709912351199564,0.6808709530603325,0.04372964110059129,0.9931599497795104,0.999980330467224
161,2.684,26,RIGHT_KNEE,0.47463727990786275,0.6664330051058821,0.24277960615498695,0.9673194885253906,0.9998743534088136
161,2.684,27,LEFT_ANKLE,0.5648746462095356,0.7651702534584779,0.2918461965663095,0.9897741675376892,0.9994799494743348
161,2.684,28,RIGHT_ANKLE,0.4914809451216748,0.7119064416204186,0.7054909212248672,0.938019633293152,0.999617338180542
161,2.684,29,LEFT_HEEL,0.5555812858399896,0.7769118944803881,0.3058124205895835,0.9018908739089966,0.9988548755645752
161,2.684,30,RIGHT_HEEL,0.49911733610289477,0.7157391451653986,0.7436654794783826,0.774937093257904,0.9994250535964966
161,2.684,31,LEFT_FOOT_INDEX,0.5659773207846147,0.7919853812172306,0.11533577651495029,0.985059916973114,0.992936074733734
161,2.684,32,RIGHT_FOOT_INDEX,0.47256214278084935,0.7525738137108946,0.6083996693293259,0.947989821434021,0.997868537902832
162,2.701,0,NOSE,0.5652326430593223,0.40109995007514987,-0.4509269864786243,0.9999734163284302,0.9996832609176636
162,2.701,1,LEFT_EYE_INNER,0.5734479086739681,0.39409673781622057,-0.4242412547270461,0.9999017715454102,0.9992169141769408
162,2.701,2,LEFT_EYE,0.5789699951807663,0.3944584954352609,-0.42427058305059195,0.9999008178710938,0.9992675185203552
162,2.701,3,LEFT_EYE_OUTER,0.583629068874178,0.3947950885409404,-0.4242298148927238,0.9998942613601683,0.9992857575416564
162,2.701,4,RIGHT_EYE_INNER,0.5570075880913512,0.39330554576147203,-0.43047658034733394,0.9998825788497924,0.9990233182907104
162,2.701,5,RIGHT_EYE,0.5504387106214256,0.3932282882077357,-0.43046105333737006,0.999862015247345,0.9988662004470824
162,2.701,6,RIGHT_EYE_OUTER,0.5435605332964948,0.39310788256781476,-0.4304980876899905,0.9998337030410768,0.99868243932724
162,2.701,7,LEFT_EAR,0.5875062318075276,0.3997145479633698,-0.25405567387739836,0.999716579914093,0.9994137287139891
162,2.701,8,RIGHT_EAR,0.5319581571079441,0.3968194652171365,-0.2858227164972398,0.99970805644989,0.9984188079833984
162,2.701,9,MOUTH_LEFT,0.5715020157042009,0.4124488163562052,-0.38563287258148227,0.9999701976776124,0.999839186668396
162,2.701,10,MOUTH_RIGHT,0.5524319041342967,0.4115432004133864,-0.39456504015695515,0.999963641166687,0.9997381567955016
162,2.701,11,LEFT_SHOULDER,0.6274487092381438,0.46173586731865335,-0.15860650794846679,0.9999884366989136,0.9999818801879884
162,2.701,12,RIGHT_SHOULDER,0.4713271203495212,0.4527992237181895,-0.16914979616800957,0.9999079704284668,0.9997370839118958
162,2.701,13,LEFT_ELBOW,0.6447880324863258,0.5237801330430172,-0.10088780806178144,0.9866086840629578,0.9999080896377563
162,2.701,14,RIGHT_ELBOW,0.4308403929074609,0.5137478255090264,-0.12056713551282888,0.9733387231826782,0.9992002844810486
162,2.701,15,LEFT_WRIST,0.644953730560485,0.5805191113835295,-0.2928281511579243,0.991117537021637,0.9999430179595948
162,2.701,16,RIGHT_WRIST,0.4241887047177273,0.5687922608284728,-0.25903832912445085,0.9659206867218018,0.998929798603058
162,2.701,17,LEFT_PINKY,0.6508698435056783,0.6002949022111443,-0.34456418809436645,0.9844427704811096,0.999821126461029
162,2.701,18,RIGHT_PINKY,0.41120690107345614,0.5883414546648666,-0.3094798950921924,0.945803701877594,0.99832683801651
162,2.701,19,LEFT_INDEX,0.6396548265502573,0.5989969486281991,-0.39901548198291265,0.985258162021637,0.999846577644348
162,2.701,20,RIGHT_INDEX,0.42266317492439665,0.5875732983861657,-0.36627946581159354,0.9475092887878418,0.9984250068664552
162,2.701,21,LEFT_THUMB,0.6335446238517768,0.5933604779697605,-0.31724922571863473,0.9808999300003052,0.9999121427536012
162,2.701,22,RIGHT_THUMB,0.43061675769942187,0.5815211733182277,-0.2857347556522916,0.9396997690200806,0.9988941550254822
162,2.701,23,LEFT_HIP,0.5827095309893295,0.5933536574954084,-0.0023206810167591212,0.9999486207962036,0.999969244003296
162,2.701,24,RIGHT_HIP,0.4901491900285089,0.5909560436294197,0.0022621018925703543,0.9998676776885986,0.999914526939392
162,2.701,25,LEFT_KNEE,0.5717638929684962,0.6809598775137045,0.05933748955638812,0.993142306804657,0.9999774694442748
162,2.701,26,RIGHT_KNEE,0.4744074784574059,0.666950580619631,0.25058377143882593,0.9671889543533324,0.9998195767402648
162,2.701,27,LEFT_ANKLE,0.5650669648533782,0.7640344670840679,0.3283052785055981,0.9895465970039368,0.9992585778236388
162,2.701,28,RIGHT_ANKLE,0.49165966964903374,0.7149351068905427,0.7139047384262092,0.9388538599014282,0.9995357990264891
162,2.701,29,LEFT_HEEL,0.5558622763270429,0.7758808135986335,0.3445313771565758,0.899488627910614,0.9983702301979064
162,2.701,30,RIGHT_HEEL,0.4996672031425299,0.7192200479053321,0.7520717836561663,0.7760723829269409,0.9992959499359132
162,2.701,31,LEFT_FOOT_INDEX,0.5660360881260469,0.7905169100988486,0.15494842046783092,0.9847458004951476,0.9909249544143676
162,2.701,32,RIGHT_FOOT_INDEX,0.47195143359048064,0.7561009355953768,0.610747064862933,0.948438823223114,0.9975274205207824
163,2.717,0,NOSE,0.5651790215855559,0.40047861706642907,-0.4579957922299707,0.9999725222587584,0.999672532081604
163,2.717,1,LEFT_EYE_INNER,0.5732781659989135,0.393386706000283,-0.43124572152183205,0.9998981356620787,0.9991559982299804
163,2.717,2,LEFT_EYE,0.5788092045556936,0.393748828342983,-0.4312756870474138,0.9998977184295654,0.999207079410553
163,2.717,3,LEFT_EYE_OUTER,0.5835460935320178,0.39412098271506213,-0.4312375400747575,0.99989116191864,0.9992183446884156
163,2.717,4,RIGHT_EYE_INNER,0.5568503056253711,0.39259114435740916,-0.43790687407766105,0.9998763203620912,0.9989683628082277
163,2.717,5,RIGHT_EYE,0.5502891739209498,0.39251990261532044,-0.43788685827028223,0.9998562932014464,0.9988184571266174
163,2.717,6,RIGHT_EYE_OUTER,0.5433589191663838,0.39240008308773977,-0.43791822592417434,0.9998270273208618,0.9986311793327332
163,2.717,7,LEFT_EAR,0.5873764185678396,0.3990710661524822,-0.26075535444986275,0.9997132420539856,0.9993219375610352
163,2.717,8,RIGHT_EAR,0.5319251049132578,0.3961883840106786,-0.2951838530245284,0.9996914267539978,0.9983282685279846
163,2.717,9,MOUTH_LEFT,0.5713478099732178,0.4118280339808694,-0.3924488552979064,0.99996817111969,0.9998027682304382
163,2.717,10,MOUTH_RIGHT,0.552258139564878,0.4109840676898052,-0.4019197864191876,0.9999603033065796,0.9996927976608276
163,2.717,11,LEFT_SHOULDER,0.628016298725492,0.46127208357765603,-0.1652776818899882,0.9999881982803344,0.9999693632125854
163,2.717,12,RIGHT_SHOULDER,0.47164225436392326,0.4524957778907961,-0.17578972592240302,0.9999037384986876,0.9997121691703796
163,2.717,13,LEFT_ELBOW,0.6457952175821583,0.5235375137556172,-0.09755315915459682,0.9865503311157228,0.9998782873153688
163,2.717,14,RIGHT_ELBOW,0.43079036474227944,0.5136960801624121,-0.11555680242322744,0.972017765045166,0.9992179870605468
163,2.717,15,LEFT_WRIST,0.6464013996578404,0.5803556697709225,-0.28207945397921996,0.9911001324653624,0.999926209449768
163,2.717,16,RIGHT_WRIST,0.42191956724439383,0.5689680122193841,-0.2535874559765772,0.9651584029197692,0.9988572597503662
163,2.717,17,LEFT_PINKY,0.6523151227406099,0.6000133327075419,-0.33316274625914466,0.9843732714653016,0.9997848868370056
163,2.717,18,RIGHT_PINKY,0.40743557186353807,0.5883434074265621,-0.30396570903914344,0.944908082485199,0.9982523322105408
163,2.717,19,LEFT_INDEX,0.6411802314576655,0.5987294174375993,-0.39043665074166833,0.985181212425232,0.9998142123222352
163,2.717,20,RIGHT_INDEX,0.41868456630479756,0.5878092589832493,-0.3611267606417341,0.9467450976371764,0.9983533620834352
163,2.717,21,LEFT_THUMB,0.6349621982801534,0.5930952798752563,-0.3075119824636553,0.9808905720710754,0.9998888969421388
163,2.717,22,RIGHT_THUMB,0.4275194775490538,0.5819023081234529,-0.2807243537335171,0.9392109513282776,0.9988456964492798
163,2.717,23,LEFT_HIP,0.5832989811897283,0.593513633523669,-0.0032076987685979125,0.9999490976333618,0.9999450445175172
163,2.717,24,RIGHT_HIP,0.4905286573228386,0.5911075785046538,0.00314443112334365,0.9998689889907836,0.9998974800109864
163,2.717,25,LEFT_KNEE,0.5724756291934427,0.6811345815658575,0.06839382737165409,0.9931484460830688,0.9999743700027466
163,2.717,26,RIGHT_KNEE,0.4743746533280332,0.6674715053467529,0.24599739554382524,0.9686414003372192,0.999874711036682
163,2.717,27,LEFT_ANKLE,0.565340073335739,0.763628624734425,0.3474922662689576,0.989550769329071,0.9994812607765198
163,2.717,28,RIGHT_ANKLE,0.4920039418197818,0.7193941076596585,0.6978729168574022,0.942307710647583,0.9996678829193116
163,2.717,29,LEFT_HEEL,0.5561272189730695,0.7755827478000104,0.364717998674938,0.8996543884277344,0.9989118576049804
163,2.717,30,RIGHT_HEEL,0.5002979622000745,0.7241489234424779,0.7346243347440453,0.7842631340026855,0.9994592070579528
163,2.717,31,LEFT_FOOT_INDEX,0.5662832487197155,0.7898609212466656,0.17598754061119906,0.9847798943519592,0.9938275218009948
163,2.717,32,RIGHT_FOOT_INDEX,0.47199066196169215,0.7606061469940919,0.586903123628526,0.9508346319198608,0.9975764155387878
164,2.734,0,NOSE,0.5650729196412227,0.39990225718134953,-0.46467817965008007,0.9999722838401794,0.9997286200523376
164,2.734,1,LEFT_EYE_INNER,0.5730856940859845,0.39273716012636856,-0.4379432173002338,0.9998971819877625,0.9993163347244264
164,2.734,2,LEFT_EYE,0.5785933165323172,0.3930977398440955,-0.4379734269210274,0.9998971819877625,0.9993601441383362
164,2.734,3,LEFT_EYE_OUTER,0.5834281785147536,0.393510677984783,-0.43793699287232934,0.9998906254768372,0.9993700385093688
164,2.734,4,RIGHT_EYE_INNER,0.5566452855155587,0.3919210717791606,-0.44436216922033434,0.9998746514320374,0.9991512298583984
164,2.734,5,RIGHT_EYE,0.5500645694278541,0.391844002973466,-0.44433669674964216,0.9998550415039062,0.9990193843841552
164,2.734,6,RIGHT_EYE_OUTER,0.5430569137845727,0.3917232581547332,-0.4443612794081374,0.99982488155365,0.9988526105880736
164,2.734,7,LEFT_EAR,0.5872980952262884,0.3985023810749966,-0.2669986656733924,0.9997158050537108,0.9994574189186096
164,2.734,8,RIGHT_EAR,0.5317492371513735,0.39562608656429143,-0.3016635761374521,0.9996894598007202,0.9985328912734984
164,2.734,9,MOUTH_LEFT,0.5711827561968854,0.4112472406455452,-0.3987898060253692,0.9999674558639526,0.9998329877853394
164,2.734,10,MOUTH_RIGHT,0.5520493643624447,0.4104950569924858,-0.40806194004558416,0.9999589920043944,0.9997308850288392
164,2.734,11,LEFT_SHOULDER,0.6288962335813619,0.46074230897994306,-0.1712920190322968,0.9999883770942688,0.9999793767929076
164,2.734,12,RIGHT_SHOULDER,0.47205418915975705,0.4522141104652772,-0.17934984181608485,0.999902844429016,0.99974924325943
164,2.734,13,LEFT_ELBOW,0.6464442781039652,0.5233011699858171,-0.08893054564084331,0.9867657423019408,0.9999160766601562
164,2.734,14,RIGHT_ELBOW,0.4307610988616948,0.5136608708472483,-0.10512722744828183,0.9721630215644836,0.999297261238098
164,2.734,15,LEFT_WRIST,0.6476577605519982,0.5801667372385666,-0.26682381686710194,0.991277277469635,0.9999490976333618
164,2.734,16,RIGHT_WRIST,0.41971822012038495,0.5692538675807777,-0.2406946512914841,0.96556556224823,0.9989739656448364
164,2.734,17,LEFT_PINKY,0.6536096845354359,0.5997015039126083,-0.31707958806128755,0.9845626950263976,0.9998438358306884
164,2.734,18,RIGHT_PINKY,0.40412289897600845,0.5884149954432538,-0.29067297918455964,0.945425510406494,0.9983781576156616
164,2.734,19,LEFT_INDEX,0.6427400140535269,0.598449792180743,-0.37483015230723826,0.985361874103546,0.999864935874939
164,2.734,20,RIGHT_INDEX,0.4148563174974354,0.5881542052541466,-0.34841026152883287,0.9472990036010742,0.9984696507453918
164,2.734,21,LEFT_THUMB,0.6364530239786427,0.5928815943854201,-0.29244693404152305,0.9811684489250184,0.999921441078186
164,2.734,22,RIGHT_THUMB,0.424580310072218,0.5824264883995062,-0.26824375419389657,0.9399946928024292,0.9989579916000366
164,2.734,23,LEFT_HIP,0.583857797441029,0.5934657369341174,-0.003314382816565027,0.999949872493744,0.9999443292617798
164,2.734,24,RIGHT_HIP,0.49086557541574793,0.5910461403074724,0.0032483227079777985,0.9998695850372314,0.999886393547058
164,2.734,25,LEFT_KNEE,0.573095111619859,0.6811950717653553,0.07563564323243646,0.9930432438850404,0.9999676942825316
164,2.734,26,RIGHT_KNEE,0.4747883649099445,0.6683743567693807,0.22664411224070063,0.969460129737854,0.999827206134796
164,2.734,27,LEFT_ANKLE,0.5656002703167149,0.7634667271659494,0.37029014882587286,0.9891870021820068,0.9992885589599608
164,2.734,28,RIGHT_ANKLE,0.49257876333736283,0.7257754320190073,0.6622865427108044,0.9439979791641236,0.9995023012161256
164,2.734,29,LEFT_HEEL,0.5563050650414971,0.7752362915447788,0.3892868061860406,0.8998271822929382,0.9984742999076844
164,2.734,30,RIGHT_HEEL,0.5009466963154934,0.7312716472716565,0.6973459096181966,0.787563681602478,0.9992017149925232
164,2.734,31,LEFT_FOOT_INDEX,0.5665704182216105,0.789780653658368,0.20310686599640632,0.9842928647994996,0.9913622736930848
164,2.734,32,RIGHT_FOOT_INDEX,0.4723516844567802,0.7664379335585101,0.5435766634486976,0.9514185190200806,0.9968528151512146
165,2.751,0,NOSE,0.564900832516807,0.3994572985739938,-0.4611344678061353,0.9999712109565736,0.999653935432434
165,2.751,1,LEFT_EYE_INNER,0.5728599060149425,0.3921976600374498,-0.43433366503034354,0.9998921751976012,0.9991145730018616
165,2.751,2,LEFT_EYE,0.5782832645234613,0.3925489953586037,-0.4343683946700327,0.9998925924301147,0.9991662502288818
165,2.751,3,LEFT_EYE_OUTER,0.5832330158778605,0.3929882688181744,-0.43433569726489873,0.9998855590820312,0.999177873134613
165,2.751,4,RIGHT_EYE_INNER,0.5563936914716453,0.391370637076242,-0.4399895937669848,0.9998684525489808,0.9989774227142334
165,2.751,5,RIGHT_EYE,0.5497831844148187,0.39128652498835637,-0.43995870436940915,0.9998499155044556,0.9988719820976256
165,2.751,6,RIGHT_EYE_OUTER,0.542723865736099,0.39118373677844126,-0.43997737623396416,0.99981951713562,0.9987320303916932
165,2.751,7,LEFT_EAR,0.587236745016916,0.39806372920672134,-0.26427890005565846,0.9997079372406006,0.999297261238098
165,2.751,8,RIGHT_EAR,0.5315010973385407,0.3952694109507973,-0.2965717812379204,0.9996799230575562,0.9985502362251282
165,2.751,9,MOUTH_LEFT,0.5710405111312872,0.4108093352544879,-0.3955812383265726,0.9999653100967408,0.9998133778572084
165,2.751,10,MOUTH_RIGHT,0.5517817820821495,0.4101480316548124,-0.40394869304838665,0.9999563694000244,0.9997323155403136
165,2.751,11,LEFT_SHOULDER,0.629647646631514,0.46024858667737,-0.17044803145385934,0.9999876022338868,0.9999616146087646
165,2.751,12,RIGHT_SHOULDER,0.47232131872858363,0.45205071000825836,-0.17437140998386214,0.9999023079872132,0.9997774958610536
165,2.751,13,LEFT_ELBOW,0.6469934923308243,0.5231349439848042,-0.0767499139266355,0.9861411452293396,0.9998548030853271
165,2.751,14,RIGHT_ELBOW,0.4307457847254621,0.5136821667353317,-0.09102309353294832,0.9717690944671632,0.9993056058883668
165,2.751,15,LEFT_WRIST,0.6488208827518287,0.5799366093817216,-0.2465015983297713,0.9907385110855104,0.9998953342437744
165,2.751,16,RIGHT_WRIST,0.41758998376982587,0.5696848772820977,-0.21974247410183878,0.9642831087112428,0.9988151788711548
165,2.751,17,LEFT_PINKY,0.6549665558905835,0.5994976361592615,-0.2953948406946094,0.9836335778236388,0.9997289776802064
165,2.751,18,RIGHT_PINKY,0.40135991147586314,0.5886338920820333,-0.26846212645371775,0.943534791469574,0.998233199119568
165,2.751,19,LEFT_INDEX,0.6443019395782841,0.5982878293309899,-0.35322609685716205,0.9844793081283568,0.999756157398224
165,2.751,20,RIGHT_INDEX,0.41148321827252743,0.5886480354127435,-0.3270908977304189,0.9455847144126892,0.9982873797416688
165,2.751,21,LEFT_THUMB,0.6379052599271144,0.5927647096770156,-0.2722511617910297,0.9801974892616272,0.9998464584350586
165,2.751,22,RIGHT_THUMB,0.4218909484999524,0.5831091886474977,-0.24773033105191747,0.9384774565696716,0.9987971782684326
165,2.751,23,LEFT_HIP,0.5840733732495995,0.5933699437550142,-0.002764354326895241,0.9999481439590454,0.9999306201934814
165,2.751,24,RIGHT_HIP,0.49107616997900505,0.5909789601961777,0.0026926160679154078,0.9998688101768494,0.9998934268951416
165,2.751,25,LEFT_KNEE,0.5736807669912071,0.6812976513590138,0.08120385096186689,0.9930508136749268,0.9999666213989258
165,2.751,26,RIGHT_KNEE,0.47546309942290943,0.6695036802973072,0.19498652290730265,0.9712717533111572,0.9998784065246582
165,2.751,27,LEFT_ANKLE,0.5656582855042962,0.7634296786217469,0.3876444697380069,0.9892443418502808,0.99950110912323
165,2.751,28,RIGHT_ANKLE,0.4931025405724848,0.7333167706217092,0.603625791413444,0.9474682807922364,0.9996032118797302
165,2.751,29,LEFT_HEEL,0.5561243380819053,0.7747265015329641,0.40798796784310154,0.9014952182769777,0.998989760875702
165,2.751,30,RIGHT_HEEL,0.5012883827799848,0.7394223553793777,0.6357809730938508,0.7945569753646851,0.999354898929596
165,2.751,31,LEFT_FOOT_INDEX,0.5668992939449498,0.7904487025170106,0.22679681082566594,0.9844038486480712,0.9939451813697816
165,2.751,32,RIGHT_FOOT_INDEX,0.47283101933343114,0.7731631540116817,0.47888359711283773,0.953807532787323,0.9969346523284912
166,2.767,0,NOSE,0.5645794016974318,0.3992227259136385,-0.4512648043178381,0.9999709725379944,0.9997316002845764
166,2.767,1,LEFT_EYE_INNER,0.5725632934343252,0.39185812217848676,-0.42452927146639174,0.9998903274536132,0.9992677569389344
166,2.767,2,LEFT_EYE,0.5778743681453529,0.39219408943539613,-0.4245739366327017,0.9998912811279296,0.9993188381195068
166,2.767,3,LEFT_EYE_OUTER,0.5829207783653627,0.39263754515420857,-0.42454883314314384,0.9998841881752014,0.9993329644203186
166,2.767,4,RIGHT_EYE_INNER,0.5560322858038408,0.391029292628879,-0.4286890171823051,0.999864935874939,0.9991005659103394
166,2.767,5,RIGHT_EYE,0.5493921098254981,0.3909398558593935,-0.42865487223579807,0.999847412109375,0.9989750385284424
166,2.767,6,RIGHT_EYE_OUTER,0.5423361346835187,0.39085781716165124,-0.4286723193668187,0.9998168349266052,0.9988147020339966
166,2.767,7,LEFT_EAR,0.5871478489467081,0.3977444569269819,-0.25538909293356415,0.9997100830078124,0.999432384967804
166,2.767,8,RIGHT_EAR,0.5311720456395835,0.395120971259617,-0.28128962076845654,0.9996734857559204,0.9985598921775818
166,2.767,9,MOUTH_LEFT,0.570848819755373,0.41057714819908175,-0.3859358060927622,0.9999641180038452,0.9998477697372437
166,2.767,10,MOUTH_RIGHT,0.5514734727995741,0.40998988634064126,-0.39240926929882625,0.9999542832374572,0.999761164188385
166,2.767,11,LEFT_SHOULDER,0.6303271878333325,0.45983812638691535,-0.16506063867182968,0.999987542629242,0.9999719858169556
166,2.767,12,RIGHT_SHOULDER,0.47252072748683793,0.45191253934587794,-0.15917820022219714,0.9999030232429504,0.9997977614402772
166,2.767,13,LEFT_ELBOW,0.6473855347860433,0.5229967520350507,-0.06534597508254505,0.9862269759178162,0.999896764755249
166,2.767,14,RIGHT_ELBOW,0.4307385739826024,0.5137426853179936,-0.07341217639900392,0.9715176820755004,0.9994702935218812
166,2.767,15,LEFT_WRIST,0.6496380766232814,0.5797564500854134,-0.22946881183556167,0.9908323884010316,0.9999345541000366
166,2.767,16,RIGHT_WRIST,0.415621604238238,0.5701750545274649,-0.19575369783810218,0.964073121547699,0.999115526676178
166,2.767,17,LEFT_PINKY,0.6559383358274193,0.5992769598960882,-0.2773172046457021,0.9837137460708618,0.9998106360435486
166,2.767,18,RIGHT_PINKY,0.3993242368811657,0.5889457606133965,-0.2424825160276324,0.9432198405265808,0.9985826015472412
166,2.767,19,LEFT_INDEX,0.6454999673934216,0.5980910204705743,-0.3339911358697077,0.9845577478408812,0.9998348951339722
166,2.767,20,RIGHT_INDEX,0.4089380942639854,0.5892073966207965,-0.3010955424535845,0.9453845620155334,0.9986482262611388
166,2.767,21,LEFT_THUMB,0.6390585899353033,0.5925952423186536,-0.25482303046044863,0.9803572297096252,0.9999003410339355
166,2.767,22,RIGHT_THUMB,0.41954586193675125,0.5838222021148324,-0.22363955208233444,0.9386017918586732,0.9990782737731934
166,2.767,23,LEFT_HIP,0.5841344027292166,0.5931858846119478,-0.0029162260526347126,0.9999467134475708,0.9999022483825684
166,2.767,24,RIGHT_HIP,0.49113810630071775,0.5908664181118926,0.0028323016040736554,0.9998701810836792,0.9998589754104614
166,2.767,25,LEFT_KNEE,0.5740280917712626,0.6817569023086918,0.0832641781086014,0.9928863644599916,0.999958634376526
166,2.767,26,RIGHT_KNEE,0.47670378571464944,0.6713493892124727,0.16334776154586259,0.9728718400001526,0.9998674392700196
166,2.767,27,LEFT_ANKLE,0.5656568776993529,0.7638056874275214,0.3926772290752051,0.9890119433403016,0.9995250701904296
166,2.767,28,RIGHT_ANKLE,0.49351096011343504,0.7421960745538991,0.5395483857109438,0.950766146183014,0.9995844960212708
166,2.767,29,LEFT_HEEL,0.5558334674154015,0.7742296485673821,0.41337006574585367,0.901298999786377,0.9990535378456116
166,2.767,30,RIGHT_HEEL,0.501469941366287,0.7488189822151554,0.5683084896632609,0.8019493818283081,0.9992836117744446
166,2.767,31,LEFT_FOOT_INDEX,0.5670960091409234,0.791602952139719,0.2346887474968322,0.9841450452804564,0.9945648908615112
166,2.767,32,RIGHT_FOOT_INDEX,0.4733817917960035,0.7809356507800882,0.4096814053399226,0.9560369253158568,0.9962288737297058
167,2.784,0,NOSE,0.5640046710059761,0.3991702000300093,-0.43009321320624616,0.9999703764915466,0.9996986389160156
167,2.784,1,LEFT_EYE_INNER,0.5720915964671549,0.39170241639727676,-0.4035360415776574,0.999886691570282,0.9991798996925354
167,2.784,2,LEFT_EYE,0.5772946107955211,0.3920263094561444,-0.4035924857571015,0.999888241291046,0.9992178678512572
167,2.784,3,LEFT_EYE_OUTER,0.5824347620918643,0.3924632256939301,-0.403570264577866,0.9998806118965148,0.999219298362732
167,2.784,4,RIGHT_EYE_INNER,0.5554980436960861,0.39086978776114356,-0.4058941744622734,0.9998608231544496,0.9990826845169068
167,2.784,5,RIGHT_EYE,0.5488618186541971,0.3907739789713,-0.4058646403607872,0.999844253063202,0.998984158039093
167,2.784,6,RIGHT_EYE_OUTER,0.5418474617458531,0.39071074270066797,-0.4058884282906854,0.9998136162757874,0.998863935470581
167,2.784,7,LEFT_EAR,0.5869762386594506,0.39762066375641625,-0.2365918982596626,0.9997103214263916,0.9993354678153992
167,2.784,8,RIGHT_EAR,0.5308174888292954,0.395121636844817,-0.2537486801544827,0.9996684193611144,0.9987205266952516
167,2.784,9,MOUTH_LEFT,0.5704861481984461,0.4105352645828614,-0.365630734534491,0.9999624490737916,0.9998375177383424
167,2.784,10,MOUTH_RIGHT,0.5510320351237348,0.4100068254130231,-0.36969238235836965,0.999951958656311,0.9997770190238952
167,2.784,11,LEFT_SHOULDER,0.6308329587890994,0.45955965916315755,-0.15230918853055875,0.9999871850013732,0.9999622106552124
167,2.784,12,RIGHT_SHOULDER,0.4725306956540975,0.45185571767035027,-0.13427281273262848,0.9999043345451356,0.999843955039978
167,2.784,13,LEFT_ELBOW,0.6475740614391514,0.5229318624451051,-0.05796822568490391,0.986215353012085,0.9998565912246704
167,2.784,14,RIGHT_ELBOW,0.4307116710004356,0.5138732336816338,-0.051411879293265794,0.971051037311554,0.999530553817749
167,2.784,15,LEFT_WRIST,0.6502285798390712,0.579627740950812,-0.2209408574161077,0.9907662868499756,0.9999089241027832
167,2.784,16,RIGHT_WRIST,0.4138558180559253,0.5706889260382884,-0.17066820036797306,0.9638451337814332,0.9991613626480104
167,2.784,17,LEFT_PINKY,0.6566256795610707,0.5990496533257625,-0.2683651433104563,0.9835591316223145,0.9997568726539612
167,2.784,18,RIGHT_PINKY,0.3977299446151374,0.5893888501893911,-0.21552159388860087,0.9428277015686036,0.9986335635185242
167,2.784,19,LEFT_INDEX,0.6464661189488008,0.5978461702664699,-0.32387048147973585,0.9844138026237488,0.9997881054878236
167,2.784,20,RIGHT_INDEX,0.4067429914360958,0.5898298308962873,-0.27387755044869033,0.945121705532074,0.9987069368362428
167,2.784,21,LEFT_THUMB,0.6400029914719724,0.5923260166531523,-0.24589112259092802,0.980238437652588,0.9998695850372314
167,2.784,22,RIGHT_THUMB,0.41729661396571605,0.5845726501374022,-0.19843881612732317,0.9386643171310424,0.9991115927696228
167,2.784,23,LEFT_HIP,0.5839988986651108,0.5930252586092273,-0.004115969219821504,0.9999420046806335,0.9998302459716796
167,2.784,24,RIGHT_HIP,0.491055704298474,0.5908001604534336,0.004018254533764837,0.999869167804718,0.9998360872268676
167,2.784,25,LEFT_KNEE,0.574083546797435,0.6823120599701297,0.08607417486962823,0.9928452372550964,0.9999510049819946
167,2.784,26,RIGHT_KNEE,0.47819376559484617,0.6737363934516912,0.13416019667472165,0.9743369221687316,0.9998886585235596
167,2.784,27,LEFT_ANKLE,0.5656047151202253,0.7641038383756371,0.3908260876224158,0.9889400005340576,0.9995061159133912
167,2.784,28,RIGHT_ANKLE,0.49400688494954836,0.7521518922987445,0.46815980048406736,0.9540451765060424,0.9996670484542848
167,2.784,29,LEFT_HEEL,0.5555064025379368,0.7740261668250681,0.41083812429791444,0.8999150395393372,0.99903666973114
167,2.784,30,RIGHT_HEEL,0.5019015868504847,0.7598888590222319,0.49198774354798497,0.8107818961143494,0.9993682503700256
167,2.784,31,LEFT_FOOT_INDEX,0.5670652786890671,0.7924454041889742,0.2338245901323502,0.9840484857559204,0.9946349859237672
167,2.784,32,RIGHT_FOOT_INDEX,0.4738327179636278,0.7889483343987245,0.3277147440683277,0.9584082365036012,0.9964542388916016
168,2.801,0,NOSE,0.5636484594572163,0.39916470504942425,-0.4094653228918715,0.9999693632125854,0.9995872378349304
168,2.801,1,LEFT_EYE_INNER,0.5718015205292479,0.39163227592195815,-0.382535605203538,0.99988055229187,0.9988250136375428
168,2.801,2,LEFT_EYE,0.5769139812106183,0.3919491512434827,-0.3826007615952268,0.9998829364776612,0.9988722205162048
168,2.801,3,LEFT_EYE_OUTER,0.5820764501889553,0.39236742541903574,-0.38257802809987784,0.9998752474784852,0.9988662004470824
168,2.801,4,RIGHT_EYE_INNER,0.5551835014706571,0.39079922721499527,-0.38422039576939204,0.99985533952713,0.998729169368744
168,2.801,5,RIGHT_EYE,0.5485766416504274,0.3906989296277368,-0.3842006779852371,0.9998390078544616,0.9986063838005066
168,2.801,6,RIGHT_EYE_OUTER,0.5415995546749665,0.3906463157562986,-0.3842377747808188,0.9998087286949158,0.9984788298606871
168,2.801,7,LEFT_EAR,0.5867230579966596,0.39753316271872785,-0.21603536960624525,0.999704658985138,0.9989863038063048
168,2.801,8,RIGHT_EAR,0.5305787239755908,0.39513874905450036,-0.22812756470271536,0.9996541738510132,0.9982934594154358
168,2.801,9,MOUTH_LEFT,0.5702421807107476,0.41051535379319,-0.34542627561660066,0.999959111213684,0.999772608280182
168,2.801,10,MOUTH_RIGHT,0.5508123380797255,0.4100301790805093,-0.3484310152984804,0.999947726726532,0.9997033476829528
168,2.801,11,LEFT_SHOULDER,0.6310270229975388,0.45937570645695686,-0.13639674690507717,0.9999859929084778,0.9999371767044068
168,2.801,12,RIGHT_SHOULDER,0.47241618803569285,0.45188494665282153,-0.11090909583227979,0.9999045133590698,0.999819815158844
168,2.801,13,LEFT_ELBOW,0.647779850732713,0.5227762432325459,-0.05766066589525767,0.9861854314804076,0.9998162388801576
168,2.801,14,RIGHT_ELBOW,0.4306664920988541,0.5141097222055713,-0.03383917472369612,0.9703476428985596,0.999562442302704
168,2.801,15,LEFT_WRIST,0.6506011145455504,0.5794954016095121,-0.2232173674163366,0.9906125068664552,0.999894380569458
168,2.801,16,RIGHT_WRIST,0.41229999916894133,0.5712340275446579,-0.15358249559288945,0.9632598161697388,0.9991720914840698
168,2.801,17,LEFT_PINKY,0.6571780159359892,0.5987306549435576,-0.27094523679642474,0.983235001564026,0.9997355341911316
168,2.801,18,RIGHT_PINKY,0.39640119955653275,0.5899628457568946,-0.19730033264273703,0.9418805241584778,0.9986497759819032
168,2.801,19,LEFT_INDEX,0.647229691346487,0.5974270928473706,-0.32581873876707923,0.9841060638427734,0.9997707009315492
168,2.801,20,RIGHT_INDEX,0.40493685574758653,0.5905113816261297,-0.2557984562147233,0.9443802833557128,0.9986982345581056
168,2.801,21,LEFT_THUMB,0.6407278208505546,0.5918441954113194,-0.24787599557922022,0.9798781871795654,0.9998546838760376
168,2.801,22,RIGHT_THUMB,0.4153053945019135,0.5853507320086166,-0.1813492058288485,0.9381702542304992,0.9991044402122498
168,2.801,23,LEFT_HIP,0.5839669250306634,0.5927571115039649,-0.006117345066741067,0.9999266266822816,0.999707281589508
168,2.801,24,RIGHT_HIP,0.4910554403350471,0.5908272010939468,0.00601611995980851,0.9998619556427002,0.9997766613960266
168,2.801,25,LEFT_KNEE,0.5740298572040745,0.6828502984274007,0.09221485505501431,0.9927176237106324,0.9999281167984008
168,2.801,26,RIGHT_KNEE,0.4800827105840051,0.6760080740565352,0.11050439829982467,0.9757946133613586,0.9998842477798462
168,2.801,27,LEFT_ANKLE,0.5654954002017072,0.7645414500009453,0.38080067861647865,0.9887712597846984,0.9994903802871704
168,2.801,28,RIGHT_ANKLE,0.49462064533006617,0.7604574192137952,0.40715875937825197,0.957227110862732,0.9996496438980104
168,2.801,29,LEFT_HEEL,0.5552114077976776,0.7746161733354848,0.39860328464281025,0.8973314166069031,0.999037265777588
168,2.801,30,RIGHT_HEEL,0.5029520562716897,0.7697569585981829,0.42632619397980864,0.8185268640518188,0.9992840886116028
168,2.801,31,LEFT_FOOT_INDEX,0.5669973521005545,0.7925162883031942,0.22019629464263024,0.9838919043540956,0.9952853322029114
168,2.801,32,RIGHT_FOOT_INDEX,0.4738037657170073,0.7959820429484057,0.2559104150249846,0.96068674325943,0.9961451292037964
169,2.817,0,NOSE,0.5633840646062583,0.3991308013598127,-0.38796021540959713,0.999967873096466,0.9993717074394226
169,2.817,1,LEFT_EYE_INNER,0.5715531735193167,0.3915426149254757,-0.36066705414227107,0.999872624874115,0.9981702566146852
169,2.817,2,LEFT_EYE,0.5766384374527709,0.3918529294786003,-0.36073836968058665,0.999875783920288,0.9982142448425292
169,2.817,3,LEFT_EYE_OUTER,0.581749768484207,0.39226500193278035,-0.36071366071701083,0.9998677968978882,0.9981790781021118
169,2.817,4,RIGHT_EYE_INNER,0.5549358157884512,0.3907177207015813,-0.3629082370372049,0.9998502731323242,0.9981365203857422
169,2.817,5,RIGHT_EYE,0.5483484126272661,0.3906276509875346,-0.3629037014075691,0.9998339414596558,0.998011350631714
169,2.817,6,RIGHT_EYE_OUTER,0.5414011932554703,0.3905894586018157,-0.36296512399401015,0.999804675579071,0.9979006052017212
169,2.817,7,LEFT_EAR,0.5864094183558515,0.3974944126038328,-0.19535464332217273,0.9996976256370544,0.9983633160591124
169,2.817,8,RIGHT_EAR,0.5303870098931454,0.3952022194862369,-0.20852933043525343,0.9996415376663208,0.9978018403053284
169,2.817,9,MOUTH_LEFT,0.5699926870209835,0.41047791214216356,-0.32469026531491985,0.9999547600746156,0.9996542930603028
169,2.817,10,MOUTH_RIGHT,0.5506503213019603,0.41003706909361376,-0.3282066654591336,0.999943196773529,0.9995898604393004
169,2.817,11,LEFT_SHOULDER,0.6310379561923805,0.4591738453933175,-0.11981948855377386,0.999983549118042,0.9998787641525269
169,2.817,12,RIGHT_SHOULDER,0.47219425297918816,0.45204515400387035,-0.09309195478757225,0.9999038577079772,0.9997969269752502
169,2.817,13,LEFT_ELBOW,0.6479404426756366,0.5226303793135147,-0.05764651032430786,0.9862242341041564,0.9996664524078368
169,2.817,14,RIGHT_ELBOW,0.4306394216560186,0.5146398629461021,-0.020393808283621327,0.9694554805755616,0.999450147151947
169,2.817,15,LEFT_WRIST,0.6509616743950623,0.5793566278048929,-0.22829599323726854,0.9903797507286072,0.999799907207489
169,2.817,16,RIGHT_WRIST,0.41104479914619846,0.5718549688657131,-0.1433193910689582,0.9623823165893556,0.9987504482269288
169,2.817,17,LEFT_PINKY,0.6575740093276621,0.5983991878373287,-0.27621599464189467,0.9827776551246644,0.999525547027588
169,2.817,18,RIGHT_PINKY,0.3955377170017791,0.5906297990253999,-0.18620217059339808,0.9404336214065552,0.997933030128479
169,2.817,19,LEFT_INDEX,0.6476998442695261,0.5969293656803318,-0.33064963136400527,0.983671486377716,0.99959796667099
169,2.817,20,RIGHT_INDEX,0.4036319568043667,0.5912469739005685,-0.24497255328155715,0.94319748878479,0.9980216026306152
169,2.817,21,LEFT_THUMB,0.6412174758457008,0.5912827196575352,-0.2527988070533391,0.9793329834938048,0.9997414946556092
169,2.817,22,RIGHT_THUMB,0.41371062681788523,0.5861368150938131,-0.17104999224344905,0.9372317790985109,0.9986434578895568
169,2.817,23,LEFT_HIP,0.5840983192125961,0.5927951676504958,-0.008147022886467802,0.9998879432678224,0.9992745518684388
169,2.817,24,RIGHT_HIP,0.49118599011784553,0.5913044271014991,0.00805917974295357,0.9998454451560974,0.9996315240859984
169,2.817,25,LEFT_KNEE,0.5740470772697818,0.6837602995690852,0.09511964661734448,0.9925693273544312,0.9998364448547364
169,2.817,26,RIGHT_KNEE,0.48224076486769213,0.6784470762525292,0.07637665952954975,0.9770761132240297,0.999825656414032
169,2.817,27,LEFT_ANKLE,0.5656303082193652,0.7650357569967003,0.3716248955045431,0.9884742498397828,0.9990530610084534
169,2.817,28,RIGHT_ANKLE,0.4953626394271855,0.7674703030359185,0.33456237968944397,0.9601163864135742,0.9993708729743958
169,2.817,29,LEFT_HEEL,0.5551836093266811,0.7754530707995104,0.3878941947505591,0.8932560086250305,0.9982706308364868
169,2.817,30,RIGHT_HEEL,0.5045433044433598,0.7783746293612896,0.3487914360704879,0.8253437876701355,0.9985920786857604
169,2.817,31,LEFT_FOOT_INDEX,0.56727265176319,0.7925031071617497,0.2089094292549861,0.9834999442100524,0.9925703406333924
169,2.817,32,RIGHT_FOOT_INDEX,0.47326968823160487,0.8023290605772118,0.16874455181615702,0.9626203775405884,0.9929115176200868
170,2.834,0,NOSE,0.5632533941950122,0.3990646174975807,-0.3666897018750512,0.9999656677246094,0.9992949962615968
170,2.834,1,LEFT_EYE_INNER,0.5713896410805843,0.39146315483819905,-0.3389251998492653,0.9998605847358704,0.997895359992981
170,2.834,2,LEFT_EYE,0.5765154532023844,0.3917638077622371,-0.3390007657664166,0.999864399433136,0.9979262351989746
170,2.834,3,LEFT_EYE_OUTER,0.5815597176551824,0.3921725636436829,-0.33897286653518705,0.9998554587364196,0.99787437915802
170,2.834,4,RIGHT_EYE_INNER,0.5547835741724292,0.39065842969077014,-0.34144663243066725,0.9998422861099244,0.997957706451416
170,2.834,5,RIGHT_EYE,0.5481991001537873,0.39058143468130235,-0.34145140080224934,0.9998252391815186,0.9978682994842528
170,2.834,6,RIGHT_EYE_OUTER,0.5412347714106247,0.39055291527793556,-0.3415352929206124,0.9997974038124084,0.9978153705596924
170,2.834,7,LEFT_EAR,0.5860887538819091,0.39743661170914096,-0.17435560198057276,0.9996803998947144,0.9980981945991516
170,2.834,8,RIGHT_EAR,0.5302402121680128,0.39518932075727586,-0.18814802950336829,0.9996191263198853,0.997849941253662
170,2.834,9,MOUTH_LEFT,0.5697556592169268,0.41039603097098254,-0.3040493840263006,0.9999477863311768,0.999624729156494
170,2.834,10,MOUTH_RIGHT,0.5505093591553829,0.4099945028622949,-0.30790398234412814,0.999936580657959,0.999583065509796
170,2.834,11,LEFT_SHOULDER,0.630940905639104,0.4589988603478391,-0.10270153482755029,0.9999797344207764,0.999826967716217
170,2.834,12,RIGHT_SHOULDER,0.4720998959881923,0.4522211509091518,-0.07423375671108566,0.9999035000801086,0.9998362064361572
170,2.834,13,LEFT_ELBOW,0.6482871061279666,0.5225240275973371,-0.0553808803004878,0.9858019351959229,0.999528169631958
170,2.834,14,RIGHT_ELBOW,0.4306034232888907,0.5152981252897358,-0.004543715223137821,0.968506634235382,0.9995054006576538
170,2.834,15,LEFT_WRIST,0.6514618481908532,0.5792332859266377,-0.23167526367164812,0.9900082945823668,0.999778687953949
170,2.834,16,RIGHT_WRIST,0.4100595428830105,0.5725351032756629,-0.13178824810754694,0.9615871906280518,0.998759388923645
170,2.834,17,LEFT_PINKY,0.6580264994076326,0.5981137411934994,-0.2798770623547693,0.982170820236206,0.999509334564209
170,2.834,18,RIGHT_PINKY,0.3949569960435235,0.5913986904280532,-0.17383739919889554,0.9391817450523376,0.9979379773139954
170,2.834,19,LEFT_INDEX,0.64806654339745,0.5964915156364446,-0.334094359761193,0.9830716252326964,0.9995900988578796
170,2.834,20,RIGHT_INDEX,0.4028174976507826,0.5921144740922115,-0.2329774406694232,0.9422102570533752,0.9980189800262452
170,2.834,21,LEFT_THUMB,0.6416290430795585,0.5908168980053499,-0.25599803243364627,0.978548526763916,0.9997294545173644
170,2.834,22,RIGHT_THUMB,0.412594651892072,0.5870037958735517,-0.15944454854442974,0.9364503026008606,0.9986482262611388
170,2.834,23,LEFT_HIP,0.5844284466334757,0.5928975996517005,-0.009980281260574111,0.9998497366905212,0.9992896318435668
170,2.834,24,RIGHT_HIP,0.49141430287134125,0.5919290241741004,0.009924574023378714,0.9998416900634766,0.9997872710227966
170,2.834,25,LEFT_KNEE,0.5739730880374005,0.6846108635266628,0.09311293491295412,0.9921768307685852,0.9998100399971008
170,2.834,26,RIGHT_KNEE,0.48438030055591075,0.6813968249729707,0.030022275146274355,0.9781222343444824,0.999889612197876
170,2.834,27,LEFT_ANKLE,0.5656106131417415,0.7653686574527203,0.36826079941931256,0.9876915812492372,0.9991348385810852
170,2.834,28,RIGHT_ANKLE,0.4962012129170559,0.7739678592908956,0.24616019676129042,0.9627227187156676,0.9994933605194092
170,2.834,29,LEFT_HEEL,0.5553766574178428,0.7761237451008396,0.3844530724343803,0.8863264322280884,0.9984903335571288
170,2.834,30,RIGHT_HEEL,0.506454428037008,0.7864456744421103,0.2550230781946865,0.8312896490097046,0.9987421631813048
170,2.834,31,LEFT_FOOT_INDEX,0.5675263518378854,0.7922808442796987,0.20919393854481846,0.982625424861908,0.9944447875022888
170,2.834,32,RIGHT_FOOT_INDEX,0.4714485818431495,0.8087890006247027,0.06515685575348995,0.9644414782524108,0.9936118721961976
171,2.851,0,NOSE,0.5630749378885547,0.3990114984058202,-0.35077979593049946,0.9999642968177797,0.9993595480918884
171,2.851,1,LEFT_EYE_INNER,0.5712004162016374,0.39139262125605667,-0.3227867980798088,0.9998508095741272,0.9978792667388916
171,2.851,2,LEFT_EYE,0.5762672594615397,0.3916805627800173,-0.32285882319722886,0.9998546242713928,0.997926950454712
171,2.851,3,LEFT_EYE_OUTER,0.5813352125031613,0.3920818425360184,-0.3228246299993427,0.9998441338539124,0.9978686571121216
171,2.851,4,RIGHT_EYE_INNER,0.5544753699075613,0.3906214762301675,-0.32538701664833825,0.999836564064026,0.997940719127655
171,2.851,5,RIGHT_EYE,0.5477842035747715,0.39056026935577426,-0.325392822424571,0.9998182654380798,0.9978485107421876
171,2.851,6,RIGHT_EYE_OUTER,0.5408023226828806,0.39054136616843116,-0.3254894273621698,0.9997919201850892,0.9978085160255432
171,2.851,7,LEFT_EAR,0.5858486805643359,0.3973695351963955,-0.15830961082662864,0.999665379524231,0.998062551021576
171,2.851,8,RIGHT_EAR,0.5299497048060104,0.3952319437549231,-0.1725978822935196,0.9995948672294616,0.997892677783966
171,2.851,9,MOUTH_LEFT,0.5695936481157944,0.41033571248962797,-0.2884070419129874,0.999940812587738,0.9996386766433716
171,2.851,10,MOUTH_RIGHT,0.5501859557060973,0.4099719595341459,-0.2924513603959767,0.9999303817749025,0.9996023774147034
171,2.851,11,LEFT_SHOULDER,0.6308415049598337,0.4588967363039657,-0.08631474773089093,0.9999763369560242,0.9998151659965516
171,2.851,12,RIGHT_SHOULDER,0.4719625824973701,0.45250836014747664,-0.061262320549715116,0.9999051094055176,0.9998607635498048
171,2.851,13,LEFT_ELBOW,0.648641310987019,0.5224741697311406,-0.048987433846507764,0.9857607483863832,0.9995285272598268
171,2.851,14,RIGHT_ELBOW,0.4305329847903483,0.5161391014144538,0.003492152063353406,0.9675232768058776,0.999502420425415
171,2.851,15,LEFT_WRIST,0.6519332953861787,0.5790853131385082,-0.23053524252914268,0.989951491355896,0.9997866749763488
171,2.851,16,RIGHT_WRIST,0.4088871422268099,0.573486847536905,-0.12821572522322344,0.9608064293861388,0.99860817193985
171,2.851,17,LEFT_PINKY,0.6585553742590411,0.597945562430791,-0.27877049644788127,0.9820458889007568,0.9995033740997314
171,2.851,18,RIGHT_PINKY,0.39423685698282185,0.5924616200583328,-0.16956623466241938,0.9382079243659972,0.997670590877533
171,2.851,19,LEFT_INDEX,0.6483961627596906,0.596254189809164,-0.3330476951031461,0.9829367995262146,0.9995911717414856
171,2.851,20,RIGHT_INDEX,0.4019339113008412,0.5932512425241021,-0.22895431234723063,0.9415035247802734,0.9977633953094482
171,2.851,21,LEFT_THUMB,0.6419756270590289,0.5905715624491379,-0.25482620369820386,0.9783456325531006,0.99973326921463
171,2.851,22,RIGHT_THUMB,0.4114553474244621,0.5881837861878536,-0.1556734967799415,0.935827136039734,0.9984773993492126
171,2.851,23,LEFT_HIP,0.5848332955723723,0.5931274124554231,-0.010594708601101475,0.9997894763946532,0.9991441965103148
171,2.851,24,RIGHT_HIP,0.49171077637445404,0.5926891678855539,0.01057705977222037,0.999839723110199,0.9998223185539246
171,2.851,25,LEFT_KNEE,0.573802170299349,0.6852859797931858,0.10122526969228479,0.990466058254242,0.999524712562561
171,2.851,26,RIGHT_KNEE,0.4863297669660481,0.6843886943090536,-0.02244187465735845,0.9780594110488892,0.9998304843902588
171,2.851,27,LEFT_ANKLE,0.5649427714801976,0.7654080873443974,0.3869338461330962,0.9837891459465028,0.9978698492050172
171,2.851,28,RIGHT_ANKLE,0.4968163768450423,0.7803104973974689,0.1495043193655356,0.96379554271698,0.9987686276435852
171,2.851,29,LEFT_HEEL,0.5548796398299086,0.7765540792828521,0.404424057120369,0.870615541934967,0.99665367603302
171,2.851,30,RIGHT_HEEL,0.5081038106055491,0.7938469818660198,0.15300042696651966,0.8317989110946655,0.9967468976974488
171,2.851,31,LEFT_FOOT_INDEX,0.5681667185965044,0.7921877730460402,0.23521591226259886,0.978401243686676,0.9903876185417176
171,2.851,32,RIGHT_FOOT_INDEX,0.4686407177221212,0.8157842641785038,-0.04764813628225101,0.9640541076660156,0.9838480353355408
172,2.867,0,NOSE,0.5629043550718403,0.39897177049091914,-0.3401074239185881,0.9999631643295288,0.9995290040969848
172,2.867,1,LEFT_EYE_INNER,0.5709791580835983,0.39136569840567487,-0.3119434175037205,0.9998417496681212,0.9982739686965942
172,2.867,2,LEFT_EYE,0.5759291563715259,0.39164109457106855,-0.3120094977674033,0.999844491481781,0.9982538819313048
172,2.867,3,LEFT_EYE_OUTER,0.5811576303981605,0.3920352544103354,-0.311965536503565,0.999832570552826,0.9981379508972168
172,2.867,4,RIGHT_EYE_INNER,0.5540213074002952,0.3906041752724424,-0.3146348113105414,0.9998343586921692,0.9984732270240784
172,2.867,5,RIGHT_EYE,0.547116276763735,0.39054858116876545,-0.31463216741879807,0.9998145699501038,0.9984493255615234
172,2.867,6,RIGHT_EYE_OUTER,0.5400611304101495,0.3905319301855,-0.3147397481259848,0.9997910261154176,0.998467981815338
172,2.867,7,LEFT_EAR,0.5857135029066183,0.3973143512294409,-0.146438791638329,0.9996445775032043,0.9982193112373352
172,2.867,8,RIGHT_EAR,0.529453473431724,0.3952903818516508,-0.16216681188061133,0.9995761513710022,0.9986170530319214
172,2.867,9,MOUTH_LEFT,0.5695366916202369,0.4102785374437063,-0.27740122448830407,0.999930202960968,0.999686598777771
172,2.867,10,MOUTH_RIGHT,0.5497880237443111,0.4099510453996208,-0.2818206747372948,0.9999231100082396,0.9997034668922424
172,2.867,11,LEFT_SHOULDER,0.6308539594922753,0.4588809141090942,-0.07157512647765021,0.9999711513519288,0.999762237071991
172,2.867,12,RIGHT_SHOULDER,0.47170070807139125,0.45285709698994997,-0.053942241484210604,0.999908447265625,0.9999175071716307
172,2.867,13,LEFT_ELBOW,0.6490287099565785,0.5224051191693266,-0.03901334949547335,0.985483944416046,0.9994924068450928
172,2.867,14,RIGHT_ELBOW,0.43030786230450624,0.5170527810142158,0.005395490764862009,0.966271698474884,0.9996360540390016
172,2.867,15,LEFT_WRIST,0.6524540810357964,0.5790166798092076,-0.22248341143131273,0.9898106455802916,0.999784529209137
172,2.867,16,RIGHT_WRIST,0.40771826817875856,0.5746658444404608,-0.13012666787420007,0.959729552268982,0.9987930059432985
172,2.867,17,LEFT_PINKY,0.659058570861817,0.5978741816111979,-0.26991748525982834,0.9817315340042114,0.9995094537734984
172,2.867,18,RIGHT_PINKY,0.3935516008308959,0.5938807413691571,-0.17094887012527116,0.9366198182106018,0.9979206919670104
172,2.867,19,LEFT_INDEX,0.6487854775928321,0.5961313446362819,-0.32393554420698284,0.9826274514198304,0.9996160268783568
172,2.867,20,RIGHT_INDEX,0.4009818363757364,0.5947473389761794,-0.2299426609561559,0.9402243494987488,0.9980656504631042
172,2.867,21,LEFT_THUMB,0.6424517801829752,0.5904624064763393,-0.24651698910054726,0.9778693914413452,0.9997441172599792
172,2.867,22,RIGHT_THUMB,0.41038480401039157,0.5896987318992619,-0.15710812594209406,0.9345568418502808,0.9987051486968994
172,2.867,23,LEFT_HIP,0.5852774268104922,0.5937464293979469,-0.009825458439687847,0.999710500240326,0.9991188645362854
172,2.867,24,RIGHT_HIP,0.49210504690806117,0.5937766773360121,0.009835271497390094,0.9998423457145692,0.9998979568481444
172,2.867,25,LEFT_KNEE,0.5735409259796148,0.6861523304666798,0.12663412236032043,0.9874192476272584,0.9994483590126038
172,2.867,26,RIGHT_KNEE,0.4879994179521292,0.6877082926886429,-0.08493653303455742,0.9771142601966858,0.999891996383667
172,2.867,27,LEFT_ANKLE,0.5637865208444146,0.7653797836530783,0.4297985179083692,0.975943088531494,0.9980216026306152
172,2.867,28,RIGHT_ANKLE,0.49662240913936107,0.7872759898503628,0.040246912233886344,0.9638959765434264,0.9989424347877502
172,2.867,29,LEFT_HEEL,0.5537387643541614,0.7765235730579929,0.44953079024950704,0.8464944362640381,0.9969678521156312
172,2.867,30,RIGHT_HEEL,0.509199460347494,0.8019788974807384,0.03833332515898205,0.8270861506462097,0.9969235062599182
172,2.867,31,LEFT_FOOT_INDEX,0.5686920654206054,0.7918641198249097,0.2881433765093488,0.9711795449256896,0.9923635721206664
172,2.867,32,RIGHT_FOOT_INDEX,0.46583124001820925,0.8220992230233699,-0.1752570569515229,0.962522566318512,0.9852479696273804
173,2.884,0,NOSE,0.5621003849165785,0.3990574606827331,-0.3330708586034324,0.9999628067016602,0.9996398687362672
173,2.884,1,LEFT_EYE_INNER,0.5704426226161781,0.39141380361148326,-0.30517113634518245,0.9998379945755004,0.998584508895874
173,2.884,2,LEFT_EYE,0.5752110566411706,0.3916889045919694,-0.30522661833536086,0.999839186668396,0.9985767602920532
173,2.884,3,LEFT_EYE_OUTER,0.5805783442088541,0.3920807100477676,-0.30516922190075857,0.9998250603675842,0.998485028743744
173,2.884,4,RIGHT_EYE_INNER,0.5530118289447972,0.3906574689206626,-0.30756689253307556,0.999836802482605,0.9987760186195374
173,2.884,5,RIGHT_EYE,0.5458407118206937,0.39060672408058567,-0.3075551816395354,0.9998169541358948,0.9987959861755372
173,2.884,6,RIGHT_EYE_OUTER,0.5388538610367553,0.39059965383438866,-0.3076622031983878,0.9997960329055786,0.9988476037979126
173,2.884,7,LEFT_EAR,0.585556756882441,0.3973608102117269,-0.13946005631060837,0.9996212720870972,0.9985703229904176
173,2.884,8,RIGHT_EAR,0.528604890619006,0.39546436922890826,-0.15507477025191,0.9995763897895812,0.9990817308425904
173,2.884,9,MOUTH_LEFT,0.5692509952045628,0.4103962324914482,-0.270308601004737,0.9999228715896606,0.9997805953025818
173,2.884,10,MOUTH_RIGHT,0.548788814317613,0.41010941068331436,-0.2746243916806723,0.999920666217804,0.999807059764862
173,2.884,11,LEFT_SHOULDER,0.6309395631154384,0.45895670567240077,-0.06100162845991905,0.9999651312828064,0.9997816681861876
173,2.884,12,RIGHT_SHOULDER,0.47138144288744294,0.45328546138036857,-0.04998532984228362,0.999914288520813,0.9999624490737916
173,2.884,13,LEFT_ELBOW,0.649533493178232,0.5224131544431055,-0.02749646437310036,0.9843076467514038,0.9995342493057252
173,2.884,14,RIGHT_ELBOW,0.4299762703123551,0.5179904074895955,0.005538966645309241,0.966120421886444,0.999744713306427
173,2.884,15,LEFT_WRIST,0.6529784458024168,0.5790790773573382,-0.20864882355644604,0.989077627658844,0.999782145023346
173,2.884,16,RIGHT_WRIST,0.4065762488614949,0.5761716876711169,-0.13035496430737642,0.9587365984916688,0.9990838766098022
173,2.884,17,LEFT_PINKY,0.6594282587369289,0.597933695429848,-0.2548830005384629,0.9803839921951294,0.999582588672638
173,2.884,18,RIGHT_PINKY,0.3926610449949904,0.5957372245334449,-0.1702164496694294,0.9351037740707396,0.9985709190368652
173,2.884,19,LEFT_INDEX,0.6492206624576029,0.5961725030626575,-0.30879736798150226,0.9813544750213624,0.9996626377105712
173,2.884,20,RIGHT_INDEX,0.3998057884829389,0.5966435074806219,-0.22886857248487946,0.9389911890029908,0.9986491799354552
173,2.884,21,LEFT_THUMB,0.6429948835145864,0.5905338213557294,-0.23240678225244815,0.9761702418327332,0.9997583031654358
173,2.884,22,RIGHT_THUMB,0.40926197171211276,0.5915498790286842,-0.15691922250248144,0.9330341815948486,0.9990899562835692
173,2.884,23,LEFT_HIP,0.5858342250188198,0.5947343536785676,-0.008217300731866078,0.9996680021286012,0.9995458722114564
173,2.884,24,RIGHT_HIP,0.49252856345403806,0.5951372924305149,0.008248433005064702,0.999852180480957,0.9999608993530272
173,2.884,25,LEFT_KNEE,0.573458299750374,0.6868749913715186,0.15174351880947762,0.985595166683197,0.9997448325157166
173,2.884,26,RIGHT_KNEE,0.48891430383636875,0.6908401023773927,-0.12004997510285613,0.9779820442199708,0.9999618530273438
173,2.884,27,LEFT_ANKLE,0.5626063375245962,0.765389609904517,0.460895282881601,0.9718191623687744,0.9991025924682616
173,2.884,28,RIGHT_ANKLE,0.4955184544835776,0.793190519014995,-0.026732400325792143,0.9655062556266784,0.9994269609451294
173,2.884,29,LEFT_HEEL,0.5524048436255687,0.7765767489160817,0.4815107073102683,0.8369117975234985,0.9985920786857604
173,2.884,30,RIGHT_HEEL,0.5093776129540948,0.8083116099947982,-0.03221493693334719,0.8226666450500488,0.9982995390892028
173,2.884,31,LEFT_FOOT_INDEX,0.5696373354820983,0.7920846626872116,0.3241993557839169,0.9676613211631776,0.996212363243103
173,2.884,32,RIGHT_FOOT_INDEX,0.46189194350015594,0.8269025200889232,-0.2527807292838893,0.9630566835403442,0.9904666543006896
174,2.901,0,NOSE,0.5605231523513798,0.39916584889094076,-0.3270099361737572,0.9999631643295288,0.999771535396576
174,2.901,1,LEFT_EYE_INNER,0.5694934129714971,0.3914224987938294,-0.2993535158180058,0.9998373985290528,0.9990792274475098
174,2.901,2,LEFT_EYE,0.5740317844209222,0.3917034027122319,-0.29940362203688875,0.9998378157615662,0.99907386302948
174,2.901,3,LEFT_EYE_OUTER,0.5795243808201387,0.39209270051547496,-0.29934007780892535,0.9998217821121216,0.9990059733390808
174,2.901,4,RIGHT_EYE_INNER,0.551349901017689,0.39068811564218464,-0.30158081934565617,0.999841034412384,0.9991655349731444
174,2.901,5,RIGHT_EYE,0.5438201058478588,0.3906514843304955,-0.30156087591534597,0.9998215436935424,0.9991530179977416
174,2.901,6,RIGHT_EYE_OUTER,0.5370731098311293,0.3906603881290984,-0.3016681387310939,0.9998026490211488,0.999175488948822
174,2.901,7,LEFT_EAR,0.5852865292912444,0.3974456474894572,-0.13385140115306499,0.9996082186698914,0.9990623593330384
174,2.901,8,RIGHT_EAR,0.5272780231067118,0.39571410417556796,-0.1513796328079134,0.9995794892311096,0.9993163347244264
174,2.901,9,MOUTH_LEFT,0.5686330993970241,0.4106033047040307,-0.26541166929971627,0.9999167323112488,0.9998393058776855
174,2.901,10,MOUTH_RIGHT,0.5471677297637582,0.41041532016935844,-0.2695416027591344,0.9999189972877502,0.999855637550354
174,2.901,11,LEFT_SHOULDER,0.6309644523121067,0.4591815656139741,-0.05438352039172534,0.9999605417251588,0.9998205304145812
174,2.901,12,RIGHT_SHOULDER,0.4706589324133741,0.4540297091007237,-0.049256684879461915,0.9999196529388428,0.9999666213989258
174,2.901,13,LEFT_ELBOW,0.650052944819133,0.5225033816837134,-0.01998803196918396,0.9833420515060424,0.9995819926261902
174,2.901,14,RIGHT_ELBOW,0.42936760187149087,0.5192270591145475,0.0026734779101042485,0.9649839997291564,0.9997273087501526
174,2.901,15,LEFT_WRIST,0.6535081721487506,0.5792583397456583,-0.19537431853158152,0.9885826706886292,0.9998249411582948
174,2.901,16,RIGHT_WRIST,0.4054719096138367,0.5777734801882795,-0.13313873608907073,0.9576948285102844,0.9990783929824828
174,2.901,17,LEFT_PINKY,0.6599009973662247,0.5980696933610103,-0.24044408187979763,0.9795194268226624,0.9996455907821656
174,2.901,18,RIGHT_PINKY,0.39184308193978845,0.5978307638849536,-0.17284549559865692,0.9336715936660768,0.9985733032226562
174,2.901,19,LEFT_INDEX,0.6496865522293823,0.5962543118567699,-0.293277408395495,0.9805862903594972,0.9997223019599916
174,2.901,20,RIGHT_INDEX,0.3986973251615255,0.5987045708156773,-0.23069453310398846,0.937800109386444,0.9986833930015564
174,2.901,21,LEFT_THUMB,0.6435050708906997,0.5906338095664984,-0.21853881506692815,0.97493976354599,0.9998063445091248
174,2.901,22,RIGHT_THUMB,0.40825981611297274,0.5934518121537713,-0.15942013050828668,0.9314916133880616,0.9991231560707092
174,2.901,23,LEFT_HIP,0.5866069140888401,0.5959906265849164,-0.007589317858219091,0.9996280074119568,0.999548614025116
174,2.901,24,RIGHT_HIP,0.49306918609710015,0.5968169711885003,0.00764605313140364,0.9998616576194764,0.9999654293060304
174,2.901,25,LEFT_KNEE,0.5737645313853315,0.687650036244166,0.16500185713881552,0.9830140471458436,0.9997090697288512
174,2.901,26,RIGHT_KNEE,0.48956543207168624,0.6931336720784511,-0.1469974546205431,0.9781925678253174,0.9999682903289796
174,2.901,27,LEFT_ANKLE,0.5615774989128118,0.766246330170405,0.4655420964672456,0.9643596410751344,0.9991486072540284
174,2.901,28,RIGHT_ANKLE,0.4933903955277947,0.7976461024511435,-0.07228816105496315,0.9667163491249084,0.9995219707489014
174,2.901,29,LEFT_HEEL,0.5510892044930237,0.7776119794164391,0.48523549238840785,0.8232384920120239,0.9987234473228456
174,2.901,30,RIGHT_HEEL,0.5089380684353061,0.813332160313925,-0.07981862127780918,0.8141753077507019,0.9985430240631104
174,2.901,31,LEFT_FOOT_INDEX,0.5700046476863685,0.7931350497972405,0.3281535108884178,0.9622917771339417,0.9968048334121704
174,2.901,32,RIGHT_FOOT_INDEX,0.4580089762097318,0.8303491586730601,-0.30472356542235357,0.963236391544342,0.9923362135887146
175,2.917,0,NOSE,0.5586042631240123,0.39945388266018494,-0.3262730609802975,0.9999635815620422,0.9997149109840392
175,2.917,1,LEFT_EYE_INNER,0.5682067275047308,0.3915835179033737,-0.29819582899411545,0.9998376965522766,0.9988576173782348
175,2.917,2,LEFT_EYE,0.5725892526762831,0.39187893129530443,-0.29823215376763146,0.999837040901184,0.9988719820976256
175,2.917,3,LEFT_EYE_OUTER,0.578158040841421,0.39226803183555636,-0.2981472455319907,0.9998205304145812,0.9988093376159668
175,2.917,4,RIGHT_EYE_INNER,0.5494327176184887,0.39087193636667195,-0.30118256097748186,0.9998449683189392,0.9989342093467712
175,2.917,5,RIGHT_EYE,0.5415816732815338,0.3908488537584036,-0.3011630830310642,0.9998257756233216,0.998931348323822
175,2.917,6,RIGHT_EYE_OUTER,0.5350403218042288,0.3908738281045645,-0.3012660741806033,0.999808669090271,0.9989367127418518
175,2.917,7,LEFT_EAR,0.5846960345904038,0.3977043131987257,-0.13425148030122128,0.9996014833450316,0.9988608360290528
175,2.917,8,RIGHT_EAR,0.5256211956342066,0.3961386056173419,-0.151846502508436,0.9995834231376648,0.999077081680298
175,2.917,9,MOUTH_LEFT,0.5676590544836867,0.41100075131370944,-0.26357718166850885,0.9999133348464966,0.9998179078102112
175,2.917,10,MOUTH_RIGHT,0.5452012192635314,0.41094697373253997,-0.2690432540008002,0.9999182224273682,0.9998236298561096
175,2.917,11,LEFT_SHOULDER,0.6309038145201552,0.4594404229096008,-0.055271677850257786,0.9999570846557616,0.999835729598999
175,2.917,12,RIGHT_SHOULDER,0.4694559403828216,0.4549641226019182,-0.05523141633187021,0.9999236464500428,0.9999518394470216
175,2.917,13,LEFT_ELBOW,0.6506586897940869,0.5225569321995694,-0.018729497456834415,0.9830979108810424,0.9996681213378906
175,2.917,14,RIGHT_ELBOW,0.4283517372040525,0.5208362312543965,-0.006379073147573269,0.9647334218025208,0.9997490048408508
175,2.917,15,LEFT_WRIST,0.6541248928932922,0.5795775084268484,-0.1907552125908081,0.9884356260299684,0.9998527765274048
175,2.917,16,RIGHT_WRIST,0.40430621022269875,0.5796223084131882,-0.14038654168446868,0.9561802744865416,0.999122679233551
175,2.917,17,LEFT_PINKY,0.6605260173479721,0.5983790698505589,-0.23582426494076159,0.9791209697723388,0.9996798038482666
175,2.917,18,RIGHT_PINKY,0.391039229574658,0.600205248310453,-0.1804162157433375,0.9315664768218994,0.998556673526764
175,2.917,19,LEFT_INDEX,0.6500271019481483,0.5965175089381995,-0.28762533693086556,0.9801934957504272,0.9997478127479552
175,2.917,20,RIGHT_INDEX,0.39783215097018687,0.6009640069234945,-0.23856382001014,0.9359608292579652,0.9986552000045776
175,2.917,21,LEFT_THUMB,0.6438451125508269,0.5909147376105904,-0.21354641871792945,0.9744330644607544,0.9998252987861632
175,2.917,22,RIGHT_THUMB,0.40736210771969417,0.5954493823505589,-0.16675149542944778,0.9295739531517028,0.9991002082824708
175,2.917,23,LEFT_HIP,0.5874640572638744,0.597275194667635,-0.003513226817761112,0.999606728553772,0.999599039554596
175,2.917,24,RIGHT_HIP,0.49358824888865194,0.5985219705672497,0.003589579547267555,0.9998689889907836,0.9999563694000244
175,2.917,25,LEFT_KNEE,0.5744343712216338,0.6884330823307951,0.17592924691381923,0.981906235218048,0.9997962117195128
175,2.917,26,RIGHT_KNEE,0.48990095229375974,0.6948596182323643,-0.16025171038650343,0.9790764451026917,0.9999598264694214
175,2.917,27,LEFT_ANKLE,0.561163377194178,0.7673705589203614,0.4726273247173859,0.962988257408142,0.999138593673706
175,2.917,28,RIGHT_ANKLE,0.49043027276084583,0.7999220405306142,-0.08579096011817455,0.9681907296180724,0.9993473887443542
175,2.917,29,LEFT_HEEL,0.5503530417169848,0.7788197965849021,0.4917977594193962,0.8203455209732056,0.9985681772232056
175,2.917,30,RIGHT_HEEL,0.5071215374129163,0.8156139396485835,-0.09305433166168992,0.8161637187004089,0.9980837106704712
175,2.917,31,LEFT_FOOT_INDEX,0.5719717031433473,0.7944898718879344,0.33381687885239036,0.9603949785232544,0.9956931471824646
175,2.917,32,RIGHT_FOOT_INDEX,0.4552967605136694,0.8305199203037088,-0.3200311412413918,0.9637386798858644,0.9888275861740112
176,2.934,0,NOSE,0.5567908428964166,0.4000070293744409,-0.3273454975514188,0.9999630451202391,0.999690055847168
176,2.934,1,LEFT_EYE_INNER,0.5666263330550426,0.3920175830523177,-0.2993006933303109,0.9998356103897096,0.9987772107124328
176,2.934,2,LEFT_EYE,0.5709307988484706,0.39232000424748414,-0.29932120868137935,0.9998347163200378,0.9987786412239076
176,2.934,3,LEFT_EYE_OUTER,0.5766174991925562,0.3926946762062258,-0.2992191243739358,0.9998165369033812,0.9986977577209472
176,2.934,4,RIGHT_EYE_INNER,0.5475430800801236,0.39136668755894655,-0.30333566665649436,0.999847412109375,0.998852014541626
176,2.934,5,RIGHT_EYE,0.5395302148092366,0.39136428208578233,-0.30332187953449463,0.999829113483429,0.9988390803337096
176,2.934,6,RIGHT_EYE_OUTER,0.5330155718894237,0.3914161579949519,-0.3034075498580935,0.9998133778572084,0.9988675117492676
176,2.934,7,LEFT_EAR,0.58345548595701,0.3981347751049772,-0.13707358354613902,0.9995928406715392,0.9987938404083252
176,2.934,8,RIGHT_EAR,0.5237542504356025,0.3968126050063545,-0.15514611417338972,0.9995883107185364,0.999066174030304
176,2.934,9,MOUTH_LEFT,0.5664168511118213,0.41158180009751133,-0.264429059766588,0.9999086260795592,0.9997844099998474
176,2.934,10,MOUTH_RIGHT,0.543298843361083,0.41171435515085897,-0.271518633479164,0.9999171495437622,0.9998024106025696
176,2.934,11,LEFT_SHOULDER,0.6307148365747367,0.4597952749047965,-0.05635644105218707,0.9999511241912842,0.999771535396576
176,2.934,12,RIGHT_SHOULDER,0.4679710510231204,0.4560284415880843,-0.06338117573232879,0.999927282333374,0.9999456405639648
176,2.934,13,LEFT_ELBOW,0.651126921176911,0.5227531648817522,-0.015998840875302737,0.982320249080658,0.9994540810585022
176,2.934,14,RIGHT_ELBOW,0.42696587244669637,0.5225923316819332,-0.01718679851009732,0.9644433856010436,0.99960058927536
176,2.934,15,LEFT_WRIST,0.6546381229446054,0.5800273617108669,-0.1853843324241185,0.9877904653549194,0.9997088313102722
176,2.934,16,RIGHT_WRIST,0.40318920640718403,0.5815848140489492,-0.14689856696696518,0.9551827907562256,0.9985880255699158
176,2.934,17,LEFT_PINKY,0.6612099210421251,0.5988715376172753,-0.23068976473240643,0.9780269265174866,0.9993714690208436
176,2.934,18,RIGHT_PINKY,0.39032331534794434,0.6027465434301472,-0.187038296035358,0.930191934108734,0.9976370334625244
176,2.934,19,LEFT_INDEX,0.650250809533256,0.5970158718881158,-0.28264133845056827,0.9792035222053528,0.9995096921920776
176,2.934,20,RIGHT_INDEX,0.3973526500520255,0.6033229061535432,-0.24606916166487214,0.9347919821739196,0.9978740215301514
176,2.934,21,LEFT_THUMB,0.6439970334370937,0.5913909134410682,-0.20832041686489483,0.9731167554855348,0.9996604919433594
176,2.934,22,RIGHT_THUMB,0.40675734338306274,0.5975136132467367,-0.17335780674502976,0.9283989667892456,0.9985820055007936
176,2.934,23,LEFT_HIP,0.5881802155858,0.5980121692021694,0.004354629887356647,0.9995174407958984,0.9991217255592346
176,2.934,24,RIGHT_HIP,0.4939362946010776,0.5994964327131005,-0.004278930358677414,0.9998700022697448,0.999909281730652
176,2.934,25,LEFT_KNEE,0.5751845779873082,0.6887938323475071,0.18488101306415752,0.9770804047584534,0.9993240833282472
176,2.934,26,RIGHT_KNEE,0.4899688206967858,0.6955198872657056,-0.16776904392810105,0.9777933955192566,0.9998989105224608
176,2.934,27,LEFT_ANKLE,0.5610836318561014,0.7682681764875147,0.47599801988828794,0.9521231651306152,0.9975359439849854
176,2.934,28,RIGHT_ANKLE,0.48744344427472114,0.8007082626933151,-0.10154627316764428,0.9671663641929626,0.9982101917266846
176,2.934,29,LEFT_HEEL,0.5502326431728549,0.7798242824418211,0.4944423366160624,0.8025347590446472,0.9960469603538512
176,2.934,30,RIGHT_HEEL,0.5043394139834817,0.8163672770772669,-0.10937478925500606,0.8031901121139526,0.994795024394989
176,2.934,31,LEFT_FOOT_INDEX,0.5746800104777023,0.7958665802365265,0.33794201413790415,0.9504588842391968,0.9905869364738464
176,2.934,32,RIGHT_FOOT_INDEX,0.4534825980663304,0.8302974360329771,-0.3366925418376926,0.960729479789734,0.9767950177192688
177,2.951,0,NOSE,0.5546324934278222,0.4007836793150224,-0.3345245733147578,0.9999642372131348,0.999848484992981
177,2.951,1,LEFT_EYE_INNER,0.5644905169804896,0.3927129904429121,-0.3057819704214735,0.9998422861099244,0.999440610408783
177,2.951,2,LEFT_EYE,0.5686960050037935,0.39301698122705764,-0.30579099626768225,0.999841034412384,0.9994621872901917
177,2.951,3,LEFT_EYE_OUTER,0.5743478252774199,0.39337566069194285,-0.30567387030238224,0.9998228549957277,0.9994423985481262
177,2.951,4,RIGHT_EYE_INNER,0.5452264320282714,0.3921346110957013,-0.31071282852263704,0.9998551607131958,0.999438464641571
177,2.951,5,RIGHT_EYE,0.5371443799563822,0.3921620888369427,-0.31070593567121624,0.9998378753662108,0.999428927898407
177,2.951,6,RIGHT_EYE_OUTER,0.5306502722558526,0.39226545748256536,-0.31078508780116154,0.9998230934143066,0.9994181394577026
177,2.951,7,LEFT_EAR,0.5814790441876372,0.39873942023231906,-0.14546794763633192,0.9996020793914796,0.9995033740997314
177,2.951,8,RIGHT_EAR,0.5215360692569193,0.3978195247196019,-0.16417568638211216,0.9996086359024048,0.999515175819397
177,2.951,9,MOUTH_LEFT,0.5647107078915556,0.4123828609784448,-0.26900294706934996,0.9999102354049684,0.9998989105224608
177,2.951,10,MOUTH_RIGHT,0.541170560178303,0.4126748981929964,-0.27766075304576354,0.9999204277992249,0.9998996257781982
177,2.951,11,LEFT_SHOULDER,0.6304871808914917,0.4602480899719969,-0.05642291140698252,0.999951422214508,0.9999196529388428
177,2.951,12,RIGHT_SHOULDER,0.46619354827063464,0.4573113180342179,-0.07413851310099875,0.9999324083328248,0.9999746084213256
177,2.951,13,LEFT_ELBOW,0.6512433772995365,0.5231677208627978,-0.01176539456493973,0.9821077585220336,0.999834418296814
177,2.951,14,RIGHT_ELBOW,0.4252035007590343,0.5243686409223651,-0.02884169830386305,0.9656716585159302,0.999826967716217
177,2.951,15,LEFT_WRIST,0.6548758603277667,0.5806795415424171,-0.18365170771167405,0.987781286239624,0.9999144077301024
177,2.951,16,RIGHT_WRIST,0.4018491407235467,0.5840263905979344,-0.15635323524475106,0.9553470611572266,0.9992979764938354
177,2.951,17,LEFT_PINKY,0.6617031835374384,0.5997036440031875,-0.22967799220766358,0.9777951240539552,0.9998087286949158
177,2.951,18,RIGHT_PINKY,0.38964767541204215,0.6054376079922636,-0.19724369261946012,0.93018639087677,0.998879849910736
177,2.951,19,LEFT_INDEX,0.6503494608969922,0.5979232248805824,-0.282854443504697,0.9789812564849854,0.9998435974121094
177,2.951,20,RIGHT_INDEX,0.39696156694775575,0.6057752228918536,-0.25692470229807374,0.9348602294921876,0.9989416003227234
177,2.951,21,LEFT_THUMB,0.6440025142260966,0.5922409296035772,-0.20727389625140613,0.9728874564170836,0.999892234802246
177,2.951,22,RIGHT_THUMB,0.40609561403592465,0.6000357270240789,-0.18280034476802476,0.9282245635986328,0.9992986917495728
177,2.951,23,LEFT_HIP,0.588688370727358,0.5987752307029003,0.013559975506116921,0.9995272159576416,0.9997262358665466
177,2.951,24,RIGHT_HIP,0.4941997031370803,0.6003848371051612,-0.013509060522275324,0.9998792409896852,0.9999682903289796
177,2.951,25,LEFT_KNEE,0.5759281544458303,0.6891381655420583,0.20908727887130935,0.9759355187416076,0.9998722076416016
177,2.951,26,RIGHT_KNEE,0.489977917500905,0.6963128702981137,-0.19098310314473665,0.979137122631073,0.9999741315841676
177,2.951,27,LEFT_ANKLE,0.5609651803970341,0.7685121411368967,0.5332207168851585,0.9517416954040528,0.9994639754295348
177,2.951,28,RIGHT_ANKLE,0.48495018340292473,0.8029678180104218,-0.13778278630759047,0.9691272377967834,0.9995388984680176
177,2.951,29,LEFT_HEEL,0.5500800439289644,0.7800068543070846,0.5552459926832296,0.8054370284080505,0.999091863632202
177,2.951,30,RIGHT_HEEL,0.5014861467338748,0.8189054670788001,-0.14666342309543073,0.8065882325172424,0.99867045879364
177,2.951,31,LEFT_FOOT_INDEX,0.5776212243806753,0.796381558690753,0.4033610820770267,0.9497166275978088,0.9975348711013794
177,2.951,32,RIGHT_FOOT_INDEX,0.45328411885670294,0.8340434375263404,-0.38028778135776553,0.9624075889587402,0.992675244808197
178,2.967,0,NOSE,0.5521445870399481,0.40160632843063027,-0.34514046141079524,0.9999648928642272,0.9998348951339722
178,2.967,1,LEFT_EYE_INNER,0.5618420640627548,0.39348466481481315,-0.314778926826659,0.9998464584350586,0.9993851184844972
178,2.967,2,LEFT_EYE,0.5659804486093072,0.3937861862636751,-0.3147877596673514,0.9998450875282288,0.9994008541107178
178,2.967,3,LEFT_EYE_OUTER,0.5713195829164419,0.39413341170265603,-0.3146600382668634,0.9998262524604796,0.9993732571601868
178,2.967,4,RIGHT_EYE_INNER,0.5425090307281135,0.39298119005702825,-0.32029482012703325,0.9998608231544496,0.9994096755981444
178,2.967,5,RIGHT_EYE,0.5344498838697166,0.3930523608412065,-0.32029003046807814,0.9998443722724916,0.9994038343429564
178,2.967,6,RIGHT_EYE_OUTER,0.5280077883175446,0.39323816129139527,-0.32038401563962327,0.9998303055763244,0.9994111061096193
178,2.967,7,LEFT_EAR,0.5787794589996343,0.39935539024216826,-0.15121671983173926,0.9996032118797302,0.9994346499443054
178,2.967,8,RIGHT_EAR,0.5189263593582885,0.39895644500142086,-0.1725572787580037,0.9996219277381896,0.9995427131652832
178,2.967,9,MOUTH_LEFT,0.5626119290079394,0.41320736635298994,-0.2751229944683259,0.9999089241027832,0.9998794794082642
178,2.967,10,MOUTH_RIGHT,0.538907891228086,0.4136233074324476,-0.28499844954127385,0.99992173910141,0.9998886585235596
178,2.967,11,LEFT_SHOULDER,0.6301880422092625,0.46084593875067614,-0.054897879738183226,0.9999508857727052,0.9998829364776612
178,2.967,12,RIGHT_SHOULDER,0.46402448415756264,0.458642232985724,-0.081577323731922,0.9999374151229858,0.9999815225601196
178,2.967,13,LEFT_ELBOW,0.6511023300034666,0.5240454333169124,-0.0072410417654152105,0.9808047413825988,0.9997678399086
178,2.967,14,RIGHT_ELBOW,0.4230145542394551,0.5263494054476425,-0.0364325828074167,0.9660770893096924,0.9998323917388916
178,2.967,15,LEFT_WRIST,0.6549396571658912,0.5819251821154645,-0.1819788551046736,0.9871290326118468,0.9998772144317628
178,2.967,16,RIGHT_WRIST,0.400415971165612,0.5868677951040727,-0.16450554558209018,0.9553083181381226,0.999279797077179
178,2.967,17,LEFT_PINKY,0.6620178279422584,0.601201684702011,-0.22828684463387458,0.9766170978546144,0.9997511506080629
178,2.967,18,RIGHT_PINKY,0.3889309522651494,0.6083827189036783,-0.20645317577180422,0.9300415515899658,0.998909592628479
178,2.967,19,LEFT_INDEX,0.6504354675610866,0.5994833083379841,-0.2824771163009464,0.9779263138771056,0.9997937083244324
178,2.967,20,RIGHT_INDEX,0.396449317534765,0.6085544881366554,-0.2668921117271698,0.9348275065422058,0.9989562034606934
178,2.967,21,LEFT_THUMB,0.6440335597310753,0.5937447377613618,-0.20611916127659036,0.97150319814682,0.9998539686203004
178,2.967,22,RIGHT_THUMB,0.40525970572517067,0.6030897157532834,-0.19099329411983504,0.9277312755584716,0.9993029832839966
178,2.967,23,LEFT_HIP,0.588994769822984,0.6001698828878862,0.020826501372669372,0.9995214343070984,0.999611794948578
178,2.967,24,RIGHT_HIP,0.49439679157166294,0.6018525532313761,-0.020812391868925507,0.9998879432678224,0.9999709129333496
178,2.967,25,LEFT_KNEE,0.5764903965450474,0.6903301874796556,0.23615327477455159,0.9720062613487244,0.9997346997261048
178,2.967,26,RIGHT_KNEE,0.4899534497942248,0.6985618472099311,-0.22050393053463546,0.9798207879066468,0.9999693632125854
178,2.967,27,LEFT_ANKLE,0.5608608325322474,0.7690210683005204,0.604357752062026,0.942160189151764,0.99906986951828
178,2.967,28,RIGHT_ANKLE,0.4833034603368673,0.8073968575114303,-0.18146003623093893,0.9700939655303956,0.9994041919708252
178,2.967,29,LEFT_HEEL,0.5499667922655747,0.7801868376277749,0.6311854308559787,0.7934948205947876,0.9985939860343932
178,2.967,30,RIGHT_HEEL,0.4995242073422391,0.8242460205441436,-0.1918740755035765,0.7989963293075562,0.998258650302887
178,2.967,31,LEFT_FOOT_INDEX,0.5796854581151696,0.7967246572176623,0.4840469261010492,0.9421780109405518,0.9971250891685486
178,2.967,32,RIGHT_FOOT_INDEX,0.4546051181498032,0.8404706659771155,-0.43515997983160515,0.9626854062080384,0.9913142323493958
179,2.984,0,NOSE,0.5492837201981322,0.40237394259089554,-0.35318112089520437,0.9999663829803468,0.9998551607131958
179,2.984,1,LEFT_EYE_INNER,0.55889885482334,0.39420833332198046,-0.3215522184258418,0.999852418899536,0.9994229078292848
179,2.984,2,LEFT_EYE,0.5630236040978209,0.39451240783646024,-0.32156783484277307,0.999850869178772,0.999419927597046
179,2.984,3,LEFT_EYE_OUTER,0.5680238491012941,0.3948595538025814,-0.3214357892672224,0.9998315572738647,0.9993849992752076
179,2.984,4,RIGHT_EYE_INNER,0.5394453179268615,0.39378753446397363,-0.326381488924935,0.9998677968978882,0.9994916915893556
179,2.984,5,RIGHT_EYE,0.5314441238130847,0.3939211439518705,-0.3263788180691858,0.999852180480957,0.9994953870773317
179,2.984,6,RIGHT_EYE_OUTER,0.5250810100918729,0.3942129157838371,-0.32649102807045016,0.9998390078544616,0.9995216131210328
179,2.984,7,LEFT_EAR,0.5759012159847083,0.39996637474922947,-0.15153468577634727,0.9996118545532228,0.9994332194328308
179,2.984,8,RIGHT_EAR,0.5160414548147297,0.4001276308581946,-0.17305837713536776,0.9996377825737,0.9996616840362548
179,2.984,9,MOUTH_LEFT,0.560208536329724,0.41405114673432886,-0.279623607794444,0.9999109506607056,0.9998846054077148
179,2.984,10,MOUTH_RIGHT,0.5362753697804048,0.4145140477589202,-0.28883720295769855,0.9999248385429382,0.9999033212661744
179,2.984,11,LEFT_SHOULDER,0.6299055559294571,0.46163170962106653,-0.05280434269280659,0.9999511241912842,0.9998494386672974
179,2.984,12,RIGHT_SHOULDER,0.4616199504761473,0.4599671690236959,-0.08052354767209013,0.9999422430992126,0.99998676776886
179,2.984,13,LEFT_ELBOW,0.6509205386752179,0.525422939232418,-0.0035657349231076,0.9802537560462952,0.9996547698974608
179,2.984,14,RIGHT_ELBOW,0.4210273410592764,0.5281438685598833,-0.034666149389176136,0.9658960700035096,0.9998490810394288
179,2.984,15,LEFT_WRIST,0.6549175835791095,0.5836556695756464,-0.18431767182690767,0.9864927530288696,0.9998199343681335
179,2.984,16,RIGHT_WRIST,0.39910839143253546,0.589569182623001,-0.16424358245872323,0.95502769947052,0.999345600605011
179,2.984,17,LEFT_PINKY,0.6621966702597488,0.6032305927503683,-0.23154346219130936,0.9754043817520142,0.999672532081604
179,2.984,18,RIGHT_PINKY,0.3880827512059896,0.61106007155918,-0.20726300492173164,0.9292417764663696,0.9990623593330384
179,2.984,19,LEFT_INDEX,0.6505084037780768,0.6015025661105207,-0.28765203555425034,0.9768628478050232,0.999724805355072
179,2.984,20,RIGHT_INDEX,0.3957490523656213,0.6111233972367792,-0.2688889432521096,0.9342723488807678,0.9990872144699096
179,2.984,21,LEFT_THUMB,0.6440703386352182,0.5956737484250756,-0.20935970402899257,0.9699294567108154,0.9998034834861756
179,2.984,22,RIGHT_THUMB,0.4044341970057719,0.6057697392645343,-0.19121589405196066,0.9265071749687196,0.9993788003921508
179,2.984,23,LEFT_HIP,0.589246273040772,0.602127972103301,0.02374029079718244,0.9995233416557312,0.9996663331985474
179,2.984,24,RIGHT_HIP,0.49449269970258114,0.6039081840288076,-0.02375145280911099,0.9998971819877625,0.9999847412109376
179,2.984,25,LEFT_KNEE,0.5770833321980073,0.6916900333904091,0.25075386322679993,0.9702121019363404,0.999642014503479
179,2.984,26,RIGHT_KNEE,0.4898416045166201,0.7012866111028768,-0.21765718786489416,0.9809048771858216,0.9999783039093018
179,2.984,27,LEFT_ANKLE,0.5609653052829566,0.769797291074481,0.6472718687284567,0.9308260679244996,0.9990606904029846
179,2.984,28,RIGHT_ANKLE,0.4827316034407847,0.8113309457188568,-0.17085956320876183,0.9716439247131348,0.9996353387832642
179,2.984,29,LEFT_HEEL,0.5500122393880577,0.7804667069798431,0.6770762006441758,0.7768397331237793,0.9987516403198242
179,2.984,30,RIGHT_HEEL,0.49869708645911487,0.8278240930466432,-0.180506528843017,0.7957618236541748,0.9988901019096376
179,2.984,31,LEFT_FOOT_INDEX,0.5808194563502362,0.797833462556204,0.5299813066210071,0.9348242282867432,0.9978716373443604
179,2.984,32,RIGHT_FOOT_INDEX,0.4551487181867876,0.8465370933214831,-0.42659788330396053,0.9640007615089417,0.9936885237693788
180,3.001,0,NOSE,0.5462782922245213,0.40301954462414735,-0.3733169365496866,0.999966025352478,0.9997037053108216
180,3.001,1,LEFT_EYE_INNER,0.5559714550063729,0.3948322108813698,-0.3412846270061678,0.9998511672019958,0.9988749623298644
180,3.001,2,LEFT_EYE,0.560046309516544,0.39513946856771226,-0.3413147472199942,0.999849259853363,0.9988980293273926
180,3.001,3,LEFT_EYE_OUTER,0.5647882336661934,0.3954921322209498,-0.3411927577995122,0.9998283982276917,0.9988552331924438
180,3.001,4,RIGHT_EYE_INNER,0.5362021355401907,0.39452314660662724,-0.34523690882183283,0.9998687505722046,0.9989468455314636
180,3.001,5,RIGHT_EYE,0.5281357708431431,0.3947292055402486,-0.3452365724813373,0.9998534321784972,0.998953342437744
180,3.001,6,RIGHT_EYE_OUTER,0.5218897717339657,0.39511989128022007,-0.3453724611373178,0.9998408555984496,0.9989855885505676
180,3.001,7,LEFT_EAR,0.5730723000708086,0.40053862475213586,-0.161083989200138,0.9996014833450316,0.9989503026008606
180,3.001,8,RIGHT_EAR,0.5128269763219929,0.4012404524144676,-0.1852646363633021,0.9996355175971984,0.9992270469665528
180,3.001,9,MOUTH_LEFT,0.5577315432684767,0.41483262890861183,-0.29807273546854685,0.9999086260795592,0.9997997879981996
180,3.001,10,MOUTH_RIGHT,0.5334815042359493,0.4153410522710713,-0.3059483624639968,0.9999244213104248,0.9998155236244202
180,3.001,11,LEFT_SHOULDER,0.6294695053781787,0.46260129837762787,-0.05665192256371177,0.999947726726532,0.9997883439064026
180,3.001,12,RIGHT_SHOULDER,0.4588758973848256,0.4614391511394868,-0.0849814354663804,0.9999454021453856,0.9999711513519288
180,3.001,13,LEFT_ELBOW,0.6507105571883072,0.5271053172293167,-0.004924538112910682,0.979317307472229,0.9995571970939636
180,3.001,14,RIGHT_ELBOW,0.4189198896998455,0.5301040382612324,-0.03452155597153163,0.96585875749588,0.9997606873512268
180,3.001,15,LEFT_WRIST,0.6549724056607207,0.5858262010983064,-0.1903393169244132,0.9855090379714966,0.9997628331184388
180,3.001,16,RIGHT_WRIST,0.3979258054778693,0.5919578302474254,-0.16822119199094326,0.9539092183113098,0.9990400671958924
180,3.001,17,LEFT_PINKY,0.6624304510298236,0.6057641137213939,-0.23820675270898017,0.9736506938934326,0.999575674533844
180,3.001,18,RIGHT_PINKY,0.38724559119769536,0.613510634217944,-0.21232034833658325,0.9274100065231324,0.9986371397972108
180,3.001,19,LEFT_INDEX,0.6506529734248213,0.603930240585691,-0.2952160977181937,0.9752333164215088,0.999637007713318
180,3.001,20,RIGHT_INDEX,0.394854599521274,0.6135839195478536,-0.27435191614287263,0.9327387809753418,0.9986684322357178
180,3.001,21,LEFT_THUMB,0.6441922954150614,0.5980248763447722,-0.21578857586497371,0.967893123626709,0.999735414981842
180,3.001,22,RIGHT_THUMB,0.4035249451796218,0.6082280107906892,-0.19563582042853053,0.9246476292610168,0.999077320098877
180,3.001,23,LEFT_HIP,0.5895671532267621,0.6047186936650963,0.02197945783180847,0.9995076060295104,0.9995250701904296
180,3.001,24,RIGHT_HIP,0.49462456220672285,0.6065690744490856,-0.021995829595696362,0.9999032616615297,0.9999641180038452
180,3.001,25,LEFT_KNEE,0.5776500247773675,0.693930606047313,0.2543285105909622,0.9690226316452026,0.999713122844696
180,3.001,26,RIGHT_KNEE,0.4897590322153913,0.7041165374574214,-0.2062091359070371,0.9816360473632812,0.999964952468872
180,3.001,27,LEFT_ANKLE,0.56110296646754,0.7709787033853084,0.6800765054566527,0.9265356063842772,0.9991909861564636
180,3.001,28,RIGHT_ANKLE,0.4826348878088456,0.8144306994619831,-0.14331408998086348,0.972593367099762,0.9994542002677916
180,3.001,29,LEFT_HEEL,0.5500635987236391,0.7813649801980889,0.7131224586850127,0.7703260779380798,0.9988382458686828
180,3.001,30,RIGHT_HEEL,0.4987420610019143,0.8298284042449232,-0.15118318441368295,0.7929041385650635,0.99846088886261
180,3.001,31,LEFT_FOOT_INDEX,0.5801485833667579,0.7992018092246289,0.5663950627758394,0.9316155314445496,0.9976094961166382
180,3.001,32,RIGHT_FOOT_INDEX,0.4556131008125491,0.8514495179766708,-0.397692795310702,0.9645645022392272,0.9920265078544616
181,3.017,0,NOSE,0.5435153331075401,0.4035660312289287,-0.3958127101262414,0.999964475631714,0.9995929598808287
181,3.017,1,LEFT_EYE_INNER,0.553270782743182,0.3953706238951005,-0.36337930673644686,0.999845325946808,0.9985305070877076
181,3.017,2,LEFT_EYE,0.557356871309735,0.39568214047522804,-0.3634117912678495,0.9998431205749512,0.9985843896865844
181,3.017,3,LEFT_EYE_OUTER,0.5621838257426313,0.39604159763881175,-0.36328732257797636,0.9998202323913574,0.998548686504364
181,3.017,4,RIGHT_EYE_INNER,0.5332296746117733,0.39516472958383136,-0.3674034788495021,0.9998648166656494,0.9985490441322328
181,3.017,5,RIGHT_EYE,0.5250550622031807,0.3954263897169207,-0.3674073673429947,0.9998490810394288,0.9985387325286864
181,3.017,6,RIGHT_EYE_OUTER,0.5187365696543744,0.39587315207436,-0.36755183481034814,0.9998365044593812,0.9985480904579164
181,3.017,7,LEFT_EAR,0.5705847598257524,0.4011285886878062,-0.17398552667526984,0.9995805621147156,0.9987066984176636
181,3.017,8,RIGHT_EAR,0.509507712863741,0.40218968192736343,-0.19996515200251638,0.9996185898780824,0.9988375306129456
181,3.017,9,MOUTH_LEFT,0.5552429641996116,0.41551962778681834,-0.31894917289416025,0.9999047517776488,0.9997610449790956
181,3.017,10,MOUTH_RIGHT,0.5306986627124609,0.4160911313125069,-0.32679839077450007,0.9999223351478576,0.999756395816803
181,3.017,11,LEFT_SHOULDER,0.6288086119152256,0.46382142390523684,-0.06317066436722164,0.999945342540741,0.9998220801353456
181,3.017,12,RIGHT_SHOULDER,0.4559361366998586,0.46281862684658637,-0.09511860424564,0.999947726726532,0.9999607801437378
181,3.017,13,LEFT_ELBOW,0.6505002805164888,0.5292107320967179,-0.010025062537308548,0.9788087010383606,0.9996414184570312
181,3.017,14,RIGHT_ELBOW,0.416600890102841,0.531983355681102,-0.04179114413758117,0.9663456082344056,0.999750316143036
181,3.017,15,LEFT_WRIST,0.6551628027643481,0.5884680975051159,-0.19817917119889047,0.9852630496025084,0.9998302459716796
181,3.017,16,RIGHT_WRIST,0.39682141230219925,0.5941462800616315,-0.178725132629985,0.9534428119659424,0.9989829659461976
181,3.017,17,LEFT_PINKY,0.6627471305075152,0.6087070022310535,-0.24672815274624615,0.9731958508491516,0.9996743202209472
181,3.017,18,RIGHT_PINKY,0.3863289029825304,0.615851243336996,-0.22394416090987995,0.9265041947364808,0.9984979629516602
181,3.017,19,LEFT_INDEX,0.6508425672849025,0.6067978058542529,-0.30511150189808467,0.9747798442840576,0.9997149109840392
181,3.017,20,RIGHT_INDEX,0.39389348030090365,0.6160102685292568,-0.28578829055740745,0.9320341348648072,0.9985139966011048
181,3.017,21,LEFT_THUMB,0.6443962681861157,0.6008158155850007,-0.22434220072769,0.967422366142273,0.9997979998588562
181,3.017,22,RIGHT_THUMB,0.4026234064783373,0.6104174426623759,-0.20634285608927425,0.9239009022712708,0.9989733695983888
181,3.017,23,LEFT_HIP,0.5898876701082507,0.6072776686577576,0.02105022700769558,0.9994974732398988,0.9995332956314088
181,3.017,24,RIGHT_HIP,0.4946302785759885,0.6090100208918259,-0.02106340398036298,0.9999079704284668,0.9999516010284424
181,3.017,25,LEFT_KNEE,0.5780539626166938,0.6967800940786095,0.2543975029672897,0.9681495428085328,0.9997711777687072
181,3.017,26,RIGHT_KNEE,0.4897121744496486,0.7062410910924282,-0.18579396250702102,0.9823265671730042,0.9999593496322632
181,3.017,27,LEFT_ANKLE,0.5612088158017118,0.7720993757247933,0.7039025709742598,0.9255567193031312,0.9993088245391846
181,3.017,28,RIGHT_ANKLE,0.48270503112248053,0.815038979053498,-0.09682253482086323,0.9733700156211852,0.999409794807434
181,3.017,29,LEFT_HEEL,0.5502373547781086,0.782167335351309,0.7394462312970849,0.7696361541748047,0.9989894032478333
181,3.017,30,RIGHT_HEEL,0.49872304002443996,0.8281228996458516,-0.10167616250969119,0.7935512661933899,0.9984134435653688
181,3.017,31,LEFT_FOOT_INDEX,0.5794699930009394,0.8013628778003519,0.5905222779228579,0.9305518865585328,0.9977169036865234
181,3.017,32,RIGHT_FOOT_INDEX,0.45655670762062117,0.8529133200645453,-0.34730353525706736,0.9651692509651184,0.9918704032897948
182,3.034,0,NOSE,0.541074829442161,0.4040383753322423,-0.4286821413607828,0.9999635815620422,0.9995465874671936
182,3.034,1,LEFT_EYE_INNER,0.5507602975482038,0.39582822010630686,-0.3969238542375114,0.9998425841331482,0.9983023405075072
182,3.034,2,LEFT_EYE,0.5548954237075083,0.39613851762953295,-0.39695558803422143,0.9998396039009094,0.9983589053153992
182,3.034,3,LEFT_EYE_OUTER,0.5600635948635289,0.3964908435231167,-0.39683983723322586,0.999813973903656,0.9983208775520324
182,3.034,4,RIGHT_EYE_INNER,0.530532456579663,0.39573059763227225,-0.4014125622454148,0.999863624572754,0.9983874559402466
182,3.034,5,RIGHT_EYE,0.5223103392691844,0.39602149242446566,-0.40142196984518175,0.9998483657836914,0.9984110593795776
182,3.034,6,RIGHT_EYE_OUTER,0.5158131094205951,0.39647127475057364,-0.40155529975891147,0.999835729598999,0.9984347224235536
182,3.034,7,LEFT_EAR,0.5682199909573514,0.40167442673728615,-0.19882949051402876,0.9995655417442322,0.9984388947486876
182,3.034,8,RIGHT_EAR,0.5062803469953088,0.402917834974471,-0.22760977773439334,0.9996156096458436,0.9987955093383788
182,3.034,9,MOUTH_LEFT,0.5528101807548891,0.4160790471803578,-0.35241516005425255,0.9999043941497804,0.9997034668922424
182,3.034,10,MOUTH_RIGHT,0.5281151760192149,0.4167729417483016,-0.3605148011729834,0.9999234080314636,0.999725878238678
182,3.034,11,LEFT_SHOULDER,0.6276087931224283,0.4651065369447076,-0.07450141988339878,0.9999441504478456,0.9997926354408264
182,3.034,12,RIGHT_SHOULDER,0.4527217433566143,0.4641402349585583,-0.11506362223909018,0.9999507069587708,0.9999687671661376
182,3.034,13,LEFT_ELBOW,0.650286217530569,0.5314848763602125,-0.013126866548277747,0.9786251783370972,0.9996365308761596
182,3.034,14,RIGHT_ELBOW,0.41411922517276983,0.5338550806045537,-0.05704713328963233,0.9676246047019958,0.9997865557670592
182,3.034,15,LEFT_WRIST,0.6553217655136478,0.5908666707220538,-0.20585633388587427,0.9847731590270996,0.9997424483299256
182,3.034,16,RIGHT_WRIST,0.3957802156607313,0.5960340386345279,-0.1972157231398992,0.9539519548416138,0.999072790145874
182,3.034,17,LEFT_PINKY,0.66308571611132,0.6113551400956659,-0.25528687664440725,0.9721332788467408,0.9995495676994324
182,3.034,18,RIGHT_PINKY,0.3854157796927864,0.6180131804375427,-0.24352527445270916,0.926691472530365,0.998722493648529
182,3.034,19,LEFT_INDEX,0.6510735977263684,0.6094959491775155,-0.3163646374429978,0.9737929701805116,0.9995875954627992
182,3.034,20,RIGHT_INDEX,0.39289226418449796,0.6182295509747102,-0.30532267973536564,0.9324776530265808,0.998710870742798
182,3.034,21,LEFT_THUMB,0.6446107711110802,0.6034220598992853,-0.23323322548752756,0.9663821458816528,0.999698519706726
182,3.034,22,RIGHT_THUMB,0.40172431156748856,0.6124173856916888,-0.2248754494246984,0.9242308735847472,0.9991044402122498
182,3.034,23,LEFT_HIP,0.5899486853962859,0.6089735996155516,0.022675708645866016,0.9995044469833374,0.9995504021644592
182,3.034,24,RIGHT_HIP,0.4941510515553615,0.6105314294497177,-0.02269548905037696,0.9999139308929444,0.9999579191207886
182,3.034,25,LEFT_KNEE,0.5782108533950084,0.6996936173666097,0.2579759770915624,0.9685642123222352,0.9997493624687196
182,3.034,26,RIGHT_KNEE,0.4896638946873806,0.7075506590661556,-0.16549557802223036,0.9833869338035583,0.9999548196792604
182,3.034,27,LEFT_ANKLE,0.5610045137859532,0.7725312880107342,0.7309596425011051,0.9248236417770386,0.999138355255127
182,3.034,28,RIGHT_ANKLE,0.4828866933073321,0.8148422666958408,-0.05984023033219965,0.9743802547454834,0.9992807507514954
182,3.034,29,LEFT_HEEL,0.5500596477871854,0.7826159312611543,0.7690318709328068,0.7711645364761353,0.9988272786140442
182,3.034,30,RIGHT_HEEL,0.4985055809929262,0.8255470934368323,-0.06261192763312941,0.7951566576957703,0.9981739521026612
182,3.034,31,LEFT_FOOT_INDEX,0.5789395343689696,0.8032804954619642,0.6215108973639358,0.9298425316810608,0.99760901927948
182,3.034,32,RIGHT_FOOT_INDEX,0.4578908327079959,0.853821692012606,-0.30703006046158954,0.9660540819168092,0.9899080991744996
183,3.051,0,NOSE,0.5382663721130012,0.40447384970528777,-0.456672181685766,0.9999635815620422,0.9996028542518616
183,3.051,1,LEFT_EYE_INNER,0.5480460978689653,0.3962684174378716,-0.42493124802907345,0.999843418598175,0.9985322952270508
183,3.051,2,LEFT_EYE,0.5521816469374162,0.39657973391669177,-0.42496694695381926,0.9998401403427124,0.998590052127838
183,3.051,3,LEFT_EYE_OUTER,0.5575939643950695,0.3969288752192546,-0.4248610962004893,0.99981290102005,0.9985721111297609
183,3.051,4,RIGHT_EYE_INNER,0.5275745249929887,0.3962327114173348,-0.42969034966968395,0.9998645186424256,0.9985816478729248
183,3.051,5,RIGHT_EYE,0.5192876855532333,0.39653160032771917,-0.4296983863626211,0.9998498558998108,0.9985926747322084
183,3.051,6,RIGHT_EYE_OUTER,0.5127022408303765,0.39696701793443623,-0.4298265122231987,0.9998371601104736,0.998607099056244
183,3.051,7,LEFT_EAR,0.5657420073236743,0.4021893725508739,-0.22376967469851194,0.9995614290237428,0.998671054840088
183,3.051,8,RIGHT_EAR,0.5029683127289731,0.4034997295765653,-0.2533959717977617,0.9996166229248048,0.9989193677902222
183,3.051,9,MOUTH_LEFT,0.5500099971180876,0.41661177930377813,-0.38048381322906166,0.9999053478240968,0.999728262424469
183,3.051,10,MOUTH_RIGHT,0.5251246265002665,0.4173914775961925,-0.38870284387043574,0.9999249577522278,0.9997407793998718
183,3.051,11,LEFT_SHOULDER,0.6259127174104968,0.46627386978694413,-0.0866666226869538,0.999943196773529,0.9997826218605042
183,3.051,12,RIGHT_SHOULDER,0.44939760083243996,0.4653920162291758,-0.13370596085275926,0.9999531507492064,0.9999650716781616
183,3.051,13,LEFT_ELBOW,0.6500126435643157,0.5341076027779357,-0.0197901113313578,0.978493630886078,0.9996188879013062
183,3.051,14,RIGHT_ELBOW,0.411544291746049,0.5355178713798527,-0.07153872737572306,0.9687788486480712,0.9997830986976624
183,3.051,15,LEFT_WRIST,0.6554363880838672,0.5934804110299978,-0.2242183124735244,0.9843641519546508,0.9997562766075134
183,3.051,16,RIGHT_WRIST,0.3944795685155054,0.5982695619265244,-0.2177502690326601,0.9546058177947998,0.9991748929023744
183,3.051,17,LEFT_PINKY,0.6633623526209883,0.6140639952250895,-0.27608109655834406,0.971249222755432,0.99956876039505
183,3.051,18,RIGHT_PINKY,0.3843051209336239,0.6201814526603341,-0.26577045378230885,0.9270954132080078,0.9988607168197632
183,3.051,19,LEFT_INDEX,0.6513488491376247,0.6123529530706865,-0.3394627329849064,0.9729849696159364,0.9996108412742616
183,3.051,20,RIGHT_INDEX,0.39185743104843906,0.6203433956418725,-0.327256113290787,0.9330992102622986,0.9988667964935304
183,3.051,21,LEFT_THUMB,0.6448471971920564,0.6064057633990338,-0.25280188520749436,0.9655166268348694,0.9997164607048036
183,3.051,22,RIGHT_THUMB,0.40081319212913546,0.6146786014238999,-0.2453778740905582,0.9247090220451356,0.9992019534111024
183,3.051,23,LEFT_HIP,0.5898498069672363,0.6104144652684536,0.024898624579821303,0.9995168447494508,0.9996097683906556
183,3.051,24,RIGHT_HIP,0.4932563858372829,0.6118922489030026,-0.02493870648599804,0.9999195337295532,0.9999630451202391
183,3.051,25,LEFT_KNEE,0.5781722125552955,0.7026688456535346,0.2686250351724173,0.969163179397583,0.9997687935829164
183,3.051,26,RIGHT_KNEE,0.4896312114738287,0.7092132114228755,-0.16108134388923656,0.9843775033950806,0.999958038330078
183,3.051,27,LEFT_ANKLE,0.5606347067015516,0.7719793490001141,0.7962536386081158,0.9251603484153748,0.9993614554405212
183,3.051,28,RIGHT_ANKLE,0.48302456310817216,0.8153664384569448,-0.042010659925706136,0.9755415320396424,0.9994814991950988
183,3.051,29,LEFT_HEEL,0.5497023747080854,0.7813797110602976,0.8398996392885851,0.7741835117340088,0.9991468191146852
183,3.051,30,RIGHT_HEEL,0.4983402306125282,0.8242611459323346,-0.04309945422712534,0.7982604503631592,0.9987194538116456
183,3.051,31,LEFT_FOOT_INDEX,0.5779358063425342,0.8037039268584486,0.6950773767062602,0.9301548600196838,0.9982417821884156
183,3.051,32,RIGHT_FOOT_INDEX,0.46037116079103424,0.8562818879172923,-0.2907897517794657,0.967233180999756,0.9928032755851746
184,3.067,0,NOSE,0.5349592112359551,0.4048299221765431,-0.4817532939570295,0.9999644160270692,0.999591052532196
184,3.067,1,LEFT_EYE_INNER,0.5450198423294799,0.39656304887362925,-0.4500923355420434,0.9998480677604676,0.9984617233276368
184,3.067,2,LEFT_EYE,0.549186908063435,0.3968782240436194,-0.4501288533210759,0.9998444318771362,0.9985101819038392
184,3.067,3,LEFT_EYE_OUTER,0.5545281767845158,0.3972272021429883,-0.4500327834061218,0.9998167157173156,0.9984857439994812
184,3.067,4,RIGHT_EYE_INNER,0.5242204212007073,0.3965651265212471,-0.4544208844502771,0.9998684525489808,0.99852055311203
184,3.067,5,RIGHT_EYE,0.5159351967629937,0.3968669218676434,-0.45442757152375757,0.9998543858528136,0.9985215067863464
184,3.067,6,RIGHT_EYE_OUTER,0.5094313990502135,0.3972906441915606,-0.4545579297201979,0.999841809272766,0.9985352754592896
184,3.067,7,LEFT_EAR,0.5628547526541215,0.4025860230127974,-0.24813709514481702,0.9995731115341188,0.998583436012268
184,3.067,8,RIGHT_EAR,0.49961025516192165,0.4039551700864523,-0.27573422590891544,0.9996271133422852,0.9988634586334229
184,3.067,9,MOUTH_LEFT,0.5469078762190688,0.4170332040105551,-0.4054581480366847,0.9999095797538756,0.9997310042381288
184,3.067,10,MOUTH_RIGHT,0.5218221233004621,0.4178728305158164,-0.413015791348049,0.999928653240204,0.9997438788414
184,3.067,11,LEFT_SHOULDER,0.6235234396798275,0.46723333994547567,-0.10737861586468567,0.9999445676803588,0.999823272228241
184,3.067,12,RIGHT_SHOULDER,0.4458188755171643,0.4666369784445994,-0.14814244991257086,0.999955952167511,0.9999662637710572
184,3.067,13,LEFT_ELBOW,0.6496952999205823,0.5366767446200058,-0.03478164749131315,0.9793647527694702,0.9996590614318848
184,3.067,14,RIGHT_ELBOW,0.40887285272280405,0.5371093863532662,-0.08185162962902162,0.969972550868988,0.9997617602348328
184,3.067,15,LEFT_WRIST,0.6556525485856198,0.5962201697485793,-0.24586548691704183,0.9848060607910156,0.9997643828392028
184,3.067,16,RIGHT_WRIST,0.3929964942591534,0.6004936070669271,-0.23261273403962468,0.955939531326294,0.999061644077301
184,3.067,17,LEFT_PINKY,0.6637456757681717,0.6166746729896188,-0.2989783045791447,0.9717960953712464,0.9995622038841248
184,3.067,18,RIGHT_PINKY,0.3830783168474836,0.6221943582807274,-0.2815062999725344,0.928642213344574,0.9987213015556335
184,3.067,19,LEFT_INDEX,0.6518952534312299,0.6152171889940903,-0.36324681980269324,0.9735255837440492,0.9996102452278136
184,3.067,20,RIGHT_INDEX,0.39070596723329487,0.6223100508962365,-0.34287449291774236,0.934779942035675,0.998729169368744
184,3.067,21,LEFT_THUMB,0.645306581542606,0.609555065631867,-0.2748650234370007,0.966233491897583,0.9997263550758362
184,3.067,22,RIGHT_THUMB,0.3997179411706474,0.6168937541189654,-0.26023772004104817,0.9263647198677064,0.9991191029548644
184,3.067,23,LEFT_HIP,0.5896663609005162,0.6118308163824542,0.02513493783771991,0.9995302557945251,0.9995013475418092
184,3.067,24,RIGHT_HIP,0.4918931495575682,0.6134193511236288,-0.02518884207875953,0.9999247193336488,0.9999514818191528
184,3.067,25,LEFT_KNEE,0.5780973065467113,0.7053562942005345,0.27051565334910466,0.9695494771003724,0.9995967745780944
184,3.067,26,RIGHT_KNEE,0.4895510744480864,0.7114657475834808,-0.15750733230795189,0.9852668046951294,0.999929666519165
184,3.067,27,LEFT_ANKLE,0.5599846896671119,0.771412216481709,0.8213275302024122,0.9225863218307496,0.9987937211990356
184,3.067,28,RIGHT_ANKLE,0.4831900128296448,0.8169231443178093,-0.024576033593066732,0.9763416647911072,0.999086618423462
184,3.067,29,LEFT_HEEL,0.5491014208112449,0.7796587716965455,0.8682740784826741,0.7744092345237732,0.9984511137008668
184,3.067,30,RIGHT_HEEL,0.49830375682740025,0.8251750809805741,-0.024308282837626483,0.8003538250923157,0.9977394342422484
184,3.067,31,LEFT_FOOT_INDEX,0.5747805549984891,0.8046763766379591,0.7237846681049898,0.928385615348816,0.9971415400505066
184,3.067,32,RIGHT_FOOT_INDEX,0.463015579041981,0.8594735690525608,-0.2736754367748898,0.9678536057472228,0.9876333475112916
185,3.084,0,NOSE,0.5314363610176818,0.4050262428465347,-0.4995083113511408,0.999964952468872,0.9995749592781068
185,3.084,1,LEFT_EYE_INNER,0.5418070128985819,0.3967148221674423,-0.4683852635678795,0.9998503923416138,0.9984097480773926
185,3.084,2,LEFT_EYE,0.5460469694364644,0.3970326979955041,-0.4684195433344164,0.9998468160629272,0.998480498790741
185,3.084,3,LEFT_EYE_OUTER,0.5512852640379048,0.39738434978893866,-0.46832691487811895,0.9998180866241456,0.998464822769165
185,3.084,4,RIGHT_EYE_INNER,0.5207374606813708,0.39672124527749597,-0.4715425428890051,0.9998697638511658,0.9984161853790284
185,3.084,5,RIGHT_EYE,0.5124460799353467,0.39702407093275194,-0.4715490454719184,0.9998562932014464,0.9984128475189208
185,3.084,6,RIGHT_EYE_OUTER,0.5060056306066971,0.39744499751499757,-0.4716809434550153,0.9998433589935304,0.9984135627746582
185,3.084,7,LEFT_EAR,0.5598327631042121,0.4028257670856661,-0.2676742282651722,0.999579906463623,0.998593270778656
185,3.084,8,RIGHT_EAR,0.49629598714056505,0.40423597892125485,-0.28982617670581484,0.999628484249115,0.9987717270851136
185,3.084,9,MOUTH_LEFT,0.5435479453631815,0.41727909729594315,-0.4234884636742732,0.9999126195907592,0.9997320771217346
185,3.084,10,MOUTH_RIGHT,0.5183137626875018,0.418105278696333,-0.429508297216325,0.9999312162399292,0.9997270703315736
185,3.084,11,LEFT_SHOULDER,0.6206195751825974,0.4677908278646927,-0.13184050328674782,0.99994558095932,0.9998039603233336
185,3.084,12,RIGHT_SHOULDER,0.44255847732226095,0.4675919214884445,-0.15483849956875767,0.9999581575393676,0.9999604225158693
185,3.084,13,LEFT_ELBOW,0.6491010728336521,0.5385743606658213,-0.053885791007251965,0.9802104830741882,0.9995999932289124
185,3.084,14,RIGHT_ELBOW,0.4068063227903278,0.5382666218848461,-0.08504679089500793,0.9713001251220704,0.999750554561615
185,3.084,15,LEFT_WRIST,0.6559737126032518,0.5985727423713326,-0.2679936956791653,0.9852979779243468,0.9997598528862
185,3.084,16,RIGHT_WRIST,0.3914729370957333,0.6024307409922287,-0.2385425191550029,0.9573262333869934,0.9990344047546388
185,3.084,17,LEFT_PINKY,0.6642337583360224,0.6189657506488624,-0.3215413164524808,0.9725816249847412,0.9995611310005188
185,3.084,18,RIGHT_PINKY,0.3815877139568332,0.6239958519027353,-0.28747180530003164,0.930140256881714,0.9986490607261658
185,3.084,19,LEFT_INDEX,0.6526439416976209,0.6177531225340713,-0.3865601846149993,0.9742715358734132,0.9996010661125184
185,3.084,20,RIGHT_INDEX,0.3891648848851525,0.6241084564299817,-0.34950711897441356,0.9364784955978394,0.998651921749115
185,3.084,21,LEFT_THUMB,0.645954018547422,0.6123133273351766,-0.29715381917499384,0.9671849012374878,0.999716341495514
185,3.084,22,RIGHT_THUMB,0.398447148856663,0.6188249701545357,-0.2665810982386274,0.9283087253570556,0.9990471005439758
185,3.084,23,LEFT_HIP,0.5891973574956264,0.612990592207228,0.023901851670373037,0.999543845653534,0.9995321035385132
185,3.084,24,RIGHT_HIP,0.4899716916538424,0.6148595753170201,-0.02396685976002896,0.9999294877052308,0.999951958656311
185,3.084,25,LEFT_KNEE,0.5780162612597153,0.7071018247377312,0.2646390157086511,0.970550298690796,0.9996380805969238
185,3.084,26,RIGHT_KNEE,0.4892206461656666,0.7136123606136873,-0.15008238170828148,0.98604154586792,0.9999287128448486
185,3.084,27,LEFT_ANKLE,0.5593832929929103,0.7709647417068488,0.8154999443462925,0.921928644180298,0.9985816478729248
185,3.084,28,RIGHT_ANKLE,0.4832844790958227,0.8188565685635529,-0.0033723380322390785,0.9768036603927612,0.99882835149765
185,3.084,29,LEFT_HEEL,0.5486915111541754,0.7775889691852396,0.8634062210718798,0.7752807140350342,0.99817156791687
185,3.084,30,RIGHT_HEEL,0.49816848124776614,0.8269473399434778,-0.0018661164323843917,0.8007861971855164,0.997143805027008
185,3.084,31,LEFT_FOOT_INDEX,0.5708782928330562,0.805646689165207,0.7159136987867816,0.927943766117096,0.9966975450515748
185,3.084,32,RIGHT_FOOT_INDEX,0.4650818010171259,0.8609878931726735,-0.2501723141897294,0.9681652188301086,0.9846712946891784
186,3.101,0,NOSE,0.5278396464529497,0.4051776826381687,-0.5096696785518106,0.9999646544456482,0.9995050430297852
186,3.101,1,LEFT_EYE_INNER,0.5386070183345255,0.3968422299339661,-0.47945868827047844,0.999847948551178,0.9981725215911864
186,3.101,2,LEFT_EYE,0.542935553051177,0.397162850414004,-0.4794913984480363,0.9998433589935304,0.9981995820999146
186,3.101,3,LEFT_EYE_OUTER,0.5479437737237844,0.3975213326158981,-0.479401711906706,0.9998126029968262,0.9981343150138856
186,3.101,4,RIGHT_EYE_INNER,0.5171418019703461,0.3968457636379064,-0.4818272391955062,0.9998675584793092,0.9982852339744568
186,3.101,5,RIGHT_EYE,0.5088204968543284,0.39715077479680416,-0.4818341263702942,0.9998538494110109,0.9982861876487732
186,3.101,6,RIGHT_EYE_OUTER,0.5024283386412125,0.3975758410635452,-0.4819642731121613,0.9998411536216736,0.9982940554618835
186,3.101,7,LEFT_EAR,0.5568504163197114,0.40298088675453586,-0.28178061048189823,0.9995784759521484,0.9981681108474731
186,3.101,8,RIGHT_EAR,0.4930022571768084,0.40444387282644034,-0.3002333541711174,0.9996163249015808,0.9985830783843994
186,3.101,9,MOUTH_LEFT,0.5401573096002856,0.4174588109765738,-0.43465516964594564,0.9999133348464966,0.999645471572876
186,3.101,10,MOUTH_RIGHT,0.5147293692543398,0.418272796131316,-0.4396150651432223,0.9999317526817322,0.999658465385437
186,3.101,11,LEFT_SHOULDER,0.6176185040246878,0.46803249773525096,-0.15176938651573102,0.9999441504478456,0.999737560749054
186,3.101,12,RIGHT_SHOULDER,0.43966221667471417,0.46824001698266937,-0.1606304283652988,0.9999588131904602,0.9999465942382812
186,3.101,13,LEFT_ELBOW,0.6479375021798276,0.5397812695730305,-0.07002364640079795,0.9808696508407592,0.9995089769363404
186,3.101,14,RIGHT_ELBOW,0.40510048043160246,0.5392472034408937,-0.08660503157547544,0.9715415835380554,0.9997090697288512
186,3.101,15,LEFT_WRIST,0.6562301573299232,0.6006774419829964,-0.28013535198711237,0.985418975353241,0.9996291399002076
186,3.101,16,RIGHT_WRIST,0.3901069760322574,0.6040853602545608,-0.24074612345014318,0.9573895335197448,0.9988759160041808
186,3.101,17,LEFT_PINKY,0.6646651937848052,0.6210652504648486,-0.33267397539956256,0.9725707173347472,0.9993183612823486
186,3.101,18,RIGHT_PINKY,0.3801104057402841,0.6256167860258199,-0.2889496371859598,0.9298070669174194,0.9984111785888672
186,3.101,19,LEFT_INDEX,0.6533412592751645,0.6200566745939715,-0.39696832781746305,0.9742732644081116,0.9993792772293092
186,3.101,20,RIGHT_INDEX,0.3877999910286498,0.6257293167568394,-0.35107165433111676,0.9363820552825928,0.9984176158905028
186,3.101,21,LEFT_THUMB,0.6465506752332058,0.6148529648780827,-0.30867180370149183,0.967289924621582,0.9995643496513368
186,3.101,22,RIGHT_THUMB,0.3973584019002464,0.620553714888437,-0.2689565533683416,0.9282504320144652,0.9988712668418884
186,3.101,23,LEFT_HIP,0.5881736619131911,0.614484295958565,0.02058247195201967,0.999539077281952,0.999492883682251
186,3.101,24,RIGHT_HIP,0.4875349317278185,0.61664876199904,-0.020648557271453573,0.9999316930770874,0.9999500513076782
186,3.101,25,LEFT_KNEE,0.5777393409184053,0.7084147901762106,0.2613002047652292,0.9706767201423644,0.9994841814041138
186,3.101,26,RIGHT_KNEE,0.4881656283424018,0.715815927301135,-0.13716994829121099,0.9864552021026612,0.9999184608459472
186,3.101,27,LEFT_ANKLE,0.5591206578981314,0.7705350064096004,0.7977382796151304,0.9184366464614868,0.998630702495575
186,3.101,28,RIGHT_ANKLE,0.4835624254885178,0.8201865979603367,0.021753948098713772,0.977203369140625,0.9991061091423036
186,3.101,29,LEFT_HEEL,0.5486219724019373,0.7761460088548213,0.8451326631364375,0.7696974873542786,0.9983327984809875
186,3.101,30,RIGHT_HEEL,0.49838745877856344,0.8286728802181433,0.024396937030057082,0.8036465048789978,0.997870683670044
186,3.101,31,LEFT_FOOT_INDEX,0.5674677491188055,0.8064609453791671,0.695897729623886,0.925312042236328,0.9967061877250672
186,3.101,32,RIGHT_FOOT_INDEX,0.46633954984801196,0.8613472467377081,-0.22229544747443444,0.9682980179786682,0.9877088069915771
187,3.117,0,NOSE,0.5244766133172176,0.4053343293212712,-0.5025762787887033,0.9999648928642272,0.999571979045868
187,3.117,1,LEFT_EYE_INNER,0.5355884773390638,0.3968884277911417,-0.47339381348519144,0.999847948551178,0.998414158821106
187,3.117,2,LEFT_EYE,0.5400491016251705,0.3972041819776811,-0.47342657900991936,0.9998430013656616,0.9984832406044006
187,3.117,3,LEFT_EYE_OUTER,0.5449191785994035,0.3975623576414021,-0.47334285719054126,0.9998116493225098,0.9984594583511353
187,3.117,4,RIGHT_EYE_INNER,0.5137690305709843,0.3968849622067955,-0.4752150206338796,0.999866783618927,0.9983854293823242
187,3.117,5,RIGHT_EYE,0.5053746615137378,0.3971890580086484,-0.4752237527143392,0.9998526573181152,0.9983383417129515
187,3.117,6,RIGHT_EYE_OUTER,0.4989534559704013,0.39761153147334183,-0.47535207725706596,0.9998396635055542,0.9982908368110656
187,3.117,7,LEFT_EAR,0.5540918253716973,0.4030501757349291,-0.28091988535154455,0.9995813369750975,0.9984694123268129
187,3.117,8,RIGHT_EAR,0.4898552951358618,0.40450766398793214,-0.29675795776503455,0.999603033065796,0.9984775185585022
187,3.117,9,MOUTH_LEFT,0.5368679165840153,0.4176304439703627,-0.42932515059198695,0.999914526939392,0.9996892213821412
187,3.117,10,MOUTH_RIGHT,0.5114681380135677,0.41847406682514043,-0.43353526649021,0.9999319911003112,0.9996622800827026
187,3.117,11,LEFT_SHOULDER,0.6147935390472417,0.4682156968684428,-0.158772267046429,0.9999438524246216,0.9998010993003844
187,3.117,12,RIGHT_SHOULDER,0.43715857749893583,0.4685612079643072,-0.15830305644444065,0.9999592304229736,0.9999370574951172
187,3.117,13,LEFT_ELBOW,0.6463386955715367,0.5405347290493199,-0.07860028974357108,0.981720209121704,0.9996533393859864
187,3.117,14,RIGHT_ELBOW,0.4034749652658194,0.5399545487903418,-0.08283622491927377,0.971430480480194,0.9997113347053528
187,3.117,15,LEFT_WRIST,0.6565082073211675,0.6025213939802992,-0.2779419791130795,0.98584645986557,0.9997292160987854
187,3.117,16,RIGHT_WRIST,0.38909123483158325,0.604884564876557,-0.23593650403476918,0.9570551514625548,0.9988012313842772
187,3.117,17,LEFT_PINKY,0.6650507563636423,0.6229810260591059,-0.3283419311046603,0.9730749726295472,0.9994704127311708
187,3.117,18,RIGHT_PINKY,0.3788293997446699,0.6267143289248154,-0.2827998300393425,0.9290122985839844,0.9983373880386353
187,3.117,19,LEFT_INDEX,0.6540200199399682,0.6221242263203581,-0.39092063194229526,0.974778413772583,0.9995157718658448
187,3.117,20,RIGHT_INDEX,0.38695332266035565,0.6268184071495425,-0.34408705575125587,0.935937762260437,0.9983003735542296
187,3.117,21,LEFT_THUMB,0.6471577655701416,0.6170084448087789,-0.3055261827650527,0.9679998755455016,0.9996639490127563
187,3.117,22,RIGHT_THUMB,0.3967334287507197,0.6213812317167016,-0.26388056363378276,0.9278119206428528,0.9987801909446716
187,3.117,23,LEFT_HIP,0.586311328978766,0.6161683059874041,0.013511291616374512,0.9995369911193848,0.9995296001434326
187,3.117,24,RIGHT_HIP,0.48489434236571943,0.6183294739042016,-0.013559981471016287,0.999933898448944,0.9999423027038574
187,3.117,25,LEFT_KNEE,0.5764330852599376,0.7098156327293039,0.22977985796474293,0.9706697463989258,0.9995123147964478
187,3.117,26,RIGHT_KNEE,0.4861310550144744,0.7173742510023577,-0.12684749102308646,0.9867211580276488,0.9999003410339355
187,3.117,27,LEFT_ANKLE,0.5587770484742669,0.7703902976853514,0.7354651348931456,0.9159517884254456,0.998160183429718
187,3.117,28,RIGHT_ANKLE,0.484035208111718,0.8214691082636523,0.0443156968741234,0.9770739078521729,0.998741328716278
187,3.117,29,LEFT_HEEL,0.5488855072430208,0.7757464845975247,0.7762439733459843,0.7667095065116882,0.9976945519447328
187,3.117,30,RIGHT_HEEL,0.4991568199225839,0.8305970515523646,0.04797434050678496,0.8029000759124756,0.9969850182533264
187,3.117,31,LEFT_FOOT_INDEX,0.5644231892767412,0.8076119394529442,0.6224556451752079,0.923209309577942,0.9956910014152528
187,3.117,32,RIGHT_FOOT_INDEX,0.46621634846641946,0.8618108403115055,-0.19382800445670187,0.9676817655563354,0.9839544296264648
188,3.134,0,NOSE,0.5217407516070779,0.40546529349826665,-0.4915778821422945,0.9999632239341736,0.9992606043815612
188,3.134,1,LEFT_EYE_INNER,0.5329791789963136,0.3968306623754051,-0.4628110911164969,0.9998391270637512,0.9972569346427916
188,3.134,2,LEFT_EYE,0.5375837939126156,0.39714419841766396,-0.4628475308418278,0.9998332858085632,0.9972612857818604
188,3.134,3,LEFT_EYE_OUTER,0.5422933953148983,0.39749292390687163,-0.46277054434730935,0.9997994899749756,0.9971144199371338
188,3.134,4,RIGHT_EYE_INNER,0.5109348609333951,0.3968309518836797,-0.4645969115552452,0.9998595118522644,0.9975072741508484
188,3.134,5,RIGHT_EYE,0.5024587185609913,0.39713149979001033,-0.46460301535470194,0.999844491481781,0.9975261092185974
188,3.134,6,RIGHT_EYE_OUTER,0.4959949425288614,0.3975365942432771,-0.4647320523148496,0.9998315572738647,0.9975512623786926
188,3.134,7,LEFT_EAR,0.5516554344268076,0.4030182602859682,-0.2728336822418942,0.9995700716972352,0.9970861077308656
188,3.134,8,RIGHT_EAR,0.48701966092700094,0.40442926968847037,-0.28869011288597496,0.9995835423469543,0.997998058795929
188,3.134,9,MOUTH_LEFT,0.5341384268942337,0.4177692064217162,-0.4190051456292474,0.9999112486839294,0.9994581341743468
188,3.134,10,MOUTH_RIGHT,0.508957215717861,0.41866211096445755,-0.4232268021220256,0.9999285340309144,0.9994896650314332
188,3.134,11,LEFT_SHOULDER,0.6123048294158215,0.4682338592552008,-0.15536412596702587,0.999939739704132,0.99956613779068
188,3.134,12,RIGHT_SHOULDER,0.43480742545354967,0.46856058495385344,-0.15366244670890633,0.9999583959579468,0.999903917312622
188,3.134,13,LEFT_ELBOW,0.6443568808691849,0.5406549005281363,-0.07313083502508348,0.982123076915741,0.9991084933280944
188,3.134,14,RIGHT_ELBOW,0.4019398831185844,0.5406032857440772,-0.07861261885790599,0.9707362651824952,0.9995279312133788
188,3.134,15,LEFT_WRIST,0.6568008916718624,0.6034850137574338,-0.26473591512157824,0.985929310321808,0.999341070652008
188,3.134,16,RIGHT_WRIST,0.3881509119556067,0.6052544798169823,-0.23086079174564017,0.9567328095436096,0.9983685612678528
188,3.134,17,LEFT_PINKY,0.6654570159457984,0.624209860960643,-0.31367057703790235,0.9733018279075624,0.998731791973114
188,3.134,18,RIGHT_PINKY,0.37757092288562266,0.6275633545148946,-0.2768093957787471,0.9284629821777344,0.9974868297576904
188,3.134,19,LEFT_INDEX,0.6546280866577519,0.6234443159330465,-0.37636737596421055,0.9749709963798524,0.9988640546798706
188,3.134,20,RIGHT_INDEX,0.38642421790531734,0.627586674122584,-0.3378040166128252,0.9355839490890504,0.997567653656006
188,3.134,21,LEFT_THUMB,0.6476439067295625,0.6182230540684297,-0.29200861993290156,0.9683609008789062,0.9992189407348632
188,3.134,22,RIGHT_THUMB,0.3961865476199562,0.6218385866710123,-0.2585576403708687,0.9278374314308168,0.9982727766036988
188,3.134,23,LEFT_HIP,0.583687890143622,0.6177481554803399,0.0063319311621377015,0.9994983077049256,0.9987691044807434
188,3.134,24,RIGHT_HIP,0.4817700457005278,0.6196375744683408,-0.006370826724118419,0.9999304413795472,0.9998703002929688
188,3.134,25,LEFT_KNEE,0.5743410161563334,0.7119123481568843,0.1944702693394254,0.968300998210907,0.9981182813644408
188,3.134,26,RIGHT_KNEE,0.4836065840153471,0.7193523276419873,-0.12192327777544663,0.9850298166275024,0.9997016787528992
188,3.134,27,LEFT_ANKLE,0.558238443874178,0.7708113647642597,0.702017491772062,0.90534645318985,0.9924317598342896
188,3.134,28,RIGHT_ANKLE,0.48441757048879397,0.8235271260851913,0.05735445894589204,0.9734758138656616,0.9959962368011476
188,3.134,29,LEFT_HEEL,0.5488136524245857,0.7765013859385543,0.7400790282658175,0.75333571434021,0.9905861020088196
188,3.134,30,RIGHT_HEEL,0.4994899332523351,0.8329620474860788,0.06187976085181751,0.798470675945282,0.9902762174606324
188,3.134,31,LEFT_FOOT_INDEX,0.563130568890345,0.8083809614181526,0.5870896804900402,0.9137793779373168,0.9828229546546936
188,3.134,32,RIGHT_FOOT_INDEX,0.46577161408606066,0.863264344987416,-0.17614981558706094,0.9626495242118835,0.9537782073020936
189,3.151,0,NOSE,0.5192769027891617,0.4055880634557637,-0.48875977311815577,0.999964475631714,0.999651312828064
189,3.151,1,LEFT_EYE_INNER,0.5304811454954607,0.39677561039016396,-0.46002393393289515,0.999843180179596,0.9986427426338196
189,3.151,2,LEFT_EYE,0.5352527328899933,0.3970879827226915,-0.46006104350090066,0.9998371601104736,0.9986409544944764
189,3.151,3,LEFT_EYE_OUTER,0.5397821977024991,0.3974209825197859,-0.4599852462609613,0.9998037815093994,0.9985530972480774
189,3.151,4,RIGHT_EYE_INNER,0.5082272206033984,0.39679651033310703,-0.461635522899174,0.9998629689216614,0.998747944831848
189,3.151,5,RIGHT_EYE,0.4996735127199268,0.39710149168968234,-0.4616342484951024,0.9998483657836914,0.998724639415741
189,3.151,6,RIGHT_EYE_OUTER,0.49318716355732556,0.39749382507233433,-0.46176318327585897,0.999835968017578,0.998703122138977
189,3.151,7,LEFT_EAR,0.5493629319327223,0.402954493250166,-0.2693220107328327,0.9995865225791932,0.9984779953956604
189,3.151,8,RIGHT_EAR,0.4842558971473153,0.40441464810144373,-0.2844980373269038,0.9995936155319214,0.9988754391670228
189,3.151,9,MOUTH_LEFT,0.5317109340713142,0.41790396400860413,-0.41564873428571825,0.9999139308929444,0.9996823072433472
189,3.151,10,MOUTH_RIGHT,0.5066823874201098,0.4188436738082344,-0.41965088674000367,0.9999302625656128,0.9996954202651978
189,3.151,11,LEFT_SHOULDER,0.6103080709775295,0.46818052161307605,-0.15065278609593724,0.9999401569366456,0.9997534155845642
189,3.151,12,RIGHT_SHOULDER,0.4321939334982921,0.4684332651751386,-0.15115447413353703,0.9999585747718812,0.9999151229858398
189,3.151,13,LEFT_ELBOW,0.6424293546449575,0.5406420883678259,-0.0660531127027103,0.9829058051109314,0.9995625615119934
189,3.151,14,RIGHT_ELBOW,0.40023144370033664,0.5411404484794258,-0.07688135227986749,0.9706100821495056,0.9996715784072876
189,3.151,15,LEFT_WRIST,0.6572896355674387,0.604110649653844,-0.25900725523630796,0.9864948391914368,0.999658703804016
189,3.151,16,RIGHT_WRIST,0.3872104968343466,0.6056200379417063,-0.2300387578351159,0.957803189754486,0.9991149306297302
189,3.151,17,LEFT_PINKY,0.6659910508564546,0.6250234104338153,-0.30901308428673546,0.9742660522460938,0.999238133430481
189,3.151,18,RIGHT_PINKY,0.3760767068181723,0.6283422084081747,-0.27681042324929034,0.930097758769989,0.9985742568969728
189,3.151,19,LEFT_INDEX,0.6552585278238575,0.624223961716607,-0.37334933593159664,0.9758785367012024,0.999327540397644
189,3.151,20,RIGHT_INDEX,0.38596603416261255,0.6282043116433285,-0.3375966236704875,0.9370992183685304,0.998634397983551
189,3.151,21,LEFT_THUMB,0.6481605228923621,0.6189449174063553,-0.2869800130526228,0.9695886373519896,0.9995573163032532
189,3.151,22,RIGHT_THUMB,0.39574287335077957,0.6221675759270082,-0.2575341434705827,0.9295742511749268,0.999037504196167
189,3.151,23,LEFT_HIP,0.580655299481892,0.619402394408272,0.0008323160499068448,0.999484658241272,0.9992879033088684
189,3.151,24,RIGHT_HIP,0.4786432243528824,0.6209116379419968,-0.0008712863034036828,0.9999282956123352,0.9999040365219116
189,3.151,25,LEFT_KNEE,0.5718648433685307,0.7141990775153757,0.17948592560631899,0.9655740857124328,0.9985872507095336
189,3.151,26,RIGHT_KNEE,0.48145636774244804,0.7215884299505331,-0.10944158379875482,0.9831795692443848,0.9997380375862122
189,3.151,27,LEFT_ANKLE,0.5579871109553751,0.7703499992688504,0.7310424560592295,0.8937857151031494,0.9945337772369384
189,3.151,28,RIGHT_ANKLE,0.4846744863759908,0.8245266079902656,0.08577311943684307,0.9706217050552368,0.996882438659668
189,3.151,29,LEFT_HEEL,0.5492246349652613,0.7754587956837252,0.771750279835293,0.7395124435424805,0.9934654831886292
189,3.151,30,RIGHT_HEEL,0.4993948595864437,0.8336684391612106,0.09223501472955667,0.7960934042930603,0.9928117394447328
189,3.151,31,LEFT_FOOT_INDEX,0.5629895187559587,0.8082449067206616,0.6205889696166634,0.9041113257408142,0.9877417087554932
189,3.151,32,RIGHT_FOOT_INDEX,0.4663588205973311,0.8640863469668805,-0.14498170407577649,0.9587011337280272,0.9666492342948914
190,3.167,0,NOSE,0.5173091831661412,0.4059053006626314,-0.5009432335694635,0.9999653697013856,0.9996289014816284
190,3.167,1,LEFT_EYE_INNER,0.528264048553649,0.396847900890169,-0.47181782268342565,0.9998453855514526,0.9986365437507628
190,3.167,2,LEFT_EYE,0.5331033212797986,0.3971560228438608,-0.471849362055461,0.9998391270637512,0.9987180233001708
190,3.167,3,LEFT_EYE_OUTER,0.5374760201999124,0.39746682842572567,-0.47178235366230964,0.9998058676719666,0.9987132549285888
190,3.167,4,RIGHT_EYE_INNER,0.5059950096266614,0.3968875379789447,-0.47343919816471325,0.9998630881309508,0.998543381690979
190,3.167,5,RIGHT_EYE,0.49742050256047976,0.3971837957700097,-0.47344040586834907,0.9998489618301392,0.9984585046768188
190,3.167,6,RIGHT_EYE_OUTER,0.4908857913244343,0.39754863438152166,-0.47356828337624,0.9998363256454468,0.9983741044998168
190,3.167,7,LEFT_EAR,0.5469762172017784,0.403049788304738,-0.2759509654272173,0.9995921850204468,0.9987719655036926
190,3.167,8,RIGHT_EAR,0.4818967736902695,0.40445601088660144,-0.29073361413819476,0.999585211277008,0.9984824061393738
190,3.167,9,MOUTH_LEFT,0.5297157991500132,0.4182287724245166,-0.4254367365723568,0.999916672706604,0.9997393488883972
190,3.167,10,MOUTH_RIGHT,0.504801418100085,0.4191836785702482,-0.42939785690534715,0.999932050704956,0.9996892213821412
190,3.167,11,LEFT_SHOULDER,0.6081030312038609,0.4681725941953209,-0.1516770585661844,0.9999428391456604,0.9998810291290284
190,3.167,12,RIGHT_SHOULDER,0.4290650004432319,0.468439292340052,-0.15312818189462035,0.999959111213684,0.9999125003814696
190,3.167,13,LEFT_ELBOW,0.6409390511966893,0.5403214295705164,-0.061693101056984494,0.9834966659545898,0.9997900128364564
190,3.167,14,RIGHT_ELBOW,0.3984251377128423,0.5415478206816179,-0.07623495055096494,0.9710772037506104,0.9996567964553832
190,3.167,15,LEFT_WRIST,0.6579548773311439,0.604495511168526,-0.2583031491154718,0.9869948625564576,0.9998552799224854
190,3.167,16,RIGHT_WRIST,0.3861932144278575,0.6059416532516485,-0.23238508048511708,0.9584001898765564,0.9991974234580994
190,3.167,17,LEFT_PINKY,0.6666541014398852,0.6255233628409256,-0.30886030339059406,0.975126564502716,0.999679446220398
190,3.167,18,RIGHT_PINKY,0.374574823038919,0.6289864608219697,-0.2814670574097409,0.9310784339904784,0.9988943934440612
190,3.167,19,LEFT_INDEX,0.6560339445159555,0.6247723443167557,-0.3738706679571246,0.9766849279403688,0.9996984004974364
190,3.167,20,RIGHT_INDEX,0.38559971111161406,0.628708149705615,-0.34210912812323824,0.9380963444709778,0.9988596439361572
190,3.167,21,LEFT_THUMB,0.6488510937917806,0.6194272552217761,-0.2863322978927978,0.9706450700759888,0.9997968077659608
190,3.167,22,RIGHT_THUMB,0.39517488082249996,0.6223852293831967,-0.259831100702286,0.9306278228759766,0.9991825222969056
190,3.167,23,LEFT_HIP,0.5777031694139758,0.6211022081829258,-0.002601982992408487,0.9995084404945374,0.9997871518135072
190,3.167,24,RIGHT_HIP,0.4756849691981365,0.6224860236758283,0.00257221937534352,0.9999312162399292,0.9999486207962036
190,3.167,25,LEFT_KNEE,0.5702133803140554,0.7162445215951836,0.16640165661062528,0.9662981629371644,0.9997016787528992
190,3.167,26,RIGHT_KNEE,0.48030180448577564,0.7249465669904442,-0.08447033393063716,0.983678102493286,0.9998759031295776
190,3.167,27,LEFT_ANKLE,0.5575976428531471,0.7687413380259567,0.7579620139939451,0.8926400542259216,0.998630166053772
190,3.167,28,RIGHT_ANKLE,0.4847446751026884,0.8247598750250688,0.15904031197230029,0.970648229122162,0.9985182881355286
190,3.167,29,LEFT_HEEL,0.5497370816412431,0.7725341036206207,0.80432658252262,0.7377632260322571,0.9983502626419068
190,3.167,30,RIGHT_HEEL,0.498721784069425,0.833239694436392,0.1710090871368137,0.7938498854637146,0.9969407320022584
190,3.167,31,LEFT_FOOT_INDEX,0.5619679973238996,0.8083746915771854,0.6559853894369949,0.9034678339958192,0.9966835379600524
190,3.167,32,RIGHT_FOOT_INDEX,0.46762249725205596,0.865208620116825,-0.0640093945853767,0.9583372473716736,0.9844024181365968
191,3.184,0,NOSE,0.5160946732475649,0.4056392539115182,-0.5231931351480035,0.9999657869338988,0.9995819926261902
191,3.184,1,LEFT_EYE_INNER,0.5263776154745197,0.3963839794908255,-0.4933112873917539,0.9998444318771362,0.998507559299469
191,3.184,2,LEFT_EYE,0.5312732003984002,0.3966868988105232,-0.49333394709087597,0.999837338924408,0.9985223412513732
191,3.184,3,LEFT_EYE_OUTER,0.535776643525987,0.3969950122492657,-0.4932681974910559,0.9998029470443726,0.9984592199325562
191,3.184,4,RIGHT_EYE_INNER,0.5044402253060118,0.3964799656754452,-0.495335018350965,0.9998613595962524,0.998598039150238
191,3.184,5,RIGHT_EYE,0.4958531643663138,0.3968300748439066,-0.4953386953898843,0.9998469948768616,0.9985528588294984
191,3.184,6,RIGHT_EYE_OUTER,0.48913307700838404,0.3972521239802954,-0.4954560242948083,0.9998341798782348,0.9985241293907166
191,3.184,7,LEFT_EAR,0.54484654608227,0.40251730027652954,-0.28957229426928954,0.9995936155319214,0.9984196424484252
191,3.184,8,RIGHT_EAR,0.4798776904741927,0.4040167771634605,-0.3052009074460895,0.9995718002319336,0.9986520409584044
191,3.184,9,MOUTH_LEFT,0.5282443619909745,0.41795042015257367,-0.44435297449429867,0.9999182224273682,0.9996839761734008
191,3.184,10,MOUTH_RIGHT,0.5036432175409231,0.41894688634645416,-0.4486825948669801,0.9999329447746276,0.9996715784072876
191,3.184,11,LEFT_SHOULDER,0.6058494760876616,0.46785813711938445,-0.1561338596400762,0.9999449253082277,0.9998437166213988
191,3.184,12,RIGHT_SHOULDER,0.4261382449240916,0.4683660864830021,-0.16076021109308525,0.9999595880508424,0.9999234676361084
191,3.184,13,LEFT_ELBOW,0.6396953974451343,0.539687213443575,-0.05883240415936422,0.9841396808624268,0.9997183680534364
191,3.184,14,RIGHT_ELBOW,0.3962675120149343,0.5416901367051266,-0.08013747597024559,0.971667468547821,0.9997015595436096
191,3.184,15,LEFT_WRIST,0.6586158105305269,0.6047789880207612,-0.2599200464430311,0.9873653054237366,0.9997795224189758
191,3.184,16,RIGHT_WRIST,0.38508016580627114,0.6065267636662444,-0.23933300163064705,0.9595895409584044,0.9993317723274232
191,3.184,17,LEFT_PINKY,0.6673267398561755,0.6258231713658293,-0.3108081022898359,0.9756272435188292,0.999523401260376
191,3.184,18,RIGHT_PINKY,0.3732503028143024,0.6297789301191064,-0.29147143165270517,0.9327888488769532,0.999018669128418
191,3.184,19,LEFT_INDEX,0.6567555694353019,0.6251334150632228,-0.37777286484127987,0.9771419763565063,0.9995506405830384
191,3.184,20,RIGHT_INDEX,0.3850694781257996,0.6293996572494513,-0.3526995451677416,0.9396548867225648,0.9990076422691344
191,3.184,21,LEFT_THUMB,0.6495233802568351,0.6196762522061672,-0.2883222770123257,0.9713594317436218,0.9996987581253052
191,3.184,22,RIGHT_THUMB,0.39440235069819896,0.6229313924199065,-0.26710718870162986,0.9322309494018556,0.999301552772522
191,3.184,23,LEFT_HIP,0.5751820149875828,0.6223560231072568,-0.0011947874057416812,0.9995269179344176,0.9997617602348328
191,3.184,24,RIGHT_HIP,0.47294173779941784,0.623973483131046,0.001170925144660505,0.9999337196350098,0.9999551773071288
191,3.184,25,LEFT_KNEE,0.5711255754743308,0.7172709192548485,0.1802416500591098,0.9667910933494568,0.9996520280838012
191,3.184,26,RIGHT_KNEE,0.4799394749459771,0.7280199641273142,-0.053730282134243405,0.9841970801353456,0.9999020099639891
191,3.184,27,LEFT_ANKLE,0.557895666077024,0.7660749327568788,0.8211911576134825,0.892102062702179,0.9989354014396667
191,3.184,28,RIGHT_ANKLE,0.48456085295904283,0.8251039215496616,0.23379108487140582,0.9714087843894958,0.9992274045944214
191,3.184,29,LEFT_HEEL,0.5506108573504862,0.7684323333558589,0.8755967304820115,0.7346195578575134,0.9988180994987488
191,3.184,30,RIGHT_HEEL,0.4975542866048363,0.8326609617187871,0.2507201784423421,0.7979878783226013,0.9983866214752196
191,3.184,31,LEFT_FOOT_INDEX,0.5625094203721914,0.8078140304202133,0.7297660708427436,0.9035803079605104,0.9974602460861206
191,3.184,32,RIGHT_FOOT_INDEX,0.4693271801585247,0.8664976755778002,0.016067021349001526,0.9590317010879515,0.9902551770210266
192,3.201,0,NOSE,0.515595416227977,0.4048972044672288,-0.5364794560841157,0.9999660849571228,0.9994788765907288
192,3.201,1,LEFT_EYE_INNER,0.5251471712475736,0.39538169758660485,-0.5061138314860212,0.99984472990036,0.9983421564102172
192,3.201,2,LEFT_EYE,0.5300413143067138,0.3956815799077355,-0.506118469295048,0.9998367428779602,0.9983574748039246
192,3.201,3,LEFT_EYE_OUTER,0.5347947137696407,0.395996763592675,-0.5060454905033116,0.9998024702072144,0.9982886910438538
192,3.201,4,RIGHT_EYE_INNER,0.5036863769803733,0.39552365740140316,-0.5090164059684394,0.9998601078987122,0.998425841331482
192,3.201,5,RIGHT_EYE,0.495130205438251,0.3959313290459773,-0.5090229340962006,0.9998451471328736,0.9983633160591124
192,3.201,6,RIGHT_EYE_OUTER,0.48812675476074263,0.3964367835294636,-0.509123604922068,0.999832570552826,0.998311161994934
192,3.201,7,LEFT_EAR,0.5433092032160083,0.4014694208190558,-0.2985529927980335,0.9996042847633362,0.998362123966217
192,3.201,8,RIGHT_EAR,0.47845765238716537,0.40298664995602235,-0.3170968875998545,0.999569296836853,0.9984042048454284
192,3.201,9,MOUTH_LEFT,0.5273634564308898,0.4172388301009228,-0.45622073184876255,0.9999212026596068,0.9996145963668824
192,3.201,10,MOUTH_RIGHT,0.5030923684438073,0.41827584164483245,-0.4614766424610505,0.9999349117279052,0.9995881915092468
192,3.201,11,LEFT_SHOULDER,0.6040457373573672,0.4675248009817945,-0.15902487791719905,0.9999471306800842,0.9998233914375304
192,3.201,12,RIGHT_SHOULDER,0.4231309947513403,0.4682499340602334,-0.1733287423849107,0.999959409236908,0.999862790107727
192,3.201,13,LEFT_ELBOW,0.6387224537985672,0.5392438797723684,-0.05773702246092613,0.9844285845756532,0.9996435642242432
192,3.201,14,RIGHT_ELBOW,0.3935686633700419,0.5415610472361252,-0.09285679424092891,0.9722249507904052,0.999498963356018
192,3.201,15,LEFT_WRIST,0.6590367584001458,0.6052495865594778,-0.26153383581411294,0.9875182509422302,0.9997573494911194
192,3.201,16,RIGHT_WRIST,0.38399254140399786,0.6069307525952663,-0.24899122047992,0.9605004787445068,0.9990547299385072
192,3.201,17,LEFT_PINKY,0.6677537503696629,0.6260435410908296,-0.31101485803013784,0.975800096988678,0.9994413256645204
192,3.201,18,RIGHT_PINKY,0.3725714598383225,0.6302487254142767,-0.3032539117903939,0.9342747330665588,0.9985746145248412
192,3.201,19,LEFT_INDEX,0.6571395709401091,0.6254299708775117,-0.3800781738190427,0.9772709608078004,0.999478280544281
192,3.201,20,RIGHT_INDEX,0.38490279799415983,0.6297051821436206,-0.36306725087619995,0.9408558011054992,0.99859219789505
192,3.201,21,LEFT_THUMB,0.6499186782609855,0.6199456538472863,-0.29039031267166165,0.9717536568641664,0.999659299850464
192,3.201,22,RIGHT_THUMB,0.39389260468028875,0.6232076088587448,-0.2762185633182528,0.9334664940834044,0.9989976286888124
192,3.201,23,LEFT_HIP,0.5731012367066888,0.6233797101747427,0.0025140719288693977,0.9995421171188354,0.9997126460075378
192,3.201,24,RIGHT_HIP,0.47022459194773764,0.6258196972665339,-0.002531182841353426,0.9999330043792723,0.9999184608459472
192,3.201,25,LEFT_KNEE,0.5744762307121646,0.7165732979774482,0.21578461570399163,0.9672404527664183,0.999386429786682
192,3.201,26,RIGHT_KNEE,0.47981063666797863,0.7303540394419723,-0.031350323087757516,0.9845162034034728,0.9997785687446594
192,3.201,27,LEFT_ANKLE,0.5592058556420467,0.7623368444896886,0.8748261275745581,0.8894814848899841,0.9986069798469543
192,3.201,28,RIGHT_ANKLE,0.48454459224428487,0.8251482787586402,0.2788234934920359,0.9721616506576538,0.9986942410469056
192,3.201,29,LEFT_HEEL,0.5519250631332403,0.7635835891678227,0.9344443536940084,0.7293950915336609,0.9985511898994446
192,3.201,30,RIGHT_HEEL,0.49691795025553065,0.8323570915630893,0.29822423557440464,0.8028703927993774,0.9975497126579284
192,3.201,31,LEFT_FOOT_INDEX,0.5652802387873337,0.8065500543231063,0.79140929948716,0.9019240736961364,0.9961771965026855
192,3.201,32,RIGHT_FOOT_INDEX,0.470503592774982,0.867106326988766,0.06385475973643012,0.959569215774536,0.9858978986740112
193,3.217,0,NOSE,0.5156907240549728,0.40398029770169974,-0.5435048483666924,0.9999675750732422,0.9997078776359558
193,3.217,1,LEFT_EYE_INNER,0.5245897968610133,0.39408513619786256,-0.5128928692567921,0.9998507499694824,0.9990020394325256
193,3.217,2,LEFT_EYE,0.5294002181007753,0.39436720098767997,-0.5128864319551564,0.9998425841331482,0.9989989399909972
193,3.217,3,LEFT_EYE_OUTER,0.5345337873413454,0.3946855706827984,-0.5128052688780289,0.9998086094856262,0.9989537000656128
193,3.217,4,RIGHT_EYE_INNER,0.5036676157088511,0.3942328691482547,-0.5163458472206484,0.999865174293518,0.9991022348403932
193,3.217,5,RIGHT_EYE,0.49511851867040046,0.3946660998321718,-0.5163560623214363,0.9998504519462584,0.9990756511688232
193,3.217,6,RIGHT_EYE_OUTER,0.48778684082485424,0.3952374245439261,-0.5164455899170471,0.9998382925987244,0.9990666508674622
193,3.217,7,LEFT_EAR,0.5424348768733802,0.40008432382629067,-0.30334175768352717,0.999622881412506,0.9990463852882384
193,3.217,8,RIGHT_EAR,0.47753075900531994,0.401457379261653,-0.3243266826584228,0.9995864033699036,0.9992066025733948
193,3.217,9,MOUTH_LEFT,0.5269314050674443,0.4164028181916195,-0.46251011320522895,0.9999252557754515,0.999792754650116
193,3.217,10,MOUTH_RIGHT,0.5030279386611216,0.4174495935440067,-0.46839387785820774,0.9999382495880128,0.9997944235801696
193,3.217,11,LEFT_SHOULDER,0.6028061338833406,0.4671465882233215,-0.1602052953981219,0.9999500513076782,0.999902606010437
193,3.217,12,RIGHT_SHOULDER,0.42042328346343305,0.46817809627169693,-0.18270562021505277,0.9999611377716064,0.999954104423523
193,3.217,13,LEFT_ELBOW,0.6380456288655605,0.539016465346019,-0.05834064881006876,0.984622836112976,0.9997521042823792
193,3.217,14,RIGHT_ELBOW,0.3905223593825389,0.5411374058042259,-0.10717845991963437,0.9733102321624756,0.9997097849845886
193,3.217,15,LEFT_WRIST,0.6593587143080581,0.6059327920277919,-0.26556450483344873,0.987792193889618,0.9998335838317872
193,3.217,16,RIGHT_WRIST,0.3832617245969322,0.6065945398239868,-0.27069661092190545,0.9621217846870422,0.9994202852249146
193,3.217,17,LEFT_PINKY,0.6680195956003104,0.6263138396399367,-0.3150064363366084,0.9762558937072754,0.999606192111969
193,3.217,18,RIGHT_PINKY,0.372659307150614,0.6299761817568831,-0.32854825116339215,0.936745822429657,0.999082326889038
193,3.217,19,LEFT_INDEX,0.6573902680760344,0.6256157159805303,-0.3858950350965775,0.9776416420936584,0.9996390342712402
193,3.217,20,RIGHT_INDEX,0.3851274833792735,0.629265169302623,-0.3869636924493884,0.9429906010627748,0.9991074204444884
193,3.217,21,LEFT_THUMB,0.6502124440102356,0.6200652605011355,-0.2949921105589188,0.972463309764862,0.9997665286064148
193,3.217,22,RIGHT_THUMB,0.3938340771765939,0.6227055532591689,-0.2977668259825028,0.935735821723938,0.9993957281112672
193,3.217,23,LEFT_HIP,0.5710041352680757,0.6241878526551389,0.005435561755716419,0.9995653033256532,0.9998477697372437
193,3.217,24,RIGHT_HIP,0.46700675714583667,0.6274899755205432,-0.005444608548367771,0.9999362826347352,0.9999706745147704
193,3.217,25,LEFT_KNEE,0.5779995492526468,0.7153503752890094,0.24701864148179706,0.9683099389076232,0.9997795224189758
193,3.217,26,RIGHT_KNEE,0.47941170845712977,0.7311809999602188,-0.0037994790999662026,0.985379695892334,0.9999388456344604
193,3.217,27,LEFT_ANKLE,0.5606492303666619,0.759046035153526,0.8953378796577461,0.894285261631012,0.9993545413017272
193,3.217,28,RIGHT_ANKLE,0.4846574351901103,0.824885444981712,0.3422177128848578,0.9738306999206544,0.9995336532592772
193,3.217,29,LEFT_HEEL,0.5531485165868492,0.7597348633266638,0.9526748430161257,0.7356091737747192,0.9992637038230896
193,3.217,30,RIGHT_HEEL,0.4966738607202262,0.8319925892920729,0.36538481428509695,0.8124769926071167,0.9989385008811952
193,3.217,31,LEFT_FOOT_INDEX,0.568774146693094,0.8050954796019062,0.8055543161573873,0.9059746265411376,0.997829258441925
193,3.217,32,RIGHT_FOOT_INDEX,0.47071604217801816,0.8670520243190591,0.13304671277070337,0.9615771770477296,0.9915129542350768
194,3.234,0,NOSE,0.5160109684580853,0.40273541495913584,-0.5305588898204627,0.9999693036079408,0.99972802400589
194,3.234,1,LEFT_EYE_INNER,0.524484861464728,0.3925374859855292,-0.49932547126497584,0.9998579025268556,0.998975396156311
194,3.234,2,LEFT_EYE,0.5292108314377926,0.39280051844460656,-0.49931013300305366,0.9998496770858764,0.9989607334136964
194,3.234,3,LEFT_EYE_OUTER,0.5345707564126883,0.3931113382180535,-0.4992248344989054,0.9998162984848022,0.9989004135131836
194,3.234,4,RIGHT_EYE_INNER,0.5039247927211584,0.3926801724093305,-0.5029756880941849,0.9998716711997986,0.999121367931366
194,3.234,5,RIGHT_EYE,0.49532920973641575,0.39313166340192196,-0.502983771619343,0.999857485294342,0.9991149306297302
194,3.234,6,RIGHT_EYE_OUTER,0.4877629123982934,0.39373674279167575,-0.5030629904497241,0.9998459815979004,0.9991220831871032
194,3.234,7,LEFT_EAR,0.5420804648172293,0.39844219883283016,-0.2915401203291759,0.9996415376663208,0.9989480376243592
194,3.234,8,RIGHT_EAR,0.47693334732736903,0.3996806400162837,-0.31326760706447443,0.999605655670166,0.9992885589599608
194,3.234,9,MOUTH_LEFT,0.5268603591691885,0.4152897227378122,-0.45066484808921853,0.9999292492866516,0.9998082518577576
194,3.234,10,MOUTH_RIGHT,0.5031559779530484,0.4163781943775362,-0.45663122761817243,0.99994158744812,0.9998214840888976
194,3.234,11,LEFT_SHOULDER,0.6022940192903796,0.4666586915651961,-0.15339510426634845,0.9999521374702454,0.9998776912689208
194,3.234,12,RIGHT_SHOULDER,0.4187138023830599,0.467942690565473,-0.18267435757886807,0.999963104724884,0.999961256980896
194,3.234,13,LEFT_ELBOW,0.6374874342055554,0.5389319232531962,-0.04949390870474636,0.9847453832626344,0.9996601343154908
194,3.234,14,RIGHT_ELBOW,0.387365695976076,0.5406212466103695,-0.11485810790743153,0.9741183519363404,0.9997377991676332
194,3.234,15,LEFT_WRIST,0.659644558316186,0.6066289969852998,-0.24810047305765626,0.9879630208015442,0.9997767806053162
194,3.234,16,RIGHT_WRIST,0.3829690558569775,0.605876553626288,-0.2754606072391785,0.9635239839553832,0.9995272159576416
194,3.234,17,LEFT_PINKY,0.6682454148928332,0.6265655387015576,-0.2958429299649741,0.9765390157699584,0.9994878768920898
194,3.234,18,RIGHT_PINKY,0.3732409079869592,0.6293222024327239,-0.33293589240028776,0.9388487339019777,0.9992446899414062
194,3.234,19,LEFT_INDEX,0.6576306450934644,0.6257542825880511,-0.3672009706497195,0.977871298789978,0.999535322189331
194,3.234,20,RIGHT_INDEX,0.3855204156466896,0.628443042437236,-0.38816969877197666,0.9447612166404724,0.999277889728546
194,3.234,21,LEFT_THUMB,0.6504444054194864,0.6200986703236904,-0.27758329751945704,0.9729893803596495,0.9996941089630128
194,3.234,22,RIGHT_THUMB,0.3940543816203166,0.6218049923578903,-0.3012973666191104,0.9376094937324524,0.999503254890442
194,3.234,23,LEFT_HIP,0.569016609873091,0.6244562722387774,0.007760914569232745,0.9995803833007812,0.9998444318771362
194,3.234,24,RIGHT_HIP,0.4633601492359529,0.6282920127823245,-0.00777068648243405,0.9999387860298156,0.999974489212036
194,3.234,25,LEFT_KNEE,0.5812480137461713,0.7142627182460973,0.21785247458943313,0.968988001346588,0.9998319149017334
194,3.234,26,RIGHT_KNEE,0.4780452875863942,0.7307735113870537,0.005029550113249591,0.9861053228378296,0.9999605417251588
194,3.234,27,LEFT_ANKLE,0.5617733966736571,0.7587762077649443,0.8464626698266899,0.8995211124420166,0.9995163679122924
194,3.234,28,RIGHT_ANKLE,0.4847429905618944,0.8257033115341557,0.36082789727619746,0.9754772782325744,0.999682068824768
194,3.234,29,LEFT_HEEL,0.553706946827117,0.7587845467385799,0.9014698863029489,0.7430240511894226,0.999473750591278
194,3.234,30,RIGHT_HEEL,0.4963047504425053,0.8328881377265575,0.38547427313668414,0.8220864534378052,0.9992772936820984
194,3.234,31,LEFT_FOOT_INDEX,0.5716040418261579,0.8059516832942062,0.7534707146031523,0.9106212854385376,0.9983500242233276
194,3.234,32,RIGHT_FOOT_INDEX,0.47095805974233756,0.8673579153560464,0.15612948659275272,0.9636821746826172,0.9939407110214232
195,3.251,0,NOSE,0.5161775606019161,0.40120642525809186,-0.4902971230802087,0.9999704957008362,0.999641180038452
195,3.251,1,LEFT_EYE_INNER,0.5245604713757838,0.3908509455976035,-0.4605903128782912,0.999863862991333,0.9988632202148438
195,3.251,2,LEFT_EYE,0.5292657585371113,0.3910915581952962,-0.4605726954482855,0.9998559951782228,0.9988836646080016
195,3.251,3,LEFT_EYE_OUTER,0.5345947118032551,0.39137491299992555,-0.4604790182340717,0.999824285507202,0.9988470077514648
195,3.251,4,RIGHT_EYE_INNER,0.5039642481576834,0.3909728342578528,-0.4642058114210769,0.9998753666877748,0.9988262057304382
195,3.251,5,RIGHT_EYE,0.4952815146673297,0.3914115173476087,-0.46421331025305296,0.9998615384101868,0.9987117052078248
195,3.251,6,RIGHT_EYE_OUTER,0.48765504502114837,0.3920000947657089,-0.46429343450637134,0.9998501539230348,0.9986128807067872
195,3.251,7,LEFT_EAR,0.5419128821009687,0.39670866585913195,-0.26682358909220943,0.9996619820594788,0.998991072177887
195,3.251,8,RIGHT_EAR,0.47639033198356673,0.39786463266327304,-0.28829863809403944,0.9996193647384644,0.9986022114753724
195,3.251,9,MOUTH_LEFT,0.5269082188606267,0.4139349815391362,-0.4164653945536844,0.9999333620071412,0.9997571110725404
195,3.251,10,MOUTH_RIGHT,0.5031556345167619,0.41508249157951027,-0.4222397704919183,0.9999444484710692,0.9996966123580932
195,3.251,11,LEFT_SHOULDER,0.6021855984415332,0.4661538742837456,-0.143449400152479,0.9999547600746156,0.9999024868011476
195,3.251,12,RIGHT_SHOULDER,0.41717706265903687,0.467499224912553,-0.17618517648606086,0.9999618530273438,0.9998186230659484
195,3.251,13,LEFT_ELBOW,0.6371868054072067,0.5388686373120267,-0.03696743332381762,0.9851062893867492,0.9997362494468688
195,3.251,14,RIGHT_ELBOW,0.38447667871202773,0.540147531600226,-0.11524352041028801,0.9743934273719788,0.9993014335632324
195,3.251,15,LEFT_WRIST,0.6600864302544373,0.6068791661943713,-0.21138729793684835,0.9883680939674376,0.9998303651809692
195,3.251,16,RIGHT_WRIST,0.38315315615563206,0.6049793163935349,-0.2560921808083854,0.9637790322303772,0.999071478843689
195,3.251,17,LEFT_PINKY,0.6685374379158027,0.6264378683907651,-0.2541541187536151,0.9772319793701172,0.9995445609092712
195,3.251,18,RIGHT_PINKY,0.37388171184630653,0.6284159081322812,-0.3076659206833161,0.9392328858375548,0.9985204339027404
195,3.251,19,LEFT_INDEX,0.658060476893471,0.6254896095820841,-0.32233543623061434,0.9785243272781372,0.9995984435081482
195,3.251,20,RIGHT_INDEX,0.38580587932041743,0.627469054290227,-0.3576786305223196,0.94490385055542,0.9986306428909302
195,3.251,21,LEFT_THUMB,0.6509311852001014,0.6197502811749782,-0.23958757377806184,0.9738894701004028,0.9997473359107972
195,3.251,22,RIGHT_THUMB,0.3944205925578166,0.6208465525082185,-0.2793722003698351,0.9378357529640198,0.9990227222442628
195,3.251,23,LEFT_HIP,0.5672390347435365,0.624124325457074,0.00857764230819326,0.9995938539505004,0.999772846698761
195,3.251,24,RIGHT_HIP,0.4597808974129817,0.6281354938234607,-0.00859640509865818,0.9999347925186156,0.9998779296875
195,3.251,25,LEFT_KNEE,0.5829796932992486,0.713334759076437,0.161390163359188,0.969573736190796,0.9996228218078612
195,3.251,26,RIGHT_KNEE,0.47615756874992776,0.7299108079501568,0.008064655239217067,0.9858729839324952,0.9997407793998718
195,3.251,27,LEFT_ANKLE,0.5628839646066943,0.7600752228782297,0.7383600345679698,0.9030627012252808,0.9989846348762512
195,3.251,28,RIGHT_ANKLE,0.48479459257352964,0.8266365442957204,0.3489325415520444,0.9755491018295288,0.9988695979118348
195,3.251,29,LEFT_HEEL,0.5543461555526376,0.7593621356146684,0.7878637356417526,0.7469464540481567,0.998863697052002
195,3.251,30,RIGHT_HEEL,0.49600288271904036,0.834079481306531,0.3724733576888133,0.824891984462738,0.9979827404022216
195,3.251,31,LEFT_FOOT_INDEX,0.5729698538780217,0.808793090638661,0.6488144213245035,0.9135919213294984,0.9959666728973388
195,3.251,32,RIGHT_FOOT_INDEX,0.47064889470736226,0.8673096072106142,0.15917841061240162,0.9635220766067504,0.9877991676330566
196,3.267,0,NOSE,0.5160940715244843,0.399988059486662,-0.4448450335434509,0.9999722242355348,0.9997765421867372
196,3.267,1,LEFT_EYE_INNER,0.5245361668722975,0.3895828113669444,-0.41534365784554295,0.9998714923858644,0.9992457628250122
196,3.267,2,LEFT_EYE,0.5291612403733394,0.38979297876358066,-0.4153179526329044,0.9998642206192015,0.9992485642433168
196,3.267,3,LEFT_EYE_OUTER,0.5343827293032697,0.3900421559810642,-0.4152387309642068,0.9998345375061036,0.9992252588272096
196,3.267,4,RIGHT_EYE_INNER,0.5038068124226166,0.3896093723319829,-0.4196160421484996,0.9998819828033448,0.9992757439613342
196,3.267,5,RIGHT_EYE,0.4950126182465331,0.38995906142961445,-0.4196432048366187,0.9998688101768494,0.9992245435714722
196,3.267,6,RIGHT_EYE_OUTER,0.48735463477316404,0.39044473284766823,-0.4197207391262058,0.9998579621315002,0.9991937279701232
196,3.267,7,LEFT_EAR,0.5415980134691516,0.3954809677033201,-0.23397269561177225,0.9996868968009948,0.9993919134140016
196,3.267,8,RIGHT_EAR,0.47591592726253373,0.39629920607521457,-0.25623864928881346,0.9996419548988342,0.9993334412574768
196,3.267,9,MOUTH_LEFT,0.5266972297713874,0.41285687826928674,-0.37591489014171453,0.9999380707740784,0.9998500347137452
196,3.267,10,MOUTH_RIGHT,0.5027291093553821,0.41398217138789983,-0.381969423521133,0.9999479651451112,0.999827206134796
196,3.267,11,LEFT_SHOULDER,0.601911658332462,0.46570971608161965,-0.13103204433407112,0.9999569058418274,0.9999229907989502
196,3.267,12,RIGHT_SHOULDER,0.4158557681810292,0.46683342116219706,-0.1663255060002919,0.9999616742134094,0.9998983144760132
196,3.267,13,LEFT_ELBOW,0.6370723389443903,0.5387785605021891,-0.023948757421402705,0.9856916666030884,0.999727189540863
196,3.267,14,RIGHT_ELBOW,0.38243690275010644,0.5398879760787605,-0.10919985175132757,0.9749779105186462,0.9994853734970092
196,3.267,15,LEFT_WRIST,0.6604439786502299,0.6067478827067789,-0.17679282029469817,0.9886944890022278,0.999775230884552
196,3.267,16,RIGHT_WRIST,0.38354320185525115,0.6041808894702372,-0.23198063742546823,0.9646118879318236,0.9992450475692748
196,3.267,17,LEFT_PINKY,0.6687061417670483,0.626216644332523,-0.21532202334631076,0.977881908416748,0.9992755055427552
196,3.267,18,RIGHT_PINKY,0.37435287379083215,0.6276445133345474,-0.2785005668799085,0.9401854872703552,0.9985135197639464
196,3.267,19,LEFT_INDEX,0.6584685700280333,0.6252704404649285,-0.27792028727985585,0.979106605052948,0.9993818998336792
196,3.267,20,RIGHT_INDEX,0.38591408729553256,0.6266874841281351,-0.3242849551496054,0.9455564618110656,0.9986683130264282
196,3.267,21,LEFT_THUMB,0.6514226964541849,0.6194628420330235,-0.20279498895009374,0.9747973084449768,0.999642252922058
196,3.267,22,RIGHT_THUMB,0.3946617685613181,0.620191151187534,-0.25315128337769305,0.9388019442558287,0.9990798234939576
196,3.267,23,LEFT_HIP,0.565855829488664,0.6234279700687959,0.008120686458867168,0.9995945692062378,0.999823272228241
196,3.267,24,RIGHT_HIP,0.45670001989319253,0.627619848364876,-0.008133856624010016,0.9999243021011353,0.9999133348464966
196,3.267,25,LEFT_KNEE,0.5838638657615303,0.7129073653902332,0.0758956749701784,0.9695797562599182,0.9994423985481262
196,3.267,26,RIGHT_KNEE,0.4744053355285104,0.7306161267416824,0.005758643363757664,0.9845278859138488,0.999711811542511
196,3.267,27,LEFT_ANKLE,0.5634891731398451,0.7628980392501474,0.6055576517468413,0.9028123021125792,0.9987510442733764
196,3.267,28,RIGHT_ANKLE,0.4847999158359713,0.8279874239649099,0.3552740812301639,0.9753224849700928,0.998448133468628
196,3.267,29,LEFT_HEEL,0.5546396772066757,0.7631722376460128,0.6504450695855283,0.7383078932762146,0.9986177682876588
196,3.267,30,RIGHT_HEEL,0.49534490420704835,0.8360928013211212,0.37996903345698435,0.8258519172668457,0.9968430995941162
196,3.267,31,LEFT_FOOT_INDEX,0.5723904371261602,0.813337839785077,0.5148289870648162,0.9136866331100464,0.9945791959762572
196,3.267,32,RIGHT_FOOT_INDEX,0.47013687235968493,0.8679412887209945,0.17625341954685408,0.9631809592247008,0.9817481637001038
197,3.284,0,NOSE,0.5162134596279695,0.3984382706029078,-0.4000282174065003,0.9999740719795228,0.999858856201172
197,3.284,1,LEFT_EYE_INNER,0.5244423945744837,0.38810543644995954,-0.37084568398339446,0.9998793601989746,0.9993645548820496
197,3.284,2,LEFT_EYE,0.5291021466255192,0.38828829498518114,-0.37081744983082754,0.9998729228973388,0.9993757605552672
197,3.284,3,LEFT_EYE_OUTER,0.5343858883494428,0.3885301550229394,-0.3707490662733717,0.999845027923584,0.9993659853935242
197,3.284,4,RIGHT_EYE_INNER,0.5036917243685046,0.388070969354539,-0.37584583816074224,0.9998891353607178,0.9993725419044496
197,3.284,5,RIGHT_EYE,0.4948231961045951,0.38837830225626657,-0.37588340327853287,0.9998769164085388,0.9993294477462769
197,3.284,6,RIGHT_EYE_OUTER,0.48705476522445723,0.38881499000958064,-0.37595149307023945,0.999866545200348,0.999299168586731
197,3.284,7,LEFT_EAR,0.541293010825203,0.3938606367224742,-0.20000327555906222,0.9997106790542604,0.9995182752609252
197,3.284,8,RIGHT_EAR,0.47545598802112443,0.39456311152094925,-0.22328660743577153,0.9996680617332458,0.9994593262672424
197,3.284,9,MOUTH_LEFT,0.5265677542913532,0.41133801568122175,-0.334981814736412,0.999942660331726,0.9999017715454102
197,3.284,10,MOUTH_RIGHT,0.5026331657455085,0.41245311640557825,-0.3414269586404168,0.9999516606330872,0.9998950958251952
197,3.284,11,LEFT_SHOULDER,0.601745500451043,0.46501479830060727,-0.11632409195105244,0.999958872795105,0.9999451637268066
197,3.284,12,RIGHT_SHOULDER,0.414741036437807,0.46594675665810037,-0.15275491277376824,0.9999622702598572,0.9999332427978516
197,3.284,13,LEFT_ELBOW,0.6369770169258124,0.5385951399803166,-0.012893049401186737,0.9862217903137208,0.9997547268867492
197,3.284,14,RIGHT_ELBOW,0.381078219129926,0.5396936195237301,-0.09788891211861661,0.975960612297058,0.9995636343955994
197,3.284,15,LEFT_WRIST,0.6609386319205881,0.6064302665846695,-0.1525826212905703,0.9888954758644104,0.9997978806495668
197,3.284,16,RIGHT_WRIST,0.38398715002196215,0.603738529341562,-0.202665170743352,0.965718150138855,0.9994171857833862
197,3.284,17,LEFT_PINKY,0.6691071760086792,0.62599360659009,-0.1891811404909408,0.9784807562828064,0.9993484616279602
197,3.284,18,RIGHT_PINKY,0.37458012643314575,0.6272270509174898,-0.24507322339784546,0.9419743418693542,0.9987810254096984
197,3.284,19,LEFT_INDEX,0.6589665299370182,0.625048146361397,-0.24687646400360858,0.9796227812767028,0.9994581341743468
197,3.284,20,RIGHT_INDEX,0.385999258075442,0.6261554417156043,-0.28844816202209134,0.9469850063323976,0.9989516735076904
197,3.284,21,LEFT_THUMB,0.6520150559289121,0.6191803273700538,-0.1767321044490452,0.975647747516632,0.9996896982192992
197,3.284,22,RIGHT_THUMB,0.3948250228450415,0.6197899381319687,-0.22248380950519034,0.9406545162200928,0.999283254146576
197,3.284,23,LEFT_HIP,0.5652020204634898,0.6224089946065636,0.007664188920032341,0.9996036887168884,0.9998806715011596
197,3.284,24,RIGHT_HIP,0.4548406785442719,0.6270343945139936,-0.00766427229557713,0.999918520450592,0.999935746192932
197,3.284,25,LEFT_KNEE,0.5849165320396429,0.7124342464265376,0.01351262185545192,0.9699946045875548,0.999627947807312
197,3.284,26,RIGHT_KNEE,0.4730319834890824,0.7322181009110957,0.009655769161846729,0.9834860563278198,0.999765932559967
197,3.284,27,LEFT_ANKLE,0.5642011648132693,0.7681694513275517,0.5072403947512314,0.905659794807434,0.998302698135376
197,3.284,28,RIGHT_ANKLE,0.48464052166257626,0.8291015738532664,0.3671217305319653,0.9754089117050172,0.9981437921524048
197,3.284,29,LEFT_HEEL,0.554829441365742,0.7708985124315542,0.5487099474384676,0.7343953251838684,0.9979453682899476
197,3.284,30,RIGHT_HEEL,0.49434474394435013,0.8376999440647315,0.393058409293493,0.8278437852859497,0.996009349822998
197,3.284,31,LEFT_FOOT_INDEX,0.5716309291975844,0.8201507046109162,0.41548606043770236,0.915310263633728,0.9908983111381532
197,3.284,32,RIGHT_FOOT_INDEX,0.4697351867244361,0.8688468450591685,0.2021803948141281,0.963021993637085,0.976273000240326
198,3.301,0,NOSE,0.5165472087405981,0.39711804617018964,-0.3707200444879989,0.9999749064445496,0.9997209906578064
198,3.301,1,LEFT_EYE_INNER,0.524480175404322,0.3867648627076833,-0.3420694342681343,0.999883472919464,0.99911230802536
198,3.301,2,LEFT_EYE,0.52916336343402,0.3869200547536218,-0.3420390004203436,0.9998772740364076,0.9991231560707092
198,3.301,3,LEFT_EYE_OUTER,0.534565735430945,0.3871615330378218,-0.3419758095627743,0.9998505115509032,0.999098300933838
198,3.301,4,RIGHT_EYE_INNER,0.5038925182251708,0.3866796678020844,-0.34760335797355324,0.9998920559883118,0.9990915060043336
198,3.301,5,RIGHT_EYE,0.4950318662893209,0.38694391080311397,-0.3476424955186393,0.9998798370361328,0.9990059733390808
198,3.301,6,RIGHT_EYE_OUTER,0.48713041203362645,0.3873458873657956,-0.3477050591082803,0.9998695254325868,0.9989352822303772
198,3.301,7,LEFT_EAR,0.5410723005022327,0.39234074098723304,-0.17682326407659638,0.9997268319129944,0.9992818236351012
198,3.301,8,RIGHT_EAR,0.47536650016194343,0.39298422421727897,-0.20152128594262275,0.99968022108078,0.9990398287773132
198,3.301,9,MOUTH_LEFT,0.5265544794854669,0.40996911554109516,-0.30743028294472496,0.9999456405639648,0.9998158812522888
198,3.301,10,MOUTH_RIGHT,0.5028747320175175,0.4110012338275005,-0.31437023480733267,0.9999536871910096,0.9997710585594176
198,3.301,11,LEFT_SHOULDER,0.6017769518352696,0.46438482687586874,-0.1041580247027534,0.9999606013298036,0.9999200105667114
198,3.301,12,RIGHT_SHOULDER,0.4137074351310734,0.4648461739222213,-0.14145705068395262,0.999961256980896,0.999852418899536
198,3.301,13,LEFT_ELBOW,0.636982435271854,0.5384377070835663,-0.006873706799177856,0.986473798751831,0.9997171759605408
198,3.301,14,RIGHT_ELBOW,0.3801516365437284,0.5395773592449375,-0.0860311059015138,0.9761505722999572,0.9992868304252625
198,3.301,15,LEFT_WRIST,0.6614105190549584,0.6060235244887222,-0.14395128545306987,0.9890124201774596,0.9997491240501404
198,3.301,16,RIGHT_WRIST,0.384288691339039,0.6035993723642263,-0.17132150417282477,0.9655930995941162,0.9987786412239076
198,3.301,17,LEFT_PINKY,0.6695392557552888,0.6257868011792507,-0.1798827279181709,0.9787129163742064,0.9992226362228394
198,3.301,18,RIGHT_PINKY,0.374699950218201,0.6271435703550072,-0.21061325215158022,0.9415806531906128,0.9977642297744752
198,3.301,19,LEFT_INDEX,0.6593777736028041,0.6248474263009577,-0.23511976855141795,0.979835331439972,0.9993481040000916
198,3.301,20,RIGHT_INDEX,0.3861054366543183,0.6257900482132327,-0.2535727137611028,0.94643896818161,0.9979994893074036
198,3.301,21,LEFT_THUMB,0.6525128994669239,0.6189301893824628,-0.16726345675332216,0.9760536551475524,0.9996032118797302
198,3.301,22,RIGHT_THUMB,0.39479625650814637,0.6194682547024324,-0.190528995933987,0.940316677093506,0.9985936284065248
198,3.301,23,LEFT_HIP,0.5650227580751697,0.6218029402551203,0.00667915705014902,0.9996116757392884,0.9998251795768738
198,3.301,24,RIGHT_HIP,0.4542824583394191,0.6271168476059329,-0.006671199453107592,0.9999112486839294,0.9998940229415894
198,3.301,25,LEFT_KNEE,0.585796679769244,0.7121525009473171,0.00045185757889629197,0.9699837565422058,0.9995749592781068
198,3.301,26,RIGHT_KNEE,0.47208157323655664,0.7345264185042615,0.009274939998119526,0.9819047451019288,0.9996660947799684
198,3.301,27,LEFT_ANKLE,0.5649740752719703,0.774481395880382,0.47786470254262337,0.9067797064781188,0.9989032745361328
198,3.301,28,RIGHT_ANKLE,0.48423714013326774,0.8303371412413469,0.35998665151141973,0.9745537042617798,0.9982171654701232
198,3.301,29,LEFT_HEEL,0.555212883722215,0.7801684538523364,0.5181786020596827,0.7334588766098022,0.9986659288406372
198,3.301,30,RIGHT_HEEL,0.4933822481405172,0.8393820637748363,0.3853464467184887,0.8265137672424316,0.9964961409568788
198,3.301,31,LEFT_FOOT_INDEX,0.5711649400847304,0.8271955932889674,0.3871567504746577,0.9161759614944458,0.9943628311157228
198,3.301,32,RIGHT_FOOT_INDEX,0.4689963062604272,0.8697812103089839,0.20375474861689993,0.9616156220436096,0.9810373187065125
199,3.318,0,NOSE,0.5169979419027061,0.39636187894003766,-0.37358208355449524,0.9999765157699584,0.9998377561569214
199,3.318,1,LEFT_EYE_INNER,0.5246707598368332,0.38583505437487686,-0.3449333423659918,0.9998913407325744,0.9994045495986938
199,3.318,2,LEFT_EYE,0.5293505163419819,0.3859507838884993,-0.3449124892552696,0.9998854994773864,0.9994175434112548
199,3.318,3,LEFT_EYE_OUTER,0.534951289494833,0.3861747582753503,-0.34484946302005254,0.9998611211776732,0.9994027614593506
199,3.318,4,RIGHT_EYE_INNER,0.5042812057903839,0.38572142379624536,-0.3503468561740152,0.9998990297317504,0.9993927478790284
199,3.318,5,RIGHT_EYE,0.4954548151720142,0.3859443465868635,-0.35037809894198496,0.9998873472213744,0.9993287324905396
199,3.318,6,RIGHT_EYE_OUTER,0.4873863132227039,0.3863255622841066,-0.35044359167416916,0.9998780488967896,0.9992682337760924
199,3.318,7,LEFT_EAR,0.5411248717989245,0.39116166461081764,-0.1749963561693829,0.9997475147247314,0.9995331764221193
199,3.318,8,RIGHT_EAR,0.4754485785961155,0.39178178707758615,-0.20008329337551495,0.9997033476829528,0.9993374943733216
199,3.318,9,MOUTH_LEFT,0.526657723245167,0.40912197601227573,-0.3078863890398119,0.9999496936798096,0.9998856782913208
199,3.318,10,MOUTH_RIGHT,0.5032150972457163,0.41005468652361954,-0.3149456821736838,0.9999569058418274,0.9998601675033568
199,3.318,11,LEFT_SHOULDER,0.6020403419222156,0.4638279690628964,-0.0986755185184025,0.9999632835388184,0.9999668598175048
199,3.318,12,RIGHT_SHOULDER,0.41292795113154857,0.4636921272391369,-0.13299762989793512,0.9999618530273438,0.9999046325683594
199,3.318,13,LEFT_ELBOW,0.63698750166666,0.5383422914005467,-0.006831707410691717,0.9865867495536804,0.9998338222503662
199,3.318,14,RIGHT_ELBOW,0.3795049275670736,0.5393693078131907,-0.0825719326024964,0.9761518836021424,0.9995180368423462
199,3.318,15,LEFT_WRIST,0.6618817363466541,0.6056485119320103,-0.15491950724806114,0.9891675114631652,0.9998561143875122
199,3.318,16,RIGHT_WRIST,0.3845332846755077,0.6036231517791754,-0.18039963429882427,0.9656652212142944,0.9993072748184204
199,3.318,17,LEFT_PINKY,0.670138943763007,0.6256077232814976,-0.1942917775540126,0.979205310344696,0.999497890472412
199,3.318,18,RIGHT_PINKY,0.37538751534053294,0.6271295689401178,-0.22267024289994028,0.94181227684021,0.9985985159873962
199,3.318,19,LEFT_INDEX,0.6601328367278696,0.6245748258772356,-0.2506224924609777,0.980282425880432,0.9995974898338318
199,3.318,20,RIGHT_INDEX,0.3871898636931468,0.6255198773883643,-0.2669400884991603,0.9464897513389589,0.9988059997558594
199,3.318,21,LEFT_THUMB,0.6533023175739112,0.6185800802140015,-0.17889785411812023,0.976723313331604,0.9997678399086
199,3.318,22,RIGHT_THUMB,0.39536637351626475,0.6192181990260175,-0.2003621615114668,0.9406502842903136,0.9991911053657532
199,3.318,23,LEFT_HIP,0.5649333170482096,0.6217066021192648,0.005556736995155572,0.9996296763420104,0.9999245405197144
199,3.318,24,RIGHT_HIP,0.4542918276219145,0.6277543334733878,-0.005541919342552538,0.9999061226844788,0.9999232292175292
199,3.318,25,LEFT_KNEE,0.5861565016564874,0.7120653986930854,0.028331852739765507,0.9704478979110718,0.9998511075973512
199,3.318,26,RIGHT_KNEE,0.4716863192263108,0.7367263833681749,0.019366957254186697,0.9808369278907776,0.9998108744621276
199,3.318,27,LEFT_ANKLE,0.5652095306487316,0.783011368342809,0.49248635485058784,0.9104064106941224,0.9991040825843812
199,3.318,28,RIGHT_ANKLE,0.48368619453339395,0.8313460264887136,0.38465122239930327,0.9741792678833008,0.998849630355835
199,3.318,29,LEFT_HEEL,0.5549281863939199,0.7916859757332582,0.5314552017620637,0.7316601872444153,0.9987014532089232
199,3.318,30,RIGHT_HEEL,0.49232030482519284,0.8406878681409935,0.4113334701174785,0.8258087635040283,0.9975793957710266
199,3.318,31,LEFT_FOOT_INDEX,0.5707679930187413,0.8342735511916032,0.39259567005293744,0.9187641739845276,0.9928418397903442
199,3.318,32,RIGHT_FOOT_INDEX,0.4682723439875107,0.8703773277146485,0.2295156837928865,0.961270809173584,0.9841466546058656
200,3.334,0,NOSE,0.5173064555440634,0.3957755395344329,-0.40103447579202234,0.9999769926071168,0.9997389912605286
200,3.334,1,LEFT_EYE_INNER,0.5248611257189801,0.3851135046709155,-0.37152214135442496,0.9998942613601683,0.99910706281662
200,3.334,2,LEFT_EYE,0.529558522360666,0.38520623104912927,-0.371514120272228,0.9998884201049804,0.999099850654602
200,3.334,3,LEFT_EYE_OUTER,0.5352597577231276,0.3854191828341715,-0.3714530127389094,0.9998650550842284,0.999055802822113
200,3.334,4,RIGHT_EYE_INNER,0.5046028069087442,0.38499942563829004,-0.3765042466776715,0.9999020099639891,0.9991939663887024
200,3.334,5,RIGHT_EYE,0.4958353141943618,0.38522064685821567,-0.37652297672771307,0.9998904466629028,0.9991551637649536
200,3.334,6,RIGHT_EYE_OUTER,0.48769203679902257,0.3856043645313811,-0.37659412338620174,0.9998818039894104,0.99912828207016
200,3.334,7,LEFT_EAR,0.5412837068239853,0.390282743033909,-0.1898946393103828,0.999758243560791,0.999208390712738
200,3.334,8,RIGHT_EAR,0.47568081390290073,0.3909650076003305,-0.21447248544011815,0.9997172951698304,0.9992691874504088
200,3.334,9,MOUTH_LEFT,0.5267998916762221,0.4084607703345166,-0.33067062355223187,0.9999512434005736,0.9998045563697816
200,3.334,10,MOUTH_RIGHT,0.5035008050146561,0.40933168643996864,-0.3375896939209533,0.9999579787254332,0.9998036026954652
200,3.334,11,LEFT_SHOULDER,0.6024262791588199,0.46335597832997677,-0.10033858354602546,0.9999637603759766,0.9999122619628906
200,3.334,12,RIGHT_SHOULDER,0.4126130612123584,0.46256429240817154,-0.13107883149669292,0.99996155500412,0.999908685684204
200,3.334,13,LEFT_ELBOW,0.6370334398178833,0.5382749949182788,-0.008901796037597293,0.986172080039978,0.99965500831604
200,3.334,14,RIGHT_ELBOW,0.37838443546068135,0.5391390437171577,-0.08809649802389603,0.9759023189544678,0.999520778656006
200,3.334,15,LEFT_WRIST,0.6622953500066491,0.6055696862084531,-0.16947216717969815,0.9888569712638856,0.999707281589508
200,3.334,16,RIGHT_WRIST,0.38470730753172044,0.60369375490007,-0.2123219576619922,0.9654856324195862,0.9992658495903016
200,3.334,17,LEFT_PINKY,0.6708506033534101,0.6256105843044468,-0.2125560229732878,0.9788861870765686,0.999165177345276
200,3.334,18,RIGHT_PINKY,0.3765682478745781,0.6271571715672817,-0.2591608677591598,0.9414688348770142,0.9985876083374025
200,3.334,19,LEFT_INDEX,0.6611341493470335,0.6245380526497255,-0.2712751527627312,0.9799783825874328,0.999297022819519
200,3.334,20,RIGHT_INDEX,0.38903073753629447,0.6253337519509458,-0.3071411706152419,0.9460082650184632,0.9987610578536988
200,3.334,21,LEFT_THUMB,0.6542915900548305,0.6184814543951132,-0.19470102446419865,0.97653466463089,0.9995657801628112
200,3.334,22,RIGHT_THUMB,0.39650555451711045,0.6188290800367089,-0.23373144013541103,0.9402932524681092,0.999153733253479
200,3.334,23,LEFT_HIP,0.5648317791166765,0.6217991369111202,0.004143664968155661,0.9996278882026672,0.9997819066047668
200,3.334,24,RIGHT_HIP,0.45459779529344513,0.6283983616601858,-0.004123663158333275,0.9998985528945924,0.999897599220276
200,3.334,25,LEFT_KNEE,0.585936776229314,0.7126872567903435,0.03671148649993396,0.9693558812141418,0.9996562004089355
200,3.334,26,RIGHT_KNEE,0.4708115983577006,0.7379424543607809,0.039189415321397095,0.9792593717575072,0.999819815158844
200,3.334,27,LEFT_ANKLE,0.5646597998482845,0.7936420639355983,0.4964881879942762,0.9115861654281616,0.9990515112876892
200,3.334,28,RIGHT_ANKLE,0.48320649209476696,0.8329787112417683,0.4098545128390906,0.9737293124198914,0.999088168144226
200,3.334,29,LEFT_HEEL,0.553843010039557,0.8034339972904757,0.5337069800921854,0.7296237349510193,0.9987216591835022
200,3.334,30,RIGHT_HEEL,0.4915919843174167,0.8424506726719092,0.43691981122607315,0.8274828791618347,0.9979543685913086
200,3.334,31,LEFT_FOOT_INDEX,0.5700272378467384,0.8420365651448576,0.3811157728944509,0.919847846031189,0.9944332242012024
200,3.334,32,RIGHT_FOOT_INDEX,0.46782400920277595,0.871295835290637,0.24991691396349974,0.9608191847801208,0.9871329069137572
201,3.351,0,NOSE,0.5177271195820404,0.39501478132747503,-0.4006652690115432,0.9999778270721436,0.9997599720954896
201,3.351,1,LEFT_EYE_INNER,0.5252399444580083,0.38433474869955186,-0.37213358850706224,0.9998990297317504,0.9991933703422546
201,3.351,2,LEFT_EYE,0.5299395578248165,0.38441980310848817,-0.3721395645822801,0.9998935461044312,0.9992006421089172
201,3.351,3,LEFT_EYE_OUTER,0.5356510309945974,0.38462964835621094,-0.37207426485561224,0.9998713731765748,0.9991689920425416
201,3.351,4,RIGHT_EYE_INNER,0.5050582885742192,0.38422327240308163,-0.37659859231540166,0.9999064207077026,0.9992049336433412
201,3.351,5,RIGHT_EYE,0.4963235486121409,0.38445730862163396,-0.37659861644109127,0.999895453453064,0.9991301894187928
201,3.351,6,RIGHT_EYE_OUTER,0.48817083665302863,0.3848580278101425,-0.37666748960812924,0.999886989593506,0.9990617632865906
201,3.351,7,LEFT_EAR,0.5415780090150384,0.3895511031150821,-0.19097454136326214,0.9997721910476683,0.99934583902359
201,3.351,8,RIGHT_EAR,0.47604221957070536,0.3902879797277,-0.2151576656670799,0.9997345805168152,0.9991531372070312
201,3.351,9,MOUTH_LEFT,0.5271902311415904,0.40776003400484756,-0.33081076400620624,0.9999534487724304,0.9998326301574708
201,3.351,10,MOUTH_RIGHT,0.503988126913707,0.40854692742938126,-0.3376419161047257,0.9999597072601318,0.9998074173927308
201,3.351,11,LEFT_SHOULDER,0.6028121567907794,0.4630651317891624,-0.09875134343192697,0.9999650716781616,0.9999382495880128
201,3.351,12,RIGHT_SHOULDER,0.412335927997317,0.46148249365034594,-0.1240753236980666,0.9999608993530272,0.9998583793640136
201,3.351,13,LEFT_ELBOW,0.6370749501954948,0.5382166164261959,-0.009799675749880889,0.9861993789672852,0.9997598528862
201,3.351,14,RIGHT_ELBOW,0.37658740083376596,0.5384950779733209,-0.10194201022386558,0.9758508801460266,0.9993541836738586
201,3.351,15,LEFT_WRIST,0.6628404401597529,0.6055323708625073,-0.16766715404533217,0.9890291690826416,0.9997578263282776
201,3.351,16,RIGHT_WRIST,0.38490229986962854,0.6036680624598554,-0.2600801054920471,0.9656973481178284,0.9991592168807985
201,3.351,17,LEFT_PINKY,0.6717919934363599,0.625697913623992,-0.2101663457495827,0.9792604446411132,0.9992075562477112
201,3.351,18,RIGHT_PINKY,0.37822308568727436,0.6270865627697542,-0.3108071507442568,0.9418487548828124,0.9984153509140016
201,3.351,19,LEFT_INDEX,0.6623448530832933,0.6246305931182141,-0.26827186771801564,0.9803566932678224,0.9993653893470764
201,3.351,20,RIGHT_INDEX,0.3914465506871545,0.6251741165206551,-0.35396634680884254,0.9461901187896729,0.9986825585365297
201,3.351,21,LEFT_THUMB,0.6555012805121292,0.6184793881007609,-0.19249640972841364,0.9770355224609376,0.999617338180542
201,3.351,22,RIGHT_THUMB,0.39809687932332394,0.6184219150316153,-0.2820538119191217,0.9405699968338012,0.99909245967865
201,3.351,23,LEFT_HIP,0.5645059630984357,0.621877945604779,0.002127033758110221,0.9996315836906432,0.9997640252113342
201,3.351,24,RIGHT_HIP,0.4544603342101691,0.6286526464280634,-0.0021401448286182114,0.9998865127563475,0.9998205304145812
201,3.351,25,LEFT_KNEE,0.5842752513431373,0.7145101825396226,0.05253346619151886,0.9700911045074464,0.9997604489326476
201,3.351,26,RIGHT_KNEE,0.4692584730329972,0.7378721066883639,0.06442820258615983,0.9788033962249756,0.9997572302818298
201,3.351,27,LEFT_ANKLE,0.5639114748863951,0.8045009743599671,0.4754623203050527,0.9164242148399352,0.9991623163223268
201,3.351,28,RIGHT_ANKLE,0.4829721606913071,0.8342960107894177,0.414711727982476,0.9740211367607116,0.9989198446273804
201,3.351,29,LEFT_HEEL,0.552576050871895,0.8139404739652369,0.5073304431779049,0.7362778782844543,0.9987377524375916
201,3.351,30,RIGHT_HEEL,0.49139930946486376,0.8437473064377201,0.439705298060463,0.8294691443443298,0.9977062940597534
201,3.351,31,LEFT_FOOT_INDEX,0.5692218911080138,0.8504314394224266,0.34841716431436115,0.9237464666366576,0.993447482585907
201,3.351,32,RIGHT_FOOT_INDEX,0.4671729136080973,0.872255191916512,0.2583760392098202,0.9613118767738342,0.9865790009498596
202,3.368,0,NOSE,0.5180473015421918,0.39439587082181693,-0.3728036312829883,0.9999790191650392,0.9997419714927672
202,3.368,1,LEFT_EYE_INNER,0.5255757002603445,0.38378220370837657,-0.3452175181536451,0.9999054074287416,0.9991642236709596
202,3.368,2,LEFT_EYE,0.5302824775377915,0.38387403317860225,-0.3452199385279704,0.9999004602432252,0.999206840991974
202,3.368,3,LEFT_EYE_OUTER,0.5360013899349036,0.3841081233251666,-0.3451659821328666,0.999880075454712,0.9992063641548156
202,3.368,4,RIGHT_EYE_INNER,0.5054175655047104,0.38361071546872494,-0.34964943003086846,0.9999120235443116,0.9990991353988647
202,3.368,5,RIGHT_EYE,0.4967092318194257,0.38382879467237596,-0.34963816830090144,0.9999017715454102,0.9990004897117616
202,3.368,6,RIGHT_EYE_OUTER,0.48856278118633134,0.38420612187612657,-0.3496821061486292,0.999893605709076,0.9989031553268432
202,3.368,7,LEFT_EAR,0.5419206534113208,0.38926903832526466,-0.17218688378731423,0.9997889399528505,0.99940824508667
202,3.368,8,RIGHT_EAR,0.4763931362401876,0.3897875604175389,-0.1962189716952189,0.9997539520263672,0.998953342437744
202,3.368,9,MOUTH_LEFT,0.5274464573178977,0.4072474227065136,-0.30603720673493,0.9999566078186036,0.9998551607131958
202,3.368,10,MOUTH_RIGHT,0.5042492406708858,0.40785784238860756,-0.31291729353723097,0.9999622106552124,0.9998108744621276
202,3.368,11,LEFT_SHOULDER,0.6029806250617624,0.46282371169044895,-0.09080574945324948,0.9999669194221495,0.9999583959579468
202,3.368,12,RIGHT_SHOULDER,0.41216534092312807,0.46053644730931276,-0.10903052630878635,0.9999600052833556,0.9998478889465332
202,3.368,13,LEFT_ELBOW,0.6370821708724619,0.5380158112162641,-0.006890526085737172,0.9863433837890624,0.9997859597206116
202,3.368,14,RIGHT_ELBOW,0.3745136402902152,0.537585093861535,-0.10605539008975035,0.9752605557441713,0.9992974996566772
202,3.368,15,LEFT_WRIST,0.6632311400913062,0.6054777985527408,-0.15353183235440948,0.98921537399292,0.9997935891151428
202,3.368,16,RIGHT_WRIST,0.38512365023295114,0.6033598525183548,-0.28259175590106445,0.9649394154548644,0.9990730285644532
202,3.368,17,LEFT_PINKY,0.6725418085143686,0.6258241392317279,-0.19315443010557282,0.9796749353408812,0.9993348717689514
202,3.368,18,RIGHT_PINKY,0.38018112097467727,0.6269098491895773,-0.33403224178722957,0.9411376118659972,0.9983909130096436
202,3.368,19,LEFT_INDEX,0.6631791676793786,0.6247903647876927,-0.24892376221361634,0.9807700514793396,0.9994599223136902
202,3.368,20,RIGHT_INDEX,0.3939420921461926,0.6249114927791419,-0.37108276571546317,0.9453415274620056,0.9986093044281006
202,3.368,21,LEFT_THUMB,0.6563187355086924,0.6185087079093576,-0.17689399669567757,0.977493405342102,0.9996790885925292
202,3.368,22,RIGHT_THUMB,0.39986154578980976,0.617915760903132,-0.3041463082744964,0.9397575855255128,0.9990326166152954
202,3.368,23,LEFT_HIP,0.5641175480115986,0.6216452377183102,0.00021388352892937645,0.9996476769447328,0.9997974038124084
202,3.368,24,RIGHT_HIP,0.4541076890059884,0.6284647044681373,-0.0002954162579650433,0.999881148338318,0.9997995495796204
202,3.368,25,LEFT_KNEE,0.5822020400138134,0.7174631584258313,0.05541740872320673,0.9719119668006896,0.9998716115951538
202,3.368,26,RIGHT_KNEE,0.4671377128078828,0.7371291064080745,0.075459420503605,0.97965806722641,0.9998056292533876
202,3.368,27,LEFT_ANKLE,0.5631916806811383,0.8145159000442149,0.43584199036870724,0.9228779673576356,0.9991027116775512
202,3.368,28,RIGHT_ANKLE,0.4829608542578565,0.8350669741630562,0.40425303578376803,0.975004255771637,0.999082326889038
202,3.368,29,LEFT_HEEL,0.5514045386087332,0.8238816885721123,0.46251738355273336,0.7474827170372009,0.9983934760093688
202,3.368,30,RIGHT_HEEL,0.4915114669572743,0.8447165148598815,0.427145688306718,0.8335015177726746,0.9980247020721436
202,3.368,31,LEFT_FOOT_INDEX,0.5687112524395903,0.8593061083839061,0.2966555711768925,0.928943395614624,0.990520715713501
202,3.368,32,RIGHT_FOOT_INDEX,0.4666381563459128,0.8733907994769876,0.24632657567660032,0.9628100395202636,0.9871522784233092
203,3.384,0,NOSE,0.5182880872771858,0.39374329078765175,-0.33903511932918035,0.9999805092811584,0.99985933303833
203,3.384,1,LEFT_EYE_INNER,0.5258617798487351,0.3832277343386699,-0.3127070168654127,0.9999125599861144,0.9994902610778807
203,3.384,2,LEFT_EYE,0.5305802907262535,0.3833502829074863,-0.3127028402828038,0.9999080300331116,0.9995158910751344
203,3.384,3,LEFT_EYE_OUTER,0.5362796300933479,0.3836431460721156,-0.3126564990906491,0.999889612197876,0.999508023262024
203,3.384,4,RIGHT_EYE_INNER,0.5057155262856261,0.38295844764936576,-0.31725378831227646,0.9999185800552368,0.9994478821754456
203,3.384,5,RIGHT_EYE,0.49702828412964273,0.38314309432393057,-0.31722188137826496,0.9999091029167176,0.9993754029273988
203,3.384,6,RIGHT_EYE_OUTER,0.4888758205232171,0.38348660014924585,-0.31722793834550067,0.9999015927314758,0.9992969036102296
203,3.384,7,LEFT_EAR,0.5422205357324514,0.3889790376027428,-0.14914773369119294,0.999805748462677,0.9996366500854492
203,3.384,8,RIGHT_EAR,0.47665103844233964,0.3891680950210211,-0.17348153250558043,0.9997737407684326,0.9993321299552916
203,3.384,9,MOUTH_LEFT,0.5276483609562833,0.406701261088962,-0.27570178040436355,0.9999598264694214,0.9999102354049684
203,3.384,10,MOUTH_RIGHT,0.5044653131848295,0.40709625823157214,-0.2827770951248353,0.9999648332595824,0.9998840093612672
203,3.384,11,LEFT_SHOULDER,0.6030531752677196,0.4624743447417308,-0.08026014392574629,0.999968945980072,0.9999754428863524
203,3.384,12,RIGHT_SHOULDER,0.41141352483204474,0.4598030334427247,-0.09255299930061617,0.9999595880508424,0.9998830556869508
203,3.384,13,LEFT_ELBOW,0.6370787507011783,0.5377306853021899,-6.792672155866574e-05,0.9865286350250244,0.9998828172683716
203,3.384,14,RIGHT_ELBOW,0.3725183166208725,0.5365243071601509,-0.1019287049060777,0.9744115471839904,0.9995336532592772
203,3.384,15,LEFT_WRIST,0.6636024628366749,0.6054319001379473,-0.1296499666003955,0.9894638061523438,0.9998918771743774
203,3.384,16,RIGHT_WRIST,0.3853192570663637,0.6029013849440081,-0.27753942069553217,0.9642400741577148,0.9994027614593506
203,3.384,17,LEFT_PINKY,0.6733198421342038,0.6259913245836899,-0.16575233070623321,0.9801822304725648,0.9996089339256288
203,3.384,18,RIGHT_PINKY,0.38207651036126306,0.6267848525728503,-0.3245141527482444,0.9405409693717957,0.998873770236969
203,3.384,19,LEFT_INDEX,0.6636721435047337,0.6249375627154401,-0.21871810512883338,0.9812429547309875,0.9996973276138306
203,3.384,20,RIGHT_INDEX,0.39636964741207337,0.6245205686205915,-0.3550557550929845,0.9446188807487488,0.9990546107292176
203,3.384,21,LEFT_THUMB,0.6567603122620362,0.618523952506838,-0.15113214332432984,0.9780492782592772,0.999825656414032
203,3.384,22,RIGHT_THUMB,0.40162926628476137,0.6172555117380056,-0.2964344563938325,0.93915593624115,0.9993504881858826
203,3.384,23,LEFT_HIP,0.5632548757961824,0.6215200452577505,-0.001267825098087382,0.999668538570404,0.9999035596847534
203,3.384,24,RIGHT_HIP,0.4530656919592907,0.6279889174870088,0.0010978076163501724,0.9998792409896852,0.9998735189437866
203,3.384,25,LEFT_KNEE,0.5797829798289713,0.7223324690546316,0.057930885858479,0.9738373756408693,0.9999431371688844
203,3.384,26,RIGHT_KNEE,0.465117067098618,0.7369782555670972,0.093126975532089,0.98047935962677,0.9998856782913208
203,3.384,27,LEFT_ANKLE,0.5627841183117462,0.8249142482167207,0.3954061539400195,0.929157257080078,0.9992061257362366
203,3.384,28,RIGHT_ANKLE,0.48324900014059924,0.835205901236762,0.4084244384652096,0.9759935736656188,0.9992233514785768
203,3.384,29,LEFT_HEEL,0.5507898983501258,0.8346436421076464,0.4173804379644852,0.756364643573761,0.9983832836151124
203,3.384,30,RIGHT_HEEL,0.4920880241053449,0.8451669556753983,0.43077378187860793,0.8360780477523804,0.998202919960022
203,3.384,31,LEFT_FOOT_INDEX,0.5690271598952162,0.8692101069859104,0.24806297215677464,0.93393737077713,0.9891940355300904
203,3.384,32,RIGHT_FOOT_INDEX,0.4666252774851667,0.8741683761278796,0.26079551378885923,0.9643521904945374,0.9875732064247132
204,3.401,0,NOSE,0.5184253567741035,0.3933205164614181,-0.291270292231015,0.9999819397926332,0.999923825263977
204,3.401,1,LEFT_EYE_INNER,0.5259921266919095,0.3828916876089009,-0.2672570645809176,0.9999192357063292,0.9997044205665588
204,3.401,2,LEFT_EYE,0.5307462981769022,0.38305660656520335,-0.2672504477557684,0.9999150037765504,0.9997199177742004
204,3.401,3,LEFT_EYE_OUTER,0.5364661330268501,0.38341639865012433,-0.26721406337760767,0.9998984932899476,0.9997175335884094
204,3.401,4,RIGHT_EYE_INNER,0.5059781017757602,0.38247777876399847,-0.27269970093454654,0.9999247193336488,0.999670386314392
204,3.401,5,RIGHT_EYE,0.49724194123631477,0.3825880459376747,-0.27264393511272633,0.9999158382415771,0.9996163845062256
204,3.401,6,RIGHT_EYE_OUTER,0.4890264528138301,0.382883279096513,-0.2726153532663983,0.9999089241027832,0.999556005001068
204,3.401,7,LEFT_EAR,0.542512939089821,0.38887763165292316,-0.11849046179226476,0.9998212456703186,0.9997987151145936
204,3.401,8,RIGHT_EAR,0.47688550892330395,0.3887051570983163,-0.14652854204177865,0.9997921586036682,0.9995751976966858
204,3.401,9,MOUTH_LEFT,0.5277945370901204,0.4063715863795512,-0.23326870444275102,0.9999628663063048,0.9999525547027588
204,3.401,10,MOUTH_RIGHT,0.5045638027645297,0.40654036402702365,-0.24144790924730777,0.999967396259308,0.9999377727508544
204,3.401,11,LEFT_SHOULDER,0.6029760638872788,0.4621001325902489,-0.06610924910221781,0.999971091747284,0.9999876022338868
204,3.401,12,RIGHT_SHOULDER,0.41020244927633415,0.45925802843911345,-0.07546251089799975,0.9999597072601318,0.999918818473816
204,3.401,13,LEFT_ELBOW,0.6370296222823013,0.5374236220405221,0.012471914025289682,0.9866538047790528,0.9999366998672484
204,3.401,14,RIGHT_ELBOW,0.3704657824266528,0.5355497030984793,-0.08054712308304657,0.9738401174545288,0.9996665716171264
204,3.401,15,LEFT_WRIST,0.6638977726300563,0.605331596874056,-0.09898877427691513,0.9897618889808656,0.999950647354126
204,3.401,16,RIGHT_WRIST,0.3854835459164214,0.6023513476053879,-0.22003297436805014,0.9638469815254213,0.9996015429496764
204,3.401,17,LEFT_PINKY,0.6739434372811096,0.6261233233270197,-0.1298397612713633,0.9808427691459656,0.9998098015785216
204,3.401,18,RIGHT_PINKY,0.3835241539137707,0.6267764454796206,-0.25661149479094025,0.9403701424598694,0.999221920967102
204,3.401,19,LEFT_INDEX,0.6640528497241798,0.6250795211110802,-0.1800361204715003,0.981844961643219,0.9998565912246704
204,3.401,20,RIGHT_INDEX,0.3981346913746428,0.6241406542914261,-0.28335270782311783,0.9442838430404664,0.999360978603363
204,3.401,21,LEFT_THUMB,0.6569994517735078,0.6185258314723066,-0.11847583381902611,0.9787132740020752,0.999920129776001
204,3.401,22,RIGHT_THUMB,0.40292521033968276,0.616618868850527,-0.23545725075971535,0.9389325380325316,0.9995645880699158
204,3.401,23,LEFT_HIP,0.5619463438079476,0.6219459743726827,-0.0019907298431332448,0.9996925592422484,0.9999600648880004
204,3.401,24,RIGHT_HIP,0.4517371455828353,0.6277547819273819,0.0017253507782394018,0.999880850315094,0.9999374151229858
204,3.401,25,LEFT_KNEE,0.5777242524283278,0.7277492228008459,0.06174271890804881,0.97574120759964,0.9999732971191406
204,3.401,26,RIGHT_KNEE,0.4633646947996961,0.7375579022225887,0.10518661070437665,0.9813011884689332,0.999936819076538
204,3.401,27,LEFT_ANKLE,0.5626831139836997,0.8333520491917935,0.3362914366381512,0.9351191520690918,0.999498963356018
204,3.401,28,RIGHT_ANKLE,0.48359907950673825,0.8357514228139613,0.39012433375631095,0.9771493077278136,0.9994947910308838
204,3.401,29,LEFT_HEEL,0.550747916811989,0.8437642682166335,0.35227719233149607,0.7650932669639587,0.9988967180252076
204,3.401,30,RIGHT_HEEL,0.4929761545998714,0.8462121316364841,0.41010556618372634,0.839427649974823,0.9987834095954896
204,3.401,31,LEFT_FOOT_INDEX,0.5701582460176382,0.8790579920723334,0.18882576074628618,0.9387229681015016,0.991582453250885
204,3.401,32,RIGHT_FOOT_INDEX,0.46705505535716146,0.8749558471498042,0.2579159530855363,0.9661282300949096,0.9911795258522034
205,3.418,0,NOSE,0.5187041645958315,0.3932028384435748,-0.2587378734634038,0.9999833703041076,0.9999377727508544
205,3.418,1,LEFT_EYE_INNER,0.5262415778069274,0.38284244565736714,-0.23661430251030716,0.9999257922172546,0.999782145023346
205,3.418,2,LEFT_EYE,0.5310879094260084,0.38305187934920937,-0.23660507798194905,0.9999219179153442,0.9997974038124084
205,3.418,3,LEFT_EYE_OUTER,0.536702618712471,0.3834496495269597,-0.23656757104964504,0.9999070167541504,0.9997969269752502
205,3.418,4,RIGHT_EYE_INNER,0.506498597917103,0.3822840225128904,-0.24247164811406835,0.9999306797981262,0.999745786190033
205,3.418,5,RIGHT_EYE,0.49779361060687516,0.38229826518467525,-0.24240903627304822,0.999922513961792,0.999701201915741
205,3.418,6,RIGHT_EYE_OUTER,0.48934247096379646,0.3825286882264277,-0.24237912609463666,0.9999160170555116,0.9996448755264282
205,3.418,7,LEFT_EAR,0.5427788410867969,0.38895471039272517,-0.09832476256858741,0.9998363256454468,0.9998551607131958
205,3.418,8,RIGHT_EAR,0.4770578330471406,0.3884188319955557,-0.12757103357996266,0.9998099207878112,0.9996281862258912
205,3.418,9,MOUTH_LEFT,0.5279753662291032,0.4063300944509964,-0.20444228322733032,0.9999658465385436,0.9999618530273438
205,3.418,10,MOUTH_RIGHT,0.5047966525668194,0.40632341873078154,-0.2130346723965238,0.9999698996543884,0.999946117401123
205,3.418,11,LEFT_SHOULDER,0.6027723295348036,0.4617137298697521,-0.05328159513218062,0.9999732971191406,0.999991774559021
205,3.418,12,RIGHT_SHOULDER,0.40894628564516744,0.458781195538385,-0.06391535060746333,0.9999599456787108,0.9999194145202636
205,3.418,13,LEFT_ELBOW,0.6369483158701947,0.5371724196842743,0.022601042851983076,0.9868387579917908,0.9999558925628662
205,3.418,14,RIGHT_ELBOW,0.36832631911550284,0.53460633187067,-0.06402223060528442,0.9731457829475404,0.9996795654296876
205,3.418,15,LEFT_WRIST,0.6641101723625552,0.6051047415960409,-0.07341964791218442,0.9901385307312012,0.9999581575393676
205,3.418,16,RIGHT_WRIST,0.38562337699390625,0.6015667092232482,-0.1730062408106669,0.963327407836914,0.9996148347854614
205,3.418,17,LEFT_PINKY,0.6745092244375326,0.6260902086893723,-0.09935619504678822,0.981617271900177,0.9998308420181274
205,3.418,18,RIGHT_PINKY,0.38489668000312116,0.6266865503220337,-0.20214875184354347,0.9400729537010192,0.9992794394493104
205,3.418,19,LEFT_INDEX,0.6644645390056434,0.6250108764285138,-0.1483852182115828,0.9825785756111144,0.9998682737350464
205,3.418,20,RIGHT_INDEX,0.39993683213279396,0.62375024954478,-0.2280309640225912,0.9438204169273376,0.9993982315063475
205,3.418,21,LEFT_THUMB,0.6571851429485145,0.6182853636287513,-0.09218266925641475,0.9795585870742798,0.9999274015426636
205,3.418,22,RIGHT_THUMB,0.4042502599103114,0.6160085087730777,-0.1858181045168924,0.9385066628456116,0.9995896220207214
205,3.418,23,LEFT_HIP,0.5602326904024402,0.6229314066114886,-0.004118410282812633,0.9997172951698304,0.9999710321426392
205,3.418,24,RIGHT_HIP,0.45044157192820633,0.6278518012591776,0.0037909242812366037,0.9998839497566224,0.999945878982544
205,3.418,25,LEFT_KNEE,0.5759185183615917,0.7330855642046255,0.059152912348508835,0.9775637984275818,0.9999868869781494
205,3.418,26,RIGHT_KNEE,0.461980087416513,0.7389191559382855,0.12218595509018224,0.9821693897247314,0.9999589920043944
205,3.418,27,LEFT_ANKLE,0.5629068669818702,0.8412567235174642,0.2795875796249937,0.9408520460128784,0.999706208705902
205,3.418,28,RIGHT_ANKLE,0.48388503137089,0.836442879268102,0.39344773122242555,0.97834974527359,0.9997246861457824
205,3.418,29,LEFT_HEEL,0.5509388106209896,0.8528903978211546,0.29087404126212735,0.7780023217201233,0.9992879033088684
205,3.418,30,RIGHT_HEEL,0.4938643078009292,0.8476751617022931,0.41252372236478935,0.8454034924507141,0.9993361830711364
205,3.418,31,LEFT_FOOT_INDEX,0.5716357656887605,0.888019249552773,0.1303358283780871,0.9436187148094176,0.9935988187789916
205,3.418,32,RIGHT_FOOT_INDEX,0.46602705262956207,0.8754294855254044,0.2777710273152308,0.96809321641922,0.9947117567062378
206,3.434,0,NOSE,0.5191019801866446,0.3932243060498014,-0.2887525565567473,0.9999847412109376,0.9999711513519288
206,3.434,1,LEFT_EYE_INNER,0.5265466627620521,0.3829323365574795,-0.26479820552326405,0.9999316930770874,0.999864101409912
206,3.434,2,LEFT_EYE,0.531577709175292,0.3831920496055061,-0.2648026084616073,0.9999282360076904,0.9998729228973388
206,3.434,3,LEFT_EYE_OUTER,0.537049497876849,0.38361555337905917,-0.2647667207888197,0.9999147057533264,0.9998754262924194
206,3.434,4,RIGHT_EYE_INNER,0.5072653350375952,0.3822285036245985,-0.2720451000190919,0.9999359846115112,0.9998378753662108
206,3.434,5,RIGHT_EYE,0.4986282033579695,0.3821556752636322,-0.27198048290752247,0.9999284744262696,0.9998043179512024
206,3.434,6,RIGHT_EYE_OUTER,0.48980370305833404,0.3823062663986573,-0.2719565970557079,0.999922215938568,0.9997653365135192
206,3.434,7,LEFT_EAR,0.5429690196400602,0.3891215849490396,-0.11501261733827142,0.9998498558998108,0.999915361404419
206,3.434,8,RIGHT_EAR,0.4772130151589715,0.3882586998598919,-0.15051008122307924,0.999826192855835,0.9997745156288148
206,3.434,9,MOUTH_LEFT,0.5281913223720738,0.40640139295941347,-0.22998533575307772,0.9999687075614928,0.9999828338623048
206,3.434,10,MOUTH_RIGHT,0.5051532416116629,0.40625663030715253,-0.24043327499003658,0.9999723434448242,0.9999761581420898
206,3.434,11,LEFT_SHOULDER,0.6025283875919529,0.46141282007807816,-0.05763938366657212,0.9999754428863524,0.9999958276748656
206,3.434,12,RIGHT_SHOULDER,0.40777272837502654,0.45836899819828253,-0.07628924186740609,0.9999603033065796,0.9999539852142334
206,3.434,13,LEFT_ELBOW,0.6368326033864709,0.537033319473267,0.022206856270453757,0.9872583150863647,0.9999704360961914
206,3.434,14,RIGHT_ELBOW,0.36638371717362206,0.5339200922421051,-0.07857380204257515,0.9736390113830566,0.9997342228889464
206,3.434,15,LEFT_WRIST,0.6645726703462154,0.6052683251244687,-0.08311579482895991,0.9905800819396972,0.9999773502349854
206,3.434,16,RIGHT_WRIST,0.38561428018978694,0.6007855875151503,-0.19998317815008637,0.964066207408905,0.9997746348381042
206,3.434,17,LEFT_PINKY,0.6753467690377015,0.6265145738919582,-0.11207704139607298,0.9825683236122132,0.9999070167541504
206,3.434,18,RIGHT_PINKY,0.38589294183821937,0.6264883790697375,-0.23349125186602293,0.941514253616333,0.999569833278656
206,3.434,19,LEFT_INDEX,0.6650930926913312,0.625296450796582,-0.1658441395986649,0.9834553003311156,0.9999290704727172
206,3.434,20,RIGHT_INDEX,0.4011533345494955,0.6234121095566528,-0.2677534967660906,0.9449288845062256,0.9996556043624878
206,3.434,21,LEFT_THUMB,0.6575901139350171,0.6183712539218726,-0.10434398267950337,0.9805604815483092,0.9999622106552124
206,3.434,22,RIGHT_THUMB,0.40520489215850863,0.6154500529879621,-0.21474200983842232,0.9397265315055848,0.9997612833976746
206,3.434,23,LEFT_HIP,0.558368719759442,0.6242629119328096,-0.006317662651694916,0.999741554260254,0.9999852180480956
206,3.434,24,RIGHT_HIP,0.44914168261346404,0.6281507128760934,0.005984765344432382,0.9998889565467834,0.999969244003296
206,3.434,25,LEFT_KNEE,0.5739714560054603,0.7377329497110283,0.06711782568267415,0.9792932271957396,0.9999934434890748
206,3.434,26,RIGHT_KNEE,0.46068910757700643,0.7401489587057211,0.15611056344849733,0.9830184578895568,0.9999758005142212
206,3.434,27,LEFT_ANKLE,0.5632203788984395,0.8476803444680721,0.2779945614082475,0.9461884498596193,0.9997839331626892
206,3.434,28,RIGHT_ANKLE,0.4840616370950431,0.8367497268177222,0.4541818272499815,0.9795351028442384,0.9998273253440856
206,3.434,29,LEFT_HEEL,0.5510735199564984,0.860470414161683,0.28709526998656165,0.7899882197380066,0.999456822872162
206,3.434,30,RIGHT_HEEL,0.49450831470035417,0.8486279561406098,0.4754321348099486,0.8518321514129639,0.9995812773704528
206,3.434,31,LEFT_FOOT_INDEX,0.5730910301208502,0.893607097012657,0.1122852324375085,0.9482386708259584,0.9949426054954528
206,3.434,32,RIGHT_FOOT_INDEX,0.46406478257406364,0.875503741559529,0.3395166546106342,0.9700214862823486,0.9969030022621156
207,3.451,0,NOSE,0.5195056569008605,0.39318499394825557,-0.3272173149245129,0.9999857544898988,0.9999239444732666
207,3.451,1,LEFT_EYE_INNER,0.5268456793966751,0.38301453136262475,-0.301014901626678,0.9999366402626038,0.99978107213974
207,3.451,2,LEFT_EYE,0.532066560926892,0.3833203798248658,-0.30103414966946584,0.999933660030365,0.9998014569282532
207,3.451,3,LEFT_EYE_OUTER,0.5374176757676266,0.38375863574800073,-0.3010013302167259,0.9999213218688964,0.9998090863227844
207,3.451,4,RIGHT_EYE_INNER,0.5080525449344094,0.38219552806445567,-0.30925057899384295,0.9999402165412904,0.999721348285675
207,3.451,5,RIGHT_EYE,0.4995071306115109,0.3820610614050005,-0.3091868488561542,0.9999331831932068,0.9996591806411744
207,3.451,6,RIGHT_EYE_OUTER,0.4903160276867099,0.3821305774507072,-0.30915940375555157,0.9999268651008606,0.9995855689048768
207,3.451,7,LEFT_EAR,0.5430517622402742,0.3892653073583334,-0.13914074677796598,0.9998621344566344,0.9998782873153688
207,3.451,8,RIGHT_EAR,0.4773257332188746,0.388149881646747,-0.17926657199859627,0.9998395442962646,0.9995641112327576
207,3.451,9,MOUTH_LEFT,0.5284191086178739,0.40646390545935895,-0.2640888243913653,0.9999711513519288,0.9999594688415528
207,3.451,10,MOUTH_RIGHT,0.505540441899073,0.4061987002690637,-0.2757911696320491,0.999974250793457,0.9999333620071412
207,3.451,11,LEFT_SHOULDER,0.602383644807907,0.4612368600709102,-0.07102295667642641,0.9999775290489196,0.999994158744812
207,3.451,12,RIGHT_SHOULDER,0.4070573122728442,0.4580407227788657,-0.09389188247067594,0.9999575018882751,0.99986732006073
207,3.451,13,LEFT_ELBOW,0.6367333673295527,0.537040838173458,0.012760351944182631,0.987691044807434,0.9999459981918336
207,3.451,14,RIGHT_ELBOW,0.36472711108979755,0.5332749258904235,-0.10998404274384185,0.9716397523880004,0.9992584586143494
207,3.451,15,LEFT_WRIST,0.6652761328788037,0.6056881887572159,-0.11136961586418612,0.9910523295402528,0.9999462366104126
207,3.451,16,RIGHT_WRIST,0.3857070789450694,0.600109599885487,-0.2664201032547726,0.9629342555999756,0.9991042017936708
207,3.451,17,LEFT_PINKY,0.6765266940707257,0.6273532225972136,-0.1462269517637435,0.9834968447685242,0.9997586607933044
207,3.451,18,RIGHT_PINKY,0.3866853004410157,0.6262283438727976,-0.31016031830083785,0.9403513669967652,0.9983991980552672
207,3.451,19,LEFT_INDEX,0.6660878658294684,0.6260097197123942,-0.20493501850536905,0.9843357801437378,0.9998200535774232
207,3.451,20,RIGHT_INDEX,0.40208023928460657,0.6231645970117483,-0.34967508202507414,0.9436230063438416,0.9987130165100098
207,3.451,21,LEFT_THUMB,0.658398364271437,0.6187717233385364,-0.13543399565276654,0.9815803170204164,0.999903917312622
207,3.451,22,RIGHT_THUMB,0.40602950538907767,0.6150212486584987,-0.2849655988670533,0.9385769963264464,0.9990741014480592
207,3.451,23,LEFT_HIP,0.556768105143593,0.6255061853499646,-0.009317422895470509,0.9997628331184388,0.999969720840454
207,3.451,24,RIGHT_HIP,0.4478840615068167,0.6285479522886737,0.0090001094531977,0.9998887777328492,0.9999209642410278
207,3.451,25,LEFT_KNEE,0.5714763033957714,0.7408818545795629,0.059273300071557365,0.980766236782074,0.9999873638153076
207,3.451,26,RIGHT_KNEE,0.4591360390186314,0.7406511306762702,0.2029240163309235,0.982780933380127,0.99992036819458
207,3.451,27,LEFT_ANKLE,0.5636764793168936,0.8538410691987908,0.24695500323460234,0.9507609605789183,0.9993854761123656
207,3.451,28,RIGHT_ANKLE,0.4841500364598778,0.8362420797348029,0.5421251867498675,0.9795520305633544,0.9995885491371156
207,3.451,29,LEFT_HEEL,0.5517474980581379,0.8673589541798554,0.252543258170287,0.796557605266571,0.9983201622962952
207,3.451,30,RIGHT_HEEL,0.49486375564620644,0.8483807558105114,0.5668738157976246,0.8556785583496094,0.9990205764770508
207,3.451,31,LEFT_FOOT_INDEX,0.5735039767764869,0.8973885434014465,0.057888102673348915,0.9519163966178894,0.9848469495773317
207,3.451,32,RIGHT_FOOT_INDEX,0.4624764167127159,0.8751543135870079,0.42948966792651627,0.9707719683647156,0.9930235147476196
208,3.468,0,NOSE,0.5198282258851192,0.3932127640360881,-0.343039324595815,0.9999865889549256,0.999913454055786
208,3.468,1,LEFT_EYE_INNER,0.5270874046144036,0.38313852321533964,-0.31587971605005744,0.9999406337738036,0.9997512698173524
208,3.468,2,LEFT_EYE,0.5324959783327017,0.38348186299914444,-0.315910672148069,0.999938189983368,0.99977308511734
208,3.468,3,LEFT_EYE_OUTER,0.537839341731299,0.38392666975657175,-0.315886063944726,0.9999266862869264,0.9997804760932922
208,3.468,4,RIGHT_EYE_INNER,0.5086716583796914,0.3822298830463776,-0.32415450683661895,0.9999435544013976,0.9996844530105592
208,3.468,5,RIGHT_EYE,0.5001982578209473,0.3820685772668751,-0.32409345536004963,0.9999369978904724,0.9996223449707032
208,3.468,6,RIGHT_EYE_OUTER,0.4907223823524661,0.382060432717914,-0.3240625780253187,0.999930202960968,0.9995474219322203
208,3.468,7,LEFT_EAR,0.5431533995128818,0.38941818901470765,-0.1507624838323821,0.9998722076416016,0.9998558759689332
208,3.468,8,RIGHT_EAR,0.4773749964577816,0.38810252717563115,-0.19100858980701094,0.9998511075973512,0.9995253086090088
208,3.468,9,MOUTH_LEFT,0.5285868020284747,0.40653628962380584,-0.27891402585165864,0.9999732971191406,0.9999608993530272
208,3.468,10,MOUTH_RIGHT,0.5058639134679527,0.40621262221109333,-0.29053002099196146,0.9999759197235109,0.9999361038208008
208,3.468,11,LEFT_SHOULDER,0.6022808523405171,0.46116730712709014,-0.08076228786792075,0.9999793767929076,0.9999933242797852
208,3.468,12,RIGHT_SHOULDER,0.40685393412907955,0.4578022062778477,-0.10117723225128092,0.9999562501907348,0.9998743534088136
208,3.468,13,LEFT_ELBOW,0.6366709328833087,0.5371728312401549,0.0023297224016417075,0.9882221221923828,0.9999443292617798
208,3.468,14,RIGHT_ELBOW,0.36409913642065894,0.5329420339493529,-0.1297463563581308,0.9706714153289796,0.999251902103424
208,3.468,15,LEFT_WRIST,0.6663803032466349,0.606741431213561,-0.13809308764480416,0.9914690852165222,0.9999333620071412
208,3.468,16,RIGHT_WRIST,0.3861306621914821,0.5996822090375997,-0.3092926215557828,0.9624165296554564,0.9991703033447266
208,3.468,17,LEFT_PINKY,0.6779774597712931,0.6287300473167788,-0.17766552347512482,0.9842864274978638,0.9997233748435974
208,3.468,18,RIGHT_PINKY,0.38760532793544616,0.6260011678650271,-0.36022521626381676,0.9400616884231568,0.99864262342453
208,3.468,19,LEFT_INDEX,0.6675059994061794,0.627290118308295,-0.23826298898174667,0.9850987195968628,0.9997819066047668
208,3.468,20,RIGHT_INDEX,0.4031023581822717,0.6229538775625689,-0.4046382882765365,0.9431347846984864,0.9988635778427124
208,3.468,21,LEFT_THUMB,0.6598421874500462,0.6198063067027506,-0.16351050812573673,0.9824330806732178,0.999882698059082
208,3.468,22,RIGHT_THUMB,0.40704712413606225,0.6147146395274576,-0.3312179382358281,0.9379051923751832,0.9991794228553772
208,3.468,23,LEFT_HIP,0.5558439067431864,0.6264958750633972,-0.013752497156106245,0.9997824430465698,0.999962568283081
208,3.468,24,RIGHT_HIP,0.4471985953194758,0.6289268249557137,0.013482161553665254,0.9998881220817566,0.9999080896377563
208,3.468,25,LEFT_KNEE,0.5688551607586094,0.7428741880825595,0.024594364421708224,0.9819886088371276,0.9999830722808838
208,3.468,26,RIGHT_KNEE,0.4573788330668499,0.7408521459216171,0.23517029909860537,0.9819035530090332,0.9998944997787476
208,3.468,27,LEFT_ANKLE,0.5643885930379237,0.8594360351562508,0.17709232671629827,0.95472913980484,0.999339759349823
208,3.468,28,RIGHT_ANKLE,0.48408064955756824,0.8353448056039363,0.607896520977929,0.9785258769989014,0.9995321035385132
208,3.468,29,LEFT_HEEL,0.5528515946297423,0.8732281866527747,0.17859226979670084,0.8049401640892029,0.9982901215553284
208,3.468,30,RIGHT_HEEL,0.4951129796959109,0.8473033677963991,0.6352656611374452,0.8561821579933167,0.9990209341049194
208,3.468,31,LEFT_FOOT_INDEX,0.5734685744558067,0.900148789087932,-0.029959995654367324,0.9551089406013488,0.9862594604492188
208,3.468,32,RIGHT_FOOT_INDEX,0.4600836890084407,0.874755853698368,0.49774902207510857,0.9704554080963136,0.9948623776435852
209,3.484,0,NOSE,0.5200144222804484,0.39325397639047566,-0.3648577701477781,0.9999873638153076,0.9999287128448486
209,3.484,1,LEFT_EYE_INNER,0.527236558142163,0.3832225089981446,-0.3353893912973861,0.9999441504478456,0.9997636675834656
209,3.484,2,LEFT_EYE,0.5328366642906557,0.38358628040268344,-0.3354374993415109,0.9999422430992126,0.9997838139533995
209,3.484,3,LEFT_EYE_OUTER,0.5383073261805948,0.3840512761047911,-0.3354357353278572,0.999931573867798,0.9997934699058532
209,3.484,4,RIGHT_EYE_INNER,0.5090837961151491,0.38227299281529054,-0.3440195378803075,0.9999465942382812,0.9997054934501648
209,3.484,5,RIGHT_EYE,0.5005900902407514,0.3821077332610179,-0.34395685508137686,0.9999403953552246,0.9996479749679564
209,3.484,6,RIGHT_EYE_OUTER,0.4909133130595802,0.38204554574830224,-0.34390911459922824,0.9999332427978516,0.9995867609977722
209,3.484,7,LEFT_EAR,0.5434038497152788,0.389550667433512,-0.1599357837722416,0.9998810887336732,0.9998748302459716
209,3.484,8,RIGHT_EAR,0.47735297963732803,0.3881049979300729,-0.2021643299432029,0.9998613595962524,0.9996148347854614
209,3.484,9,MOUTH_LEFT,0.5286578337351486,0.4066168708460675,-0.29685340183121844,0.999975323677063,0.9999700784683228
209,3.484,10,MOUTH_RIGHT,0.5059419870376591,0.40625700212660326,-0.30887890997387146,0.9999775290489196,0.999951720237732
209,3.484,11,LEFT_SHOULDER,0.6022945699237647,0.4612347966148744,-0.09159107896543686,0.9999810457229614,0.9999957084655762
209,3.484,12,RIGHT_SHOULDER,0.4066599124953864,0.45760837055387993,-0.10466102971917116,0.9999545812606812,0.9999066591262816
209,3.484,13,LEFT_ELBOW,0.6366757353146877,0.5376342137654627,-0.007063779736026356,0.9886344075202942,0.99994957447052
209,3.484,14,RIGHT_ELBOW,0.36438261753036894,0.5329963281041105,-0.14365746435664953,0.9701173305511476,0.9993166923522948
209,3.484,15,LEFT_WRIST,0.6677065974190128,0.6083297105062582,-0.1570520308755694,0.9916698932647704,0.9999382495880128
209,3.484,16,RIGHT_WRIST,0.38687141310601036,0.5997281784103036,-0.35052317380905185,0.9616804718971252,0.9992853999137878
209,3.484,17,LEFT_PINKY,0.6796472299666638,0.6305405469167806,-0.2014775552919934,0.984822392463684,0.9997321963310242
209,3.484,18,RIGHT_PINKY,0.38871756479853703,0.6261092850140169,-0.40664714574813876,0.9394201636314392,0.9987200498580932
209,3.484,19,LEFT_INDEX,0.6693151422909334,0.6291052642322728,-0.26259876361915063,0.9855984449386596,0.9997902512550354
209,3.484,20,RIGHT_INDEX,0.4045553335121703,0.6230144160134458,-0.45500631985210277,0.94227933883667,0.998929798603058
209,3.484,21,LEFT_THUMB,0.6618421957606366,0.6214982668558762,-0.18298950081779858,0.982996702194214,0.9998905658721924
209,3.484,22,RIGHT_THUMB,0.40845753891127484,0.6146314172517691,-0.3745534945101968,0.9370489120483398,0.9992243051528932
209,3.484,23,LEFT_HIP,0.5552498584701906,0.6277512453851252,-0.01852852208096352,0.9998014569282532,0.9999879598617554
209,3.484,24,RIGHT_HIP,0.44634464950788627,0.6294771234194443,0.01832730957262571,0.999888002872467,0.9999552965164183
209,3.484,25,LEFT_KNEE,0.5663129800841927,0.7453050216039028,-0.009416277564707268,0.9831293225288392,0.999992609024048
209,3.484,26,RIGHT_KNEE,0.4560303645474574,0.7412847422418147,0.26114632615021316,0.9796246290206908,0.9999215602874756
209,3.484,27,LEFT_ANKLE,0.5652273552758358,0.8647751268886392,0.13624254489938428,0.9584312438964844,0.9993044137954712
209,3.484,28,RIGHT_ANKLE,0.48404926487377753,0.8349810583250872,0.6740654536655977,0.9763872027397156,0.9995620846748352
209,3.484,29,LEFT_HEEL,0.5540319766317101,0.879306043897357,0.13616040313527705,0.8083361387252808,0.9980521202087402
209,3.484,30,RIGHT_HEEL,0.4955351352691654,0.8472291316304896,0.7047141705240528,0.8530793190002441,0.9990800619125366
209,3.484,31,LEFT_FOOT_INDEX,0.5731958236013146,0.9019250131788715,-0.08698362999019177,0.9581888914108276,0.9840044975280762
209,3.484,32,RIGHT_FOOT_INDEX,0.4559535128729688,0.8745205402374275,0.5612240178244459,0.9694874286651612,0.9957572817802428
210,3.501,0,NOSE,0.5203053837730776,0.39331985229537636,-0.35816925764083896,0.9999880194664,0.9999423027038574
210,3.501,1,LEFT_EYE_INNER,0.527556146894183,0.3832907634122035,-0.32784112152599176,0.9999473690986632,0.9998144507408142
210,3.501,2,LEFT_EYE,0.5333356715383988,0.3836706025259839,-0.3279021751312985,0.999945878982544,0.99982750415802
210,3.501,3,LEFT_EYE_OUTER,0.5389185973576142,0.38417092249507023,-0.3279217155206774,0.9999358057975768,0.9998319149017334
210,3.501,4,RIGHT_EYE_INNER,0.5095762127921699,0.38235013967468656,-0.3372979263464613,0.9999494552612304,0.9997785687446594
210,3.501,5,RIGHT_EYE,0.5009626377196543,0.38218857702754827,-0.337228813341686,0.9999435544013976,0.9997406601905824
210,3.501,6,RIGHT_EYE_OUTER,0.49111976368086724,0.38209900827634935,-0.3371607434181943,0.9999361038208008,0.9996978044509888
210,3.501,7,LEFT_EAR,0.5437423643611732,0.3896841066224238,-0.15127803881963103,0.9998895525932312,0.9998928308486938
210,3.501,8,RIGHT_EAR,0.47729162375132284,0.388196679807845,-0.197002471912475,0.9998712539672852,0.9997240900993348
210,3.501,9,MOUTH_LEFT,0.5287715679123293,0.4068102481819338,-0.28962714189574856,0.9999770522117616,0.9999713897705078
210,3.501,10,MOUTH_RIGHT,0.5059787403969542,0.40636408470925867,-0.3025092950889045,0.9999788999557496,0.999958038330078
210,3.501,11,LEFT_SHOULDER,0.6023398666154776,0.4616237325327741,-0.08933223500138239,0.999982476234436,0.9999945163726808
210,3.501,12,RIGHT_SHOULDER,0.40613720388639574,0.4577466419764931,-0.10104214541968852,0.9999539852142334,0.9999197721481324
210,3.501,13,LEFT_ELBOW,0.6366935060137799,0.5383780910855253,-0.005920290059986523,0.988895833492279,0.9999290704727172
210,3.501,14,RIGHT_ELBOW,0.3652840838545848,0.5337959499586201,-0.14850710545267384,0.9688932299613952,0.9993366599082948
210,3.501,15,LEFT_WRIST,0.6690651632490618,0.6098870720182152,-0.15930081336271207,0.9917129278182985,0.999909281730652
210,3.501,16,RIGHT_WRIST,0.387947336548851,0.6004749678430108,-0.36177322978065163,0.9612267017364502,0.9993415474891664
210,3.501,17,LEFT_PINKY,0.6812576992171158,0.6322358647982285,-0.20476638135455918,0.9851216077804564,0.999630570411682
210,3.501,18,RIGHT_PINKY,0.3899246780645283,0.6270041607675104,-0.41924777201243846,0.9393232464790344,0.998822033405304
210,3.501,19,LEFT_INDEX,0.6714633163951698,0.6309355383827578,-0.26418557905015516,0.9858766198158264,0.9997093081474304
210,3.501,20,RIGHT_INDEX,0.4061585366725925,0.6235015193621323,-0.4677366146019531,0.9419845938682556,0.9990178346633912
210,3.501,21,LEFT_THUMB,0.6641368213154027,0.6232726715859919,-0.18442191538356612,0.98332417011261,0.9998464584350586
210,3.501,22,RIGHT_THUMB,0.41006881566274767,0.6153660757201065,-0.38584163643064984,0.9368159174919128,0.999292016029358
210,3.501,23,LEFT_HIP,0.5549440866424928,0.6294703483581549,-0.02007358636529669,0.9998183250427246,0.9999765157699584
210,3.501,24,RIGHT_HIP,0.4456256812527071,0.6307447609447303,0.019970124454370554,0.9998880624771118,0.999942660331726
210,3.501,25,LEFT_KNEE,0.5646010523750673,0.7469282944997158,-0.03564210005459331,0.98396635055542,0.9999843835830688
210,3.501,26,RIGHT_KNEE,0.45541600812049177,0.742447231497084,0.26636515912555536,0.9760411977767944,0.9999022483825684
210,3.501,27,LEFT_ANKLE,0.5661465156646007,0.8684403782799138,0.08348074635224689,0.9613580107688904,0.9989092350006104
210,3.501,28,RIGHT_ANKLE,0.48401901409739584,0.8354620933532722,0.6942713743164433,0.973529040813446,0.9993886947631836
210,3.501,29,LEFT_HEEL,0.5550396783011305,0.8842286325636373,0.08037833935980288,0.8106567859649658,0.9971494078636168
210,3.501,30,RIGHT_HEEL,0.4959458978403186,0.8483827483086367,0.7259041241237102,0.8513845801353455,0.998663067817688
210,3.501,31,LEFT_FOOT_INDEX,0.5743607736769182,0.9035124211084282,-0.14388271740504685,0.9601786136627196,0.9783913493156432
210,3.501,32,RIGHT_FOOT_INDEX,0.4521054213955293,0.874599842798143,0.5822376608848576,0.9674646854400636,0.9942627549171448
211,3.518,0,NOSE,0.5209674750055591,0.3933341914699195,-0.34843224003201473,0.999988317489624,0.9999098777770996
211,3.518,1,LEFT_EYE_INNER,0.5285218670254667,0.38332856978688956,-0.316686760811579,0.9999494552612304,0.9997448325157166
211,3.518,2,LEFT_EYE,0.5344553504671374,0.38370732182548195,-0.3167559802532199,0.9999481439590454,0.9997573494911194
211,3.518,3,LEFT_EYE_OUTER,0.539986303874425,0.38423018512271734,-0.31678608343714787,0.999938428401947,0.999755084514618
211,3.518,4,RIGHT_EYE_INNER,0.5105690331686115,0.3824643251441777,-0.32645244541622376,0.9999513030052184,0.9997125267982484
211,3.518,5,RIGHT_EYE,0.5019186763536367,0.38232430106117643,-0.3263893978936334,0.9999455213546752,0.9996720552444458
211,3.518,6,RIGHT_EYE_OUTER,0.49191613992055305,0.3822260612533209,-0.32632113638378357,0.9999375939369202,0.9996237754821776
211,3.518,7,LEFT_EAR,0.5444251525969737,0.38985711761883357,-0.13768937899952852,0.9998952746391296,0.999830961227417
211,3.518,8,RIGHT_EAR,0.4773968798773634,0.3883228032361897,-0.18486635954607117,0.9998791813850404,0.9996416568756104
211,3.518,9,MOUTH_LEFT,0.5292015189216255,0.40701026292074327,-0.27926156350544545,0.9999783039093018,0.9999560117721558
211,3.518,10,MOUTH_RIGHT,0.5064364813622979,0.40640528429122225,-0.29241786684308757,0.999979853630066,0.9999414682388306
211,3.518,11,LEFT_SHOULDER,0.6023855067434771,0.46237766175043055,-0.0802644274774052,0.9999836087226868,0.9999901056289672
211,3.518,12,RIGHT_SHOULDER,0.40580310140337295,0.4580634193761012,-0.0933801365040598,0.9999532103538512,0.999893307685852
211,3.518,13,LEFT_ELBOW,0.6367207538513917,0.5395440118653438,-0.0038879729718679303,0.98886376619339,0.9998881816864014
211,3.518,14,RIGHT_ELBOW,0.36578296621640555,0.5349745835576744,-0.14743122316542134,0.9671689867973328,0.999131977558136
211,3.518,15,LEFT_WRIST,0.6703041678383244,0.6116942649795901,-0.1567266732454301,0.9914621114730836,0.9998290538787842
211,3.518,16,RIGHT_WRIST,0.3896941386518028,0.6040019875481021,-0.3661767613320127,0.9600207805633544,0.9990602135658264
211,3.518,17,LEFT_PINKY,0.6825446003959299,0.6339612887019208,-0.20171758887313676,0.984892964363098,0.9993687272071838
211,3.518,18,RIGHT_PINKY,0.3916154205799106,0.6317938339142578,-0.42474085376376236,0.9382044672966005,0.998439610004425
211,3.518,19,LEFT_INDEX,0.673326852775756,0.632819743383499,-0.25896693127495923,0.9856719374656676,0.9994958639144896
211,3.518,20,RIGHT_INDEX,0.4084179770378843,0.6285730543590733,-0.47159332462719555,0.9407334327697754,0.9986857771873474
211,3.518,21,LEFT_THUMB,0.6660206913948066,0.6251537601153061,-0.1810638677506221,0.9830746054649352,0.9997268319129944
211,3.518,22,RIGHT_THUMB,0.4121233977022629,0.6200924231892546,-0.3898237290836519,0.9353746175765992,0.9990597367286682
211,3.518,23,LEFT_HIP,0.5545700987180079,0.6316459349223551,-0.021455704411935193,0.9998325109481812,0.999954342842102
211,3.518,24,RIGHT_HIP,0.4450671261265168,0.632315928027744,0.0214384121465541,0.9998854398727416,0.9999117851257324
211,3.518,25,LEFT_KNEE,0.5633087129819966,0.7491553681237364,-0.05607656123382704,0.984792709350586,0.9999680519104004
211,3.518,26,RIGHT_KNEE,0.45530037085215286,0.7446237206459052,0.27025445444243323,0.9730884432792664,0.99984610080719
211,3.518,27,LEFT_ANKLE,0.5670786187762311,0.8713684252330243,0.05638065060511943,0.9638832211494446,0.9982725381851196
211,3.518,28,RIGHT_ANKLE,0.4839689490341009,0.8363435609000076,0.7104561186972125,0.97025465965271,0.9991276860237122
211,3.518,29,LEFT_HEEL,0.5560501473290584,0.8886658350626635,0.05242238085096082,0.8142432570457458,0.9956820011138916
211,3.518,30,RIGHT_HEEL,0.4962304078397301,0.850245240188781,0.7429300546646125,0.8496920466423035,0.9981794357299804
211,3.518,31,LEFT_FOOT_INDEX,0.5761115182013744,0.9047876426151829,-0.17303312002193372,0.9616692066192628,0.9679917693138124
211,3.518,32,RIGHT_FOOT_INDEX,0.44809442048981113,0.8749912068957382,0.5963956032480517,0.9649396538734436,0.992253601551056
212,3.534,0,NOSE,0.5221801456950964,0.39338000047774574,-0.3878488157476701,0.999989092350006,0.9999470710754396
212,3.534,1,LEFT_EYE_INNER,0.5301890798977448,0.3833446247237073,-0.35139943588347694,0.999953031539917,0.9998276233673096
212,3.534,2,LEFT_EYE,0.5362982977004284,0.3837146489393147,-0.3514776598839535,0.9999518394470216,0.9998395442962646
212,3.534,3,LEFT_EYE_OUTER,0.5416272651581542,0.38424630392165443,-0.35150831795874127,0.9999428391456604,0.9998403787612916
212,3.534,4,RIGHT_EYE_INNER,0.5122199399130689,0.38253508862995,-0.36336837496076346,0.9999547004699708,0.9997900128364564
212,3.534,5,RIGHT_EYE,0.5035243573642917,0.38240567275456055,-0.3633149947438924,0.9999492168426514,0.9997552037239076
212,3.534,6,RIGHT_EYE_OUTER,0.4933801690737411,0.3823188316254392,-0.363245955535344,0.9999414086341858,0.9997110962867736
212,3.534,7,LEFT_EAR,0.5454459474200299,0.39002063444682566,-0.14401082907404228,0.9999027252197266,0.9998880624771118
212,3.534,8,RIGHT_EAR,0.4777387408983144,0.38840011329877977,-0.2052047898372016,0.9998887777328492,0.9996918439865112
212,3.534,9,MOUTH_LEFT,0.5300598229680747,0.40733294543765874,-0.3092234205631985,0.9999799132347108,0.999971866607666
212,3.534,10,MOUTH_RIGHT,0.507338078249069,0.40648089278311983,-0.32558302368436565,0.9999812245368958,0.9999572038650512
212,3.534,11,LEFT_SHOULDER,0.6024108018193931,0.4635591010252639,-0.07375002457272439,0.9999847412109376,0.9999939203262328
212,3.534,12,RIGHT_SHOULDER,0.40536446940331267,0.4584966387067526,-0.10798850761992598,0.9999537467956544,0.9998892545700072
212,3.534,13,LEFT_ELBOW,0.6367773158209671,0.5413332978884384,0.006477727754307644,0.9890419244766236,0.9999465942382812
212,3.534,14,RIGHT_ELBOW,0.36561064351172706,0.5364392740385877,-0.19409586914948068,0.967724859714508,0.9993780851364136
212,3.534,15,LEFT_WRIST,0.6714025764238272,0.6140456767309286,-0.15681710058734544,0.9916974902153016,0.9999247789382936
212,3.534,16,RIGHT_WRIST,0.389290619464148,0.6005772863115588,-0.485781692323231,0.9611201882362366,0.9993829727172852
212,3.534,17,LEFT_PINKY,0.6835558329309742,0.6362767219543464,-0.2030139757054194,0.985342800617218,0.9996575117111206
212,3.534,18,RIGHT_PINKY,0.39148958240236587,0.6267644223712745,-0.5560743666830522,0.940134048461914,0.9988897442817688
212,3.534,19,LEFT_INDEX,0.6747790802092786,0.6351563675063003,-0.26226227127370405,0.986114501953125,0.999739110469818
212,3.534,20,RIGHT_INDEX,0.4080115556716922,0.6222234765688583,-0.6046542227268225,0.9424939155578612,0.999085545539856
212,3.534,21,LEFT_THUMB,0.6673491426876619,0.6274912499246148,-0.1818452867723648,0.9835960865020752,0.9998663663864136
212,3.534,22,RIGHT_THUMB,0.4120517018295473,0.614461569559007,-0.5119380425839202,0.9370582103729248,0.9993762373924256
212,3.534,23,LEFT_HIP,0.5541558208919712,0.6338056297529318,-0.01845414060655798,0.999846875667572,0.999983549118042
212,3.534,24,RIGHT_HIP,0.44446934120995696,0.6342316582089385,0.01852998294911923,0.999888002872467,0.9999552965164183
212,3.534,25,LEFT_KNEE,0.5624515839985444,0.7513572346596498,-0.057056231690304604,0.9850661158561708,0.999980092048645
212,3.534,26,RIGHT_KNEE,0.45556194157827506,0.7480565337907708,0.268753691798165,0.9707010984420776,0.9998934268951416
212,3.534,27,LEFT_ANKLE,0.5677039793559489,0.8741456014769426,0.06878543050871011,0.9657732844352722,0.998976469039917
212,3.534,28,RIGHT_ANKLE,0.48397706378073957,0.8372280853135252,0.7488976603462589,0.9670741558074952,0.9993946552276612
212,3.534,29,LEFT_HEEL,0.5568548554465889,0.8938213813872572,0.06546400004022182,0.8211706876754761,0.9972860813140868
212,3.534,30,RIGHT_HEEL,0.4964093196959727,0.8518161631765827,0.7853454692023148,0.8465959429740906,0.9987720847129822
212,3.534,31,LEFT_FOOT_INDEX,0.5778599466596337,0.906935325690679,-0.17486846588906801,0.9628598093986512,0.9782887697219848
212,3.534,32,RIGHT_FOOT_INDEX,0.4461843839713509,0.87534195752371,0.6243625765755068,0.9621177315711976,0.994891881942749
213,3.551,0,NOSE,0.5235143247104832,0.3935427523794632,-0.3922684888044996,0.999989688396454,0.9999247789382936
213,3.551,1,LEFT_EYE_INNER,0.5321256830578763,0.38346768844695356,-0.35429958786283255,0.9999560117721558,0.9997722506523132
213,3.551,2,LEFT_EYE,0.5383609221095136,0.3838686020601367,-0.35437198621886146,0.9999549388885498,0.9997888207435608
213,3.551,3,LEFT_EYE_OUTER,0.5434183818953383,0.38441913326581356,-0.35438596776553594,0.9999464750289916,0.9997912049293518
213,3.551,4,RIGHT_EYE_INNER,0.5140255405789335,0.38261541866120874,-0.3674391834508808,0.9999574422836304,0.9997212290763856
213,3.551,5,RIGHT_EYE,0.5053527724175231,0.38246512413024936,-0.3674038393156872,0.99995219707489,0.9996742010116576
213,3.551,6,RIGHT_EYE_OUTER,0.4951565095356537,0.38238741244588614,-0.36733290411177166,0.9999443292617798,0.9996170997619628
213,3.551,7,LEFT_EAR,0.5468279492287413,0.3904414943286354,-0.1389883650200708,0.9999093413352966,0.9998610019683838
213,3.551,8,RIGHT_EAR,0.4782292771907084,0.38849964879808,-0.20886676794006728,0.999896764755249,0.999610722064972
213,3.551,9,MOUTH_LEFT,0.5311088051114768,0.40785803113664937,-0.31227840412230745,0.9999812841415404,0.999963641166687
213,3.551,10,MOUTH_RIGHT,0.5083527252787641,0.40672518525804824,-0.33048118296123713,0.9999823570251464,0.999942183494568
213,3.551,11,LEFT_SHOULDER,0.602561255296072,0.465026893786022,-0.06430268039306004,0.999985694885254,0.9999924898147584
213,3.551,12,RIGHT_SHOULDER,0.40493094069617164,0.4591017195156646,-0.12145055049941661,0.9999529123306274,0.999843955039978
213,3.551,13,LEFT_ELBOW,0.6369216867855623,0.5434722048895704,0.01786737179472333,0.9892807602882384,0.9999196529388428
213,3.551,14,RIGHT_ELBOW,0.3645099813029883,0.5379705315544496,-0.25277842794145877,0.967676281929016,0.99895441532135
213,3.551,15,LEFT_WRIST,0.6720845358712338,0.6165883342425034,-0.1537741536185856,0.9918771982192992,0.9998804330825806
213,3.551,16,RIGHT_WRIST,0.38747849208968055,0.5970168624605456,-0.5776165312244783,0.9617875814437866,0.9990656971931458
213,3.551,17,LEFT_PINKY,0.6840834475698931,0.639013929026468,-0.19895314531666908,0.9856802225112916,0.9994970560073853
213,3.551,18,RIGHT_PINKY,0.3900852331093383,0.6221098928224478,-0.6534418506281723,0.941434383392334,0.9985072016716005
213,3.551,19,LEFT_INDEX,0.6757033893040254,0.6378037021273664,-0.2596783552850998,0.9864529371261596,0.9996119141578674
213,3.551,20,RIGHT_INDEX,0.4058608327593126,0.6161260037195121,-0.6910992945943566,0.9436469078063964,0.9987634420394896
213,3.551,21,LEFT_THUMB,0.6680146143549971,0.6299968078022917,-0.17930394198213317,0.9839524626731871,0.9997958540916444
213,3.551,22,RIGHT_THUMB,0.4105112524259662,0.6092150949296503,-0.5993775867280511,0.9379642009735109,0.9991214871406556
213,3.551,23,LEFT_HIP,0.5539581236385169,0.6354660817555025,-0.013365490273350718,0.999859094619751,0.9999693632125854
213,3.551,24,RIGHT_HIP,0.44388572374979696,0.6361467526072553,0.013508493612919493,0.9998854398727416,0.9999068975448608
213,3.551,25,LEFT_KNEE,0.5620647129558387,0.752611906755539,-0.0721832173211234,0.9853431582450868,0.9999711513519288
213,3.551,26,RIGHT_KNEE,0.45592571014449745,0.7522198529470542,0.26499556075959,0.9671319127082824,0.999813973903656
213,3.551,27,LEFT_ANKLE,0.5682340945516319,0.8775115836234328,0.02261575714995461,0.9675005078315736,0.9985224604606628
213,3.551,28,RIGHT_ANKLE,0.4840256642727629,0.837735769294558,0.7583900718461907,0.9623071551322936,0.999141812324524
213,3.551,29,LEFT_HEEL,0.5579291014444265,0.8990794136410676,0.01625517336651686,0.8250483274459839,0.9962749481201172
213,3.551,30,RIGHT_HEEL,0.4963876775332864,0.8522735096159443,0.7963986340023229,0.8411579728126526,0.998336672782898
213,3.551,31,LEFT_FOOT_INDEX,0.5792512439546136,0.9096391087486638,-0.2253996208310129,0.9637852907180786,0.9736812710762024
213,3.551,32,RIGHT_FOOT_INDEX,0.44726991653442427,0.8753539550872085,0.6372890926542742,0.958199143409729,0.9940748810768129
214,3.568,0,NOSE,0.5249438030379164,0.3941471959863394,-0.37643962672778575,0.9999903440475464,0.9999496936798096
214,3.568,1,LEFT_EYE_INNER,0.5341032204173866,0.3839627575306669,-0.3394097827729728,0.999959409236908,0.9998323917388916
214,3.568,2,LEFT_EYE,0.5404234415008913,0.3844253619511926,-0.3394643238612587,0.9999583959579468,0.9998441934585572
214,3.568,3,LEFT_EYE_OUTER,0.5452384068852385,0.38498417962165143,-0.3394494894005007,0.9999505281448364,0.999840497970581
214,3.568,4,RIGHT_EYE_INNER,0.5157899317287268,0.3829704608236043,-0.35241851494425847,0.9999606609344482,0.99980491399765
214,3.568,5,RIGHT_EYE,0.5071363477479849,0.38275700807571444,-0.35239778246198417,0.9999557733535768,0.999778687953949
214,3.568,6,RIGHT_EYE_OUTER,0.49693986205827667,0.3826625063305813,-0.352332766566958,0.999948263168335,0.9997439980506896
214,3.568,7,LEFT_EAR,0.5484471945535574,0.3912097258227215,-0.12853724296603888,0.9999165534973145,0.9998955726623536
214,3.568,8,RIGHT_EAR,0.47883836995987705,0.3887760426316945,-0.20012434962249956,0.9999055862426758,0.9997439980506896
214,3.568,9,MOUTH_LEFT,0.5324320253871742,0.40870273538998236,-0.29913103864306523,0.99998277425766,0.9999765157699584
214,3.568,10,MOUTH_RIGHT,0.5094916706993471,0.40737860543387305,-0.3175095887411211,0.9999836087226868,0.999964475631714
214,3.568,11,LEFT_SHOULDER,0.6029633680979416,0.46660655453091615,-0.05043523208726017,0.9999865889549256,0.9999945163726808
214,3.568,12,RIGHT_SHOULDER,0.40467198689778683,0.45987908896945806,-0.1291028388908932,0.9999533891677856,0.9998778104782104
214,3.568,13,LEFT_ELBOW,0.6373334498632528,0.5457435732796083,0.032995233356597875,0.9893530011177064,0.99994158744812
214,3.568,14,RIGHT_ELBOW,0.3631893850508194,0.539521333717165,-0.2918256507033396,0.9686028361320496,0.999228835105896
214,3.568,15,LEFT_WRIST,0.6727298725219006,0.619181184541612,-0.14369255801041927,0.9920432567596436,0.999880313873291
214,3.568,16,RIGHT_WRIST,0.3851657027289984,0.594642219089327,-0.6364426499321353,0.9641286730766296,0.9995943903923036
214,3.568,17,LEFT_PINKY,0.684435455572038,0.6415489230837146,-0.18625761355672577,0.9860445261001588,0.9995235204696656
214,3.568,18,RIGHT_PINKY,0.38841521172296467,0.6182851933297662,-0.7153539685975945,0.9452847838401794,0.9993791580200196
214,3.568,19,LEFT_INDEX,0.6762717451368065,0.6402037257239938,-0.24751043958323365,0.9868257641792296,0.99962317943573
214,3.568,20,RIGHT_INDEX,0.4037298432418282,0.6118247196787885,-0.7435049556550533,0.9473517537117004,0.9995263814926147
214,3.568,21,LEFT_THUMB,0.6684482807204843,0.632353081589654,-0.1692913210108168,0.9843772649765016,0.9997988343238832
214,3.568,22,RIGHT_THUMB,0.40893982705615856,0.6047116546403799,-0.6542154649893449,0.9416087865829468,0.9996659755706788
214,3.568,23,LEFT_HIP,0.5538964158012758,0.6366677993819834,-0.008680852240927133,0.9998711347579956,0.999984860420227
214,3.568,24,RIGHT_HIP,0.4435691535472873,0.6379845113981344,0.008883844528879374,0.9998852014541626,0.99993097782135
214,3.568,25,LEFT_KNEE,0.5619578588576548,0.7535459143774856,-0.11059008130715009,0.9856727719306946,0.9999788999557496
214,3.568,26,RIGHT_KNEE,0.45620735770180154,0.7559769494192947,0.25853495512689884,0.9638742208480836,0.9998108744621276
214,3.568,27,LEFT_ANKLE,0.5686662253879371,0.8815931762967799,-0.068108316777008,0.9689829349517822,0.9982932209968568
214,3.568,28,RIGHT_ANKLE,0.4841663950965523,0.8384397938137971,0.7391770368530644,0.9516398906707764,0.9989733695983888
214,3.568,29,LEFT_HEEL,0.5589202585674473,0.905001347973234,-0.07963734798665562,0.8292147517204285,0.9954230189323424
214,3.568,30,RIGHT_HEEL,0.49651862751869974,0.8522966390564337,0.77622348637808,0.8270496129989624,0.9982028007507324
214,3.568,31,LEFT_FOOT_INDEX,0.5804349836849036,0.9132085414159874,-0.31912641511077,0.9646663069725036,0.9683510065078736
214,3.568,32,RIGHT_FOOT_INDEX,0.4494600608235318,0.8752544550668634,0.6268318352245155,0.94996839761734,0.9941210150718688
215,3.584,0,NOSE,0.5262748173304972,0.39505854107084765,-0.3520482650824958,0.999991238117218,0.9999860525131226
215,3.584,1,LEFT_EYE_INNER,0.5358409200395862,0.38475991430736756,-0.3171993281160085,0.9999630451202391,0.9999343156814576
215,3.584,2,LEFT_EYE,0.5422240751130245,0.38529721753937896,-0.3172421966280259,0.9999621510505676,0.9999390840530396
215,3.584,3,LEFT_EYE_OUTER,0.5469113247735164,0.3858807881673181,-0.31721353388968,0.9999549984931946,0.9999406337738036
215,3.584,4,RIGHT_EYE_INNER,0.5173703801064269,0.38359118785176993,-0.3291447205202923,0.99996417760849,0.9999185800552368
215,3.584,5,RIGHT_EYE,0.5087018126533149,0.38328633280027513,-0.32913591180528945,0.9999597072601318,0.9999052286148072
215,3.584,6,RIGHT_EYE_OUTER,0.49856887261072835,0.3831521670023604,-0.3290833632151289,0.999952793121338,0.9998893737792968
215,3.584,7,LEFT_EAR,0.5501875848997212,0.3923105952285589,-0.11863196712164657,0.9999238848686218,0.9999597072601318
215,3.584,8,RIGHT_EAR,0.4796072273027333,0.38924289033526493,-0.18558083829425645,0.9999144077301024,0.999894380569458
215,3.584,9,MOUTH_LEFT,0.5338207937422258,0.4097540563061128,-0.27959529984565035,0.9999843835830688,0.9999908208847046
215,3.584,10,MOUTH_RIGHT,0.51049816608429,0.4083142905008229,-0.29675973384153304,0.9999850988388062,0.9999868869781494
215,3.584,11,LEFT_SHOULDER,0.6038303375244146,0.46825911317552876,-0.04247735972915376,0.9999876022338868,0.99999737739563
215,3.584,12,RIGHT_SHOULDER,0.40451137934412307,0.460587668986548,-0.12764829290764682,0.9999560117721558,0.999950647354126
215,3.584,13,LEFT_ELBOW,0.6382605546996714,0.548121001039233,0.0336045311276047,0.9898112416267396,0.9999632835388184
215,3.584,14,RIGHT_ELBOW,0.3621116692111609,0.5407919571513227,-0.2990453917355767,0.970877766609192,0.9995612502098083
215,3.584,15,LEFT_WRIST,0.6732503970464077,0.6217495515233,-0.14019357519490383,0.9924036860466005,0.9999630451202391
215,3.584,16,RIGHT_WRIST,0.3831585148970289,0.5951771963210339,-0.6259713627043231,0.9663255214691162,0.9996833801269532
215,3.584,17,LEFT_PINKY,0.6847420760563447,0.6443840861320501,-0.18032884030115048,0.9867096543312072,0.9998076558113098
215,3.584,18,RIGHT_PINKY,0.38704112597874263,0.6185536043984554,-0.7003144777956469,0.9484890103340148,0.9993120431900024
215,3.584,19,LEFT_INDEX,0.6766146733647307,0.6429146244412383,-0.23927817600114026,0.9874408841133118,0.9998583793640136
215,3.584,20,RIGHT_INDEX,0.4023512019997555,0.6125518140338722,-0.7237134192671101,0.9503492712974548,0.9994714856147766
215,3.584,21,LEFT_THUMB,0.6687809569495071,0.6349891764777054,-0.16470943888028472,0.985104203224182,0.9999322891235352
215,3.584,22,RIGHT_THUMB,0.40791914576575905,0.604391237099966,-0.6408603049459917,0.944849133491516,0.9996559619903564
215,3.584,23,LEFT_HIP,0.5539862229710538,0.6377222708293375,-0.0073070642316624985,0.999882698059082,0.9999947547912598
215,3.584,24,RIGHT_HIP,0.4432036181290948,0.6396403085617799,0.007524469379512979,0.9998906254768372,0.9999797344207764
215,3.584,25,LEFT_KNEE,0.5619671174458101,0.7545693062600642,-0.1559734081938154,0.9863314628601074,0.999990463256836
215,3.584,26,RIGHT_KNEE,0.4560264377366933,0.7581514233634592,0.2673870140597936,0.964923083782196,0.9999325275421144
215,3.584,27,LEFT_ANKLE,0.5690485522860578,0.8854999967983799,-0.1552060786191198,0.9711909294128418,0.9991340041160583
215,3.584,28,RIGHT_ANKLE,0.4843438991478516,0.8392104336193638,0.736847755454836,0.9522207379341124,0.999466836452484
215,3.584,29,LEFT_HEEL,0.5595079802331475,0.9092172299112601,-0.1709460527636112,0.8392003774642944,0.997479259967804
215,3.584,30,RIGHT_HEEL,0.49685893030393735,0.8524500869569331,0.7727327290035437,0.8287259936332703,0.9989368319511414
215,3.584,31,LEFT_FOOT_INDEX,0.5811758836110439,0.9169338146845507,-0.40819321927570196,0.966757595539093,0.9768522381782532
215,3.584,32,RIGHT_FOOT_INDEX,0.4501235740525386,0.8753046535310299,0.6364949941635137,0.9502859115600586,0.9953538179397584
216,3.601,0,NOSE,0.5279322578793485,0.39609201465334243,-0.3073230300630845,0.9999919533729552,0.9999743700027466
216,3.601,1,LEFT_EYE_INNER,0.537581100350335,0.38569450236502184,-0.27636543554919135,0.9999662041664124,0.9999029636383056
216,3.601,2,LEFT_EYE,0.5439854008810866,0.3863157573200411,-0.27640243229411926,0.9999654293060304,0.9999068975448608
216,3.601,3,LEFT_EYE_OUTER,0.5485137417202909,0.38693116676239775,-0.2763693070127853,0.999958872795105,0.9999053478240968
216,3.601,4,RIGHT_EYE_INNER,0.5190404341334394,0.38438007519358713,-0.2867326374564855,0.9999672770500184,0.9998908042907716
216,3.601,5,RIGHT_EYE,0.510383058161963,0.38399016999063074,-0.28672639599868255,0.9999631643295288,0.9998748302459716
216,3.601,6,RIGHT_EYE_OUTER,0.5002886411689582,0.38380130415871067,-0.2866868234816054,0.9999567270278932,0.9998561143875122
216,3.601,7,LEFT_EAR,0.5517087862605146,0.39342984982899293,-0.10288186052015853,0.9999303817749025,0.9999372959136964
216,3.601,8,RIGHT_EAR,0.480489769152233,0.3898288352148877,-0.15949935856319625,0.999922215938568,0.9998643398284912
216,3.601,9,MOUTH_LEFT,0.5355328264690585,0.4108954696428212,-0.24361789652279464,0.9999857544898988,0.9999839067459106
216,3.601,10,MOUTH_RIGHT,0.5118998289108281,0.40937627497173523,-0.2584976312660038,0.9999863505363464,0.999977707862854
216,3.601,11,LEFT_SHOULDER,0.6050635235650204,0.46977331808635214,-0.0360092009816851,0.9999885559082032,0.9999961853027344
216,3.601,12,RIGHT_SHOULDER,0.4043185710906986,0.4615663431939629,-0.11420807739098873,0.9999579787254332,0.999933123588562
216,3.601,13,LEFT_ELBOW,0.6395413591748198,0.5501650032543006,0.026409201900519083,0.9900636076927184,0.999945878982544
216,3.601,14,RIGHT_ELBOW,0.36180628339449594,0.542535455453964,-0.2574951315209981,0.9724515676498412,0.9994015693664552
216,3.601,15,LEFT_WRIST,0.6736752674693159,0.623487307911828,-0.13892887958458497,0.9926875233650208,0.9999244213104248
216,3.601,16,RIGHT_WRIST,0.3823560873667402,0.6012249163218912,-0.5153282880783085,0.9685124158859252,0.9996174573898317
216,3.601,17,LEFT_PINKY,0.6851771218436111,0.6465616481644773,-0.17583463305518748,0.987252116203308,0.9996298551559448
216,3.601,18,RIGHT_PINKY,0.3864986768790657,0.6259167705263415,-0.5778659163486395,0.9517978429794312,0.9992344379425048
216,3.601,19,LEFT_INDEX,0.6768503955432352,0.6450647796903344,-0.23090231134777997,0.9879583120346068,0.9997323155403136
216,3.601,20,RIGHT_INDEX,0.4021440403802057,0.6209758094378885,-0.6013843104952863,0.953516125679016,0.9994391798973083
216,3.601,21,LEFT_THUMB,0.6690130006699342,0.6369752060799377,-0.161552864880789,0.9857019186019896,0.99986732006073
216,3.601,22,RIGHT_THUMB,0.40777395168940267,0.6120124005136042,-0.5287171822218673,0.9481329321861268,0.9996321201324464
216,3.601,23,LEFT_HIP,0.554263552029928,0.6386082995505566,-0.008004697727128137,0.9998925924301147,0.9999899864196776
216,3.601,24,RIGHT_HIP,0.4430027192547211,0.6414060081754418,0.008223556469948474,0.9998906254768372,0.9999617338180542
216,3.601,25,LEFT_KNEE,0.562157293160757,0.7552682246480675,-0.18553886243275247,0.9866557717323304,0.9999828338623048
216,3.601,26,RIGHT_KNEE,0.4556277252378922,0.7595395559356333,0.27290644957905746,0.9625108242034912,0.9998642206192015
216,3.601,27,LEFT_ANKLE,0.5693672469684061,0.8885875287510108,-0.22307981701479088,0.972744345664978,0.9984446167945862
216,3.601,28,RIGHT_ANKLE,0.48450799073491824,0.839894700618018,0.7255018296695898,0.9482569694519044,0.9991335272789
216,3.601,29,LEFT_HEEL,0.5596857922417782,0.9127213075047457,-0.24234383327088208,0.8447145223617554,0.9954310655593872
216,3.601,30,RIGHT_HEEL,0.4972715789363502,0.8527923169590186,0.7597666496322275,0.8259299993515015,0.9982550740242004
216,3.601,31,LEFT_FOOT_INDEX,0.5819454931077508,0.9223144054412851,-0.46888256924493016,0.9680530428886414,0.9644843935966492
216,3.601,32,RIGHT_FOOT_INDEX,0.449976171766009,0.8753540459133338,0.6439643360319598,0.9472297430038452,0.9934074878692628
217,3.618,0,NOSE,0.5298318607466566,0.3968298208145872,-0.26265984064056785,0.9999925494194032,0.9999738931655884
217,3.618,1,LEFT_EYE_INNER,0.5395363001596365,0.38643674765314406,-0.23442257515021753,0.999968409538269,0.9998806715011596
217,3.618,2,LEFT_EYE,0.545884646120526,0.3870965824240733,-0.2344710578521095,0.999967873096466,0.9998897314071656
217,3.618,3,LEFT_EYE_OUTER,0.5503417083195282,0.38770957078252555,-0.23445096824850373,0.9999616742134094,0.9998953342437744
217,3.618,4,RIGHT_EYE_INNER,0.520802551791782,0.38509412038893964,-0.2434810925097695,0.9999693632125854,0.9998544454574584
217,3.618,5,RIGHT_EYE,0.5121176044146225,0.38466353359676575,-0.243467980197498,0.999965488910675,0.9998315572738647
217,3.618,6,RIGHT_EYE_OUTER,0.5020867557752704,0.3844330211480462,-0.2434381629739491,0.999959111213684,0.999809205532074
217,3.618,7,LEFT_EAR,0.5534862620489943,0.3942481960569113,-0.08353869208977338,0.9999350309371948,0.9999364614486694
217,3.618,8,RIGHT_EAR,0.481568181798572,0.3903745966298243,-0.130493924021721,0.999928057193756,0.9998432397842408
217,3.618,9,MOUTH_LEFT,0.5378308182670961,0.41167235658282364,-0.20663317044576024,0.9999869465827942,0.9999876022338868
217,3.618,10,MOUTH_RIGHT,0.5138257968993418,0.41015788487025706,-0.2194445835692544,0.9999874234199524,0.9999821186065674
217,3.618,11,LEFT_SHOULDER,0.6068129823321393,0.47129398442450066,-0.03369655211766561,0.99998939037323,0.9999971389770508
217,3.618,12,RIGHT_SHOULDER,0.40443728225571807,0.4625166583628886,-0.0927756964450791,0.9999592900276184,0.9999524354934692
217,3.618,13,LEFT_ELBOW,0.6411960096586324,0.55220677739098,0.009103517402850475,0.9905462265014648,0.999947428703308
217,3.618,14,RIGHT_ELBOW,0.36158129572868375,0.5445420685268588,-0.1767942075218475,0.9741424322128296,0.9994475245475768
217,3.618,15,LEFT_WRIST,0.6742090895062408,0.6251917396272937,-0.15372749666372945,0.9928960204124452,0.9999562501907348
217,3.618,16,RIGHT_WRIST,0.3833315542766029,0.6129308569998974,-0.3477557329904469,0.9698795080184937,0.9996351003646852
217,3.618,17,LEFT_PINKY,0.6857052502178017,0.6487868939127247,-0.1910020609696707,0.9877063035964966,0.9998053908348083
217,3.618,18,RIGHT_PINKY,0.3872323830922448,0.6403056894029896,-0.39662665980202844,0.9537315964698792,0.9992867112159728
217,3.618,19,LEFT_INDEX,0.6769927399499082,0.6471669617153355,-0.24143662055333473,0.9883536100387572,0.9998537302017212
217,3.618,20,RIGHT_INDEX,0.4036528666814172,0.6373922626177475,-0.425909478039969,0.9552507996559144,0.9994269609451294
217,3.618,21,LEFT_THUMB,0.6691330501011445,0.6388832642918547,-0.17459183292729524,0.9861249327659608,0.9999264478683472
217,3.618,22,RIGHT_THUMB,0.40890834019297684,0.6274770299593613,-0.36183600127697024,0.9500226378440856,0.999609649181366
217,3.618,23,LEFT_HIP,0.5545721479824616,0.6400819392431356,-0.011221962182649512,0.9999021291732788,0.9999938011169434
217,3.618,24,RIGHT_HIP,0.4429158965746565,0.6433600783348089,0.011397150788633553,0.9998944401741028,0.9999749660491944
217,3.618,25,LEFT_KNEE,0.5624546777634398,0.7574938791138792,-0.21435463925202702,0.9874495267868042,0.9999934434890748
217,3.618,26,RIGHT_KNEE,0.4551774845236828,0.7604639359882908,0.28209093071165564,0.962557017803192,0.9999313354492188
217,3.618,27,LEFT_ANKLE,0.5695544992174426,0.893363785176051,-0.28147184990701246,0.9748252630233764,0.999222993850708
217,3.618,28,RIGHT_ANKLE,0.48459637165069624,0.8401869535446175,0.729682434172858,0.9472769498825072,0.9995433688163756
217,3.618,29,LEFT_HEEL,0.5595927692594989,0.9173760953403663,-0.30342806166126646,0.8509083390235901,0.9978262782096864
217,3.618,30,RIGHT_HEEL,0.49754846237954686,0.8529544699759718,0.7632645311809729,0.8250603675842285,0.9991201758384703
217,3.618,31,LEFT_FOOT_INDEX,0.5834313574291417,0.9288110364051101,-0.5236023792198732,0.9701349139213562,0.9824498891830444
217,3.618,32,RIGHT_FOOT_INDEX,0.4496071054821927,0.8754957346689141,0.661998507522402,0.947010576725006,0.9968878626823424
218,3.634,0,NOSE,0.5318200162478861,0.3973713105633149,-0.25202564327489785,0.9999931454658508,0.9999865293502808
218,3.634,1,LEFT_EYE_INNER,0.541504874115899,0.38697329163551364,-0.22410898691131972,0.9999709129333496,0.9999344348907472
218,3.634,2,LEFT_EYE,0.5479430896895278,0.38766318417730816,-0.22417216712520258,0.999970555305481,0.9999430179595948
218,3.634,3,LEFT_EYE_OUTER,0.5524640792892098,0.3883033735411511,-0.22416475486187726,0.9999647736549376,0.9999487400054932
218,3.634,4,RIGHT_EYE_INNER,0.5226495351110191,0.38562514384587643,-0.23339904773803002,0.9999716877937316,0.9999024868011476
218,3.634,5,RIGHT_EYE,0.5138675627254309,0.3851836863018221,-0.2333836754163108,0.9999680519104004,0.9998791217803956
218,3.634,6,RIGHT_EYE_OUTER,0.503893029122126,0.38494444461095934,-0.23336525261402147,0.9999618530273438,0.9998525381088256
218,3.634,7,LEFT_EAR,0.5555547674496973,0.3948114244710835,-0.07522516378334593,0.9999401569366456,0.999971866607666
218,3.634,8,RIGHT_EAR,0.48283293133690286,0.3908192870162786,-0.12257890367791775,0.9999340772628784,0.9998613595962524
218,3.634,9,MOUTH_LEFT,0.5399852764038817,0.41232719449769917,-0.19642230939297464,0.9999881386756896,0.9999938011169434
218,3.634,10,MOUTH_RIGHT,0.5156699532554267,0.4107207315308711,-0.2092599003087908,0.9999884963035583,0.9999885559082032
218,3.634,11,LEFT_SHOULDER,0.6088779738971171,0.47278621508961677,-0.03448209539055824,0.9999902844429016,0.999998927116394
218,3.634,12,RIGHT_SHOULDER,0.4044952506110785,0.4634218769414089,-0.08039662703162151,0.9999603629112244,0.9999449253082277
218,3.634,13,LEFT_ELBOW,0.6431497676031936,0.5541260327611656,-0.002556092283200606,0.9910898208618164,0.999976396560669
218,3.634,14,RIGHT_ELBOW,0.361334323883057,0.5466094641458425,-0.11809345512163077,0.9760382771492004,0.9993829727172852
218,3.634,15,LEFT_WRIST,0.6749328403245841,0.6268426236652198,-0.16673340541975848,0.9932550191879272,0.9999817609786988
218,3.634,16,RIGHT_WRIST,0.383650640646617,0.6190458507764913,-0.24968949457009657,0.9710736870765686,0.999525785446167
218,3.634,17,LEFT_PINKY,0.6863947595868798,0.6509402564593729,-0.20549620687961592,0.9883622527122498,0.9999017715454102
218,3.634,18,RIGHT_PINKY,0.3871169856616432,0.6466582531020761,-0.2920821003970648,0.9553205370903016,0.999016284942627
218,3.634,19,LEFT_INDEX,0.6774206189882195,0.6492988410450169,-0.25257516545908815,0.9889549016952516,0.9999263286590576
218,3.634,20,RIGHT_INDEX,0.403740675676437,0.6439973939032787,-0.33004251051516786,0.9566444158554076,0.99919992685318
218,3.634,21,LEFT_THUMB,0.6695580113501782,0.6407965364910313,-0.18629063736824775,0.986813485622406,0.9999653100967408
218,3.634,22,RIGHT_THUMB,0.4090155888171427,0.6346941561925985,-0.26688997163659073,0.9516869187355042,0.9994580149650574
218,3.634,23,LEFT_HIP,0.5550109176408682,0.6418102553912577,-0.013743212623965127,0.9999110102653505,0.999996304512024
218,3.634,24,RIGHT_HIP,0.4428195924985981,0.6457074965749474,0.013876112954070124,0.9998982548713684,0.9999734163284302
218,3.634,25,LEFT_KNEE,0.5626129252570021,0.7598400172733132,-0.24125281402042953,0.9882102012634276,0.9999946355819702
218,3.634,26,RIGHT_KNEE,0.45488656702495794,0.7617430317969556,0.2928195042269573,0.9630099534988404,0.9998934268951416
218,3.634,27,LEFT_ANKLE,0.5695229087557117,0.8983535142171959,-0.3434945387499676,0.9766591191291808,0.9988588094711304
218,3.634,28,RIGHT_ANKLE,0.48467191769963264,0.8403922149113254,0.7628625858397717,0.9435856342315674,0.999090313911438
218,3.634,29,LEFT_HEEL,0.5593892392658057,0.9230628950255266,-0.3683605236666546,0.8565980792045593,0.9966400861740112
218,3.634,30,RIGHT_HEEL,0.4979025253227783,0.853361095700946,0.7987031312215903,0.8178074955940247,0.9983888864517212
218,3.634,31,LEFT_FOOT_INDEX,0.5848244797615783,0.9367205528985896,-0.5954865188825703,0.9718191027641296,0.9710884690284728
218,3.634,32,RIGHT_FOOT_INDEX,0.44971407169387495,0.8754860900697262,0.7055562138557441,0.9442240595817566,0.9946240186691284
219,3.651,0,NOSE,0.5339708526929224,0.39760239209447623,-0.2346812727905457,0.9999936819076538,0.9999812841415404
219,3.651,1,LEFT_EYE_INNER,0.5436236177171985,0.3872260990596956,-0.20791596741903412,0.9999729990959167,0.9999138116836548
219,3.651,2,LEFT_EYE,0.5500872390610836,0.3879510973181047,-0.20798059091681542,0.9999727606773376,0.9999231100082396
219,3.651,3,LEFT_EYE_OUTER,0.5547908544540411,0.3886406875792008,-0.20797254712808713,0.999967396259308,0.9999302625656128
219,3.651,4,RIGHT_EYE_INNER,0.5244548661368239,0.38587131244795697,-0.21801184188751965,0.9999735951423644,0.9998756647109984
219,3.651,5,RIGHT_EYE,0.515556170826867,0.38543911774953243,-0.21799207514240646,0.9999701380729676,0.9998462200164796
219,3.651,6,RIGHT_EYE_OUTER,0.5056362379164927,0.38521397681463365,-0.21796900033950822,0.9999640583992004,0.9998151659965516
219,3.651,7,LEFT_EAR,0.5577147830100292,0.39514339395931825,-0.06484332237215272,0.999944031238556,0.9999606609344482
219,3.651,8,RIGHT_EAR,0.4841629209972567,0.3910749668166754,-0.11172515082926984,0.9999392032623292,0.9998262524604796
219,3.651,9,MOUTH_LEFT,0.5422767145293105,0.41272336244583163,-0.18221966567493636,0.9999891519546508,0.9999901056289672
219,3.651,10,MOUTH_RIGHT,0.5175885841960004,0.41099015871683797,-0.1957262137106488,0.9999894499778748,0.9999828338623048
219,3.651,11,LEFT_SHOULDER,0.611016818455288,0.47419383128484127,-0.03235267262373652,0.9999909996986388,0.9999983310699464
219,3.651,12,RIGHT_SHOULDER,0.4045491658505943,0.46448294321696004,-0.07272497387159442,0.9999607801437378,0.9999264478683472
219,3.651,13,LEFT_ELBOW,0.6451699847266794,0.5558490696407505,-0.008546360280542082,0.9914425611495972,0.999964714050293
219,3.651,14,RIGHT_ELBOW,0.3609623341333302,0.5490528997920814,-0.08482973029216136,0.9779089093208312,0.9991798996925354
219,3.651,15,LEFT_WRIST,0.6760745928401045,0.6286979317665107,-0.1749494764066879,0.993457853794098,0.9999699592590332
219,3.651,16,RIGHT_WRIST,0.3838608832586383,0.6253203267142892,-0.174898833746002,0.9721396565437316,0.999297261238098
219,3.651,17,LEFT_PINKY,0.6873154157683969,0.6534552403858735,-0.21532429541860326,0.98874694108963,0.9998252987861632
219,3.651,18,RIGHT_PINKY,0.38627632884752217,0.6537602827662519,-0.2127795460678284,0.956464946269989,0.9983878135681152
219,3.651,19,LEFT_INDEX,0.6784069992247088,0.6519736392157425,-0.26196843243780615,0.9892899990081788,0.999876856803894
219,3.651,20,RIGHT_INDEX,0.4031100117024925,0.6509461204210922,-0.2483758756092619,0.9575943350791932,0.9987632036209106
219,3.651,21,LEFT_THUMB,0.6706262912069054,0.6432863615808039,-0.19467662416753329,0.9871851205825806,0.999942183494568
219,3.651,22,RIGHT_THUMB,0.40856100973628856,0.6426270348685135,-0.19018308605466588,0.952893853187561,0.9991924166679382
219,3.651,23,LEFT_HIP,0.5556199550628667,0.6439041495323187,-0.01430034726148557,0.9999189376831056,0.9999970197677612
219,3.651,24,RIGHT_HIP,0.44280030471938037,0.6483645353998462,0.014411464643975046,0.9999008178710938,0.9999774694442748
219,3.651,25,LEFT_KNEE,0.5627468966302422,0.7630881979351959,-0.25068769994236195,0.9887032508850098,0.9999922513961792
219,3.651,26,RIGHT_KNEE,0.4548696236951014,0.7634095010303322,0.288105117423194,0.9620964527130128,0.9998584985733032
219,3.651,27,LEFT_ANKLE,0.5696079901286539,0.903710487343017,-0.3529606837601892,0.9780970215797424,0.9986805319786072
219,3.651,28,RIGHT_ANKLE,0.48466736220178186,0.8404302710578563,0.7579280847594858,0.9373185038566588,0.9988359808921814
219,3.651,29,LEFT_HEEL,0.5592808382851742,0.9270915729658952,-0.37849832858358146,0.8607563972473145,0.9960259199142456
219,3.651,30,RIGHT_HEEL,0.49805318457739733,0.8534632807686223,0.7935747192019516,0.8072565197944641,0.997923731803894
219,3.651,31,LEFT_FOOT_INDEX,0.5865432052385244,0.9445258776346852,-0.5988638656479977,0.973072350025177,0.9653586745262146
219,3.651,32,RIGHT_FOOT_INDEX,0.45034101179667924,0.8757455519267499,0.706215109143939,0.9394382238388062,0.9934278130531312
220,3.668,0,NOSE,0.536087810993195,0.3980484718368171,-0.2429244128011524,0.999994158744812,0.9999862909317015
220,3.668,1,LEFT_EYE_INNER,0.5459695543561668,0.38758396392776884,-0.21578726740110504,0.9999748468399048,0.999933123588562
220,3.668,2,LEFT_EYE,0.5524663300741292,0.3883510572569715,-0.2158434383925939,0.99997478723526,0.9999381303787231
220,3.668,3,LEFT_EYE_OUTER,0.5573546914827261,0.3891073252473562,-0.21582457636083888,0.999969720840454,0.999942183494568
220,3.668,4,RIGHT_EYE_INNER,0.526366219634102,0.38620595846857375,-0.22701425637517675,0.9999753832817078,0.9999121427536012
220,3.668,5,RIGHT_EYE,0.5172757477987385,0.38578383269764166,-0.2269827567395712,0.99997216463089,0.999894380569458
220,3.668,6,RIGHT_EYE_OUTER,0.507428524040041,0.3855803637277516,-0.22695168498016557,0.9999662041664124,0.9998766183853148
220,3.668,7,LEFT_EAR,0.5604662015324552,0.39568252364794443,-0.06941954472235272,0.9999477863311768,0.9999666213989258
220,3.668,8,RIGHT_EAR,0.4858532817590808,0.39144340299424707,-0.11893967042366674,0.999944031238556,0.9998946189880372
220,3.668,9,MOUTH_LEFT,0.5446114852314908,0.4132862843218307,-0.1884563238847825,0.9999900460243224,0.9999923706054688
220,3.668,10,MOUTH_RIGHT,0.519409386884599,0.4113756588527138,-0.20266299801213417,0.9999902844429016,0.9999886751174928
220,3.668,11,LEFT_SHOULDER,0.6135559819993525,0.4756431607973012,-0.03641555405088833,0.9999916553497314,0.9999980926513672
220,3.668,12,RIGHT_SHOULDER,0.40454443153880926,0.465888863518125,-0.07985665791091467,0.9999619722366332,0.9999581575393676
220,3.668,13,LEFT_ELBOW,0.6473436724571962,0.5577332434200111,-0.010094702909035299,0.991844654083252,0.9999581575393676
220,3.668,14,RIGHT_ELBOW,0.360785612038204,0.5517580367269975,-0.07661250056255435,0.979690670967102,0.9994155168533324
220,3.668,15,LEFT_WRIST,0.6778827877271749,0.6308704614639289,-0.18233493325256178,0.9935188293457032,0.9999512434005736
220,3.668,16,RIGHT_WRIST,0.38394237416131194,0.6293921101660962,-0.16952322707289758,0.9734917879104614,0.9994947910308838
220,3.668,17,LEFT_PINKY,0.6887132298378724,0.6560008752913709,-0.2246345288696745,0.9889031648635864,0.9997437596321106
220,3.668,18,RIGHT_PINKY,0.38479363776388653,0.6575453763916386,-0.21085972729183391,0.9580665230751038,0.9987779259681702
220,3.668,19,LEFT_INDEX,0.6800405468259545,0.6547385681243176,-0.27469611664613114,0.9894136190414428,0.9998080134391784
220,3.668,20,RIGHT_INDEX,0.4021379323232745,0.6547315603210819,-0.24749924384412333,0.959050953388214,0.999049961566925
220,3.668,21,LEFT_THUMB,0.6725368244307388,0.6460496612957551,-0.20403308456852337,0.98735111951828,0.9999079704284668
220,3.668,22,RIGHT_THUMB,0.4079396667934603,0.6466886486325951,-0.18545664492107589,0.9545878171920776,0.9993732571601868
220,3.668,23,LEFT_HIP,0.5564641186169221,0.6464364727338161,-0.012972014157899765,0.9999257922172546,0.9999959468841552
220,3.668,24,RIGHT_HIP,0.4429955283800765,0.6513748168945319,0.013091568790730916,0.9999011158943176,0.9999758005142212
220,3.668,25,LEFT_KNEE,0.5628257138388503,0.7664095191728508,-0.24357195979072954,0.9893061518669128,0.9999927282333374
220,3.668,26,RIGHT_KNEE,0.4550756003175467,0.7645620817229868,0.2813362635317306,0.9616104364395142,0.9998700618743896
220,3.668,27,LEFT_ANKLE,0.5697853735515055,0.9077417538279587,-0.3244700956912271,0.9795750975608826,0.9986683130264282
220,3.668,28,RIGHT_ANKLE,0.4846507381825224,0.8405205437115268,0.7391572850091124,0.9334017038345336,0.9989608526229858
220,3.668,29,LEFT_HEEL,0.5594223964781992,0.9285648323240744,-0.3490998085056035,0.8648285269737244,0.9959980249404908
220,3.668,30,RIGHT_HEEL,0.4981955006009061,0.8535260132380902,0.7735401505515695,0.8016916513442993,0.9981081485748292
220,3.668,31,LEFT_FOOT_INDEX,0.5873577083860131,0.9506198593548375,-0.5663668683597025,0.9746288657188416,0.96751606464386
220,3.668,32,RIGHT_FOOT_INDEX,0.4513159621329539,0.8761999124572398,0.6864429740678704,0.9368534684181212,0.99418842792511
221,3.684,0,NOSE,0.5385334633645562,0.3987154236861641,-0.260769783031373,0.999994695186615,0.9999849796295166
221,3.684,1,LEFT_EYE_INNER,0.5488056625638694,0.38813620947656213,-0.23116056975864252,0.9999770522117616,0.9999301433563232
221,3.684,2,LEFT_EYE,0.5553032841001243,0.3889307351339435,-0.2312308202187222,0.9999770522117616,0.9999366998672484
221,3.684,3,LEFT_EYE_OUTER,0.5603970175697695,0.3897376798448112,-0.2312415078991937,0.999972403049469,0.9999407529830932
221,3.684,4,RIGHT_EYE_INNER,0.5287066584541689,0.38675630234536706,-0.24177208826655455,0.9999774694442748,0.9999055862426758
221,3.684,5,RIGHT_EYE,0.5194127985409333,0.3863347995848886,-0.24175256561665326,0.9999745488166808,0.999886989593506
221,3.684,6,RIGHT_EYE_OUTER,0.5096782417524433,0.3861755813871115,-0.24175161974770704,0.9999690651893616,0.9998658895492554
221,3.684,7,LEFT_EAR,0.5638582621301929,0.39644460167203666,-0.08621747312801228,0.99995219707489,0.9999635219573976
221,3.684,8,RIGHT_EAR,0.48810213662329216,0.39206697969209614,-0.13862994809945436,0.9999492168426514,0.9998682737350464
221,3.684,9,MOUTH_LEFT,0.5474565227826441,0.41402639235769034,-0.20057376438663133,0.999990940093994,0.9999914169311525
221,3.684,10,MOUTH_RIGHT,0.5218956101508372,0.4119831848712198,-0.21565977093719318,0.9999911785125732,0.9999874830245972
221,3.684,11,LEFT_SHOULDER,0.6168659755161836,0.4772292744545714,-0.048828894715933574,0.999992311000824,0.999997615814209
221,3.684,12,RIGHT_SHOULDER,0.40466316541036007,0.4674686888853713,-0.09831322765066514,0.9999635219573976,0.9999510049819946
221,3.684,13,LEFT_ELBOW,0.649809496743339,0.5598995344979427,-0.016837590196657724,0.9919734597206116,0.9999537467956544
221,3.684,14,RIGHT_ELBOW,0.36089242498079965,0.5542345501127702,-0.09008627526816873,0.9812901616096495,0.9994433522224426
221,3.684,15,LEFT_WRIST,0.680014468374707,0.6334102295693902,-0.1903445919354758,0.993627905845642,0.9999510049819946
221,3.684,16,RIGHT_WRIST,0.38350004383495906,0.6318920339856835,-0.19135822213831416,0.9748966097831726,0.9993662238121032
221,3.684,17,LEFT_PINKY,0.6905243311609548,0.6590665635608497,-0.23274232518105298,0.989160418510437,0.9997223019599916
221,3.684,18,RIGHT_PINKY,0.3823956194378084,0.6601280967394517,-0.23451880472047007,0.9599037766456604,0.9983204007148744
221,3.684,19,LEFT_INDEX,0.6820804107756848,0.6580583566711069,-0.2863607917513169,0.9896581172943116,0.9997974038124084
221,3.684,20,RIGHT_INDEX,0.40029579542932087,0.6573478522754856,-0.27246562072208974,0.9608336687088012,0.9986945986747742
221,3.684,21,LEFT_THUMB,0.6748460644767404,0.6493661261740191,-0.21393257237616053,0.987705647945404,0.9999030828475952
221,3.684,22,RIGHT_THUMB,0.40656252134413984,0.6491162067367924,-0.20809891536122294,0.956776797771454,0.9991589784622192
221,3.684,23,LEFT_HIP,0.5574749112129216,0.6501365985189171,-0.01132681176421184,0.9999316930770874,0.9999961853027344
221,3.684,24,RIGHT_HIP,0.4431347917942778,0.6548621654510505,0.011452361187409745,0.9999033212661744,0.9999797344207764
221,3.684,25,LEFT_KNEE,0.5630453938529609,0.7695359644435709,-0.22137357081685763,0.9899370670318604,0.9999929666519164
221,3.684,26,RIGHT_KNEE,0.4551687779880709,0.7649531818571552,0.278665390752611,0.9630856513977052,0.9998979568481444
221,3.684,27,LEFT_ANKLE,0.5700810296194899,0.9096624482245681,-0.2564686174903599,0.9809858202934264,0.9983227849006652
221,3.684,28,RIGHT_ANKLE,0.4846520622571314,0.8406319476309284,0.7232454589435039,0.9342889189720154,0.9989305138587952
221,3.684,29,LEFT_HEEL,0.5597092537652884,0.9266021421977461,-0.27779014869814844,0.8697774410247803,0.9943600296974182
221,3.684,30,RIGHT_HEEL,0.4984136337325691,0.8536267507643935,0.7564952259971989,0.8026048541069031,0.9978557229042052
221,3.684,31,LEFT_FOOT_INDEX,0.5865645692462018,0.9554928001903362,-0.4896738259565267,0.975993037223816,0.946253776550293
221,3.684,32,RIGHT_FOOT_INDEX,0.45236090393293504,0.8770907180649902,0.6705820617221657,0.9375397562980652,0.9899013042449952
222,3.701,0,NOSE,0.5417053387278608,0.3997824305579779,-0.2825500730957306,0.9999951124191284,0.9999868869781494
222,3.701,1,LEFT_EYE_INNER,0.5522404313087468,0.389128372782753,-0.25174253398463864,0.9999788403511048,0.9999361038208008
222,3.701,2,LEFT_EYE,0.55869034642265,0.38990440964698825,-0.25181504587332426,0.9999788999557496,0.9999407529830932
222,3.701,3,LEFT_EYE_OUTER,0.5638642963908973,0.3906941413879398,-0.25183803552672995,0.9999746084213256,0.9999430179595948
222,3.701,4,RIGHT_EYE_INNER,0.5317382415135706,0.38780995210011837,-0.26157790067650044,0.9999791383743286,0.9999170303344728
222,3.701,5,RIGHT_EYE,0.5223449071248377,0.3873878121376041,-0.2615617520752409,0.9999765157699584,0.9999014139175416
222,3.701,6,RIGHT_EYE_OUTER,0.5126713400795351,0.3872659546988354,-0.26157699951103774,0.9999712705612184,0.9998831748962402
222,3.701,7,LEFT_EAR,0.5673853925296244,0.3973714425450283,-0.11191295655000784,0.9999557733535768,0.9999632835388184
222,3.701,8,RIGHT_EAR,0.4910846877665751,0.393073590028854,-0.16659972320000344,0.9999535083770752,0.999891996383667
222,3.701,9,MOUTH_LEFT,0.5509497693606791,0.4151252394630799,-0.218204370566777,0.9999917149543762,0.9999921321868896
222,3.701,10,MOUTH_RIGHT,0.5253575415838337,0.41304818789164266,-0.2339364623739608,0.9999919533729552,0.9999892711639404
222,3.701,11,LEFT_SHOULDER,0.6205037321363183,0.47870448657444586,-0.07356210265840807,0.9999929070472716,0.9999977350234984
222,3.701,12,RIGHT_SHOULDER,0.4049869208108815,0.46940712134043416,-0.12025549653030584,0.9999650716781616,0.9999661445617676
222,3.701,13,LEFT_ELBOW,0.6526441886311491,0.5620975636300591,-0.031938971818557794,0.992224395275116,0.999956488609314
222,3.701,14,RIGHT_ELBOW,0.36124228863489094,0.5567111429714027,-0.10083397797175825,0.9826720356941224,0.999594509601593
222,3.701,15,LEFT_WRIST,0.6823448964527681,0.6360820844059905,-0.2045629414774124,0.993693232536316,0.9999431371688844
222,3.701,16,RIGHT_WRIST,0.3823445978618807,0.6345477501551315,-0.20578780912217653,0.9762665629386902,0.9995457530021667
222,3.701,17,LEFT_PINKY,0.6926931767236626,0.6620997502690276,-0.24600147278535955,0.9893448948860168,0.9996970891952516
222,3.701,18,RIGHT_PINKY,0.37887400814465144,0.6631208743367882,-0.2487495761542095,0.9617581367492676,0.9987930059432985
222,3.701,19,LEFT_INDEX,0.684117686180842,0.6613432140577413,-0.3030172997996924,0.9898287057876588,0.9997707009315492
222,3.701,20,RIGHT_INDEX,0.39728637678282636,0.6605391672679362,-0.29020947005067577,0.9626478552818298,0.999057948589325
222,3.701,21,LEFT_THUMB,0.6770193889027556,0.6526150022234242,-0.22977786404745937,0.9879860877990724,0.9998881816864014
222,3.701,22,RIGHT_THUMB,0.4040451872916452,0.6521632245608744,-0.22420943351019013,0.9589497447013856,0.9993884563446044
222,3.701,23,LEFT_HIP,0.5586982624871396,0.6536413062186475,-0.01141951676635511,0.9999366998672484,0.999995231628418
222,3.701,24,RIGHT_HIP,0.4433210449559352,0.6576155424118049,0.011554854567207024,0.999902844429016,0.9999748468399048
222,3.701,25,LEFT_KNEE,0.5633659022195003,0.7731011595044824,-0.18283591596853177,0.99043470621109,0.9999936819076538
222,3.701,26,RIGHT_KNEE,0.4552718400955204,0.7652612952958977,0.2823536537942435,0.96294903755188,0.999893069267273
222,3.701,27,LEFT_ANKLE,0.5703488645099464,0.9112718133699336,-0.16688397704135816,0.9822235107421876,0.9983270764350892
222,3.701,28,RIGHT_ANKLE,0.4846650390397939,0.8406325408390598,0.7247981031735745,0.9336420893669128,0.9989450573921204
222,3.701,29,LEFT_HEEL,0.560051784628914,0.9252606914156968,-0.18468131018536443,0.8716809153556824,0.9946151375770568
222,3.701,30,RIGHT_HEEL,0.4986385603745783,0.8535112057413382,0.758535299982344,0.8023539781570435,0.997952163219452
222,3.701,31,LEFT_FOOT_INDEX,0.5840410448255998,0.9621672091029947,-0.39020709338642334,0.9771633744239808,0.9550732374191284
222,3.701,32,RIGHT_FOOT_INDEX,0.45278697496368814,0.8782327998252151,0.67622063557307,0.937380313873291,0.9915105104446412
223,3.718,0,NOSE,0.5449328479312721,0.40091895489465657,-0.2966569988500507,0.9999954104423524,0.99997079372406
223,3.718,1,LEFT_EYE_INNER,0.5558904097193769,0.3902585974761421,-0.2658425377947946,0.9999800324440002,0.9998725652694702
223,3.718,2,LEFT_EYE,0.5623975992202763,0.39101030571120166,-0.2659074564774833,0.9999802112579346,0.9998838901519777
223,3.718,3,LEFT_EYE_OUTER,0.5676407161213108,0.39175897410937754,-0.26592666620299954,0.9999760985374452,0.999887466430664
223,3.718,4,RIGHT_EYE_INNER,0.5349195117042183,0.3890132350581037,-0.27484828659466365,0.9999801516532898,0.999830722808838
223,3.718,5,RIGHT_EYE,0.5254741396222801,0.3885941590581625,-0.27482039729754154,0.9999777674674988,0.9997991919517516
223,3.718,6,RIGHT_EYE_OUTER,0.5158527096112574,0.38850758331162616,-0.2748296204067414,0.999972641468048,0.9997585415840148
223,3.718,7,LEFT_EAR,0.5717063006900611,0.3984469075997674,-0.131655592648756,0.999957799911499,0.9999241828918456
223,3.718,8,RIGHT_EAR,0.49447423787344114,0.3942286641824816,-0.18732134855928886,0.9999567270278932,0.9997538924217224
223,3.718,9,MOUTH_LEFT,0.5546703054791411,0.41629464001882677,-0.23033132226694214,0.999992311000824,0.9999823570251464
223,3.718,10,MOUTH_RIGHT,0.5288824666114085,0.41422303233827906,-0.24621075746558985,0.9999924898147584,0.9999749660491944
223,3.718,11,LEFT_SHOULDER,0.6246274567785723,0.4803782517001746,-0.09413026184553197,0.9999933242797852,0.999996304512024
223,3.718,12,RIGHT_SHOULDER,0.4059912477220811,0.47096899435633743,-0.13457458750123077,0.9999655485153198,0.9999362230300904
223,3.718,13,LEFT_ELBOW,0.6557143784704669,0.5646655332474486,-0.04514319232354559,0.9921100735664368,0.9999449253082277
223,3.718,14,RIGHT_ELBOW,0.3614789389428642,0.5586165501957853,-0.10372960567474374,0.9837215542793274,0.9994470477104188
223,3.718,15,LEFT_WRIST,0.6852712517692936,0.639426938125066,-0.21760784941060218,0.9935940504074096,0.99992036819458
223,3.718,16,RIGHT_WRIST,0.3804474685873307,0.6373521827516108,-0.20807105941431878,0.9769954085350036,0.9991934895515442
223,3.718,17,LEFT_PINKY,0.6953394526527048,0.6659845170520606,-0.25887023054418135,0.9892764687538148,0.9995860457420348
223,3.718,18,RIGHT_PINKY,0.3744632388864248,0.666096434706734,-0.251944116893269,0.962614357471466,0.997919738292694
223,3.718,19,LEFT_INDEX,0.6861482489676709,0.6651463168007994,-0.3174393914994742,0.989764392375946,0.9996811151504515
223,3.718,20,RIGHT_INDEX,0.3932181696097059,0.6639015504292085,-0.2977461488473986,0.9635061025619508,0.998313307762146
223,3.718,21,LEFT_THUMB,0.679079419090635,0.6564282320794611,-0.2434755847567606,0.98802649974823,0.999840259552002
223,3.718,22,RIGHT_THUMB,0.4005097207568944,0.6556329443341216,-0.228619789793378,0.9602097868919371,0.9989217519760132
223,3.718,23,LEFT_HIP,0.5603354261035016,0.6577950574102862,-0.012862468093988381,0.9999406337738036,0.9999939203262328
223,3.718,24,RIGHT_HIP,0.44345457355181417,0.6604751121430176,0.012991886452904765,0.9999004602432252,0.9999661445617676
223,3.718,25,LEFT_KNEE,0.5637305322147557,0.778439504759653,-0.14154553519827986,0.9907732009887696,0.9999920129776
223,3.718,26,RIGHT_KNEE,0.455372790495555,0.765355669316792,0.2916035765693304,0.9624455571174622,0.9998642206192015
223,3.718,27,LEFT_ANKLE,0.5705117157527384,0.9169464877673568,-0.09994369248549151,0.983267068862915,0.9980816841125488
223,3.718,28,RIGHT_ANKLE,0.48460552947861846,0.8402597336542046,0.7344649973369788,0.9322404265403748,0.9987084865570068
223,3.718,29,LEFT_HEEL,0.5602601198923025,0.9285259502274658,-0.11345441639423379,0.8742194771766663,0.9937307834625244
223,3.718,30,RIGHT_HEEL,0.4987043795131506,0.8528247276941943,0.768797627517156,0.8007873892784119,0.99751877784729
223,3.718,31,LEFT_FOOT_INDEX,0.5818137100764689,0.9699692839667919,-0.31768482497760253,0.9779683947563172,0.9426361918449402
223,3.718,32,RIGHT_FOOT_INDEX,0.45291647740772834,0.8791724982715796,0.6896915435791022,0.936070680618286,0.9886870384216307
224,3.734,0,NOSE,0.5480585041500279,0.4021466956252147,-0.3214135411239809,0.9999955892562866,0.9999650716781616
224,3.734,1,LEFT_EYE_INNER,0.5593641258421403,0.39143693163281434,-0.2919724980990095,0.999980926513672,0.9998674392700196
224,3.734,2,LEFT_EYE,0.5661538016228453,0.3921991842133662,-0.2920061264719285,0.9999812245368958,0.9998772144317628
224,3.734,3,LEFT_EYE_OUTER,0.571523527304332,0.3929527756713689,-0.29198555861200637,0.9999772310256958,0.9998782873153688
224,3.734,4,RIGHT_EYE_INNER,0.5379924036207658,0.3901796553816118,-0.30032141861461487,0.999980926513672,0.999832272529602
224,3.734,5,RIGHT_EYE,0.5285143738701235,0.38976119955380795,-0.3002723398662751,0.9999787211418152,0.9998036026954652
224,3.734,6,RIGHT_EYE_OUTER,0.5188489811761043,0.3896791395686925,-0.30025732517242454,0.9999736547470092,0.999766170978546
224,3.734,7,LEFT_EAR,0.5761344092232845,0.39963247520583056,-0.15723819179194323,0.9999593496322632,0.999915361404419
224,3.734,8,RIGHT_EAR,0.4978870309534531,0.3953641440187185,-0.2115528604813986,0.9999593496322632,0.9997639060020448
224,3.734,9,MOUTH_LEFT,0.5578216427848457,0.41759844762938403,-0.25524427706287045,0.9999927878379822,0.99997878074646
224,3.734,10,MOUTH_RIGHT,0.5318202234449845,0.4154677618117563,-0.27032665056841737,0.9999929070472716,0.9999712705612184
224,3.734,11,LEFT_SHOULDER,0.6288292805353806,0.4823276059968135,-0.11516256843294426,0.9999937415122986,0.9999964237213136
224,3.734,12,RIGHT_SHOULDER,0.4074038763840997,0.4723041866506853,-0.14748116511674164,0.9999659657478333,0.9999382495880128
224,3.734,13,LEFT_ELBOW,0.6594863023076745,0.5673241785594401,-0.058774233662656376,0.9920964241027832,0.9999316930770874
224,3.734,14,RIGHT_ELBOW,0.36166003488359033,0.5599192011924022,-0.10772444946425308,0.9843598008155824,0.9994226694107056
224,3.734,15,LEFT_WRIST,0.6884755889574693,0.6428780215127133,-0.23085556995301038,0.9934808015823364,0.9998666048049928
224,3.734,16,RIGHT_WRIST,0.37833162858372676,0.6401343288875767,-0.21122436864035482,0.9775364995002748,0.9989666938781738
224,3.734,17,LEFT_PINKY,0.6979503489675982,0.6697200423195255,-0.2726629958266306,0.9891388416290284,0.9992960691452026
224,3.734,18,RIGHT_PINKY,0.3702743138585775,0.6691915364492513,-0.25626411963076845,0.9631180763244628,0.9972825050354004
224,3.734,19,LEFT_INDEX,0.6881338301159092,0.6687247554461166,-0.33231391793205656,0.98964524269104,0.9994695782661438
224,3.734,20,RIGHT_INDEX,0.3887739990438738,0.6675052302224301,-0.3050925916149505,0.964074969291687,0.9978052973747252
224,3.734,21,LEFT_THUMB,0.6810916037786581,0.6599690431640268,-0.25699956218401615,0.9880249500274658,0.9997350573539734
224,3.734,22,RIGHT_THUMB,0.39655923133804716,0.6593148907025661,-0.23338076472282426,0.9611953496932985,0.9986090064048768
224,3.734,23,LEFT_HIP,0.5621707297506792,0.6621869121279041,-0.014780177690443479,0.9999436736106871,0.999991536140442
224,3.734,24,RIGHT_HIP,0.4434967566104166,0.663332675184523,0.014907729279782091,0.9998935461044312,0.9999558925628662
224,3.734,25,LEFT_KNEE,0.564563773927235,0.7836644763038279,-0.11226736115557812,0.9911869168281556,0.999991536140442
224,3.734,26,RIGHT_KNEE,0.45543477223033035,0.766719545636859,0.30333089402743774,0.9600334167480468,0.9998502731323242
224,3.734,27,LEFT_ANKLE,0.5705079209236876,0.9237142034939365,-0.09231291214625047,0.9842379689216614,0.9973561763763428
224,3.734,28,RIGHT_ANKLE,0.48458712015833216,0.8398080553327296,0.7680370523816071,0.9293118715286256,0.9985069632530212
224,3.734,29,LEFT_HEEL,0.5602444012959804,0.9357990537370964,-0.10526041260787428,0.8743729591369629,0.990666925907135
224,3.734,30,RIGHT_HEEL,0.4988388660408206,0.8521267431122924,0.8055384925433575,0.7995562553405762,0.9968851208686828
224,3.734,31,LEFT_FOOT_INDEX,0.5804968816893447,0.9772856235504159,-0.3157333149796443,0.9785423874855042,0.913634181022644
224,3.734,32,RIGHT_FOOT_INDEX,0.4526143130801977,0.8795504711923152,0.7292874228386659,0.9340536594390868,0.9853553771972656
225,3.751,0,NOSE,0.5508953105835692,0.40296093197096,-0.3343469869522825,0.9999958872795104,0.999981164932251
225,3.751,1,LEFT_EYE_INNER,0.562315029757364,0.3921960947059453,-0.3072584640412106,0.9999823570251464,0.9999260902404784
225,3.751,2,LEFT_EYE,0.5694886162167508,0.3930001741363892,-0.3072595369248166,0.9999826550483704,0.9999316930770874
225,3.751,3,LEFT_EYE_OUTER,0.5749926169713343,0.39379403562772874,-0.30718755722045926,0.9999789595603944,0.999931812286377
225,3.751,4,RIGHT_EYE_INNER,0.5405877885364355,0.3908992636771432,-0.31596889949980267,0.9999822378158568,0.999901533126831
225,3.751,5,RIGHT_EYE,0.5311029752095545,0.3904859012081513,-0.31589955942971387,0.9999802112579346,0.9998818635940552
225,3.751,6,RIGHT_EYE_OUTER,0.5213612914085393,0.3903841901393167,-0.31585004783812054,0.9999754428863524,0.999854564666748
225,3.751,7,LEFT_EAR,0.579916744005113,0.40054226489294176,-0.16756238681929464,0.9999622702598572,0.9999507665634156
225,3.751,8,RIGHT_EAR,0.5009420329616188,0.3960770765940352,-0.21799605942907802,0.9999626278877258,0.9998419284820556
225,3.751,9,MOUTH_LEFT,0.560483024233864,0.41848818177268654,-0.2715415890727727,0.9999933242797852,0.999987006187439
225,3.751,10,MOUTH_RIGHT,0.5339987136068803,0.4163169151260743,-0.2859091070436298,0.9999934434890748,0.999980926513672
225,3.751,11,LEFT_SHOULDER,0.6324577331542975,0.4842383677051185,-0.11909939632529312,0.999994158744812,0.99999737739563
225,3.751,12,RIGHT_SHOULDER,0.4088262248606912,0.4736197079930991,-0.15038168927033754,0.9999670386314392,0.9999493360519408
225,3.751,13,LEFT_ELBOW,0.6633561310314002,0.5699835561570672,-0.06058918383149872,0.9920140504837036,0.99995219707489
225,3.751,14,RIGHT_ELBOW,0.3617745850767411,0.5614333067621509,-0.09929770763431281,0.9848357439041138,0.99956613779068
225,3.751,15,LEFT_WRIST,0.6918139457702643,0.6460744511513489,-0.23178241224516025,0.9935621619224548,0.9999285936355592
225,3.751,16,RIGHT_WRIST,0.37618515463102464,0.6430778787249616,-0.19805560793195465,0.978040874004364,0.9991617202758788
225,3.751,17,LEFT_PINKY,0.7002871859641309,0.6732778520811178,-0.274749401069823,0.9893031120300292,0.999586284160614
225,3.751,18,RIGHT_PINKY,0.3665933211644494,0.6720895114399144,-0.24273726202192783,0.9637446403503418,0.9976258873939514
225,3.751,19,LEFT_INDEX,0.6900313212758025,0.6721400221188869,-0.33371357123057077,0.989810824394226,0.9997017979621888
225,3.751,20,RIGHT_INDEX,0.3843764364719394,0.6708455057371236,-0.29215045486177743,0.964763343334198,0.9981316924095154
225,3.751,21,LEFT_THUMB,0.6831183774130691,0.6632307285354258,-0.2574692730392731,0.9883116483688354,0.9998575448989868
225,3.751,22,RIGHT_THUMB,0.3925731309822631,0.6628173987070726,-0.22062842547893538,0.9623062014579772,0.9988605976104736
225,3.751,23,LEFT_HIP,0.5647714932759608,0.6659721959204907,-0.015898085775829462,0.9999472498893738,0.9999938011169434
225,3.751,24,RIGHT_HIP,0.4436015841506781,0.6660841873713907,0.016028874553740004,0.9998932480812072,0.9999698400497437
225,3.751,25,LEFT_KNEE,0.5656963161059794,0.791239207699186,-0.08896537337984362,0.9915212392807008,0.9999886751174928
225,3.751,26,RIGHT_KNEE,0.455487722442264,0.7702409199305951,0.29901732859157404,0.9589111804962158,0.9998308420181274
225,3.751,27,LEFT_ANKLE,0.5702841338657203,0.9335666015034639,-0.07930897034349899,0.9849053025245668,0.9966728687286376
225,3.751,28,RIGHT_ANKLE,0.4846033879688812,0.8392558296521513,0.777669032414755,0.9260386824607848,0.997752010822296
225,3.751,29,LEFT_HEEL,0.5600366705939888,0.9456828463645217,-0.09132223079601928,0.8764351010322571,0.9878814220428468
225,3.751,30,RIGHT_HEEL,0.49892758613541055,0.8512536400840405,0.8173627456029264,0.797202467918396,0.9953355193138124
225,3.751,31,LEFT_FOOT_INDEX,0.5803587181227553,0.9874591997691571,-0.3049507368178598,0.9786733984947203,0.8864921927452087
225,3.751,32,RIGHT_FOOT_INDEX,0.45187430864288736,0.8797520597775785,0.7442600074268529,0.9309872984886168,0.9762582182884216
226,3.768,0,NOSE,0.5539378864424575,0.40362832659766823,-0.3785837760993416,0.9999958872795104,0.9999516010284424
226,3.768,1,LEFT_EYE_INNER,0.5656792720158901,0.3927428679806849,-0.3524365538642523,0.9999826550483704,0.9998190999031068
226,3.768,2,LEFT_EYE,0.5730972857702352,0.39362944449697257,-0.352403378202802,0.999983012676239,0.9998339414596558
226,3.768,3,LEFT_EYE_OUTER,0.5789219282922295,0.3945168696698692,-0.3522827313059856,0.9999793767929076,0.9998332262039183
226,3.768,4,RIGHT_EYE_INNER,0.5435160483632774,0.39124475632395095,-0.3620605681623735,0.9999824166297911,0.9997708201408386
226,3.768,5,RIGHT_EYE,0.5339732084955493,0.3908055467264996,-0.3619791695049833,0.999980330467224,0.9997344613075256
226,3.768,6,RIGHT_EYE_OUTER,0.5241200611704877,0.39065113237925975,-0.3619058302470619,0.9999755024909972,0.999685287475586
226,3.768,7,LEFT_EAR,0.5844474633534755,0.4015006281080704,-0.1968722428594318,0.999962031841278,0.99987530708313
226,3.768,8,RIGHT_EAR,0.5039976281779157,0.3964096222605027,-0.2453830802724477,0.9999637603759766,0.9996546506881714
226,3.768,9,MOUTH_LEFT,0.5632702140581045,0.41927940646807393,-0.3155285403842021,0.9999935626983644,0.999969720840454
226,3.768,10,MOUTH_RIGHT,0.5361118884313679,0.4169280656746459,-0.3289652452582408,0.999993622303009,0.9999563694000244
226,3.768,11,LEFT_SHOULDER,0.6362263872509917,0.4861389214084266,-0.13297246786810113,0.9999942779541016,0.9999934434890748
226,3.768,12,RIGHT_SHOULDER,0.41038625439008114,0.4747790055615565,-0.1681243514730818,0.9999669194221495,0.999909520149231
226,3.768,13,LEFT_ELBOW,0.6674005417596732,0.5726852615674343,-0.06911714836245494,0.9917911887168884,0.9999223947525024
226,3.768,14,RIGHT_ELBOW,0.3619066306522918,0.5628683425131303,-0.10075456223317558,0.9853975772857666,0.999367892742157
226,3.768,15,LEFT_WRIST,0.6952773758343294,0.6496829560824808,-0.24756736343815233,0.9934355020523072,0.9998941421508788
226,3.768,16,RIGHT_WRIST,0.37470117779005174,0.6457130681900757,-0.19231277562323085,0.97821843624115,0.9989487528800964
226,3.768,17,LEFT_PINKY,0.7027184253647221,0.6774341236977356,-0.2931540211041771,0.9891231656074524,0.9994956254959106
226,3.768,18,RIGHT_PINKY,0.36403411768731647,0.6742806122416547,-0.23817848733493283,0.9637336730957032,0.9973461627960204
226,3.768,19,LEFT_INDEX,0.6922146990185698,0.6760934648059669,-0.35393472938310566,0.9896376132965088,0.9996209144592284
226,3.768,20,RIGHT_INDEX,0.38075034107480765,0.6732459834643778,-0.2929524850277676,0.9648040533065796,0.997871994972229
226,3.768,21,LEFT_THUMB,0.6851541910852711,0.6670158959570391,-0.2742281272297816,0.9882045984268188,0.9998071789741516
226,3.768,22,RIGHT_THUMB,0.3895227568490168,0.6652900973955796,-0.21738996746994216,0.96275132894516,0.9986727237701416
226,3.768,23,LEFT_HIP,0.5685212754067925,0.6686335546629776,-0.015509008829082738,0.9999480843544006,0.9999858140945436
226,3.768,24,RIGHT_HIP,0.4438357949256901,0.668524793216161,0.015662904296602494,0.999883234500885,0.9999380111694336
226,3.768,25,LEFT_KNEE,0.5675225428172526,0.7977689589772914,-0.0688838673134645,0.9917120337486268,0.9999762773513794
226,3.768,26,RIGHT_KNEE,0.45557926524253156,0.7758478323618578,0.2874122744514831,0.9584782719612122,0.9997370839118958
226,3.768,27,LEFT_ANKLE,0.5705364261354724,0.942280630270641,-0.07818099723330568,0.9852808713912964,0.9955503940582277
226,3.768,28,RIGHT_ANKLE,0.4846197281564989,0.838709181263334,0.7875848639579054,0.9152119159698486,0.9970471262931824
226,3.768,29,LEFT_HEEL,0.5599550888651899,0.9550091170129331,-0.09182851619663696,0.876862108707428,0.9862078428268432
226,3.768,30,RIGHT_HEEL,0.4988951257296975,0.8495910565058398,0.8308839542525163,0.7834692597389221,0.9945496916770936
226,3.768,31,LEFT_FOOT_INDEX,0.5814822117487595,0.9955972802071353,-0.30365066443170846,0.9782390594482422,0.8830322623252869
226,3.768,32,RIGHT_FOOT_INDEX,0.45183374484380123,0.880725894655501,0.7581093084244508,0.9195594191551208,0.9759029746055604
227,3.784,0,NOSE,0.5574032948130658,0.4040481561706183,-0.42019676594507166,0.9999958276748656,0.9999507665634156
227,3.784,1,LEFT_EYE_INNER,0.5695758859316513,0.39302338304973816,-0.3926053827717194,0.9999828934669496,0.999817192554474
227,3.784,2,LEFT_EYE,0.5771634351639525,0.3939813176790876,-0.39256127817290204,0.9999833106994628,0.999830961227417
227,3.784,3,LEFT_EYE_OUTER,0.5832950387682239,0.394947761581058,-0.3924421597094766,0.9999797940254213,0.9998283386230468
227,3.784,4,RIGHT_EYE_INNER,0.546822553589231,0.3912923236687981,-0.4026193164643791,0.9999826550483704,0.9997826218605042
227,3.784,5,RIGHT_EYE,0.5371069283712483,0.39081274753525175,-0.402549892663956,0.999980628490448,0.9997574687004088
227,3.784,6,RIGHT_EYE_OUTER,0.5271313843272986,0.3906113789195109,-0.40249096070017165,0.999975860118866,0.99972265958786
227,3.784,7,LEFT_EAR,0.5894313312712176,0.40214047119731033,-0.22419298759528586,0.9999619722366332,0.9998724460601808
227,3.784,8,RIGHT_EAR,0.5071111662047254,0.3964497787611828,-0.27444288418406554,0.999965250492096,0.9997192025184632
227,3.784,9,MOUTH_LEFT,0.5665678949583149,0.41981128567741066,-0.3536490102609002,0.9999938011169434,0.9999716281890868
227,3.784,10,MOUTH_RIGHT,0.5388322330656511,0.4172892045407072,-0.3676836973144898,0.9999938011169434,0.9999629259109496
227,3.784,11,LEFT_SHOULDER,0.6402048496972953,0.4876961225555061,-0.14654169125216354,0.9999943375587464,0.9999927282333374
227,3.784,12,RIGHT_SHOULDER,0.41245309937567975,0.47551838131178037,-0.18767499427000692,0.9999672770500184,0.999935269355774
227,3.784,13,LEFT_ELBOW,0.6713772018750515,0.575033707278116,-0.07461977253357573,0.9911444783210754,0.999914050102234
227,3.784,14,RIGHT_ELBOW,0.36201015682447557,0.5640787766093305,-0.10875524757873445,0.9858414530754088,0.999518871307373
227,3.784,15,LEFT_WRIST,0.6987326343854274,0.6529104312260952,-0.2633165610688075,0.9929503798484802,0.9998817443847656
227,3.784,16,RIGHT_WRIST,0.3734509476593566,0.6478732398578104,-0.19695492727415914,0.9784027934074402,0.999220848083496
227,3.784,17,LEFT_PINKY,0.7055142862456192,0.6811612957999825,-0.3123503965990887,0.9885480999946594,0.9994801878929138
227,3.784,18,RIGHT_PINKY,0.3617324843293148,0.6762100145930341,-0.24437783729462415,0.9638816118240356,0.9979994893074036
227,3.784,19,LEFT_INDEX,0.6950293552307862,0.6799228560356874,-0.37564309296153875,0.9890832304954528,0.9996009469032288
227,3.784,20,RIGHT_INDEX,0.3777603890214651,0.6752718403225859,-0.3063299996512279,0.9650058746337892,0.9983891248703004
227,3.784,21,LEFT_THUMB,0.6876556390807749,0.6707409762200861,-0.29140498240788804,0.9876992106437684,0.9997965693473816
227,3.784,22,RIGHT_THUMB,0.3870723914532438,0.6672882437706,-0.22510703049954933,0.9633050560951232,0.9989909529685974
227,3.784,23,LEFT_HIP,0.5733531089056111,0.6709604206539341,-0.013816421718469666,0.999948501586914,0.9999860525131226
227,3.784,24,RIGHT_HIP,0.44464859508332794,0.6708535665557505,0.014008121431938202,0.9998738765716552,0.9999432563781738
227,3.784,25,LEFT_KNEE,0.5700789973849347,0.8045604825019843,-0.05330118412772815,0.9919838309288024,0.9999786615371704
227,3.784,26,RIGHT_KNEE,0.4556855332283751,0.7811903329122641,0.2784002040113724,0.958787739276886,0.9997655749320984
227,3.784,27,LEFT_ANKLE,0.5711754730769572,0.9487991815521613,-0.05936600343279895,0.9856189489364624,0.9940980672836304
227,3.784,28,RIGHT_ANKLE,0.4843668540318811,0.8381331250781112,0.792013713291714,0.9014887809753418,0.9966676831245422
227,3.784,29,LEFT_HEEL,0.5602118883814136,0.9624461219424303,-0.07403311310779484,0.8740614652633667,0.9809288382530212
227,3.784,30,RIGHT_HEEL,0.49867168778464954,0.846808680466244,0.8360270545596176,0.7642037868499756,0.9938755631446838
227,3.784,31,LEFT_FOOT_INDEX,0.5826351302010677,1.0009414269810641,-0.2860393509978342,0.9776661396026612,0.8438592553138733
227,3.784,32,RIGHT_FOOT_INDEX,0.45250721772511837,0.8825265225910014,0.7641617797669917,0.90622478723526,0.971929967403412
228,3.801,0,NOSE,0.5612328960782011,0.40442058018275706,-0.45387944579124495,0.9999958276748656,0.9999712705612184
228,3.801,1,LEFT_EYE_INNER,0.5739665428797409,0.39331794068926895,-0.42548286347162195,0.9999831914901732,0.9998962879180908
228,3.801,2,LEFT_EYE,0.5814979076385504,0.39430755802563294,-0.4254463613033298,0.9999837279319764,0.999902844429016
228,3.801,3,LEFT_EYE_OUTER,0.5877348837398353,0.39530106385548947,-0.42533153721264466,0.9999802708625792,0.9999001026153564
228,3.801,4,RIGHT_EYE_INNER,0.5506647002129332,0.3913809359073642,-0.43480441258067215,0.9999828338623048,0.9998769760131836
228,3.801,5,RIGHT_EYE,0.5407962146259495,0.3908768395582838,-0.4347428296293535,0.999980926513672,0.9998624324798584
228,3.801,6,RIGHT_EYE_OUTER,0.5307111598196489,0.39065479096912237,-0.43470391914958084,0.9999762177467346,0.9998385906219482
228,3.801,7,LEFT_EAR,0.5941678427514581,0.40253053108851145,-0.24793711517538358,0.999961793422699,0.9999151229858398
228,3.801,8,RIGHT_EAR,0.5106562177340195,0.39651927493867445,-0.2960417291947776,0.9999666810035706,0.9998260140419006
228,3.801,9,MOUTH_LEFT,0.5702255112784255,0.42024622360865316,-0.38492360569181927,0.9999940395355223,0.9999775886535645
228,3.801,10,MOUTH_RIGHT,0.5422430549349109,0.41759521620614226,-0.39794338600976165,0.9999940395355223,0.9999727010726928
228,3.801,11,LEFT_SHOULDER,0.643877716291519,0.4886919288408193,-0.16130443555968157,0.9999943375587464,0.9999908208847046
228,3.801,12,RIGHT_SHOULDER,0.41466049211365874,0.4758877172356565,-0.20000706684021735,0.9999682307243348,0.9999402761459352
228,3.801,13,LEFT_ELBOW,0.6750001907348638,0.5768516347521833,-0.08213784581138978,0.9906386733055116,0.9998873472213744
228,3.801,14,RIGHT_ELBOW,0.3623812354746322,0.565076229118166,-0.11536041505279998,0.9865763187408448,0.9994582533836364
228,3.801,15,LEFT_WRIST,0.7021676869619466,0.656082051140922,-0.27167627641132924,0.9921861290931702,0.9998190999031068
228,3.801,16,RIGHT_WRIST,0.37207184661002424,0.6495848269689657,-0.20015458407856182,0.9787507653236388,0.9991101622581482
228,3.801,17,LEFT_PINKY,0.7086731167066671,0.6846917299997245,-0.3207461706229621,0.9874297976493835,0.9993070363998412
228,3.801,18,RIGHT_PINKY,0.35927230545452693,0.6777995143617909,-0.24696405019078954,0.9641128182411194,0.9979509711265564
228,3.801,19,LEFT_INDEX,0.6981944498561684,0.6837225641523095,-0.3868955387955624,0.9880331158638,0.9994539618492126
228,3.801,20,RIGHT_INDEX,0.3752507908003674,0.6767381003924784,-0.31346253128278856,0.9652820825576782,0.9983456134796144
228,3.801,21,LEFT_THUMB,0.6904080311457322,0.6748348247437257,-0.3013173653965907,0.9866616725921632,0.9996961355209352
228,3.801,22,RIGHT_THUMB,0.38491205090568215,0.6686583445185713,-0.22999119900521797,0.9638468623161316,0.9989019632339478
228,3.801,23,LEFT_HIP,0.57901052917753,0.6715370700472884,-0.012612237195883468,0.999948263168335,0.9999759197235109
228,3.801,24,RIGHT_HIP,0.44638395167532463,0.6716912729399551,0.012834994166734632,0.9998632073402404,0.9999083280563354
228,3.801,25,LEFT_KNEE,0.5731257285390586,0.8102695232345951,-0.052668473727646326,0.9922207593917848,0.9999709129333496
228,3.801,26,RIGHT_KNEE,0.4559438441480913,0.7864737255232681,0.256384088169961,0.9601958394050598,0.9996898174285888
228,3.801,27,LEFT_ANKLE,0.5722011867023655,0.9538534113339023,-0.05702730596420308,0.9860216975212096,0.9933122992515564
228,3.801,28,RIGHT_ANKLE,0.484652929362797,0.8372189090365463,0.7949348319144482,0.8915839791297913,0.9963635802268982
228,3.801,29,LEFT_HEEL,0.5606981203669599,0.9681151395752325,-0.07408591900907813,0.874328076839447,0.979832887649536
228,3.801,30,RIGHT_HEEL,0.49874359085446357,0.8442213308243531,0.8458525169463393,0.748952329158783,0.9938684105873108
228,3.801,31,LEFT_FOOT_INDEX,0.5835263331731166,1.0047624423390353,-0.28622278003465584,0.9772976636886596,0.8500982522964478
228,3.801,32,RIGHT_FOOT_INDEX,0.4543180238632933,0.8845745580536987,0.7664225016321462,0.8946809768676758,0.9761626720428468
229,3.818,0,NOSE,0.564990069184985,0.40464674433072445,-0.4617637438433515,0.9999959468841552,0.9999743700027466
229,3.818,1,LEFT_EYE_INNER,0.5786017803918753,0.39352498168037087,-0.43318704905964117,0.9999839067459106,0.999900221824646
229,3.818,2,LEFT_EYE,0.5859735125587106,0.39453532298406,-0.4331613779067997,0.9999845027923584,0.9999079704284668
229,3.818,3,LEFT_EYE_OUTER,0.5924145579338079,0.3955394639855343,-0.4330568384556546,0.999981164932251,0.9999061822891236
229,3.818,4,RIGHT_EYE_INNER,0.554721906071618,0.3914316126278472,-0.44219325553803257,0.9999834299087524,0.9998799562454224
229,3.818,5,RIGHT_EYE,0.5447414858000624,0.39087776059196144,-0.44213377010254673,0.999981701374054,0.99986732006073
229,3.818,6,RIGHT_EYE_OUTER,0.5346573137101678,0.39061973634220337,-0.44210727158046936,0.9999772310256958,0.9998451471328736
229,3.818,7,LEFT_EAR,0.5991588802564718,0.4027834889434636,-0.2536874612172446,0.9999632239341736,0.9999275207519532
229,3.818,8,RIGHT_EAR,0.5141927599906926,0.39642319367045475,-0.30263594431536567,0.9999687075614928,0.9998444318771362
229,3.818,9,MOUTH_LEFT,0.5738922016961239,0.4205187842959453,-0.3921544466699876,0.9999943375587464,0.9999839067459106
229,3.818,10,MOUTH_RIGHT,0.5457141995429997,0.41773108499390776,-0.4049088713668645,0.9999943375587464,0.999980330467224
229,3.818,11,LEFT_SHOULDER,0.647149318740482,0.4890843700794951,-0.16504425094241199,0.9999945163726808,0.9999936819076538
229,3.818,12,RIGHT_SHOULDER,0.41695708887917693,0.47562173434666266,-0.20316351098673696,0.9999696016311646,0.9999620914459229
229,3.818,13,LEFT_ELBOW,0.6781745411100848,0.5782161468551278,-0.08109428148184508,0.9904290437698364,0.999907374382019
229,3.818,14,RIGHT_ELBOW,0.36303183720225407,0.5653306217420674,-0.1190517487980071,0.9871615767478944,0.9996324777603148
229,3.818,15,LEFT_WRIST,0.7058584406262358,0.6596266542162219,-0.2622765919991904,0.9919977188110352,0.9998792409896852
229,3.818,16,RIGHT_WRIST,0.3706702263582324,0.6504670665377668,-0.20090234776337956,0.9793792366981506,0.9993795156478882
229,3.818,17,LEFT_PINKY,0.7127709928013036,0.6882351381438125,-0.3074110923778446,0.9872034192085266,0.9995222091674804
229,3.818,18,RIGHT_PINKY,0.356293089333035,0.6786390344301866,-0.2476032291139877,0.9650164842605592,0.998457670211792
229,3.818,19,LEFT_INDEX,0.7024417406036747,0.6875760839098983,-0.37713644618079806,0.9878206849098206,0.9996328353881836
229,3.818,20,RIGHT_INDEX,0.37274801163446364,0.6773726400874917,-0.3149615753264657,0.9662070870399476,0.9987723231315612
229,3.818,21,LEFT_THUMB,0.6942672332127895,0.6794429251125886,-0.2934164312623798,0.986518919467926,0.999799907207489
229,3.818,22,RIGHT_THUMB,0.38274314431917134,0.6692876986094889,-0.2309869797456834,0.9649959206581116,0.9992152452468872
229,3.818,23,LEFT_HIP,0.5850636561711635,0.6714123487472541,-0.011458803145658386,0.9999486207962036,0.9999771118164062
229,3.818,24,RIGHT_HIP,0.4487249539012005,0.6719121819450748,0.011681502862345572,0.9998564720153807,0.9999179840087892
229,3.818,25,LEFT_KNEE,0.5759151634715858,0.8140714367230741,-0.04585232068451919,0.9926708936691284,0.9999736547470092
229,3.818,26,RIGHT_KNEE,0.45605990574473465,0.7897586084547504,0.22660658614976084,0.9612179398536682,0.9996660947799684
229,3.818,27,LEFT_ANKLE,0.5735226528985164,0.9574989562942877,-0.045158835260995775,0.9864869713783264,0.9883053302764891
229,3.818,28,RIGHT_ANKLE,0.4850951731204991,0.8353015212785637,0.7786405512264803,0.881646454334259,0.993556797504425
229,3.818,29,LEFT_HEEL,0.56133992047537,0.9718553140049898,-0.06146069789039238,0.8744574785232544,0.9636502265930176
229,3.818,30,RIGHT_HEEL,0.49856133546148074,0.8406245424633942,0.8334608333451414,0.7351669669151306,0.988828718662262
229,3.818,31,LEFT_FOOT_INDEX,0.5838426947593695,1.0060715618587683,-0.27068973368122484,0.976975917816162,0.7625616788864136
229,3.818,32,RIGHT_FOOT_INDEX,0.456927597522736,0.885832661674137,0.7519922597067703,0.8842659592628479,0.955252170562744
230,3.834,0,NOSE,0.5684245086851579,0.40474152139255015,-0.44828939295950426,0.9999960660934448,0.9999759197235109
230,3.834,1,LEFT_EYE_INNER,0.5829060645330525,0.39360757526897283,-0.4208639448597321,0.9999848008155824,0.9999083280563354
230,3.834,2,LEFT_EYE,0.5900976374035796,0.3946225458667395,-0.4208341113158639,0.9999853372573853,0.9999159574508668
230,3.834,3,LEFT_EYE_OUTER,0.5968391696612045,0.395614333096005,-0.4207271564574472,0.9999822974205016,0.9999139308929444
230,3.834,4,RIGHT_EYE_INNER,0.5584961970647181,0.39136752770060623,-0.42935809918812384,0.999984323978424,0.9998914003372192
230,3.834,5,RIGHT_EYE,0.5484545713379274,0.39075586057844647,-0.42929648359616635,0.9999827146530152,0.9998815059661864
230,3.834,6,RIGHT_EYE_OUTER,0.5383564006714598,0.39043551683425937,-0.42927002339136067,0.9999786019325256,0.9998645782470704
230,3.834,7,LEFT_EAR,0.6035141036624005,0.4027427392346522,-0.2465893392051971,0.999964714050293,0.9999324083328248
230,3.834,8,RIGHT_EAR,0.517451663812002,0.3961026966571811,-0.2953996005512422,0.9999708533287048,0.9998612403869628
230,3.834,9,MOUTH_LEFT,0.5772310835974562,0.42063811137562745,-0.3809948591958912,0.999994695186615,0.9999831914901732
230,3.834,10,MOUTH_RIGHT,0.5489753626641778,0.4177614464646298,-0.39312318676993996,0.999994695186615,0.999980926513672
230,3.834,11,LEFT_SHOULDER,0.6499736337434684,0.48907234129451616,-0.1637801095133737,0.999994456768036,0.9999916553497314
230,3.834,12,RIGHT_SHOULDER,0.41918344724746015,0.47501894831657454,-0.19972196930930736,0.9999708533287048,0.9999583959579468
230,3.834,13,LEFT_ELBOW,0.6814461038226179,0.5794282073066352,-0.07714205767427178,0.9891482591629028,0.99990713596344
230,3.834,14,RIGHT_ELBOW,0.3641428947448734,0.5649929160163522,-0.11944039981989639,0.9878339767456056,0.999687433242798
230,3.834,15,LEFT_WRIST,0.7094947894414272,0.6633851783616209,-0.24004370328925925,0.9907408952713012,0.9998689889907836
230,3.834,16,RIGHT_WRIST,0.36925542070752126,0.650405401275272,-0.2029038249027163,0.9799413681030272,0.9994975328445436
230,3.834,17,LEFT_PINKY,0.717146033332462,0.6913412610689806,-0.278004260999816,0.9856263995170592,0.9994781613349916
230,3.834,18,RIGHT_PINKY,0.35287334805443205,0.6788807085582194,-0.2482917635213763,0.9658414125442504,0.998635709285736
230,3.834,19,LEFT_INDEX,0.7071368069875814,0.6908521680604851,-0.3508443037668867,0.9863165616989136,0.9995728135108948
230,3.834,20,RIGHT_INDEX,0.3697037398815158,0.6774404531433474,-0.31101797166324824,0.9670564532279968,0.9988831877708436
230,3.834,21,LEFT_THUMB,0.6988704573540467,0.6835535679544728,-0.272107501115118,0.9850491881370544,0.9997780919075012
230,3.834,22,RIGHT_THUMB,0.3802450583094646,0.6692069740522482,-0.23096962698868362,0.9660223126411438,0.999297857284546
230,3.834,23,LEFT_HIP,0.5906176879292449,0.6711921039081761,-0.010422571917020123,0.9999476671218872,0.9999816417694092
230,3.834,24,RIGHT_HIP,0.45195536670230724,0.6715893035843266,0.010622289830020478,0.9998440742492676,0.9999154806137084
230,3.834,25,LEFT_KNEE,0.5791037621952244,0.8151314173425954,-0.03220099982129228,0.9927940964698792,0.9999635219573976
230,3.834,26,RIGHT_KNEE,0.4550863021896003,0.7907851281620214,0.19676049337500634,0.9620981216430664,0.9996160268783568
230,3.834,27,LEFT_ANKLE,0.5751108328501389,0.958460353669667,-0.030649232811161452,0.9863154888153076,0.9887153506278992
230,3.834,28,RIGHT_ANKLE,0.48563269916034923,0.8329751718611953,0.7569975455602018,0.8543559908866882,0.9943302869796752
230,3.834,29,LEFT_HEEL,0.5620207871709557,0.973090370496115,-0.04601464460470847,0.867781400680542,0.966331660747528
230,3.834,30,RIGHT_HEEL,0.4986717786107749,0.8366441982133055,0.8153713941574103,0.7000396251678467,0.9909949898719788
230,3.834,31,LEFT_FOOT_INDEX,0.584360715888796,1.0038353885923121,-0.2470534493525825,0.9757652282714844,0.7897940278053284
230,3.834,32,RIGHT_FOOT_INDEX,0.45990948024250256,0.886022369066875,0.7381899016244078,0.8591309189796448,0.9661285281181335
231,3.851,0,NOSE,0.5709117849667873,0.4047367445060188,-0.42826311645053716,0.9999960660934448,0.999957799911499
231,3.851,1,LEFT_EYE_INNER,0.586011497747331,0.393566673710233,-0.40156645434243377,0.9999852776527404,0.9998427629470824
231,3.851,2,LEFT_EYE,0.5931683580080673,0.39458175784065647,-0.4015386530331207,0.9999858140945436,0.9998587369918824
231,3.851,3,LEFT_EYE_OUTER,0.6002946439243504,0.3955651876472295,-0.40144527100381433,0.9999829530715942,0.9998583793640136
231,3.851,4,RIGHT_EYE_INNER,0.5613272587458298,0.391242915675754,-0.4114224002474834,0.9999847412109376,0.9998037219047546
231,3.851,5,RIGHT_EYE,0.5512693694659647,0.39053344726562533,-0.4113666755812513,0.9999831914901732,0.9997830986976624
231,3.851,6,RIGHT_EYE_OUTER,0.5412090250423981,0.3900987363996964,-0.41133744517962173,0.9999793171882628,0.999746024608612
231,3.851,7,LEFT_EAR,0.6066976814042959,0.4026108455090299,-0.23163009825206954,0.9999654293060304,0.999891996383667
231,3.851,8,RIGHT_EAR,0.519927058901106,0.3954837904089976,-0.2873862414132984,0.9999722838401794,0.9997346997261048
231,3.851,9,MOUTH_LEFT,0.579598466555278,0.4206264075778783,-0.3623404658976058,0.999994933605194,0.9999737739562988
231,3.851,10,MOUTH_RIGHT,0.5512190489541922,0.41778723966507725,-0.3764452508517677,0.999994933605194,0.999968409538269
231,3.851,11,LEFT_SHOULDER,0.6520522889636817,0.48860344858396665,-0.15495586537179504,0.9999943375587464,0.9999897480010986
231,3.851,12,RIGHT_SHOULDER,0.4206146257264277,0.47441587277821173,-0.1983662212178822,0.9999714493751526,0.99993634223938
231,3.851,13,LEFT_ELBOW,0.6844953752699359,0.5801451149440953,-0.06643317888180417,0.98785138130188,0.999892234802246
231,3.851,14,RIGHT_ELBOW,0.3653729799247927,0.5645062554450268,-0.11872699998673945,0.9882996678352356,0.9995704293251038
231,3.851,15,LEFT_WRIST,0.7129188350268779,0.6665445083663584,-0.20889610194024602,0.9898202419281006,0.9998587369918824
231,3.851,16,RIGHT_WRIST,0.3677849485760647,0.6498758196830756,-0.20368318969295152,0.980227530002594,0.9992592930793762
231,3.851,17,LEFT_PINKY,0.7218398792403091,0.6936529874801642,-0.24042704346634114,0.9845119714736938,0.9994340538978576
231,3.851,18,RIGHT_PINKY,0.34952437451907603,0.6785072655904867,-0.2467540339345026,0.9663735032081604,0.9980124235153198
231,3.851,19,LEFT_INDEX,0.7120393429483693,0.693202884424301,-0.31455222481773043,0.9852444529533386,0.9995335340499878
231,3.851,20,RIGHT_INDEX,0.366410790454774,0.6769979170390544,-0.30367040208407836,0.967628300189972,0.9983906745910645
231,3.851,21,LEFT_THUMB,0.7036869043395639,0.6864054969378887,-0.24080963148957227,0.9840543270111084,0.9997573494911194
231,3.851,22,RIGHT_THUMB,0.37764679108347243,0.6685901000386199,-0.22901571506545676,0.9668068289756776,0.998984158039093
231,3.851,23,LEFT_HIP,0.5957520575750447,0.6707841697193333,-0.009248353718292126,0.9999461770057678,0.9999765157699584
231,3.851,24,RIGHT_HIP,0.45562128367878185,0.6711631587573466,0.009400429204106303,0.9998295307159424,0.9998859167099
231,3.851,25,LEFT_KNEE,0.5820414764540541,0.8160359007971635,-0.018216151073353243,0.992944359779358,0.9999544620513916
231,3.851,26,RIGHT_KNEE,0.4537042492911933,0.7917325297991442,0.16449321238767545,0.9628015160560608,0.9994033575057985
231,3.851,27,LEFT_ANKLE,0.5762778520584112,0.9598280475253159,-0.008414101432121943,0.9862303733825684,0.9839766025543212
231,3.851,28,RIGHT_ANKLE,0.48617350629397843,0.8302921227046429,0.7193685713268468,0.8295497894287109,0.9913620352745056
231,3.851,29,LEFT_HEEL,0.5624777475992844,0.973582489149912,-0.02075668437672515,0.8633919954299927,0.9529818892478944
231,3.851,30,RIGHT_HEEL,0.49903488584927197,0.8328342210678834,0.7793595251582925,0.6702257990837097,0.9869044423103333
231,3.851,31,LEFT_FOOT_INDEX,0.5849352337065203,1.008574536868505,-0.2137126184645155,0.9746420979499816,0.7290965914726257
231,3.851,32,RIGHT_FOOT_INDEX,0.4626698366233285,0.88492086387816,0.7202797191483641,0.8358535170555115,0.9470037221908568
232,3.868,0,NOSE,0.5732854860169552,0.40461535113198455,-0.4489157540457593,0.9999960660934448,0.9999501705169678
232,3.868,1,LEFT_EYE_INNER,0.5886350983665108,0.3934100511528201,-0.4216477260703136,0.9999857544898988,0.9998077750205994
232,3.868,2,LEFT_EYE,0.5957407951354986,0.3944627415566221,-0.42160808614322154,0.9999862909317015,0.9998260140419006
232,3.868,3,LEFT_EYE_OUTER,0.6034238423619958,0.3954771969999589,-0.42152091151192106,0.9999836087226868,0.9998250603675842
232,3.868,4,RIGHT_EYE_INNER,0.5638234785624918,0.3908014723232818,-0.43364953710919374,0.9999852180480956,0.999767005443573
232,3.868,5,RIGHT_EYE,0.5538852527028044,0.38995287106150706,-0.4335976668766571,0.9999837279319764,0.9997473359107972
232,3.868,6,RIGHT_EYE_OUTER,0.5438657346225926,0.38935353358586666,-0.4335667051020126,0.999980092048645,0.9997096657752992
232,3.868,7,LEFT_EAR,0.6091410347393587,0.40250367919604024,-0.24436254089786907,0.999966323375702,0.9998658895492554
232,3.868,8,RIGHT_EAR,0.5220708165849963,0.3944034320967542,-0.31105196334066876,0.999973714351654,0.99971204996109
232,3.868,9,MOUTH_LEFT,0.5817637017795023,0.4204828469526204,-0.3803936583655224,0.9999951720237732,0.9999687671661376
232,3.868,10,MOUTH_RIGHT,0.5534013765198849,0.4175758645648052,-0.397640848443622,0.9999951720237732,0.9999639987945556
232,3.868,11,LEFT_SHOULDER,0.6539158508891156,0.48799510371117405,-0.15975026786327373,0.999994158744812,0.9999884366989136
232,3.868,12,RIGHT_SHOULDER,0.42172411226090967,0.4734886160918649,-0.21645230906350282,0.9999722242355348,0.9999376535415648
232,3.868,13,LEFT_ELBOW,0.6875737791969669,0.5806194316773192,-0.06374285618464157,0.9872338771820068,0.9998942613601683
232,3.868,14,RIGHT_ELBOW,0.36642386799766935,0.5637679724466238,-0.13707771294173748,0.9886983036994934,0.9996115565299988
232,3.868,15,LEFT_WRIST,0.7159488201141364,0.6693311049824675,-0.20697538483710531,0.9895263314247132,0.9998675584793092
232,3.868,16,RIGHT_WRIST,0.36621856547537335,0.6491144356273475,-0.23771350795314447,0.9806641340255736,0.999272644519806
232,3.868,17,LEFT_PINKY,0.726638058821361,0.6958723493984773,-0.23989758250259238,0.984142541885376,0.9994243383407592
232,3.868,18,RIGHT_PINKY,0.3463349257196702,0.677638349078951,-0.28448772998083227,0.9671259522438048,0.9979161620140076
232,3.868,19,LEFT_INDEX,0.7166885591688616,0.695420866920835,-0.31790367478416115,0.9848840236663818,0.9995317459106444
232,3.868,20,RIGHT_INDEX,0.3630586777414597,0.6761923687798642,-0.3434554849352158,0.9684094190597534,0.998330295085907
232,3.868,21,LEFT_THUMB,0.7077497669628694,0.6887814970243551,-0.2403083323013217,0.9837549924850464,0.9997654557228088
232,3.868,22,RIGHT_THUMB,0.3753371096792678,0.6675756545293905,-0.2641711071843195,0.96777606010437,0.9989858269691468
232,3.868,23,LEFT_HIP,0.5995141154243838,0.6711841395923076,-0.0072217450388485155,0.9999443888664246,0.9999769926071168
232,3.868,24,RIGHT_HIP,0.4587777966544746,0.6710081753276649,0.007344987398634336,0.9998191595077516,0.999909281730652
232,3.868,25,LEFT_KNEE,0.5847207165899737,0.8160170969508951,-0.0033673187800948973,0.992979884147644,0.9999370574951172
232,3.868,26,RIGHT_KNEE,0.451886695055735,0.7925020654996244,0.1465534276905515,0.9631413221359252,0.9994163513183594
232,3.868,27,LEFT_ANKLE,0.5772057118869969,0.9600260740234747,0.03708943928636256,0.985931158065796,0.9837169647216796
232,3.868,28,RIGHT_ANKLE,0.48661071487835517,0.8281234048661739,0.719209756170001,0.8116007447242737,0.9907942414283752
232,3.868,29,LEFT_HEEL,0.5626565899167747,0.9737787842750558,0.02853415635902256,0.8602416515350342,0.953557550907135
232,3.868,30,RIGHT_HEEL,0.4996550054777241,0.8295907662028366,0.7802009752818524,0.6466802954673767,0.985377550125122
232,3.868,31,LEFT_FOOT_INDEX,0.5858089043980559,1.0122653472991225,-0.16331089447651603,0.973249614238739,0.7247794270515442
232,3.868,32,RIGHT_FOOT_INDEX,0.4654908946582254,0.8842752661023829,0.7309788664182033,0.8182986378669739,0.9367751479148864
233,3.884,0,NOSE,0.5748294421604707,0.4042060091381985,-0.47192487120628396,0.9999958872795104,0.9999443292617798
233,3.884,1,LEFT_EYE_INNER,0.5903032195000426,0.3929029433500202,-0.44228039185206136,0.9999857544898988,0.999804675579071
233,3.884,2,LEFT_EYE,0.5974994727543428,0.39398496633484287,-0.4422326967829754,0.9999862313270568,0.9998251795768738
233,3.884,3,LEFT_EYE_OUTER,0.6055592724255159,0.3950257017498928,-0.442155955802827,0.9999837279319764,0.999826729297638
233,3.884,4,RIGHT_EYE_INNER,0.5653643381027953,0.3900398186274941,-0.45735747331664717,0.9999849796295166,0.999750316143036
233,3.884,5,RIGHT_EYE,0.5554885523659847,0.38906615546771495,-0.4573193235056745,0.9999834895133972,0.9997209906578064
233,3.884,6,RIGHT_EYE_OUTER,0.5454646377336416,0.38832045169103746,-0.45729469259580013,0.9999799728393556,0.9996670484542848
233,3.884,7,LEFT_EAR,0.6108086620058338,0.40210599842525696,-0.25637095457031633,0.999966025352478,0.999870538711548
233,3.884,8,RIGHT_EAR,0.5236120053700043,0.3929068999631068,-0.3332397923583079,0.9999743103981018,0.99965238571167
233,3.884,9,MOUTH_LEFT,0.5831476648648586,0.4200456284341362,-0.3997071640832086,0.9999952912330629,0.9999666213989258
233,3.884,10,MOUTH_RIGHT,0.5547607200486324,0.4171025199549543,-0.421184048766182,0.9999952912330629,0.9999581575393676
233,3.884,11,LEFT_SHOULDER,0.6559964673859738,0.4873731434345249,-0.16634337036382596,0.9999940991401672,0.9999884366989136
233,3.884,12,RIGHT_SHOULDER,0.42274767728078966,0.4722942426091153,-0.23195194275606262,0.99997216463089,0.99990713596344
233,3.884,13,LEFT_ELBOW,0.6907621678851905,0.5810676898275108,-0.06454242553029746,0.9864435195922852,0.9998799562454224
233,3.884,14,RIGHT_ELBOW,0.36696605171476127,0.5630122167723525,-0.15671305571283622,0.989070475101471,0.9993606209754944
233,3.884,15,LEFT_WRIST,0.7191817079271596,0.671100815137228,-0.22140788322403337,0.9890741109848022,0.9998210072517396
233,3.884,16,RIGHT_WRIST,0.3641182326135184,0.6483698827879776,-0.2712882707516355,0.980976939201355,0.9988309741020204
233,3.884,17,LEFT_PINKY,0.7313898489588789,0.6976057660012025,-0.2614829448007404,0.9835509061813354,0.999263346195221
233,3.884,18,RIGHT_PINKY,0.3427367111047112,0.6769908212480097,-0.32196711713359494,0.9677161574363708,0.9970292448997498
233,3.884,19,LEFT_INDEX,0.720714796157111,0.6970972986448385,-0.34122075779097455,0.9843173027038574,0.9993939399719238
233,3.884,20,RIGHT_INDEX,0.35962165537334656,0.6758801738421129,-0.3879270298140393,0.9690194725990297,0.9976275563240052
233,3.884,21,LEFT_THUMB,0.7110431676819218,0.6904058115822934,-0.2556715458631518,0.9832492470741272,0.9996786117553712
233,3.884,22,RIGHT_THUMB,0.37289110819498733,0.6670910602524174,-0.300909472363336,0.9684910774230956,0.9984652996063232
233,3.884,23,LEFT_HIP,0.6017417936098013,0.6730931571551737,-0.005601172069353681,0.9999434947967528,0.9999719858169556
233,3.884,24,RIGHT_HIP,0.46111964611780115,0.6717286677587606,0.005717993869135739,0.9998050928115844,0.9998505115509032
233,3.884,25,LEFT_KNEE,0.5870704622495748,0.8170847949527567,0.017609039016644533,0.9931029081344604,0.9999275207519532
233,3.884,26,RIGHT_KNEE,0.4502816313789008,0.7923361942881637,0.1594571421543758,0.9630841016769408,0.9989153146743774
233,3.884,27,LEFT_ANKLE,0.5777114743278146,0.9591013533728473,0.10259875122989932,0.9855685830116272,0.9762492179870604
233,3.884,28,RIGHT_ANKLE,0.48627706652595926,0.8274972183363786,0.7351275171552392,0.7829984426498413,0.986312448978424
233,3.884,29,LEFT_HEEL,0.5628374105408083,0.9727755245708293,0.09858304656864636,0.8562214970588684,0.9327883720397948
233,3.884,30,RIGHT_HEEL,0.4995302486987345,0.827375375089192,0.7913123567899075,0.6179271936416626,0.9805362224578856
233,3.884,31,LEFT_FOOT_INDEX,0.5863080904597333,1.012693132672992,-0.0982999378549202,0.9715249538421632,0.6671611070632935
233,3.884,32,RIGHT_FOOT_INDEX,0.4668040403297974,0.8849436697505777,0.7459559156781157,0.7921330332756042,0.9277856945991516
234,3.901,0,NOSE,0.5756905334336422,0.4037661296980725,-0.4857110863640199,0.9999955296516418,0.9998912811279296
234,3.901,1,LEFT_EYE_INNER,0.5913210000310631,0.3921426861059102,-0.45400995016098067,0.9999852180480956,0.9996398687362672
234,3.901,2,LEFT_EYE,0.5985168218612676,0.3932342500913715,-0.45397910191899293,0.999985694885254,0.9996834993362428
234,3.901,3,LEFT_EYE_OUTER,0.6065703176316766,0.3943060295922419,-0.4539167128858116,0.9999833106994628,0.9996966123580932
234,3.901,4,RIGHT_EYE_INNER,0.5662484736669636,0.389114530313583,-0.4699218769868219,0.9999840259552002,0.9995197057724
234,3.901,5,RIGHT_EYE,0.5563776095708217,0.3880573653039482,-0.46989358039129386,0.999982476234436,0.9994612336158752
234,3.901,6,RIGHT_EYE_OUTER,0.546285041740963,0.3872270626681195,-0.46988087041037463,0.9999789595603944,0.9993605017662048
234,3.901,7,LEFT_EAR,0.6117156971068616,0.4014227092266086,-0.26265087156068734,0.9999647736549376,0.9997801184654236
234,3.901,8,RIGHT_EAR,0.5247985635484973,0.3912198387441185,-0.33987400929133127,0.9999735951423644,0.99934321641922
234,3.901,9,MOUTH_LEFT,0.5838608571461275,0.4194573816798986,-0.41080631670497747,0.9999952912330629,0.9999442100524902
234,3.901,10,MOUTH_RIGHT,0.5554853166852683,0.4165674064840593,-0.433447387956438,0.999995231628418,0.999923586845398
234,3.901,11,LEFT_SHOULDER,0.6581571300824489,0.4869129955768589,-0.17012796941257669,0.9999940395355223,0.999987006187439
234,3.901,12,RIGHT_SHOULDER,0.4235722862538841,0.47097779313723287,-0.23541156734739047,0.9999712705612184,0.9998724460601808
234,3.901,13,LEFT_ELBOW,0.6937799510501685,0.5813982174510053,-0.06574893991152447,0.9861466288566588,0.99986732006073
234,3.901,14,RIGHT_ELBOW,0.36716308905964834,0.5624902333532067,-0.16674883308864785,0.989141583442688,0.9992333650588988
234,3.901,15,LEFT_WRIST,0.7220993041992194,0.6713013648986823,-0.2329770851702919,0.989138662815094,0.9998520612716676
234,3.901,16,RIGHT_WRIST,0.36150058394386686,0.6479752801713495,-0.28665299074990436,0.9809475541114808,0.998461365699768
234,3.901,17,LEFT_PINKY,0.7350896000862128,0.6985681908471251,-0.2788796957050053,0.9836090803146362,0.9993650317192078
234,3.901,18,RIGHT_PINKY,0.3394137777033309,0.6767894625663764,-0.3387509967599599,0.9678518772125244,0.9962395429611206
234,3.901,19,LEFT_INDEX,0.7232855757077541,0.6978862370763512,-0.3580115934213006,0.9843626022338868,0.999497652053833
234,3.901,20,RIGHT_INDEX,0.35664440620513227,0.6759907205899562,-0.4104820333776023,0.9691811203956604,0.996972918510437
234,3.901,21,LEFT_THUMB,0.7128848859242036,0.6910848560787388,-0.2673145965451288,0.983295440673828,0.9997362494468688
234,3.901,22,RIGHT_THUMB,0.370458916539238,0.6670209878966928,-0.3189329966193156,0.9687398076057434,0.9980568289756776
234,3.901,23,LEFT_HIP,0.603166540463766,0.675529871668135,-0.004230973255332699,0.9999436140060424,0.9999700784683228
234,3.901,24,RIGHT_HIP,0.4628496993155711,0.6729699174563096,0.004349386862789542,0.9998003244400024,0.9998663663864136
234,3.901,25,LEFT_KNEE,0.5887465306690767,0.8182870632126225,0.03431238367366382,0.993151843547821,0.9999303817749025
234,3.901,26,RIGHT_KNEE,0.4495459340867546,0.7929836227780304,0.17118708505516972,0.9632800817489624,0.9991114735603333
234,3.901,27,LEFT_ANKLE,0.5778299059186668,0.9574069834890828,0.15282709506295988,0.9852734208106996,0.9826235175132751
234,3.901,28,RIGHT_ANKLE,0.48591627109618457,0.8281698113396061,0.7495771220752178,0.7740017175674438,0.9893802404403688
234,3.901,29,LEFT_HEEL,0.5628531688735604,0.9712751734824416,0.15215539182758056,0.8553811311721802,0.9520436525344848
234,3.901,30,RIGHT_HEEL,0.49896957618849663,0.8272432855197369,0.8048229047230319,0.6049410104751587,0.9841078519821168
234,3.901,31,LEFT_FOOT_INDEX,0.5869434617814568,1.011249411673774,-0.04660940684732941,0.9704301953315736,0.7294821739196777
234,3.901,32,RIGHT_FOOT_INDEX,0.4675959022272205,0.8870733323551367,0.7497931434994658,0.784144937992096,0.9348133206367492
235,3.918,0,NOSE,0.5759237664086484,0.4025181773163027,-0.48433641734577404,0.999995231628418,0.9999117851257324
235,3.918,1,LEFT_EYE_INNER,0.5917141125315717,0.39053415258725516,-0.45222247498376067,0.9999846816062928,0.9996662139892578
235,3.918,2,LEFT_EYE,0.598879754543305,0.3915956460294273,-0.4521939186822804,0.9999850988388062,0.9997032284736632
235,3.918,3,LEFT_EYE_OUTER,0.6067562784467431,0.39263482888539664,-0.45212413867314694,0.9999828934669496,0.9997071623802184
235,3.918,4,RIGHT_EYE_INNER,0.5664897617839637,0.38759283508573295,-0.46748902116503077,0.9999833106994628,0.999566376209259
235,3.918,5,RIGHT_EYE,0.5566411387352721,0.386513546818779,-0.467456800597055,0.999981701374054,0.999515175819397
235,3.918,6,RIGHT_EYE_OUTER,0.5464320381482447,0.38564135630925533,-0.46743699482509105,0.9999783039093018,0.9994238615036012
235,3.918,7,LEFT_EAR,0.6120706030300691,0.39979911134356577,-0.26212520258767286,0.9999635219573976,0.999782145023346
235,3.918,8,RIGHT_EAR,0.5253808384849916,0.3892183133534026,-0.3346277049609596,0.9999730587005616,0.9994020462036132
235,3.918,9,MOUTH_LEFT,0.5840046178726928,0.4181462668237236,-0.4095171093940738,0.9999951720237732,0.9999486207962036
235,3.918,10,MOUTH_RIGHT,0.5555475694792616,0.4154799608957203,-0.43127845298676304,0.9999951124191284,0.9999306201934814
235,3.918,11,LEFT_SHOULDER,0.6607355816023697,0.48663761644136383,-0.17321958854084935,0.9999939799308776,0.9999898672103882
235,3.918,12,RIGHT_SHOULDER,0.4241208079315371,0.4698169685545426,-0.23139940415109922,0.999971091747284,0.999908447265625
235,3.918,13,LEFT_ELBOW,0.6967819673674454,0.5820138255755112,-0.06940387508698877,0.9860508441925048,0.9999070167541504
235,3.918,14,RIGHT_ELBOW,0.3671187630721504,0.562188883622488,-0.16831057128452126,0.9891361594200134,0.9995077848434448
235,3.918,15,LEFT_WRIST,0.7245659459204907,0.6710203148069842,-0.244318138985407,0.9893238544464112,0.999898076057434
235,3.918,16,RIGHT_WRIST,0.35889838564963594,0.6478176769756141,-0.2879938525812969,0.9806599617004396,0.998985469341278
235,3.918,17,LEFT_PINKY,0.7377251556941449,0.6990753241947725,-0.2938613025915058,0.9838619828224182,0.9995293617248536
235,3.918,18,RIGHT_PINKY,0.3364935446353189,0.6767803799538392,-0.34050334209487587,0.9675582647323608,0.9972625970840454
235,3.918,19,LEFT_INDEX,0.7251312221799585,0.698150603544145,-0.37076037554513874,0.9845932126045228,0.999640703201294
235,3.918,20,RIGHT_INDEX,0.3540785880315874,0.6763026203428002,-0.4142108871823269,0.9689528346061708,0.997821569442749
235,3.918,21,LEFT_THUMB,0.71420039733251,0.691358821732658,-0.2781293349606653,0.9835467338562012,0.9998160004615784
235,3.918,22,RIGHT_THUMB,0.3680582756087897,0.6672934549195432,-0.3215729253632684,0.9687588214874268,0.9986773133277892
235,3.918,23,LEFT_HIP,0.6046049594879156,0.6781345123336435,-0.0036288069428077226,0.999944508075714,0.9999810457229614
235,3.918,24,RIGHT_HIP,0.4638837973276778,0.6745353965532218,0.0037406436832887373,0.9998039603233336,0.999926209449768
235,3.918,25,LEFT_KNEE,0.589571756975992,0.8193349384126216,0.051961514017810746,0.9930174350738524,0.9999536275863647
235,3.918,26,RIGHT_KNEE,0.44948428869247475,0.7934719494410931,0.1920903083823977,0.963699221611023,0.9995211362838744
235,3.918,27,LEFT_ANKLE,0.5778359430176876,0.9545756663594936,0.2072380607326827,0.9849020838737488,0.9862945675849916
235,3.918,28,RIGHT_ANKLE,0.48522150516510054,0.8308382460049228,0.7681925069718141,0.7740896344184875,0.9904406070709229
235,3.918,29,LEFT_HEEL,0.5631400715737122,0.9689961160932277,0.21032774492743483,0.8535844683647156,0.9593251943588256
235,3.918,30,RIGHT_HEEL,0.4978869216782711,0.8293383263406306,0.8201048572858183,0.5997763872146606,0.9838857650756836
235,3.918,31,LEFT_FOOT_INDEX,0.5858605702718105,1.0072699728466223,0.014318410573261112,0.9690352082252502,0.7373963594436646
235,3.918,32,RIGHT_FOOT_INDEX,0.4675798472904028,0.8915601259186162,0.7565977005731499,0.7819528579711914,0.9199827909469604
236,3.934,0,NOSE,0.5759337005161109,0.4004380546865013,-0.4623461592765086,0.9999950528144836,0.9999324083328248
236,3.934,1,LEFT_EYE_INNER,0.5918156277565734,0.3881394806362337,-0.4319309052966894,0.9999844431877136,0.9997413754463196
236,3.934,2,LEFT_EYE,0.5989646968387428,0.38915510120846014,-0.4318965417998182,0.9999847412109376,0.9997666478157043
236,3.934,3,LEFT_EYE_OUTER,0.6066230478740879,0.3901050587495172,-0.43180873138564013,0.9999827146530152,0.9997665286064148
236,3.934,4,RIGHT_EYE_INNER,0.5663829530988426,0.38530828555425034,-0.4449184423401246,0.9999829530715942,0.9996700286865234
236,3.934,5,RIGHT_EYE,0.5565247337023422,0.3842545634224305,-0.44488302724702056,0.9999813437461852,0.999631643295288
236,3.934,6,RIGHT_EYE_OUTER,0.5460810945147565,0.3833499721118385,-0.44485249973478813,0.9999781250953674,0.9995611310005188
236,3.934,7,LEFT_EAR,0.6121971209843959,0.3973595499992374,-0.2519224754401618,0.999962568283081,0.9998175501823424
236,3.934,8,RIGHT_EAR,0.5254280652318687,0.3868709121431626,-0.3132481532437464,0.9999728798866272,0.999528169631958
236,3.934,9,MOUTH_LEFT,0.5840246790931344,0.4162417494115379,-0.3912425977843152,0.9999950528144836,0.9999555349349976
236,3.934,10,MOUTH_RIGHT,0.5554087672914783,0.4138704836368564,-0.4098512317453116,0.9999949932098388,0.999942183494568
236,3.934,11,LEFT_SHOULDER,0.6635431732450219,0.4863430602209913,-0.17300742722692958,0.999993860721588,0.9999895095825196
236,3.934,12,RIGHT_SHOULDER,0.4246802741572975,0.4688543067091991,-0.21642012397448238,0.9999709725379944,0.9999152421951294
236,3.934,13,LEFT_ELBOW,0.699743949231648,0.5827216080256876,-0.07036998016493667,0.9858044385910034,0.9999204874038696
236,3.934,14,RIGHT_ELBOW,0.3670378497668678,0.5621623056275509,-0.15735293144271495,0.9891822338104248,0.9995978474617004
236,3.934,15,LEFT_WRIST,0.7267750842230667,0.6704643056506209,-0.23991221402372653,0.9894315600395204,0.999908685684204
236,3.934,16,RIGHT_WRIST,0.35612534767105497,0.6479612617265617,-0.2688832240445276,0.9806095361709596,0.9991987347602844
236,3.934,17,LEFT_PINKY,0.7396688631602703,0.6993309231031515,-0.2892496912252338,0.9839779734611512,0.9995946288108826
236,3.934,18,RIGHT_PINKY,0.3336662295318788,0.6770236861138124,-0.31881816898073495,0.9676167368888856,0.9978766441345216
236,3.934,19,LEFT_INDEX,0.7261206621215464,0.6981393240747005,-0.3615681486470362,0.9846919178962708,0.9996825456619264
236,3.934,20,RIGHT_INDEX,0.3518829076063068,0.6768671018736709,-0.3904278079668685,0.969035506248474,0.998298704624176
236,3.934,21,LEFT_THUMB,0.7150002831504465,0.6913916638919292,-0.271815427712032,0.9836637377738952,0.9998351335525512
236,3.934,22,RIGHT_THUMB,0.3658784145400641,0.667970532462711,-0.3018815318743391,0.968978464603424,0.9989542961120604
236,3.934,23,LEFT_HIP,0.6066292609487267,0.6801897514434094,-0.0038445552012749654,0.99994558095932,0.9999841451644896
236,3.934,24,RIGHT_HIP,0.4652052819728856,0.6761324036689038,0.003932700725272266,0.9998085498809814,0.9999406337738036
236,3.934,25,LEFT_KNEE,0.5902851961907891,0.819944327785856,0.06208839063488302,0.9928600192070008,0.9999600648880004
236,3.934,26,RIGHT_KNEE,0.44927382327261467,0.7935327944301431,0.210646546312741,0.964388370513916,0.9996322393417358
236,3.934,27,LEFT_ANKLE,0.5780575616019117,0.9521327416102101,0.23690565072354833,0.9846562743186952,0.9914957284927368
236,3.934,28,RIGHT_ANKLE,0.4842203401383904,0.8354200209890101,0.7640238830021456,0.7779169678688049,0.9938348531723022
236,3.934,29,LEFT_HEEL,0.5636242997078674,0.9669515774363573,0.24227856525353042,0.8539766669273376,0.9760141968727112
236,3.934,30,RIGHT_HEEL,0.49639377139863555,0.833228718666804,0.8128567536671965,0.5987133979797363,0.9900258779525756
236,3.934,31,LEFT_FOOT_INDEX,0.5842483639717106,1.001561017263504,0.05765834220108533,0.9683571457862854,0.8320549130439758
236,3.934,32,RIGHT_FOOT_INDEX,0.46708393238839685,0.8979811412947527,0.7459251568430953,0.7840970754623413,0.9494548439979552
237,3.951,0,NOSE,0.5758729009401236,0.39726756158329224,-0.4523374267986847,0.9999948143959044,0.9999047517776488
237,3.951,1,LEFT_EYE_INNER,0.5917034801982703,0.3847398218654454,-0.42384709630693745,0.999984085559845,0.999643325805664
237,3.951,2,LEFT_EYE,0.5989020438421346,0.38565069153195375,-0.4238057973838991,0.9999842643737792,0.9996795654296876
237,3.951,3,LEFT_EYE_OUTER,0.60643029780615,0.3864834266049525,-0.42370760724658096,0.9999824166297911,0.9996833801269532
237,3.951,4,RIGHT_EYE_INNER,0.5660239060719814,0.38215925012316054,-0.43527724487440966,0.9999822974205016,0.9995342493057252
237,3.951,5,RIGHT_EYE,0.5560872725078043,0.38118196385247405,-0.43523884103411764,0.9999806880950928,0.9994739890098572
237,3.951,6,RIGHT_EYE_OUTER,0.5454262636956719,0.3802950836363297,-0.4352007607618972,0.9999776482582092,0.999369204044342
237,3.951,7,LEFT_EAR,0.6121960083643601,0.3940292426518035,-0.25063420903115063,0.9999614357948304,0.999754011631012
237,3.951,8,RIGHT_EAR,0.524893014203935,0.38431569366228047,-0.3058567288376039,0.9999719262123108,0.999298334121704
237,3.951,9,MOUTH_LEFT,0.5840714829308652,0.4134969796453207,-0.3837253862903235,0.999994933605194,0.9999362230300904
237,3.951,10,MOUTH_RIGHT,0.5552085751578927,0.4115211850120911,-0.40018008578391334,0.9999948143959044,0.9999102354049684
237,3.951,11,LEFT_SHOULDER,0.666229182765598,0.48578178173019815,-0.17534062195391895,0.9999936819076538,0.9999877214431764
237,3.951,12,RIGHT_SHOULDER,0.4249090623287931,0.4681462233974824,-0.21207597000258324,0.999969482421875,0.9998852014541626
237,3.951,13,LEFT_ELBOW,0.7024709667478295,0.5828872833933154,-0.07184279106912164,0.9852235913276672,0.9999061822891236
237,3.951,14,RIGHT_ELBOW,0.36675475892566534,0.5622875775609704,-0.15410993354661134,0.9888908863067628,0.9995291233062744
237,3.951,15,LEFT_WRIST,0.7284350480352135,0.6697423514865699,-0.2324535676411222,0.9894181489944458,0.9998977184295654
237,3.951,16,RIGHT_WRIST,0.35326482000805115,0.648413885207404,-0.2616999277046751,0.9801554083824158,0.9990676045417786
237,3.951,17,LEFT_PINKY,0.7412176671482275,0.6992648073605134,-0.2808583818730856,0.9840012788772584,0.999546229839325
237,3.951,18,RIGHT_PINKY,0.33119801396415377,0.6773800963447214,-0.310577105908167,0.9671568870544434,0.9975242018699646
237,3.951,19,LEFT_INDEX,0.7266589828899935,0.6979069511095689,-0.35080740565345436,0.9846919178962708,0.9996416568756104
237,3.951,20,RIGHT_INDEX,0.3499768972396854,0.6775614392189759,-0.3792565195333394,0.9686081409454346,0.9980105757713318
237,3.951,21,LEFT_THUMB,0.7154166698455817,0.6911577355294007,-0.26306167741616593,0.9836937189102172,0.999817430973053
237,3.951,22,RIGHT_THUMB,0.36384316001619643,0.6688949522517983,-0.2937257956890836,0.9687777161598206,0.9987781643867492
237,3.951,23,LEFT_HIP,0.6091225516228455,0.6814149532999317,-0.0038842708426748943,0.9999464154243468,0.9999853372573853
237,3.951,24,RIGHT_HIP,0.46663719983327995,0.6775285119102121,0.003944729122200166,0.9998124837875366,0.999942660331726
237,3.951,25,LEFT_KNEE,0.590767125288646,0.820954328491575,0.06554469750041052,0.9927856922149658,0.999971866607666
237,3.951,26,RIGHT_KNEE,0.44955238274165604,0.7949547228359048,0.21669233342011784,0.9652845859527588,0.9997041821479796
237,3.951,27,LEFT_ANKLE,0.5781997981525608,0.951071622825805,0.2755793205329352,0.9848332405090332,0.9938276410102844
237,3.951,28,RIGHT_ANKLE,0.48327494519097514,0.8416503213700801,0.7516801158587145,0.7862576246261597,0.9953917264938354
237,3.951,29,LEFT_HEEL,0.5639400737626217,0.9656392903555016,0.28506445033209693,0.8536749482154846,0.9819698333740234
237,3.951,30,RIGHT_HEEL,0.4948509917372753,0.8389540257908057,0.8009123972484051,0.6034197807312012,0.9922624826431274
237,3.951,31,LEFT_FOOT_INDEX,0.58251927012489,1.0012703935305285,0.10738350034114866,0.9685684442520142,0.8599528670310974
237,3.951,32,RIGHT_FOOT_INDEX,0.46666172146797225,0.9055237372716277,0.7322970146224619,0.791634738445282,0.9551914930343628
238,3.968,0,NOSE,0.5759148228736156,0.393762561536971,-0.4450815092949644,0.9999945759773254,0.9999011754989624
238,3.968,1,LEFT_EYE_INNER,0.5913875982874921,0.3812438632760732,-0.4180514670553665,0.999983847141266,0.9996341466903688
238,3.968,2,LEFT_EYE,0.598769571099963,0.3820874449752629,-0.41799672444661495,0.999983847141266,0.9996684789657592
238,3.968,3,LEFT_EYE_OUTER,0.606269586653937,0.3828203337533137,-0.417887206588473,0.9999821186065674,0.999671220779419
238,3.968,4,RIGHT_EYE_INNER,0.5655827039764045,0.3787806530793511,-0.42803522234871316,0.9999819397926332,0.9995324611663818
238,3.968,5,RIGHT_EYE,0.555637711570377,0.37789821199008433,-0.4279815043721884,0.9999803900718688,0.9994757771492004
238,3.968,6,RIGHT_EYE_OUTER,0.5448269531840375,0.3770589175678438,-0.42793241852805763,0.9999775886535645,0.9993712306022644
238,3.968,7,LEFT_EAR,0.6118770412036356,0.39067302999042364,-0.2475672009445374,0.999960482120514,0.9997568726539612
238,3.968,8,RIGHT_EAR,0.5242876467250647,0.38199333775611183,-0.2993776727290383,0.9999719262123108,0.999306321144104
238,3.968,9,MOUTH_LEFT,0.5842531493731913,0.4104836725053337,-0.3781214469955084,0.9999948740005492,0.999936580657959
238,3.968,10,MOUTH_RIGHT,0.5552596336319338,0.40880241848173626,-0.39254685101055,0.9999947547912598,0.9999165534973145
238,3.968,11,LEFT_SHOULDER,0.6682268608184094,0.4846569129398895,-0.17326028006417427,0.9999933242797852,0.9999849796295166
238,3.968,12,RIGHT_SHOULDER,0.42501371247427844,0.46738716392290064,-0.20657340614568637,0.9999679327011108,0.9998617172241212
238,3.968,13,LEFT_ELBOW,0.7046652265957429,0.5826186168761487,-0.06308224899805198,0.9841503500938416,0.9998999834060668
238,3.968,14,RIGHT_ELBOW,0.3663316028458735,0.5624167805626283,-0.15303228653612602,0.9889310002326964,0.999419927597046
238,3.968,15,LEFT_WRIST,0.7292521482422245,0.6689085846855534,-0.21719736357529978,0.9892404675483704,0.9998815059661864
238,3.968,16,RIGHT_WRIST,0.35055237015088436,0.6487416539873402,-0.2707444415206003,0.9798809289932252,0.9989319443702698
238,3.968,17,LEFT_PINKY,0.7422201065790093,0.6987703329040897,-0.26615386917477585,0.9837686419487,0.9994662404060364
238,3.968,18,RIGHT_PINKY,0.32893226685978144,0.6773824351174497,-0.3220402484848388,0.9668262004852296,0.9971309900283812
238,3.968,19,LEFT_INDEX,0.7266669585591277,0.6974634528160102,-0.33528280967757845,0.9844568371772766,0.99958473443985
238,3.968,20,RIGHT_INDEX,0.34818627720787443,0.6778562806901484,-0.3881781583740601,0.9682947397232056,0.9977706670761108
238,3.968,21,LEFT_THUMB,0.7152608831723537,0.6906225652921774,-0.24711567518256977,0.9834948182106018,0.9997840523719788
238,3.968,22,RIGHT_THUMB,0.3619601272401359,0.6694670660155166,-0.30213671213104637,0.9686641097068788,0.9986240863800048
238,3.968,23,LEFT_HIP,0.6111654979842056,0.6823467867715024,-0.003843510678658823,0.9999465346336364,0.9999843835830688
238,3.968,24,RIGHT_HIP,0.46793295797847606,0.6785904935428081,0.0038729542533733944,0.9998149871826172,0.99993896484375
238,3.968,25,LEFT_KNEE,0.5912494120143714,0.8221272428830473,0.06115313406501497,0.9925938248634338,0.9999605417251588
238,3.968,26,RIGHT_KNEE,0.4497288139093494,0.7968354225158698,0.2159774196999415,0.9662734270095824,0.9996175765991212
238,3.968,27,LEFT_ANKLE,0.5783800709815258,0.9502615559668777,0.31512538521062783,0.984675943851471,0.9927575588226318
238,3.968,28,RIGHT_ANKLE,0.4828577382223951,0.8502222498257963,0.74837989466531,0.7939732074737549,0.993614673614502
238,3.968,29,LEFT_HEEL,0.5652068966910958,0.9645778792245056,0.32883803475470796,0.8532122373580933,0.9796510338783264
238,3.968,30,RIGHT_HEEL,0.4941951405434386,0.8483061762083153,0.7980461290904461,0.6065834760665894,0.9897201657295228
238,3.968,31,LEFT_FOOT_INDEX,0.5787356949987872,1.000969546181816,0.14750970882319278,0.9680421948432922,0.8408947587013245
238,3.968,32,RIGHT_FOOT_INDEX,0.46672249691826995,0.9147719457035981,0.7179133920442498,0.7974984049797058,0.9370860457420348
239,3.984,0,NOSE,0.5757427102043521,0.3903564200514842,-0.4349988102912907,0.9999940395355223,0.999806821346283
239,3.984,1,LEFT_EYE_INNER,0.5908683169455762,0.3778943504605978,-0.40759737576757193,0.9999825954437256,0.9993723034858704
239,3.984,2,LEFT_EYE,0.5984545548756923,0.37866142817906007,-0.40754005880582933,0.9999825358390808,0.9994396567344666
239,3.984,3,LEFT_EYE_OUTER,0.6060386470385966,0.37932781236512353,-0.40743187921387847,0.9999808073043824,0.9994614720344543
239,3.984,4,RIGHT_EYE_INNER,0.5650547600927812,0.3755759156885605,-0.41687237648736897,0.9999802708625792,0.9992031455039978
239,3.984,5,RIGHT_EYE,0.5551400496846158,0.37478639965965665,-0.4168138007322951,0.9999788403511048,0.9991200566291808
239,3.984,6,RIGHT_EYE_OUTER,0.5442946269398649,0.3740780608994624,-0.4167638506208151,0.9999760389328004,0.9989687204360962
239,3.984,7,LEFT_EAR,0.6116641078676501,0.38754550048283204,-0.23776846769310198,0.9999584555625916,0.9996254444122314
239,3.984,8,RIGHT_EAR,0.5236101945241297,0.3799759518532529,-0.28676067434606123,0.9999700784683228,0.9989577531814576
239,3.984,9,MOUTH_LEFT,0.5842815836270656,0.4075439799399606,-0.36854741403034785,0.9999945759773254,0.9998985528945924
239,3.984,10,MOUTH_RIGHT,0.5552161222412477,0.4061243959835601,-0.3818655453977134,0.9999943971633912,0.9998586177825928
239,3.984,11,LEFT_SHOULDER,0.6698687899680371,0.4830085890633723,-0.16611407271453324,0.999992847442627,0.9999768733978271
239,3.984,12,RIGHT_SHOULDER,0.4250336984793349,0.4667273461818699,-0.19680100395565958,0.9999655485153198,0.999809205532074
239,3.984,13,LEFT_ELBOW,0.706604304767791,0.5821873063132882,-0.046166621118096565,0.9833662509918212,0.9998457431793212
239,3.984,14,RIGHT_ELBOW,0.3658653497695926,0.5624584470476428,-0.14785279333591472,0.9884631633758544,0.9992223978042604
239,3.984,15,LEFT_WRIST,0.7297552114441288,0.6680746532621844,-0.1881628511917025,0.9890756011009216,0.9998362064361572
239,3.984,16,RIGHT_WRIST,0.3481326855364303,0.6489107750710993,-0.2707883900120147,0.9790263175964355,0.9983032941818236
239,3.984,17,LEFT_PINKY,0.7427993445169365,0.6980611994152983,-0.23557292989322134,0.9835073351860046,0.9993402361869812
239,3.984,18,RIGHT_PINKY,0.3268783589204155,0.6771855325925924,-0.3228778569471271,0.9656917452812196,0.9959726929664612
239,3.984,19,LEFT_INDEX,0.7260704863639111,0.6967755925087709,-0.30333896548975114,0.984197437763214,0.9994682669639589
239,3.984,20,RIGHT_INDEX,0.34641018651780664,0.6778592722756528,-0.38809616225106414,0.967220902442932,0.9966806769371032
239,3.984,21,LEFT_THUMB,0.7145278993107029,0.6897876688412263,-0.2169762892382487,0.9832069873809814,0.999707281589508
239,3.984,22,RIGHT_THUMB,0.360033547594434,0.6696635598228098,-0.302056499889919,0.9677096009254456,0.99783855676651
239,3.984,23,LEFT_HIP,0.6124332007907691,0.6831729355312535,-0.0038571278675503177,0.999945342540741,0.9999659061431884
239,3.984,24,RIGHT_HIP,0.4689534093652457,0.6794720916520989,0.003852466853069389,0.9998154640197754,0.999897003173828
239,3.984,25,LEFT_KNEE,0.5920126040776577,0.8228778356597546,0.062330299190112536,0.992231547832489,0.999919056892395
239,3.984,26,RIGHT_KNEE,0.45008878764652105,0.7992610817863834,0.217148060599963,0.9667071104049684,0.9993826150894164
239,3.984,27,LEFT_ANKLE,0.5786631249246148,0.9492279291152963,0.3427936661811105,0.9839698076248168,0.989244818687439
239,3.984,28,RIGHT_ANKLE,0.4826955610797523,0.8611749211947131,0.725865576948439,0.8028625845909119,0.9905637502670288
239,3.984,29,LEFT_HEEL,0.566955339340937,0.9635744236764461,0.35854059457778964,0.8506535291671753,0.9733362793922424
239,3.984,30,RIGHT_HEEL,0.49409511969203085,0.8615575603076397,0.7720790533792412,0.6118794679641724,0.9847625494003296
239,3.984,31,LEFT_FOOT_INDEX,0.5747565769013909,0.9997861470494961,0.17419831206401198,0.9665975570678712,0.8240222930908203
239,3.984,32,RIGHT_FOOT_INDEX,0.46632308193615546,0.9264737396013177,0.6729417556808115,0.8046063780784607,0.918335497379303
240,4.001,0,NOSE,0.5753989361581353,0.38760008556502235,-0.4183388068562466,0.9999939203262328,0.9998871088027954
240,4.001,1,LEFT_EYE_INNER,0.5902811714581087,0.375021698929015,-0.3903440052554724,0.9999821782112122,0.9996063113212584
240,4.001,2,LEFT_EYE,0.5980203974814648,0.37570057738394996,-0.3902832808948702,0.9999820590019226,0.9996352195739746
240,4.001,3,LEFT_EYE_OUTER,0.6056441182181953,0.3763540969008495,-0.39017883794648345,0.9999804496765136,0.999637007713318
240,4.001,4,RIGHT_EYE_INNER,0.5644951405979344,0.3729531552110403,-0.3986375828584039,0.9999797940254213,0.9995357990264891
240,4.001,5,RIGHT_EYE,0.554598470528921,0.3722665863377711,-0.3985653760887331,0.9999785423278807,0.999488353729248
240,4.001,6,RIGHT_EYE_OUTER,0.5438336786769691,0.37176832982472047,-0.3985097010930383,0.9999759197235109,0.9994032382965088
240,4.001,7,LEFT_EAR,0.611477292719342,0.3849038197880703,-0.22082911715621056,0.9999579787254332,0.9997383952140808
240,4.001,8,RIGHT_EAR,0.5230670401028229,0.37837797829083064,-0.2653238993315472,0.999969720840454,0.999409794807434
240,4.001,9,MOUTH_LEFT,0.5841511175746015,0.4049802507672995,-0.3523399744715012,0.9999943375587464,0.9999325275421144
240,4.001,10,MOUTH_RIGHT,0.5550404418082469,0.40376329421997104,-0.3641762179987774,0.999994158744812,0.9999152421951294
240,4.001,11,LEFT_SHOULDER,0.6711032958257772,0.4811622145630069,-0.15268730443148396,0.9999927282333374,0.9999834299087524
240,4.001,12,RIGHT_SHOULDER,0.42525403130622175,0.46602882799648143,-0.17987970085371122,0.999964952468872,0.99989652633667
240,4.001,13,LEFT_ELBOW,0.708046734333039,0.581629253569104,-0.02368493567198694,0.982757329940796,0.9998776912689208
240,4.001,14,RIGHT_ELBOW,0.3655022042138239,0.5623374496187488,-0.1374070733076051,0.988085389137268,0.9995434880256652
240,4.001,15,LEFT_WRIST,0.7299960369155527,0.6667495511827021,-0.154923333653382,0.9889307618141174,0.9998583793640136
240,4.001,16,RIGHT_WRIST,0.34614452577772625,0.6488283872604377,-0.2679451136361988,0.978643834590912,0.9989720582962036
240,4.001,17,LEFT_PINKY,0.7427786134538202,0.6966180943307428,-0.20000442933468607,0.983299970626831,0.999409794807434
240,4.001,18,RIGHT_PINKY,0.3249754749593283,0.6768913808323094,-0.3210890548569818,0.9652345776557922,0.9973574280738832
240,4.001,19,LEFT_INDEX,0.7251579903420955,0.6954070755413606,-0.26668629476002303,0.9839765429496764,0.9995335340499878
240,4.001,20,RIGHT_INDEX,0.3440006503037047,0.6777317836171111,-0.38580550750096676,0.9667978286743164,0.9978561997413636
240,4.001,21,LEFT_THUMB,0.713582064424243,0.6882783685411732,-0.18290713677803688,0.9829583764076232,0.9997451901435852
240,4.001,22,RIGHT_THUMB,0.3577304070904144,0.6695337380681725,-0.2993253072102867,0.9673473834991456,0.9986318945884703
240,4.001,23,LEFT_HIP,0.6131238738695786,0.6835858310971947,-0.004054186388938851,0.9999446868896484,0.9999743700027466
240,4.001,24,RIGHT_HIP,0.4697597026824955,0.6797659198443101,0.004014076864612937,0.9998188018798828,0.9999328851699828
240,4.001,25,LEFT_KNEE,0.5927188737051833,0.8230689139593224,0.06261159727970762,0.9920623898506165,0.9999545812606812
240,4.001,26,RIGHT_KNEE,0.450397827795574,0.8014226868039094,0.21392602650892184,0.9671400785446168,0.9996451139450072
240,4.001,27,LEFT_ANKLE,0.5789116989998596,0.9478061170805077,0.3676406854674933,0.9838842749595642,0.99206805229187
240,4.001,28,RIGHT_ANKLE,0.4830959779875623,0.8726692994435636,0.6856275257610145,0.8153031468391418,0.99378502368927
240,4.001,29,LEFT_HEEL,0.568782426062085,0.9616242562021537,0.38544319073359207,0.8472289443016052,0.9790971875190736
240,4.001,30,RIGHT_HEEL,0.4949552445184621,0.8754824258032308,0.7263996203740444,0.6250555515289307,0.9887105822563172
240,4.001,31,LEFT_FOOT_INDEX,0.5702908578373143,0.9978591232072749,0.19759002044087376,0.9663406014442444,0.8524022102355957
240,4.001,32,RIGHT_FOOT_INDEX,0.4655349240416577,0.9395518047469011,0.6059572554769976,0.8161699175834656,0.9334783554077148
241,4.018,0,NOSE,0.5747450845582149,0.385175297657649,-0.39602756358328356,0.9999938011169434,0.9998602867126464
241,4.018,1,LEFT_EYE_INNER,0.5894181103933431,0.3725787656647822,-0.3680112901188082,0.9999817609786988,0.999492645263672
241,4.018,2,LEFT_EYE,0.5972536263011756,0.37322676607540706,-0.3679314355055494,0.9999815821647644,0.9995272159576416
241,4.018,3,LEFT_EYE_OUTER,0.60484034106845,0.37391310362588825,-0.36781488855679856,0.9999800324440002,0.9995272159576416
241,4.018,4,RIGHT_EYE_INNER,0.5637885559172862,0.37074995750472695,-0.37490377823511795,0.9999793171882628,0.999415636062622
241,4.018,5,RIGHT_EYE,0.5539678250040332,0.37018508854366516,-0.3748044073581699,0.9999783039093018,0.9993645548820496
241,4.018,6,RIGHT_EYE_OUTER,0.5433113858813337,0.36993348314648616,-0.3747255575089231,0.9999758005142212,0.9992707371711732
241,4.018,7,LEFT_EAR,0.611020479883467,0.38259465637661194,-0.20024967619350995,0.9999576807022096,0.9996488094329834
241,4.018,8,RIGHT_EAR,0.5225827608789722,0.377168546120326,-0.2386511259135748,0.9999693036079408,0.999292254447937
241,4.018,9,MOUTH_LEFT,0.5837110394523263,0.40264441569646237,-0.3311854785396942,0.9999940395355223,0.9999141693115234
241,4.018,10,MOUTH_RIGHT,0.5545446815944859,0.40163441499074337,-0.3409773281642372,0.999993860721588,0.9998942613601683
241,4.018,11,LEFT_SHOULDER,0.6724989442598258,0.47935364076069464,-0.1367314227280163,0.9999922513961792,0.9999749660491944
241,4.018,12,RIGHT_SHOULDER,0.42566685449509434,0.465334127346675,-0.15856897121384045,0.99996417760849,0.9998846054077148
241,4.018,13,LEFT_ELBOW,0.7092301277887261,0.5811372825077608,0.0012570856820924804,0.982556164264679,0.9998520612716676
241,4.018,14,RIGHT_ELBOW,0.36539015315827905,0.5621402433940348,-0.11921686395293195,0.987708330154419,0.9995612502098083
241,4.018,15,LEFT_WRIST,0.7304342303957265,0.6658375234830953,-0.11720394023827152,0.9889561533927916,0.999836564064026
241,4.018,16,RIGHT_WRIST,0.34493651418458876,0.6485227261270802,-0.25179468875839617,0.978310227394104,0.9989245533943176
241,4.018,17,LEFT_PINKY,0.7426993108931049,0.6954746161188405,-0.15877938909190056,0.9832614064216614,0.999338686466217
241,4.018,18,RIGHT_PINKY,0.323563859576271,0.6764811845052816,-0.30489334818862757,0.9647531509399414,0.9972333312034608
241,4.018,19,LEFT_INDEX,0.724942672820319,0.6942719022432969,-0.22430539982659492,0.9839287996292114,0.9994714856147766
241,4.018,20,RIGHT_INDEX,0.34143177242506145,0.6774395704269416,-0.36908803667340995,0.966364085674286,0.9977082014083862
241,4.018,21,LEFT_THUMB,0.7134360074996955,0.686910388015566,-0.1443371513769741,0.9828988313674928,0.9997076392173768
241,4.018,22,RIGHT_THUMB,0.35537454202061636,0.6691474346887504,-0.2832628183421637,0.9670206904411316,0.9985448122024536
241,4.018,23,LEFT_HIP,0.6135822222346357,0.68369666167668,-0.004662594835584304,0.9999421238899232,0.9999536275863647
241,4.018,24,RIGHT_HIP,0.4702701696327759,0.6796764021828068,0.004581876409550485,0.9998219013214112,0.9999136924743652
241,4.018,25,LEFT_KNEE,0.593787550926209,0.8230257176217586,0.06860597609054477,0.9917899966239928,0.999931812286377
241,4.018,26,RIGHT_KNEE,0.4511994719505314,0.8038126372155696,0.2114623394750415,0.9680390357971193,0.9996575117111206
241,4.018,27,LEFT_ANKLE,0.5792595914431986,0.9458404722667886,0.3882620405583158,0.98383891582489,0.9922216534614564
241,4.018,28,RIGHT_ANKLE,0.4837924199444912,0.8857809702555346,0.6378317773342139,0.8288429975509644,0.99370276927948
241,4.018,29,LEFT_HEEL,0.5706652998924261,0.9587860391253524,0.406901775371461,0.8471477627754211,0.9800612926483154
241,4.018,30,RIGHT_HEEL,0.4966296880018148,0.8915850775582457,0.6720672562008818,0.6425818800926208,0.9876592755317688
241,4.018,31,LEFT_FOOT_INDEX,0.5655273624828888,0.9962394492966797,0.21691564435050614,0.9662076830863952,0.8590559959411621
241,4.018,32,RIGHT_FOOT_INDEX,0.463075229099819,0.9543664313498006,0.5350825389226282,0.8284056186676025,0.923328161239624
242,4.034,0,NOSE,0.5742516915003464,0.3830151486964456,-0.374485817693529,0.9999939799308776,0.999908208847046
242,4.034,1,LEFT_EYE_INNER,0.5887664301054824,0.3704356352488203,-0.34675114637329496,0.9999822378158568,0.999669075012207
242,4.034,2,LEFT_EYE,0.5966171082996192,0.3710806398164662,-0.34665617772511104,0.9999820590019226,0.9996935129165648
242,4.034,3,LEFT_EYE_OUTER,0.6041566530863449,0.3718119050775258,-0.34651924031121417,0.999980628490448,0.9996941089630128
242,4.034,4,RIGHT_EYE_INNER,0.5633954746382581,0.368739112502053,-0.3525858351162505,0.9999797344207764,0.999607264995575
242,4.034,5,RIGHT_EYE,0.5537417133649195,0.36829137660208233,-0.3524632950623834,0.9999788999557496,0.9995627999305724
242,4.034,6,RIGHT_EYE_OUTER,0.5430919471241185,0.36824568680354564,-0.3523658698513398,0.9999765753746032,0.9994875192642212
242,4.034,7,LEFT_EAR,0.6105411677133474,0.38051182457378974,-0.18092565948054917,0.9999593496322632,0.9997788071632384
242,4.034,8,RIGHT_EAR,0.5222447713216151,0.3759989724272777,-0.21416304366929206,0.9999700784683228,0.9994763731956482
242,4.034,9,MOUTH_LEFT,0.5833686448278886,0.400502579552787,-0.3108669831639247,0.9999940991401672,0.9999397993087769
242,4.034,10,MOUTH_RIGHT,0.55415594861621,0.39971921983219366,-0.3190711353506363,0.999993860721588,0.9999204874038696
242,4.034,11,LEFT_SHOULDER,0.6739234555335278,0.47758276405788647,-0.11935845868928098,0.9999922513961792,0.9999815225601196
242,4.034,12,RIGHT_SHOULDER,0.42619229782195356,0.4647419750690464,-0.13920415334758315,0.9999641180038452,0.9999010562896729
242,4.034,13,LEFT_ELBOW,0.7101108545348764,0.5801857028688708,0.023058167231890032,0.982550859451294,0.9998695850372314
242,4.034,14,RIGHT_ELBOW,0.36544055881954407,0.5620068169775468,-0.1004854554221744,0.9875413775444032,0.9995927214622498
242,4.034,15,LEFT_WRIST,0.7310770891961604,0.6648596865790237,-0.08627624845220931,0.989180326461792,0.9998669624328612
242,4.034,16,RIGHT_WRIST,0.34417001832099214,0.648164331912995,-0.23093541605131987,0.9783662557601928,0.9990645051002502
242,4.034,17,LEFT_PINKY,0.7430758249192018,0.6944551184063872,-0.1254203571450144,0.9835219383239746,0.999451220035553
242,4.034,18,RIGHT_PINKY,0.3226041240351543,0.6760474017688213,-0.28290870643797394,0.9648030996322632,0.9975587129592896
242,4.034,19,LEFT_INDEX,0.7253462360018783,0.6932615041732795,-0.18965127496492312,0.9841830730438232,0.999577820301056
242,4.034,20,RIGHT_INDEX,0.3393327537037081,0.6770686535608207,-0.34729176333972417,0.9664575457572936,0.9980496168136596
242,4.034,21,LEFT_THUMB,0.713826151121231,0.6855193546840128,-0.11278267027366737,0.983161687850952,0.9997685551643372
242,4.034,22,RIGHT_THUMB,0.353579694316501,0.6686471956116818,-0.26249409573418775,0.9672120809555054,0.9987534284591676
242,4.034,23,LEFT_HIP,0.6140921626772204,0.6833033817155028,-0.004666194319725009,0.9999394416809082,0.999943733215332
242,4.034,24,RIGHT_HIP,0.4705960438365032,0.6793547641663331,0.0045472117074365805,0.9998249411582948,0.999895453453064
242,4.034,25,LEFT_KNEE,0.5952312889553257,0.8225391194933944,0.08271402067371783,0.9918296933174132,0.9999399185180664
242,4.034,26,RIGHT_KNEE,0.45344702970413975,0.8061930054710033,0.19190662425188804,0.9695286154747008,0.999657392501831
242,4.034,27,LEFT_ANKLE,0.5792960865156996,0.9453210972604307,0.38723270949863287,0.984032928943634,0.9920401573181152
242,4.034,28,RIGHT_ANKLE,0.48449749889827953,0.901538190387545,0.5555151147501814,0.8422808647155762,0.9932536482810974
242,4.034,29,LEFT_HEEL,0.5712920200257079,0.957033736365183,0.40380521473430486,0.8443982601165771,0.9795332551002502
242,4.034,30,RIGHT_HEEL,0.4978822299412323,0.9095331288519368,0.5820465329147526,0.6603786945343018,0.9862231612205504
242,4.034,31,LEFT_FOOT_INDEX,0.5628291425250831,0.9966331521670032,0.21448970337708806,0.9663733839988708,0.8545831441879272
242,4.034,32,RIGHT_FOOT_INDEX,0.46027456720670107,0.9699362346104221,0.43190269810812854,0.8406705260276794,0.9059504866600036
243,4.051,0,NOSE,0.573859192076184,0.3808306782018574,-0.35850290741239305,0.9999940991401672,0.9999114274978638
243,4.051,1,LEFT_EYE_INNER,0.588271958487375,0.36839503475597957,-0.3312435206912816,0.9999823570251464,0.9996453523635864
243,4.051,2,LEFT_EYE,0.5960763522556856,0.3690284036454704,-0.3311444833165126,0.9999821186065674,0.9996681213378906
243,4.051,3,LEFT_EYE_OUTER,0.6035641800789611,0.3697918781212401,-0.3309982248714995,0.9999808073043824,0.9996607303619384
243,4.051,4,RIGHT_EYE_INNER,0.563132558550154,0.3668377300103509,-0.3360533969742914,0.9999799728393556,0.999583065509796
243,4.051,5,RIGHT_EYE,0.5535195611772088,0.3665265809921995,-0.3359219332536064,0.9999792575836182,0.9995359182357788
243,4.051,6,RIGHT_EYE_OUTER,0.5427228183973408,0.36664642464546965,-0.33582318822542856,0.9999770522117616,0.9994540810585022
243,4.051,7,LEFT_EAR,0.6100772959845412,0.37838930601165444,-0.16739871885095337,0.9999597668647766,0.9997326731681824
243,4.051,8,RIGHT_EAR,0.5218788584073389,0.3748778431188496,-0.19564427719229754,0.9999701380729676,0.99941086769104
243,4.051,9,MOUTH_LEFT,0.583121089708238,0.3983513570967178,-0.2959056042489554,0.999993860721588,0.9999333620071412
243,4.051,10,MOUTH_RIGHT,0.5538189155714858,0.39781190242086173,-0.3026604993002758,0.999993622303009,0.9999148845672609
243,4.051,11,LEFT_SHOULDER,0.6756494754836679,0.47604510897681873,-0.1056045329286939,0.999991774559021,0.9999778270721436
243,4.051,12,RIGHT_SHOULDER,0.4266924176897325,0.46413615629786575,-0.12438753921361202,0.999963879585266,0.9999077320098876
243,4.051,13,LEFT_ELBOW,0.7109308242797858,0.5787533351353242,0.03313299555364728,0.982538878917694,0.9998953342437744
243,4.051,14,RIGHT_ELBOW,0.3655265214897341,0.5619022448857631,-0.08076133916065809,0.9872653484344482,0.9996961355209352
243,4.051,15,LEFT_WRIST,0.7318077569916142,0.6638635851088031,-0.07101191899606159,0.98930686712265,0.9998962879180908
243,4.051,16,RIGHT_WRIST,0.34291263563292396,0.6480582214537127,-0.20242257274332515,0.9779224395751952,0.9992904663085938
243,4.051,17,LEFT_PINKY,0.7436428694497978,0.6937529331161869,-0.1089194044470788,0.9835739135742188,0.999583661556244
243,4.051,18,RIGHT_PINKY,0.32126587345486624,0.6758600274721787,-0.2512030480873019,0.9641103744506836,0.9981842637062072
243,4.051,19,LEFT_INDEX,0.726149996121725,0.6923965272449318,-0.1726623766479039,0.984233021736145,0.9996803998947144
243,4.051,20,RIGHT_INDEX,0.33661631885029053,0.6770106383732393,-0.3160652106716522,0.9658170342445374,0.998506247997284
243,4.051,21,LEFT_THUMB,0.7146039747056514,0.6841577972684594,-0.0973622305762201,0.9831949472427368,0.9998212456703186
243,4.051,22,RIGHT_THUMB,0.3512167675154553,0.6685540903182263,-0.2341054791495915,0.9667192697525024,0.999068558216095
243,4.051,23,LEFT_HIP,0.6147497012501677,0.6826923858551759,-0.0043674673818583695,0.9999366998672484,0.999948501586914
243,4.051,24,RIGHT_HIP,0.4707033165863586,0.6789185433160698,0.0042211385332934365,0.999831199645996,0.9999232292175292
243,4.051,25,LEFT_KNEE,0.5964678554307852,0.8225735681397581,0.0992291683242435,0.9918197989463806,0.9999545812606812
243,4.051,26,RIGHT_KNEE,0.45647247206597147,0.80882101399558,0.16047942106212898,0.9711997509002686,0.999824583530426
243,4.051,27,LEFT_ANKLE,0.5788113332930072,0.9462615109625326,0.3816449557031908,0.9843913912773132,0.9961532950401306
243,4.051,28,RIGHT_ANKLE,0.4847216634523305,0.9183146357536325,0.46618255405199005,0.8553931713104248,0.9961941242218018
243,4.051,29,LEFT_HEEL,0.5703532355172298,0.956852717059,0.3957460409119019,0.8464295864105225,0.9896172285079956
243,4.051,30,RIGHT_HEEL,0.49779391430673187,0.9278544130779457,0.48665211030415173,0.6785520315170288,0.9914599657058716
243,4.051,31,LEFT_FOOT_INDEX,0.562485916273935,0.9981277670179103,0.20411891241868352,0.9670205116271972,0.9179542064666748
243,4.051,32,RIGHT_FOOT_INDEX,0.4575944982823875,0.98280973377682,0.32150917322862743,0.852592945098877,0.9359288811683656
244,4.068,0,NOSE,0.5735292988164086,0.37907143150057115,-0.34605784927095673,0.9999940395355223,0.9998775720596312
244,4.068,1,LEFT_EYE_INNER,0.5878994762897493,0.36672626861504143,-0.31890976641859337,0.9999818205833436,0.9994990825653076
244,4.068,2,LEFT_EYE,0.5956734844616484,0.36733084491321033,-0.3188167618853706,0.9999815821647644,0.9995279312133788
244,4.068,3,LEFT_EYE_OUTER,0.603092180831092,0.3680926263332367,-0.31867649938379033,0.9999802708625792,0.9995120763778688
244,4.068,4,RIGHT_EYE_INNER,0.5627092889377052,0.365321661744799,-0.3225598313978741,0.9999796748161316,0.999428689479828
244,4.068,5,RIGHT_EYE,0.5529558743749349,0.3651254922151566,-0.32242863944598626,0.9999790787696838,0.9993703961372375
244,4.068,6,RIGHT_EYE_OUTER,0.5419391436236248,0.3653361094849452,-0.322339700801032,0.9999769926071168,0.9992685914039612
244,4.068,7,LEFT_EAR,0.609647231442588,0.3766334142003742,-0.15585263499191826,0.9999587535858154,0.99960857629776
244,4.068,8,RIGHT_EAR,0.5215401606900354,0.3738402915852411,-0.17859547691685815,0.9999694228172302,0.9992037415504456
244,4.068,9,MOUTH_LEFT,0.58287296976362,0.39657789043017816,-0.28413343003817976,0.9999932050704956,0.9999046325683594
244,4.068,10,MOUTH_RIGHT,0.5534403153828213,0.39629273968083534,-0.2893348080771311,0.999993085861206,0.9998785257339478
244,4.068,11,LEFT_SHOULDER,0.67699242915426,0.47473453623907924,-0.09488694955195695,0.9999908208847046,0.9999653100967408
244,4.068,12,RIGHT_SHOULDER,0.42697411349841535,0.46361469583851944,-0.1111674085259438,0.9999637603759766,0.9998916387557985
244,4.068,13,LEFT_ELBOW,0.7119177452155522,0.5771349498203824,0.038766306795878294,0.9825948476791382,0.9998586177825928
244,4.068,14,RIGHT_ELBOW,0.3655873196465629,0.5618146785667966,-0.06650293618440624,0.9872761368751526,0.999661922454834
244,4.068,15,LEFT_WRIST,0.73236631495612,0.662657448223659,-0.0643291521285261,0.9894614815711976,0.9998658895492554
244,4.068,16,RIGHT_WRIST,0.3415857021297728,0.64819034082549,-0.183907762169838,0.9777796864509584,0.9991480112075806
244,4.068,17,LEFT_PINKY,0.7439625348363607,0.6929126169000356,-0.10248904622026855,0.9836182594299316,0.9994865655899048
244,4.068,18,RIGHT_PINKY,0.3198318332433701,0.6760112515517644,-0.23093127139977043,0.9637634754180908,0.9978001713752748
244,4.068,19,LEFT_INDEX,0.7265081788812368,0.6912030790533339,-0.16545337438583368,0.9842786192893982,0.99960857629776
244,4.068,20,RIGHT_INDEX,0.3341213847909656,0.6773855515888761,-0.2963218412228994,0.9655250310897828,0.9981938004493712
244,4.068,21,LEFT_THUMB,0.7149960909570966,0.6825042750154225,-0.09034200491649763,0.9832155704498292,0.9997749924659728
244,4.068,22,RIGHT_THUMB,0.348987815635545,0.6689255450453081,-0.21575048140117103,0.966547667980194,0.9988916516304016
244,4.068,23,LEFT_HIP,0.6156696932656425,0.6824581154755184,-0.0032621152931824084,0.9999244213104248,0.9998714923858644
244,4.068,24,RIGHT_HIP,0.47086153285843996,0.6790914407798226,0.003100790790215615,0.9998301863670348,0.9998446702957152
244,4.068,25,LEFT_KNEE,0.5974883479731425,0.8233740925788883,0.1136169598570892,0.991656482219696,0.9998961687088012
244,4.068,26,RIGHT_KNEE,0.45919252293450497,0.8126231985432762,0.14092687304530827,0.972770929336548,0.999710977077484
244,4.068,27,LEFT_ANKLE,0.578187091009958,0.9471698573657449,0.39398444550377987,0.984472632408142,0.9936374425888062
244,4.068,28,RIGHT_ANKLE,0.4845127144030163,0.9308396450110845,0.4230327691350667,0.8668780326843262,0.9926108717918396
244,4.068,29,LEFT_HEEL,0.5693762813295637,0.957265594175884,0.4083588059459414,0.8477129340171814,0.9833011627197266
244,4.068,30,RIGHT_HEEL,0.4966644368001394,0.9414908928530559,0.4410292676516944,0.6910001635551453,0.9824983477592468
244,4.068,31,LEFT_FOOT_INDEX,0.5629930198192596,0.9990174727780481,0.21737897289650782,0.9670486450195312,0.8835606575012207
244,4.068,32,RIGHT_FOOT_INDEX,0.45715055508273006,0.9902772520269671,0.2655666268297605,0.8623031973838806,0.8843695521354675
245,4.084,0,NOSE,0.5732708871364596,0.37764022818633497,-0.3370322925703867,0.999993860721588,0.9997723698616028
245,4.084,1,LEFT_EYE_INNER,0.5876566725117823,0.365408650466374,-0.30988933784621114,0.999980926513672,0.9991012811660768
245,4.084,2,LEFT_EYE,0.5953795398984641,0.3659788838454658,-0.30981081511293157,0.9999806880950928,0.9991497993469238
245,4.084,3,LEFT_EYE_OUTER,0.6027148578848164,0.3667152523994447,-0.30968698646341086,0.9999794363975524,0.9991210103034972
245,4.084,4,RIGHT_EYE_INNER,0.5622575793947496,0.36414567274706716,-0.312361057315554,0.9999790787696838,0.9990226030349731
245,4.084,5,RIGHT_EYE,0.5522297791072305,0.36405258732182655,-0.3122394021068302,0.9999785423278807,0.9989535808563232
245,4.084,6,RIGHT_EYE_OUTER,0.540889178003584,0.36428935400077295,-0.31217103345053543,0.999976634979248,0.9988273978233336
245,4.084,7,LEFT_EAR,0.6092281809874946,0.3751510913882939,-0.14692677238157814,0.9999575018882751,0.9993168115615844
245,4.084,8,RIGHT_EAR,0.5212204371179856,0.3729111254215242,-0.16410393800054285,0.999968409538269,0.9988355040550232
245,4.084,9,MOUTH_LEFT,0.5826519727706915,0.3950912122215546,-0.2755104899406434,0.9999925494194032,0.9998475313186646
245,4.084,10,MOUTH_RIGHT,0.5530541156019486,0.395076204623495,-0.2792038768529893,0.9999924302101136,0.999811351299286
245,4.084,11,LEFT_SHOULDER,0.6781844326428008,0.4736035955803737,-0.08655101220522607,0.9999892711639404,0.9999374151229858
245,4.084,12,RIGHT_SHOULDER,0.42713002647672393,0.46314730175903873,-0.10015042977673672,0.999963402748108,0.9998724460601808
245,4.084,13,LEFT_ELBOW,0.7129368228571755,0.5751911018575943,0.03874303560171806,0.9825803637504578,0.9997552037239076
245,4.084,14,RIGHT_ELBOW,0.36566814567361566,0.5617464312485289,-0.05485923668103551,0.9871376752853394,0.9996050000190736
245,4.084,15,LEFT_WRIST,0.7328342199325562,0.6613001184804101,-0.0670591465064457,0.98944890499115,0.9997978806495668
245,4.084,16,RIGHT_WRIST,0.34015491391931274,0.6485146454402383,-0.1680986551301821,0.9770506620407104,0.9987179040908812
245,4.084,17,LEFT_PINKY,0.7442123634474621,0.6920816217150011,-0.10666180881006378,0.983412265777588,0.9992979764938354
245,4.084,18,RIGHT_PINKY,0.31832224769251694,0.6764156860964639,-0.21343842148780823,0.9624167084693908,0.9967638254165648
245,4.084,19,LEFT_INDEX,0.7267866645540513,0.6898568315165385,-0.1687975440706525,0.9840915203094482,0.9994584918022156
245,4.084,20,RIGHT_INDEX,0.33167802436011196,0.6780698001384738,-0.27960453927516954,0.9643149375915528,0.9972341656684875
245,4.084,21,LEFT_THUMB,0.7153277822903228,0.6806497701576782,-0.09274100459047725,0.9829586148262024,0.9996808767318726
245,4.084,22,RIGHT_THUMB,0.3467628381081991,0.6696447942938127,-0.2001476277198111,0.9655755162239076,0.9982662796974182
245,4.084,23,LEFT_HIP,0.6167971449238916,0.682320662907192,-0.0015382737453494572,0.999906599521637,0.9997757077217102
245,4.084,24,RIGHT_HIP,0.47097083926200883,0.679555441652026,0.001372293494309129,0.999827206134796,0.9997974038124084
245,4.084,25,LEFT_KNEE,0.5983836182526182,0.8247334999697554,0.1282621379941702,0.9915065169334412,0.9997912049293518
245,4.084,26,RIGHT_KNEE,0.46216244569846565,0.8172014696257457,0.12296467487301142,0.9741564989089966,0.9995833039283752
245,4.084,27,LEFT_ANKLE,0.5773028050150196,0.9486528720174522,0.41076876648834787,0.9842151999473572,0.9893622994422911
245,4.084,28,RIGHT_ANKLE,0.4839124211243223,0.9417028129100803,0.40047868021896943,0.8767909407615662,0.9886377453804016
245,4.084,29,LEFT_HEEL,0.5678737802164897,0.9586330056190495,0.4262972410236087,0.8481842279434204,0.9739255905151368
245,4.084,30,RIGHT_HEEL,0.4945000175918854,0.9530438567910879,0.41819470907960654,0.7005496025085449,0.972970485687256
245,4.084,31,LEFT_FOOT_INDEX,0.5648045412131719,1.000154635735921,0.23701985073941112,0.966342270374298,0.8377188444137573
245,4.084,32,RIGHT_FOOT_INDEX,0.4580473899841312,0.9939733190195907,0.23473170399665855,0.8700965642929077,0.8387203812599182
246,4.101,0,NOSE,0.5730839570363366,0.37653706825914846,-0.3314262373106824,0.999993860721588,0.999794900417328
246,4.101,1,LEFT_EYE_INNER,0.5875435471534735,0.3644421803099768,-0.3041822349741347,0.9999806880950928,0.9991732239723206
246,4.101,2,LEFT_EYE,0.5951945185661323,0.3649725204422365,-0.30412664299919523,0.999980330467224,0.9992166757583618
246,4.101,3,LEFT_EYE_OUTER,0.6024322112401337,0.3656597563198636,-0.30402968611036074,0.9999792575836182,0.9991924166679382
246,4.101,4,RIGHT_EYE_INNER,0.5617774299212869,0.363309763017155,-0.305457074727331,0.9999790787696838,0.9990814924240112
246,4.101,5,RIGHT_EYE,0.5513412753740953,0.36330786631220896,-0.3053542212361382,0.9999785423278807,0.9989979863166808
246,4.101,6,RIGHT_EYE_OUTER,0.5395729215372183,0.36350615819295273,-0.30531718617393866,0.9999768137931824,0.998856782913208
246,4.101,7,LEFT_EAR,0.6088201446192608,0.37394233757541323,-0.14062113101993287,0.9999573230743408,0.999384880065918
246,4.101,8,RIGHT_EAR,0.5209196876911893,0.37209034462769847,-0.1521696604433515,0.9999682307243348,0.9988490343093872
246,4.101,9,MOUTH_LEFT,0.5824580987294521,0.3938913224708468,-0.27003678395634617,0.9999921917915344,0.9998488426208496
246,4.101,10,MOUTH_RIGHT,0.5526603162288671,0.39416229724884055,-0.2722677056278502,0.9999921321868896,0.9998072981834412
246,4.101,11,LEFT_SHOULDER,0.6792254859492899,0.4726522870007018,-0.08059672088850113,0.9999883770942688,0.999942660331726
246,4.101,12,RIGHT_SHOULDER,0.427160156624658,0.4627339740594231,-0.09133660296599076,0.9999633431434632,0.9998366832733154
246,4.101,13,LEFT_ELBOW,0.7139880572046551,0.5729217912469593,0.03306318197116653,0.98289954662323,0.9997851252555848
246,4.101,14,RIGHT_ELBOW,0.365768999570892,0.5616975029309594,-0.045830240650545875,0.9872233867645264,0.9995089769363404
246,4.101,15,LEFT_WRIST,0.7332114719209216,0.6597915958790558,-0.07920190212982038,0.9897538423538208,0.9998496770858764
246,4.101,16,RIGHT_WRIST,0.33862027100154346,0.6490311352979574,-0.1549952516243573,0.976876139640808,0.9986031651496888
246,4.101,17,LEFT_PINKY,0.7443923552831017,0.6912599475610829,-0.12143769221646447,0.9836569428443908,0.9994381070137024
246,4.101,18,RIGHT_PINKY,0.3167371168023065,0.6770733311062767,-0.19872449835141504,0.9619657397270204,0.996465802192688
246,4.101,19,LEFT_INDEX,0.7269854531401682,0.688357784634545,-0.18269488570236023,0.9843302965164183,0.9995920062065125
246,4.101,20,RIGHT_INDEX,0.32928623755772934,0.6790633840220321,-0.2659133048284624,0.9639604687690736,0.9970878958702089
246,4.101,21,LEFT_THUMB,0.715599048705329,0.678594282695226,-0.10455922959815889,0.983153760433197,0.9997574687004088
246,4.101,22,RIGHT_THUMB,0.34454183493341733,0.6707118380637398,-0.18729691810551158,0.965326726436615,0.9981793165206908
246,4.101,23,LEFT_HIP,0.6181320562249143,0.6822800281501956,0.000804057261640484,0.999898076057434,0.9998201727867126
246,4.101,24,RIGHT_HIP,0.47103123579706485,0.6803105459326794,-0.0009643533544260252,0.999830424785614,0.9998216032981871
246,4.101,25,LEFT_KNEE,0.5991536662692118,0.8266517903123592,0.1431647027354865,0.9912631511688232,0.999658465385437
246,4.101,26,RIGHT_KNEE,0.46538224035785314,0.8225558272429878,0.10659282654523845,0.9752808213233948,0.9993540644645692
246,4.101,27,LEFT_ANKLE,0.576158475308192,0.9507105549176539,0.4319979186568944,0.9832086563110352,0.9842609167099
246,4.101,28,RIGHT_ANKLE,0.482920783616248,0.9509041394506188,0.398520287303698,0.8848491907119751,0.980362057685852
246,4.101,29,LEFT_HEEL,0.5658457321780073,0.9609549513884962,0.44956134614490345,0.848822832107544,0.9640387296676636
246,4.101,30,RIGHT_HEEL,0.49130065668196937,0.9625133048920412,0.418148434587888,0.7060189843177795,0.9561319947242736
246,4.101,31,LEFT_FOOT_INDEX,0.5679204804556712,1.0015392558915284,0.26304154594739315,0.964203417301178,0.7984769344329834
246,4.101,32,RIGHT_FOOT_INDEX,0.4602850029865906,0.9938979347546903,0.22900440472932126,0.8751325607299805,0.7735505700111389
